summoner_name,rank_tier,lp,win_rate,region
sm3x#EUW,iron,500,,euw
TarnishedOne#2007,iron,500,60%,euw
Wishaman#EUW,iron,500,50%,euw
Slash71#barra,iron,500,40%,euw
BabyBoy#1013,iron,500,40%,euw
Counter34#EUW,iron,500,33%,euw
BillyCorgan PT#EUW,iron,500,60%,euw
DaddyZac#uwu,iron,500,62%,euw
CaptainMagma#SBK,iron,500,62%,euw
Uplift#Shuck,iron,500,60%,euw
zazar79#you,iron,500,60%,euw
Simen Promp#8250,iron,500,67%,euw
zeppelin2s#EUW,iron,500,60%,euw
enjoyitdark#EUW,iron,500,60%,euw
Vhorax#6969,iron,500,60%,euw
Schino321#EUW,iron,500,60%,euw
Xelon6#EUW,iron,500,67%,euw
D3rHolzkopf#EUW,iron,500,60%,euw
PoissKaï#SOS,iron,500,60%,euw
offcell#EUW,iron,500,60%,euw
megamorf1#EUW,iron,500,100%,euw
VanillaGorillar#EUW,iron,500,56%,euw
Senate SPQR#EUW,iron,500,67%,euw
L4mmA#EUW,iron,500,60%,euw
smallgothicbat#8108,iron,500,60%,euw
Blake001#Z14,iron,500,40%,euw
Rydengiu#00512,iron,500,40%,euw
Shadow Storm#1328,iron,500,54%,euw
YoyoLaTache#3977,iron,500,33%,euw
dbebcuebve#NTMD,iron,500,56%,euw
SKD Kazdalerie#MÉGA,iron,500,33%,euw
Briarfeetlover#2849,iron,500,33%,euw
WAAZZAAAAAAAAAAA#4269,iron,42,40%,euw
LCDL poledore#smurf,iron,500,58%,euw
immelkalvopora#12345,iron,500,66%,euw
rayz#2909,iron,500,60%,euw
nthx#0000,iron,500,33%,euw
Nyzox#3458,iron,500,40%,euw
BigWizzleKizzle#SIGMA,iron,500,60%,euw
dnm007#15545,iron,500,37%,euw
s3xyprincess#sexy,iron,500,50%,euw
Trywkimorm#5947,iron,500,58%,euw
XenoBL00D#0204,iron,500,60%,euw
ekologiko#2206,iron,500,33%,euw
KreeepKreeeep#937,iron,937,55%,euw
Thalmie#mama,iron,500,53%,euw
mtfbaseball#380,iron,380,40%,euw
Knight Faker#1234,iron,500,33%,euw
KrtLcs007#00007,iron,500,60%,euw
Omaaar37#jaime,iron,500,60%,euw
Capitaine#letal,iron,500,33%,euw
ZAHZAH#40020,iron,500,33%,euw
George Fl0yd#888,iron,888,57%,euw
ThePlague#049,iron,049,40%,euw
Para#0139,iron,500,55%,euw
NBA#sosa,iron,500,33%,euw
Flushi#65731,iron,500,60%,euw
Lanøuilleツ#3445,iron,500,60%,euw
Witalorda#9053,iron,500,60%,euw
gucigengas#4770,iron,500,50%,euw
goudepauw#2615,iron,500,60%,euw
Specs5523#3791,iron,500,45%,euw
curiculum#6809,iron,500,60%,euw
Thyhel#EUW,iron,500,33%,euw
Swissmain#6699,iron,500,33%,euw
FelinBison#EUW,iron,500,67%,euw
andriala87#1313,iron,500,33%,euw
Monkey Paw#0421,iron,500,50%,euw
0AIM MONTAGNE#6776,iron,500,60%,euw
Drizzit#fr83,iron,500,62%,euw
LeBear James#G23T,iron,500,57%,euw
PoloChrom#EUW,iron,500,60%,euw
Fragdochnochmal#EUW,iron,500,60%,euw
Klench4Kench#EUW,iron,500,60%,euw
Arami#7072,iron,500,57%,euw
Nurgle#PEST,iron,500,60%,euw
Wanderer#ORV,iron,500,43%,euw
EzioCorleone#7146,iron,500,60%,euw
InvasionDiveTOP#EUW,iron,500,64%,euw
yuancabalo#EUW,iron,500,33%,euw
FoulLegacy69#EUW,iron,500,67%,euw
Tive#moon,iron,500,50%,euw
M8 acsangoku#0000,iron,500,40%,euw
Ya3rub#EUW,iron,500,60%,euw
zeriigaming#EUW,iron,500,60%,euw
fated to perish#jfl,iron,500,33%,euw
lshenzy97#EUW,iron,500,33%,euw
Huru#00001,iron,500,33%,euw
lordviktor11#4501,iron,500,60%,euw
Genosse1312#EUW,iron,500,60%,euw
SettOnmyFace#7441,iron,500,60%,euw
ArcadioPallo#4485,iron,500,60%,euw
harmleikurinn#101,iron,101,60%,euw
AuroRafalTéMor#5 57m,iron,57,55%,euw
relaxogam3r#EUW,iron,500,60%,euw
Kampfzwerg 08#EUW,iron,500,60%,euw
Gr3atPlayzz#EUW,iron,500,57%,euw
Momochi#92i,iron,500,60%,euw
ElShero#9999,iron,500,60%,euw
Gerardd#666,iron,666,60%,euw
sm3x#EUW\,iron,8,40%,euw
TarnishedOne#2007\,iron,1,,euw
Wishaman#EUW\,iron,1,,euw
Slash71#barra\,iron,1,,euw
BabyBoy#1013\,iron,1,,euw
Counter34#EUW\,iron,1,,euw
BillyCorgan PT#EUW\,iron,1,,euw
DaddyZac#uwu\,iron,1,,euw
CaptainMagma#SBK\,iron,1,,euw
Uplift#Shuck\,iron,1,,euw
zazar79#you\,iron,1,,euw
Simen Promp#8250\,iron,1,,euw
zeppelin2s#EUW\,iron,1,,euw
enjoyitdark#EUW\,iron,1,,euw
Vhorax#6969\,iron,1,,euw
Schino321#EUW\,iron,1,,euw
Xelon6#EUW\,iron,1,,euw
D3rHolzkopf#EUW\,iron,1,,euw
PoissKaï#SOS\,iron,1,3%,euw
offcell#EUW\,iron,1,,euw
megamorf1#EUW\,iron,1,,euw
VanillaGorillar#EUW\,iron,1,,euw
Senate SPQR#EUW\,iron,1,,euw
L4mmA#EUW\,iron,1,,euw
smallgothicbat#8108\,iron,1,,euw
Blake001#Z14\,iron,1,,euw
Rydengiu#00512\,iron,1,,euw
Shadow Storm#1328\,iron,1,,euw
YoyoLaTache#3977\,iron,1,,euw
dbebcuebve#NTMD\,iron,1,,euw
SKD Kazdalerie#MÉGA\,iron,1,3%,euw
Briarfeetlover#2849\,iron,1,,euw
WAAZZAAAAAAAAAAA#4269\,iron,1,,euw
LCDL poledore#smurf\,iron,1,,euw
immelkalvopora#12345\,iron,1,,euw
rayz#2909\,iron,1,,euw
nthx#0000\,iron,1,,euw
Nyzox#3458\,iron,1,,euw
BigWizzleKizzle#SIGMA\,iron,1,,euw
dnm007#15545\,iron,1,,euw
s3xyprincess#sexy\,iron,1,,euw
Trywkimorm#5947\,iron,1,,euw
XenoBL00D#0204\,iron,1,,euw
ekologiko#2206\,iron,1,,euw
KreeepKreeeep#937\,iron,1,,euw
Thalmie#mama\,iron,1,,euw
mtfbaseball#380\,iron,1,,euw
Knight Faker#1234\,iron,1,,euw
KrtLcs007#00007\,iron,1,,euw
Omaaar37#jaime\,iron,1,,euw
Capitaine#letal\,iron,1,,euw
ZAHZAH#40020\,iron,1,,euw
George Fl0yd#888\,iron,1,,euw
ThePlague#049\,iron,1,,euw
Para#0139\,iron,1,,euw
NBA#sosa\,iron,1,,euw
Flushi#65731\,iron,1,,euw
Lanøuilleツ#3445\,iron,1,3%,euw
Witalorda#9053\,iron,1,,euw
gucigengas#4770\,iron,1,,euw
goudepauw#2615\,iron,1,,euw
Specs5523#3791\,iron,1,,euw
curiculum#6809\,iron,1,,euw
Thyhel#EUW\,iron,1,,euw
Swissmain#6699\,iron,1,,euw
FelinBison#EUW\,iron,1,,euw
andriala87#1313\,iron,1,,euw
Monkey Paw#0421\,iron,1,,euw
0AIM MONTAGNE#6776\,iron,1,,euw
Drizzit#fr83\,iron,1,,euw
LeBear James#G23T\,iron,1,,euw
PoloChrom#EUW\,iron,1,,euw
Fragdochnochmal#EUW\,iron,1,,euw
Klench4Kench#EUW\,iron,1,,euw
Arami#7072\,iron,1,,euw
Nurgle#PEST\,iron,1,,euw
Wanderer#ORV\,iron,1,,euw
EzioCorleone#7146\,iron,1,,euw
InvasionDiveTOP#EUW\,iron,1,,euw
yuancabalo#EUW\,iron,1,,euw
FoulLegacy69#EUW\,iron,1,,euw
Tive#moon\,iron,1,,euw
M8 acsangoku#0000\,iron,1,8%,euw
Ya3rub#EUW\,iron,1,,euw
zeriigaming#EUW\,iron,1,,euw
fated to perish#jfl\,iron,1,,euw
lshenzy97#EUW\,iron,1,,euw
Huru#00001\,iron,1,,euw
lordviktor11#4501\,iron,1,,euw
Genosse1312#EUW\,iron,1,,euw
SettOnmyFace#7441\,iron,1,,euw
ArcadioPallo#4485\,iron,1,,euw
harmleikurinn#101\,iron,1,,euw
AuroRafalTéMor#5 57m\,iron,1,3%,euw
relaxogam3r#EUW\,iron,1,,euw
Kampfzwerg 08#EUW\,iron,1,,euw
Gr3atPlayzz#EUW\,iron,1,,euw
Momochi#92i\,iron,1,,euw
ElShero#9999\,iron,1,,euw
Gerardd#666\,iron,1,,euw
sono gay#6969,iron,500,,euw
GuccixOnduras#EUW,iron,500,50%,euw
PTkiller2442#EUW,iron,500,33%,euw
GODTOFITA15#EUW,iron,500,33%,euw
gekyumlk#EUW,iron,500,60%,euw
S0VETRYNEN#EUW,iron,500,60%,euw
20Lucky01#EUW,iron,500,62%,euw
Pinpin#YUUMI,iron,500,50%,euw
Stormdaddy#EUW,iron,500,59%,euw
яx7#ЖЖЖ,iron,500,60%,euw
Kenzolone#EUW,iron,500,60%,euw
XelarebornvE#EUW,iron,500,60%,euw
Kiu Oho Yai Jang#EUW,iron,500,62%,euw
SEEKER#7777,iron,500,60%,euw
Worst Nightmare#GOD,iron,500,60%,euw
CATCHAWWW#0198,iron,500,62%,euw
matteobert#EUW,iron,500,60%,euw
Lormar#pro,iron,500,57%,euw
DarkRise#2026,iron,500,60%,euw
IdarTheBeast#EUW,iron,500,60%,euw
AndréRoidPhd#Artif,iron,500,100%,euw
DOMLiZ#EUW,iron,500,60%,euw
maNekzzz#EUWes,iron,500,60%,euw
oregon23#EUW,iron,500,60%,euw
MjrBezef#EUW,iron,500,60%,euw
GranCapitan#JLGC,iron,500,60%,euw
SirSherlock#EUW,iron,500,60%,euw
skydrow17000#3254,iron,500,62%,euw
Patjes#EUW,iron,500,60%,euw
RollonL#EUW,iron,500,60%,euw
Lakerolmaker#EUW,iron,500,60%,euw
Lapatatagustavo#ITA,iron,500,60%,euw
PL0pes#EUW,iron,500,60%,euw
Wulf#EUW66,iron,500,59%,euw
MarieM230ZouAoui#EUW,iron,500,60%,euw
Dolce2k#EUW,iron,500,67%,euw
CMD Tempris#EUW,iron,500,62%,euw
JohnnyOnGod#JGM,iron,500,60%,euw
Atzarm#EUW,iron,500,60%,euw
b4nkrptt#EUW,iron,500,50%,euw
Kimarhi#EUW,iron,500,60%,euw
seraos95#EUW,iron,500,60%,euw
Panterh3art#EUW,iron,500,60%,euw
Lolylo#EUW,iron,500,56%,euw
TacticKiwi#EUW,iron,500,60%,euw
Darknoid#EUW,iron,500,60%,euw
MaCaNetteDeDuFF#EUW,iron,500,60%,euw
Scordak#EUW,iron,500,60%,euw
Thufill#4951,iron,500,60%,euw
IGoblinKingI#777,iron,777,55%,euw
PulseZeTanuki#EUW,iron,500,49%,euw
Enzozo#213,iron,213,45%,euw
UPS MaToutPris#Lflex,iron,500,60%,euw
shmitai#6655,iron,500,50%,euw
Aizensko#77003,iron,500,40%,euw
HOSPITALIZADO22#Mora,iron,500,40%,euw
FaithAlbright#135,iron,135,40%,euw
WarriorJar83#nite,iron,500,64%,euw
TheDi#DjDi,iron,500,56%,euw
YoJebs#313,iron,313,60%,euw
mocrota#gavno,iron,500,60%,euw
Nekkobullu#1901,iron,500,60%,euw
BMW M3#3169,iron,500,54%,euw
trueDMGonly#badro,iron,500,60%,euw
redu#1616,iron,500,60%,euw
Tzamia#9615,iron,500,40%,euw
M8 GodOfGacha#5422,iron,500,57%,euw
Minimax#4812,iron,500,69%,euw
oDonell984389943#Mr838,iron,500,60%,euw
Hellya1305#elya,iron,500,60%,euw
nesquik309#nsqkk,iron,500,58%,euw
OldManWithAStick#2258,iron,22,60%,euw
Auralys#5346,iron,500,37%,euw
Miloud#9999,iron,500,60%,euw
LaYA34#53454,iron,500,60%,euw
B0udadiibo0st#8865,iron,500,60%,euw
Zass#2for1,iron,500,60%,euw
Noliraf#4585,iron,500,43%,euw
Blanksorashiro#6721,iron,500,60%,euw
polteergeist#0013,iron,500,60%,euw
NiKo#FCG6,iron,500,60%,euw
Supermonkey14#1414,iron,500,64%,euw
MonsterItachi#1744,iron,500,59%,euw
BuenasMananas#3000,iron,500,60%,euw
hipertensiune#2929,iron,500,60%,euw
alhexs#SFC,iron,500,60%,euw
Pyke69#8697,iron,500,60%,euw
BACAKKOPARTAN54#BELA,iron,500,60%,euw
Suceurdepierre#1509,iron,500,60%,euw
WhiteSentinel123#3435,iron,34,60%,euw
DarkKiwi#moc,iron,500,56%,euw
OhPEYZO#2289,iron,500,60%,euw
iotrix#one,iron,500,60%,euw
Cariiih#122,iron,122,60%,euw
M8LEGAUTH#5422,iron,500,40%,euw
フレンドください#shiky,iron,500,56%,euw
frogenstring#0726,iron,500,57%,euw
honoratus unum#SorG,iron,500,60%,euw
Épicé#ABEY,iron,500,60%,euw
iqu500#EUW,iron,500,60%,euw
sono gay#6969\,iron,8,33%,euw
GuccixOnduras#EUW\,iron,1,,euw
PTkiller2442#EUW\,iron,1,,euw
GODTOFITA15#EUW\,iron,1,,euw
gekyumlk#EUW\,iron,1,,euw
S0VETRYNEN#EUW\,iron,1,,euw
20Lucky01#EUW\,iron,1,,euw
Pinpin#YUUMI\,iron,1,,euw
Stormdaddy#EUW\,iron,1,,euw
яx7#ЖЖЖ\,iron,1,1%,euw
Kenzolone#EUW\,iron,1,,euw
XelarebornvE#EUW\,iron,1,,euw
Kiu Oho Yai Jang#EUW\,iron,1,,euw
SEEKER#7777\,iron,1,,euw
Worst Nightmare#GOD\,iron,1,,euw
CATCHAWWW#0198\,iron,1,,euw
matteobert#EUW\,iron,1,,euw
Lormar#pro\,iron,1,,euw
DarkRise#2026\,iron,1,,euw
IdarTheBeast#EUW\,iron,1,,euw
AndréRoidPhd#Artif\,iron,1,3%,euw
DOMLiZ#EUW\,iron,1,,euw
maNekzzz#EUWes\,iron,1,,euw
oregon23#EUW\,iron,1,,euw
MjrBezef#EUW\,iron,1,,euw
GranCapitan#JLGC\,iron,1,,euw
SirSherlock#EUW\,iron,1,,euw
skydrow17000#3254\,iron,1,,euw
Patjes#EUW\,iron,1,,euw
RollonL#EUW\,iron,1,,euw
Lakerolmaker#EUW\,iron,1,,euw
Lapatatagustavo#ITA\,iron,1,,euw
PL0pes#EUW\,iron,1,,euw
Wulf#EUW66\,iron,1,,euw
MarieM230ZouAoui#EUW\,iron,1,,euw
Dolce2k#EUW\,iron,1,,euw
CMD Tempris#EUW\,iron,1,,euw
JohnnyOnGod#JGM\,iron,1,,euw
Atzarm#EUW\,iron,1,,euw
b4nkrptt#EUW\,iron,1,,euw
Kimarhi#EUW\,iron,1,,euw
seraos95#EUW\,iron,1,,euw
Panterh3art#EUW\,iron,1,,euw
Lolylo#EUW\,iron,1,,euw
TacticKiwi#EUW\,iron,1,,euw
Darknoid#EUW\,iron,1,,euw
MaCaNetteDeDuFF#EUW\,iron,1,,euw
Scordak#EUW\,iron,1,,euw
Thufill#4951\,iron,1,,euw
IGoblinKingI#777\,iron,1,,euw
PulseZeTanuki#EUW\,iron,1,,euw
Enzozo#213\,iron,1,,euw
UPS MaToutPris#Lflex\,iron,1,,euw
shmitai#6655\,iron,1,,euw
Aizensko#77003\,iron,1,,euw
HOSPITALIZADO22#Mora\,iron,1,,euw
FaithAlbright#135\,iron,1,,euw
WarriorJar83#nite\,iron,1,,euw
TheDi#DjDi\,iron,1,,euw
YoJebs#313\,iron,1,,euw
mocrota#gavno\,iron,1,,euw
Nekkobullu#1901\,iron,1,,euw
BMW M3#3169\,iron,1,,euw
trueDMGonly#badro\,iron,1,,euw
redu#1616\,iron,1,,euw
Tzamia#9615\,iron,1,,euw
M8 GodOfGacha#5422\,iron,1,8%,euw
Minimax#4812\,iron,1,,euw
oDonell984389943#Mr838\,iron,1,,euw
Hellya1305#elya\,iron,1,,euw
nesquik309#nsqkk\,iron,1,,euw
OldManWithAStick#2258\,iron,1,,euw
Auralys#5346\,iron,1,,euw
Miloud#9999\,iron,1,,euw
LaYA34#53454\,iron,1,,euw
B0udadiibo0st#8865\,iron,1,,euw
Zass#2for1\,iron,1,,euw
Noliraf#4585\,iron,1,,euw
Blanksorashiro#6721\,iron,1,,euw
polteergeist#0013\,iron,1,,euw
NiKo#FCG6\,iron,1,,euw
Supermonkey14#1414\,iron,1,,euw
MonsterItachi#1744\,iron,1,,euw
BuenasMananas#3000\,iron,1,,euw
hipertensiune#2929\,iron,1,,euw
alhexs#SFC\,iron,1,,euw
Pyke69#8697\,iron,1,,euw
BACAKKOPARTAN54#BELA\,iron,1,,euw
Suceurdepierre#1509\,iron,1,,euw
WhiteSentinel123#3435\,iron,1,,euw
DarkKiwi#moc\,iron,1,,euw
OhPEYZO#2289\,iron,1,,euw
iotrix#one\,iron,1,,euw
Cariiih#122\,iron,1,,euw
M8LEGAUTH#5422\,iron,1,,euw
フレンドください#shiky\,iron,1,3%,euw
frogenstring#0726\,iron,1,,euw
honoratus unum#SorG\,iron,1,,euw
Épicé#ABEY\,iron,1,3%,euw
iqu500#EUW\,iron,1,,euw
Sil#0023,iron,500,,euw
Xeyanh#ducks,iron,500,50%,euw
EL QaZi#Goat,iron,500,67%,euw
UniiC8#EUW,iron,500,60%,euw
karlc26fr#6941,iron,500,60%,euw
IguanaCoquera#5012,iron,500,60%,euw
0sxidg#Gato,iron,500,60%,euw
JoseSYDA#EUW,iron,500,60%,euw
DoWnDuCloWn439#EUW,iron,500,60%,euw
savinho1004#EUW,iron,500,64%,euw
eslamgamal99#EUW,iron,500,52%,euw
yamato wb#DBZ,iron,500,40%,euw
Georges Russell#GBR,iron,500,59%,euw
GoticoCulon#BTTM,iron,500,60%,euw
Thomasdem#9505,iron,500,60%,euw
Marinpro19#EUW,iron,500,60%,euw
Craque#XVIDS,iron,500,60%,euw
tifricuiu#EUW,iron,500,60%,euw
livitrixie#6516,iron,500,60%,euw
Tkt Neo#EUW,iron,500,60%,euw
BadrSaga#0517,iron,500,100%,euw
narukenx#EUW,iron,500,50%,euw
NoobWithBoob#uwu,iron,500,60%,euw
Toxasmico#EUW,iron,500,58%,euw
Nas#89012,iron,500,60%,euw
Dalamannen#EUW,iron,500,60%,euw
oukhty93#4345,iron,500,60%,euw
laprenticouillle#EUW,iron,500,60%,euw
Der König#3016,iron,500,67%,euw
Maréchal Pitou#1664,iron,500,58%,euw
Mickey1er#EUW,iron,500,54%,euw
MindKrystal#EUW,iron,500,60%,euw
捕娃玖崇 女瑠崇田剝園#speed,iron,500,60%,euw
GreezyB#EUW,iron,500,40%,euw
XΛPHYRIΛ#EUW,iron,500,62%,euw
Farper#6204,iron,500,60%,euw
chichimoya#4269,iron,500,60%,euw
Ragedmage2#EUW,iron,500,60%,euw
HerrSchnurrer#1410,iron,500,60%,euw
harrachich#EUW,iron,500,60%,euw
Salisiko#EUW,iron,500,60%,euw
Askqtte#01234,iron,500,64%,euw
Kalex#1507,iron,500,50%,euw
AmbraP#Ambra,iron,500,62%,euw
dasnicku#EUW,iron,500,60%,euw
Bradopito#1111,iron,500,60%,euw
YarakObama35#1556,iron,500,60%,euw
SiX6 Z3R0#six,iron,500,57%,euw
traksiiii#EUW,iron,500,60%,euw
Akira Toriyama#midou,iron,500,60%,euw
edi13#EUW,iron,500,60%,euw
eta04#1988,iron,500,60%,euw
marcydelpro#EUW,iron,500,60%,euw
Ojohnjey#4267,iron,500,60%,euw
Gooober69#EUW,iron,500,60%,euw
Destiny   운명#12Aug,iron,500,62%,euw
BlackBooooooty#EUW,iron,500,59%,euw
JagÖgar #EUW,iron,500,60%,euw
Ermorenus18#JACK,iron,500,61%,euw
Danisaco#4949,iron,500,60%,euw
budimiiiiir#EUW,iron,500,60%,euw
JustBAD SneeZzL#BAD,iron,500,60%,euw
nuno99fr#EUW,iron,500,60%,euw
oskivarela#1899,iron,500,60%,euw
セントマイケル095#EUp,iron,500,60%,euw
Zucchetta#EUW,iron,500,60%,euw
Lentejas#Jesse,iron,500,60%,euw
Ferbuckson#EUW,iron,500,60%,euw
FairyCrossFire#3383,iron,500,57%,euw
PomaresYT#AFK,iron,500,57%,euw
P3R50NNE#EUW,iron,500,60%,euw
YumeNikki666#Koko,iron,500,60%,euw
Berliniheb#28882,iron,500,60%,euw
berevaleska#006,iron,006,60%,euw
granizia12345678#EUW,iron,500,60%,euw
MOHICAN066#EUW,iron,500,62%,euw
TolliePicsViData#fer,iron,500,60%,euw
Trezaloi01#EUW,iron,500,60%,euw
PiZzAeSel#EUW,iron,500,60%,euw
Xayahbird420#EUW,iron,500,60%,euw
Navonod19#9708,iron,500,60%,euw
KellysHeroes#EUW,iron,500,67%,euw
Ben 0ne#EUW,iron,500,62%,euw
Allrush#UWU,iron,500,55%,euw
KiwiOFSpirit#EUW,iron,500,61%,euw
Kenma Kozume#1907,iron,500,55%,euw
Dankerena#PeBSq,iron,500,60%,euw
SirFiStIc#YtHUb,iron,500,62%,euw
Golmur#EUW,iron,500,62%,euw
DarkXAndy#EUW,iron,500,64%,euw
Nocurse#EUW,iron,500,60%,euw
slide83000#EUW,iron,500,57%,euw
Codon#EUW,iron,500,67%,euw
Wolfen767#EUW,iron,500,64%,euw
Aylayani#1111,iron,500,56%,euw
LemonsAreSigma#42069,iron,500,50%,euw
ZKR#1555,iron,500,46%,euw
AlbiDickieeez#379,iron,379,69%,euw
LaSavane78#78190,iron,500,53%,euw
MentorZanuka#Zizbo,iron,500,57%,euw
Sil#0023\,iron,8,60%,euw
Xeyanh#ducks\,iron,1,,euw
EL QaZi#Goat\,iron,1,,euw
UniiC8#EUW\,iron,1,,euw
karlc26fr#6941\,iron,1,,euw
IguanaCoquera#5012\,iron,1,,euw
0sxidg#Gato\,iron,1,,euw
JoseSYDA#EUW\,iron,1,,euw
DoWnDuCloWn439#EUW\,iron,1,,euw
savinho1004#EUW\,iron,1,,euw
eslamgamal99#EUW\,iron,1,,euw
yamato wb#DBZ\,iron,1,,euw
Georges Russell#GBR\,iron,1,,euw
GoticoCulon#BTTM\,iron,1,,euw
Thomasdem#9505\,iron,1,,euw
Marinpro19#EUW\,iron,1,,euw
Craque#XVIDS\,iron,1,,euw
tifricuiu#EUW\,iron,1,,euw
livitrixie#6516\,iron,1,,euw
Tkt Neo#EUW\,iron,1,,euw
BadrSaga#0517\,iron,1,,euw
narukenx#EUW\,iron,1,,euw
NoobWithBoob#uwu\,iron,1,,euw
Toxasmico#EUW\,iron,1,,euw
Nas#89012\,iron,1,,euw
Dalamannen#EUW\,iron,1,,euw
oukhty93#4345\,iron,1,,euw
laprenticouillle#EUW\,iron,1,,euw
Der König#3016\,iron,1,3%,euw
Maréchal Pitou#1664\,iron,1,3%,euw
Mickey1er#EUW\,iron,1,,euw
MindKrystal#EUW\,iron,1,,euw
捕娃玖崇 女瑠崇田剝園#speed\,iron,1,6%,euw
GreezyB#EUW\,iron,1,,euw
XΛPHYRIΛ#EUW\,iron,1,,euw
Farper#6204\,iron,1,,euw
chichimoya#4269\,iron,1,,euw
Ragedmage2#EUW\,iron,1,,euw
HerrSchnurrer#1410\,iron,1,,euw
harrachich#EUW\,iron,1,,euw
Salisiko#EUW\,iron,1,,euw
Askqtte#01234\,iron,1,,euw
Kalex#1507\,iron,1,,euw
AmbraP#Ambra\,iron,1,,euw
dasnicku#EUW\,iron,1,,euw
Bradopito#1111\,iron,1,,euw
YarakObama35#1556\,iron,1,,euw
SiX6 Z3R0#six\,iron,1,6%,euw
traksiiii#EUW\,iron,1,,euw
Akira Toriyama#midou\,iron,1,,euw
edi13#EUW\,iron,1,,euw
eta04#1988\,iron,1,,euw
marcydelpro#EUW\,iron,1,,euw
Ojohnjey#4267\,iron,1,,euw
Gooober69#EUW\,iron,1,,euw
Destiny   운명#12Aug\,iron,1,20%,euw
BlackBooooooty#EUW\,iron,1,,euw
JagÖgar #EUW\,iron,1,3%,euw
Ermorenus18#JACK\,iron,1,,euw
Danisaco#4949\,iron,1,,euw
budimiiiiir#EUW\,iron,1,,euw
JustBAD SneeZzL#BAD\,iron,1,,euw
nuno99fr#EUW\,iron,1,,euw
oskivarela#1899\,iron,1,,euw
セントマイケル095#EUp\,iron,1,3%,euw
Zucchetta#EUW\,iron,1,,euw
Lentejas#Jesse\,iron,1,,euw
Ferbuckson#EUW\,iron,1,,euw
FairyCrossFire#3383\,iron,1,,euw
PomaresYT#AFK\,iron,1,,euw
P3R50NNE#EUW\,iron,1,,euw
YumeNikki666#Koko\,iron,1,,euw
Berliniheb#28882\,iron,1,,euw
berevaleska#006\,iron,1,,euw
granizia12345678#EUW\,iron,1,,euw
MOHICAN066#EUW\,iron,1,,euw
TolliePicsViData#fer\,iron,1,,euw
Trezaloi01#EUW\,iron,1,,euw
PiZzAeSel#EUW\,iron,1,,euw
Xayahbird420#EUW\,iron,1,,euw
Navonod19#9708\,iron,1,,euw
KellysHeroes#EUW\,iron,1,,euw
Ben 0ne#EUW\,iron,1,,euw
Allrush#UWU\,iron,1,,euw
KiwiOFSpirit#EUW\,iron,1,,euw
Kenma Kozume#1907\,iron,1,,euw
Dankerena#PeBSq\,iron,1,,euw
SirFiStIc#YtHUb\,iron,1,,euw
Golmur#EUW\,iron,1,,euw
DarkXAndy#EUW\,iron,1,,euw
Nocurse#EUW\,iron,1,,euw
slide83000#EUW\,iron,1,,euw
Codon#EUW\,iron,1,,euw
Wolfen767#EUW\,iron,1,,euw
Aylayani#1111\,iron,1,,euw
LemonsAreSigma#42069\,iron,1,,euw
ZKR#1555\,iron,1,,euw
AlbiDickieeez#379\,iron,1,,euw
LaSavane78#78190\,iron,1,,euw
MentorZanuka#Zizbo\,iron,1,,euw
Jeakeros#11111,iron,500,,euw
wupax#11000,iron,500,60%,euw
glokeurッ#ftg,iron,500,60%,euw
Mattoux#1706,iron,500,60%,euw
PainLp1#2004,iron,500,45%,euw
melonmuncher9431#2663,iron,26,57%,euw
KonigKartoffel#0808,iron,500,57%,euw
norbic#1085,iron,500,40%,euw
schoko#2189,iron,500,64%,euw
Xeinus#9191,iron,500,60%,euw
Alyquam#2104,iron,500,67%,euw
BlkstarX10#3021,iron,500,62%,euw
PranoxDox#0815,iron,500,64%,euw
iwilltakeurheart#4753,iron,47,60%,euw
A1lcor#4932,iron,500,64%,euw
bambiix71#AEDW,iron,500,60%,euw
Nabuchondinosaur#EUW,iron,500,54%,euw
MadiMerkwürdig#EUW,iron,500,60%,euw
LOL architect   #EUW,iron,500,40%,euw
Phenoxx#bébou,iron,500,60%,euw
sawchaw#9592,iron,500,100%,euw
DEsaidXmehdyMUTH#coco,iron,500,57%,euw
Ataraxia#1922,iron,500,60%,euw
Quellyl#EUW,iron,500,56%,euw
Spearo#6749,iron,500,65%,euw
4K1Z0N#EUW,iron,500,62%,euw
TheOldNiM#EUW,iron,500,62%,euw
Cavatelli00#2687,iron,500,64%,euw
momowade4real#EUW,iron,500,60%,euw
Subsky2001#EUW,iron,500,40%,euw
baki7777777#EUW,iron,500,56%,euw
FDZLOKO#EUW,iron,500,62%,euw
Føukøu666#EUW,iron,500,60%,euw
PoussinSlayer #EUW,iron,500,60%,euw
Champ021#EUW,iron,500,56%,euw
Marinvin#EUW,iron,500,67%,euw
sltan1#EUW,iron,500,62%,euw
Plumette79#EUW,iron,500,62%,euw
GROOT 238#EUW,iron,500,57%,euw
wingedwonder#EUW,iron,500,62%,euw
DJ Modlivoj#EUW,iron,500,58%,euw
BOLONCHO#WwW,iron,500,60%,euw
Fatalfuria10#EUW,iron,500,60%,euw
AlKashisama974#EUW,iron,500,62%,euw
BillonaireBoy#EUW,iron,500,60%,euw
reinva#EUW,iron,500,60%,euw
Whisky#Ghost,iron,500,60%,euw
S4ngAsx3#EUW,iron,500,60%,euw
Brandosau#EUW,iron,500,60%,euw
NikoMaki#EUW,iron,500,59%,euw
immortelleblade#EUW,iron,500,67%,euw
xTaznol#EUW,iron,500,67%,euw
RedFox01#EUW,iron,500,68%,euw
Mr MR#7777,iron,500,62%,euw
Gilipichia#EUW,iron,500,62%,euw
elamako#EUW,iron,500,60%,euw
vulturuplesuv#georg,iron,500,60%,euw
frantovic#EUW,iron,500,60%,euw
ice1989#EUW,iron,500,60%,euw
WaDaFCK#EUW,iron,500,60%,euw
JACQUEL1NO#NO1,iron,500,57%,euw
Aim In Heaven#1999,iron,500,60%,euw
MsDrunkenWombat#EUW,iron,500,60%,euw
JaviiC99#EUW,iron,500,60%,euw
Greggaddon#EUW,iron,500,60%,euw
guido92#EUW,iron,500,60%,euw
WandFalke#EUW,iron,500,60%,euw
pabsdelpiero1#EUW,iron,500,58%,euw
khamed#EUW,iron,500,60%,euw
Cookie Monster#mine,iron,500,60%,euw
goosterbooster#EUW,iron,500,60%,euw
Entrails64#EUW,iron,500,60%,euw
Ubiesan#BADM,iron,500,60%,euw
K1LL50M30N3#EUW,iron,500,60%,euw
Indiana94#EUW,iron,500,61%,euw
FuelJK#9447,iron,500,60%,euw
BURTONTONN#LOVA,iron,500,44%,euw
LickYunaraAbs#2934,iron,500,57%,euw
KaiaBlaei#KB10,iron,500,57%,euw
ghost boy#titi,iron,500,60%,euw
dbol#5991,iron,500,60%,euw
iDevice#3003,iron,500,60%,euw
SeekerBlood#666,iron,666,60%,euw
V01D#B42,iron,500,40%,euw
冷たい男#4545,iron,500,60%,euw
MamaLeVrai#6648,iron,500,60%,euw
sevntiz#Youss,iron,500,60%,euw
LeagueOfMyFam#42069,iron,500,60%,euw
xAlex1210#1234,iron,500,60%,euw
einfach Habibi#joher,iron,500,50%,euw
eliabene#0303,iron,500,60%,euw
MaïPew#2405,iron,500,60%,euw
MandariNut#EUW,iron,500,60%,euw
coaxy#999,iron,999,44%,euw
Rogelioti#Rog,iron,500,60%,euw
KanyeEEZY#W6RST,iron,500,60%,euw
ELKEBINOFF#005,iron,005,60%,euw
Eureka36#Eka,iron,500,50%,euw
Diavoliko#TTAS,iron,500,60%,euw
blackreaper45#4545,iron,500,67%,euw
Jeakeros#11111\,iron,8,60%,euw
wupax#11000\,iron,1,,euw
glokeurッ#ftg\,iron,1,3%,euw
Mattoux#1706\,iron,1,,euw
PainLp1#2004\,iron,1,,euw
melonmuncher9431#2663\,iron,1,,euw
KonigKartoffel#0808\,iron,1,,euw
norbic#1085\,iron,1,,euw
schoko#2189\,iron,1,,euw
Xeinus#9191\,iron,1,,euw
Alyquam#2104\,iron,1,,euw
BlkstarX10#3021\,iron,1,,euw
PranoxDox#0815\,iron,1,,euw
iwilltakeurheart#4753\,iron,1,,euw
A1lcor#4932\,iron,1,,euw
bambiix71#AEDW\,iron,1,,euw
Nabuchondinosaur#EUW\,iron,1,,euw
MadiMerkwürdig#EUW\,iron,1,3%,euw
LOL architect   #EUW\,iron,1,20%,euw
Phenoxx#bébou\,iron,1,3%,euw
sawchaw#9592\,iron,1,,euw
DEsaidXmehdyMUTH#coco\,iron,1,,euw
Ataraxia#1922\,iron,1,,euw
Quellyl#EUW\,iron,1,,euw
Spearo#6749\,iron,1,,euw
4K1Z0N#EUW\,iron,1,,euw
TheOldNiM#EUW\,iron,1,,euw
Cavatelli00#2687\,iron,1,,euw
momowade4real#EUW\,iron,1,,euw
Subsky2001#EUW\,iron,1,,euw
baki7777777#EUW\,iron,1,,euw
FDZLOKO#EUW\,iron,1,,euw
Føukøu666#EUW\,iron,1,3%,euw
PoussinSlayer #EUW\,iron,1,,euw
Champ021#EUW\,iron,1,,euw
Marinvin#EUW\,iron,1,,euw
sltan1#EUW\,iron,1,,euw
Plumette79#EUW\,iron,1,,euw
GROOT 238#EUW\,iron,1,,euw
wingedwonder#EUW\,iron,1,,euw
DJ Modlivoj#EUW\,iron,1,,euw
BOLONCHO#WwW\,iron,1,,euw
Fatalfuria10#EUW\,iron,1,,euw
AlKashisama974#EUW\,iron,1,,euw
BillonaireBoy#EUW\,iron,1,,euw
reinva#EUW\,iron,1,,euw
Whisky#Ghost\,iron,1,,euw
S4ngAsx3#EUW\,iron,1,,euw
Brandosau#EUW\,iron,1,,euw
NikoMaki#EUW\,iron,1,,euw
immortelleblade#EUW\,iron,1,,euw
xTaznol#EUW\,iron,1,,euw
RedFox01#EUW\,iron,1,,euw
Mr MR#7777\,iron,1,,euw
Gilipichia#EUW\,iron,1,,euw
elamako#EUW\,iron,1,,euw
vulturuplesuv#georg\,iron,1,,euw
frantovic#EUW\,iron,1,,euw
ice1989#EUW\,iron,1,,euw
WaDaFCK#EUW\,iron,1,,euw
JACQUEL1NO#NO1\,iron,1,,euw
Aim In Heaven#1999\,iron,1,,euw
MsDrunkenWombat#EUW\,iron,1,,euw
JaviiC99#EUW\,iron,1,,euw
Greggaddon#EUW\,iron,1,,euw
guido92#EUW\,iron,1,,euw
WandFalke#EUW\,iron,1,,euw
pabsdelpiero1#EUW\,iron,1,,euw
khamed#EUW\,iron,1,,euw
Cookie Monster#mine\,iron,1,,euw
goosterbooster#EUW\,iron,1,,euw
Entrails64#EUW\,iron,1,,euw
Ubiesan#BADM\,iron,1,,euw
K1LL50M30N3#EUW\,iron,1,,euw
Indiana94#EUW\,iron,1,,euw
FuelJK#9447\,iron,1,,euw
BURTONTONN#LOVA\,iron,1,,euw
LickYunaraAbs#2934\,iron,1,,euw
KaiaBlaei#KB10\,iron,1,,euw
ghost boy#titi\,iron,1,,euw
dbol#5991\,iron,1,,euw
iDevice#3003\,iron,1,,euw
SeekerBlood#666\,iron,1,,euw
V01D#B42\,iron,1,,euw
冷たい男#4545\,iron,1,5%,euw
MamaLeVrai#6648\,iron,1,,euw
sevntiz#Youss\,iron,1,,euw
LeagueOfMyFam#42069\,iron,1,,euw
xAlex1210#1234\,iron,1,,euw
einfach Habibi#joher\,iron,1,,euw
eliabene#0303\,iron,1,,euw
MaïPew#2405\,iron,1,3%,euw
MandariNut#EUW\,iron,1,,euw
coaxy#999\,iron,1,,euw
Rogelioti#Rog\,iron,1,,euw
KanyeEEZY#W6RST\,iron,1,,euw
ELKEBINOFF#005\,iron,1,,euw
Eureka36#Eka\,iron,1,,euw
Diavoliko#TTAS\,iron,1,,euw
blackreaper45#4545\,iron,1,,euw
magma ca #EUW,iron,500,,euw
IkeTHD#0001,iron,500,56%,euw
Captain Joe#123,iron,123,60%,euw
Alban#2208,iron,500,60%,euw
Jonny6487#J6487,iron,500,60%,euw
Midonaight#2121,iron,500,50%,euw
xoOPoleOox#5991,iron,500,60%,euw
Ic3d4ncer#BDK,iron,500,55%,euw
Ｆａｔ Ｆｕｒｒｙ Ｇｏｏｎｅｒ#Munt,iron,500,60%,euw
JakeyMalteser#4921,iron,500,60%,euw
mohamedmzmm#9276,iron,500,60%,euw
KC Slix#0000,iron,500,60%,euw
Bahnek#4682,iron,500,33%,euw
Maadd#1312,iron,500,60%,euw
DocPetrik#013,iron,013,60%,euw
Izcak#777,iron,777,58%,euw
OnlyPied#Miam,iron,500,57%,euw
LittlZizl#Litle,iron,500,60%,euw
ThyBeardedDan#LGBTQ,iron,500,60%,euw
yussef21#EUW,iron,500,60%,euw
StickFidder123#EUW,iron,500,100%,euw
ChinnPoTV#55990,iron,500,60%,euw
Tapoué#EUW,iron,500,43%,euw
MonkeWorms#Ape,iron,500,64%,euw
JglDiff1V9龙#ZOB,iron,500,60%,euw
ddcgame#EUW,iron,500,60%,euw
ExtaZzyAmneziK#4138,iron,500,60%,euw
EveliO#4537,iron,500,60%,euw
mrborsvlino94#EUW,iron,500,60%,euw
jalastram#6166,iron,500,60%,euw
D1fficult07#EUW,iron,500,60%,euw
TingusPingus04#EUW,iron,500,60%,euw
AKNDZ#9405,iron,500,57%,euw
Pommespanzer#17166,iron,500,60%,euw
NightsK03478#EUW,iron,500,57%,euw
PIPO#2265,iron,500,60%,euw
kansante#EUW,iron,500,60%,euw
L9 Zac#ZAC,iron,500,60%,euw
beerkrug#1384,iron,500,60%,euw
freguuu#4562,iron,500,62%,euw
Sartreuse#EUW,iron,500,60%,euw
Keschua#9747,iron,500,50%,euw
louwack38#EUW,iron,500,60%,euw
SwainaufCaine#EUW,iron,500,60%,euw
Nadir#2258,iron,500,60%,euw
Erzaline10#EUW,iron,500,59%,euw
adripuerco27#EUW,iron,500,60%,euw
Ph0s#HNK,iron,500,40%,euw
Riks57#9511,iron,500,60%,euw
Ostzonenbewohner#0381A,iron,03,60%,euw
Seiun#1303,iron,500,59%,euw
Strucki93#EUW,iron,500,60%,euw
beaucoolle#EUW,iron,500,57%,euw
lizvxc#1498,iron,500,60%,euw
yaakari#EUW,iron,500,60%,euw
ThatsMeJoao#EUW,iron,500,60%,euw
Glennybot#Bots,iron,500,60%,euw
Weimzzz#EUW,iron,500,57%,euw
KuRoKe#KRK,iron,500,50%,euw
LEBLANKING#6006,iron,500,62%,euw
Yachiru#696,iron,696,60%,euw
Tixo#0119,iron,500,60%,euw
AimanSWG123#EUW,iron,500,40%,euw
zowaaa#6496,iron,500,60%,euw
WOUTM#EUW,iron,500,60%,euw
white#slpy,iron,500,60%,euw
S O C I O P T H#EUW,iron,500,67%,euw
I want annie nkd#55555,iron,55,60%,euw
candy B#NPC,iron,500,60%,euw
UAlina18#EUW,iron,500,60%,euw
Tokyoto034#EUW,iron,500,60%,euw
Aaybangg#EUW,iron,500,60%,euw
araleboss#EUW,iron,500,60%,euw
Awharuno#EUW,iron,500,60%,euw
ZeiZei#KISS,iron,500,44%,euw
V4LKY#EUW,iron,500,58%,euw
Acuaram#EUW,iron,500,60%,euw
Percebeboybroski#1234,iron,12,60%,euw
juandaviid1010#1906,iron,500,60%,euw
Nallebaby#EUW,iron,500,60%,euw
HeylKernow23#EUW,iron,500,60%,euw
reinasthe1#EUW,iron,500,60%,euw
odkyravz#EUW,iron,500,60%,euw
Kayn zoldik#EUW,iron,500,60%,euw
RaBeMi#ORGMC,iron,500,60%,euw
K1viski#EUW,iron,500,67%,euw
K1ngNlco#EUW,iron,500,68%,euw
L1zzza#EUW,iron,500,62%,euw
I CAME IN PEACE#GLA,iron,500,60%,euw
Koziki#667,iron,667,60%,euw
MassiveLegend744#744,iron,74,67%,euw
TheLegendofHamza#EUW,iron,500,44%,euw
joaoloco17#EUW,iron,500,67%,euw
Denkzswe3de#EUW,iron,500,60%,euw
Feuertoaster#EUW,iron,500,60%,euw
Martijn1221#Marty,iron,500,50%,euw
batotibato#0077,iron,500,50%,euw
Seeeqz#EUW,iron,500,58%,euw
Kusanagi#xvi,iron,500,67%,euw
13PöBeL12#Pöbel,iron,500,67%,euw
magma ca #EUW\,iron,8,60%,euw
IkeTHD#0001\,iron,1,,euw
Captain Joe#123\,iron,1,,euw
Alban#2208\,iron,1,,euw
Jonny6487#J6487\,iron,1,,euw
Midonaight#2121\,iron,1,,euw
xoOPoleOox#5991\,iron,1,,euw
Ic3d4ncer#BDK\,iron,1,,euw
Ｆａｔ Ｆｕｒｒｙ Ｇｏｏｎｅｒ#Munt\,iron,1,6%,euw
JakeyMalteser#4921\,iron,1,,euw
mohamedmzmm#9276\,iron,1,,euw
KC Slix#0000\,iron,1,,euw
Bahnek#4682\,iron,1,,euw
Maadd#1312\,iron,1,,euw
DocPetrik#013\,iron,1,,euw
Izcak#777\,iron,1,,euw
OnlyPied#Miam\,iron,1,,euw
LittlZizl#Litle\,iron,1,,euw
ThyBeardedDan#LGBTQ\,iron,1,,euw
yussef21#EUW\,iron,1,,euw
StickFidder123#EUW\,iron,1,,euw
ChinnPoTV#55990\,iron,1,,euw
Tapoué#EUW\,iron,1,3%,euw
MonkeWorms#Ape\,iron,1,,euw
JglDiff1V9龙#ZOB\,iron,1,9%,euw
ddcgame#EUW\,iron,1,,euw
ExtaZzyAmneziK#4138\,iron,1,,euw
EveliO#4537\,iron,1,,euw
mrborsvlino94#EUW\,iron,1,,euw
jalastram#6166\,iron,1,,euw
D1fficult07#EUW\,iron,1,,euw
TingusPingus04#EUW\,iron,1,,euw
AKNDZ#9405\,iron,1,,euw
Pommespanzer#17166\,iron,1,,euw
NightsK03478#EUW\,iron,1,,euw
PIPO#2265\,iron,1,,euw
kansante#EUW\,iron,1,,euw
L9 Zac#ZAC\,iron,1,9%,euw
beerkrug#1384\,iron,1,,euw
freguuu#4562\,iron,1,,euw
Sartreuse#EUW\,iron,1,,euw
Keschua#9747\,iron,1,,euw
louwack38#EUW\,iron,1,,euw
SwainaufCaine#EUW\,iron,1,,euw
Nadir#2258\,iron,1,,euw
Erzaline10#EUW\,iron,1,,euw
adripuerco27#EUW\,iron,1,,euw
Ph0s#HNK\,iron,1,,euw
Riks57#9511\,iron,1,,euw
Ostzonenbewohner#0381A\,iron,1,,euw
Seiun#1303\,iron,1,,euw
Strucki93#EUW\,iron,1,,euw
beaucoolle#EUW\,iron,1,,euw
lizvxc#1498\,iron,1,,euw
yaakari#EUW\,iron,1,,euw
ThatsMeJoao#EUW\,iron,1,,euw
Glennybot#Bots\,iron,1,,euw
Weimzzz#EUW\,iron,1,,euw
KuRoKe#KRK\,iron,1,,euw
LEBLANKING#6006\,iron,1,,euw
Yachiru#696\,iron,1,,euw
Tixo#0119\,iron,1,,euw
AimanSWG123#EUW\,iron,1,,euw
zowaaa#6496\,iron,1,,euw
WOUTM#EUW\,iron,1,,euw
white#slpy\,iron,1,,euw
S O C I O P T H#EUW\,iron,1,,euw
I want annie nkd#55555\,iron,1,,euw
candy B#NPC\,iron,1,,euw
UAlina18#EUW\,iron,1,,euw
Tokyoto034#EUW\,iron,1,,euw
Aaybangg#EUW\,iron,1,,euw
araleboss#EUW\,iron,1,,euw
Awharuno#EUW\,iron,1,,euw
ZeiZei#KISS\,iron,1,,euw
V4LKY#EUW\,iron,1,,euw
Acuaram#EUW\,iron,1,,euw
Percebeboybroski#1234\,iron,1,,euw
juandaviid1010#1906\,iron,1,,euw
Nallebaby#EUW\,iron,1,,euw
HeylKernow23#EUW\,iron,1,,euw
reinasthe1#EUW\,iron,1,,euw
odkyravz#EUW\,iron,1,,euw
Kayn zoldik#EUW\,iron,1,,euw
RaBeMi#ORGMC\,iron,1,,euw
K1viski#EUW\,iron,1,,euw
K1ngNlco#EUW\,iron,1,,euw
L1zzza#EUW\,iron,1,,euw
I CAME IN PEACE#GLA\,iron,1,,euw
Koziki#667\,iron,1,,euw
MassiveLegend744#744\,iron,1,,euw
TheLegendofHamza#EUW\,iron,1,,euw
joaoloco17#EUW\,iron,1,,euw
Denkzswe3de#EUW\,iron,1,,euw
Feuertoaster#EUW\,iron,1,,euw
Martijn1221#Marty\,iron,1,,euw
batotibato#0077\,iron,1,,euw
Seeeqz#EUW\,iron,1,,euw
Kusanagi#xvi\,iron,1,,euw
13PöBeL12#Pöbel\,iron,1,3%,euw
Quedoxyde#EUW,bronze,500,,euw
theBoxi#6656,bronze,500,57%,euw
Jetstream Sam#42069,bronze,500,44%,euw
EcooE#EUW,bronze,500,58%,euw
Tristouf#EUW,bronze,500,51%,euw
jjor#EUW,bronze,500,0%,euw
NEMER#1860,bronze,500,58%,euw
Kalekukhra#Bhaat,bronze,500,37%,euw
Asperge Molle#EUW,bronze,500,71%,euw
DarckDead57#EUW,bronze,500,46%,euw
kahmlot#EUW,bronze,500,53%,euw
LifeIsMotion#777,bronze,777,48%,euw
More21#9806,bronze,500,56%,euw
Dwayne J#Rock,bronze,500,50%,euw
TheodoreBagwell#fox,bronze,500,56%,euw
Zoochy#EUW,bronze,500,52%,euw
Ramboplxdodo#EUW,bronze,500,67%,euw
C9 Donar#EUW,bronze,500,50%,euw
Andre0#EUW,bronze,500,37%,euw
Mashinra#EUW,bronze,500,50%,euw
PITAS5O#EUW,bronze,500,100%,euw
Capitão Llama#Neves,bronze,500,39%,euw
TP Anvitrix#AUT,bronze,500,44%,euw
C4G0D1OS#EUW,bronze,500,53%,euw
Painintheaxe#EUW,bronze,500,42%,euw
javinetshock#75989,bronze,500,27%,euw
insecuresummoner#EUW,bronze,500,53%,euw
Helix85#EUW,bronze,500,53%,euw
Unlucky#TnT,bronze,500,56%,euw
clavde#EUW,bronze,500,58%,euw
Mortauxcon#EUW,bronze,500,71%,euw
Aruhka#EUW,bronze,500,60%,euw
DenoFT#EUW,bronze,500,50%,euw
El Bajistoo#EUW,bronze,500,20%,euw
ElGoblino#sbur,bronze,500,50%,euw
Just The One#EUW,bronze,500,50%,euw
Djélaba#EUW,bronze,500,55%,euw
Alpha Darius#EUW,bronze,500,50%,euw
Grouh#EUW,bronze,500,52%,euw
Pizza Kebab#55555,bronze,500,50%,euw
SaftOnkel#123,bronze,123,47%,euw
vîncen#EUW,bronze,500,60%,euw
KenAbi#TR1,bronze,500,50%,euw
FRITE#2899,bronze,500,54%,euw
TriskiKann#9670,bronze,500,43%,euw
Yat just better#BOIL,bronze,500,57%,euw
CutePumpkinS#0126,bronze,500,50%,euw
Cracks#PAW,bronze,500,53%,euw
kapitar#9735,bronze,500,57%,euw
Mokkoshi#6969,bronze,500,48%,euw
HisHappyEnding#wof,bronze,500,42%,euw
lufy is here#EUW,bronze,500,51%,euw
donthavenemies#7466,bronze,500,57%,euw
CAKIBJ#BJ69,bronze,500,50%,euw
paandaaa#EUW,bronze,500,50%,euw
Firstblood161190#EUW,bronze,500,44%,euw
elchurumbesaurio#1234,bronze,12,52%,euw
Renophaston#EUW,bronze,500,53%,euw
Nudellauge#EUW,bronze,500,50%,euw
fenéktúró#911,bronze,911,49%,euw
Momytho#7777,bronze,500,48%,euw
facelillo#elrob,bronze,500,42%,euw
PandatoZor#EUW,bronze,500,44%,euw
Bho79#EUW,bronze,500,47%,euw
His Frog#crab,bronze,500,39%,euw
HPF GodKiller#King,bronze,500,54%,euw
KotoTFT#KOTO,bronze,500,46%,euw
Almaozzy#EUW,bronze,500,53%,euw
Dobrydodo2#EUW,bronze,500,52%,euw
HETERISIMO#EUW,bronze,500,36%,euw
pandzzii#EUW,bronze,500,20%,euw
Noco#SLAY,bronze,500,48%,euw
21flxmes#EUW,bronze,500,34%,euw
LineBully#EUW,bronze,500,53%,euw
Tiqx#1167,bronze,500,61%,euw
Astrix#KcM,bronze,500,47%,euw
ElriCapinga#5906,bronze,500,57%,euw
SHYiNi#ttv,bronze,500,50%,euw
fk my jgl#EEBK,bronze,500,42%,euw
PTX Patxiku25#EUS,bronze,500,37%,euw
Arkeur#Noob,bronze,500,42%,euw
IF Colink22#1808,bronze,500,50%,euw
Morbus1907#EUW,bronze,500,44%,euw
jarek#audi,bronze,500,44%,euw
daricarlos#EUW,bronze,500,27%,euw
Redhawk2301#EUW,bronze,500,50%,euw
Polskiboy#EUW,bronze,500,47%,euw
GuardianPhoenix#Ember,bronze,500,37%,euw
itZkimba#6969,bronze,500,50%,euw
DEMONKOBE#EUW,bronze,500,49%,euw
Goth Asuka UwU#EUW,bronze,500,37%,euw
jnr s wife#nuski,bronze,500,37%,euw
xCloudOMG#EUW,bronze,500,51%,euw
ismaa#2121,bronze,500,53%,euw
L9 Dvali#777,bronze,777,29%,euw
CARNVGE#6319,bronze,500,50%,euw
LIV3LIN3#6734,bronze,500,41%,euw
veladi#TETE,bronze,500,50%,euw
Watermelosky#4444,bronze,500,49%,euw
Kurona#RAH,bronze,500,59%,euw
Quedoxyde#EUW\,bronze,8,58%,euw
theBoxi#6656\,bronze,1,,euw
Jetstream Sam#42069\,bronze,1,,euw
EcooE#EUW\,bronze,1,,euw
Tristouf#EUW\,bronze,1,,euw
jjor#EUW\,bronze,1,,euw
NEMER#1860\,bronze,1,,euw
Kalekukhra#Bhaat\,bronze,1,,euw
Asperge Molle#EUW\,bronze,1,,euw
DarckDead57#EUW\,bronze,1,,euw
kahmlot#EUW\,bronze,1,,euw
LifeIsMotion#777\,bronze,1,,euw
More21#9806\,bronze,1,,euw
Dwayne J#Rock\,bronze,1,,euw
TheodoreBagwell#fox\,bronze,1,,euw
Zoochy#EUW\,bronze,1,,euw
Ramboplxdodo#EUW\,bronze,1,,euw
C9 Donar#EUW\,bronze,1,9%,euw
Andre0#EUW\,bronze,1,,euw
Mashinra#EUW\,bronze,1,,euw
PITAS5O#EUW\,bronze,1,,euw
Capitão Llama#Neves\,bronze,1,3%,euw
TP Anvitrix#AUT\,bronze,1,,euw
C4G0D1OS#EUW\,bronze,1,,euw
Painintheaxe#EUW\,bronze,1,,euw
javinetshock#75989\,bronze,1,,euw
insecuresummoner#EUW\,bronze,1,,euw
Helix85#EUW\,bronze,1,,euw
Unlucky#TnT\,bronze,1,,euw
clavde#EUW\,bronze,1,,euw
Mortauxcon#EUW\,bronze,1,,euw
Aruhka#EUW\,bronze,1,,euw
DenoFT#EUW\,bronze,1,,euw
El Bajistoo#EUW\,bronze,1,,euw
ElGoblino#sbur\,bronze,1,,euw
Just The One#EUW\,bronze,1,,euw
Djélaba#EUW\,bronze,1,3%,euw
Alpha Darius#EUW\,bronze,1,,euw
Grouh#EUW\,bronze,1,,euw
Pizza Kebab#55555\,bronze,1,,euw
SaftOnkel#123\,bronze,1,,euw
vîncen#EUW\,bronze,1,3%,euw
KenAbi#TR1\,bronze,1,,euw
FRITE#2899\,bronze,1,,euw
TriskiKann#9670\,bronze,1,,euw
Yat just better#BOIL\,bronze,1,,euw
CutePumpkinS#0126\,bronze,1,,euw
Cracks#PAW\,bronze,1,,euw
kapitar#9735\,bronze,1,,euw
Mokkoshi#6969\,bronze,1,,euw
HisHappyEnding#wof\,bronze,1,,euw
lufy is here#EUW\,bronze,1,,euw
donthavenemies#7466\,bronze,1,,euw
CAKIBJ#BJ69\,bronze,1,,euw
paandaaa#EUW\,bronze,1,,euw
Firstblood161190#EUW\,bronze,1,,euw
elchurumbesaurio#1234\,bronze,1,,euw
Renophaston#EUW\,bronze,1,,euw
Nudellauge#EUW\,bronze,1,,euw
fenéktúró#911\,bronze,1,3%,euw
Momytho#7777\,bronze,1,,euw
facelillo#elrob\,bronze,1,,euw
PandatoZor#EUW\,bronze,1,,euw
Bho79#EUW\,bronze,1,,euw
His Frog#crab\,bronze,1,,euw
HPF GodKiller#King\,bronze,1,,euw
KotoTFT#KOTO\,bronze,1,,euw
Almaozzy#EUW\,bronze,1,,euw
Dobrydodo2#EUW\,bronze,1,,euw
HETERISIMO#EUW\,bronze,1,,euw
pandzzii#EUW\,bronze,1,,euw
Noco#SLAY\,bronze,1,,euw
21flxmes#EUW\,bronze,1,,euw
LineBully#EUW\,bronze,1,,euw
Tiqx#1167\,bronze,1,,euw
Astrix#KcM\,bronze,1,,euw
ElriCapinga#5906\,bronze,1,,euw
SHYiNi#ttv\,bronze,1,,euw
fk my jgl#EEBK\,bronze,1,,euw
PTX Patxiku25#EUS\,bronze,1,,euw
Arkeur#Noob\,bronze,1,,euw
IF Colink22#1808\,bronze,1,,euw
Morbus1907#EUW\,bronze,1,,euw
jarek#audi\,bronze,1,,euw
daricarlos#EUW\,bronze,1,,euw
Redhawk2301#EUW\,bronze,1,,euw
Polskiboy#EUW\,bronze,1,,euw
GuardianPhoenix#Ember\,bronze,1,,euw
itZkimba#6969\,bronze,1,,euw
DEMONKOBE#EUW\,bronze,1,,euw
Goth Asuka UwU#EUW\,bronze,1,,euw
jnr s wife#nuski\,bronze,1,,euw
xCloudOMG#EUW\,bronze,1,,euw
ismaa#2121\,bronze,1,,euw
L9 Dvali#777\,bronze,1,9%,euw
CARNVGE#6319\,bronze,1,,euw
LIV3LIN3#6734\,bronze,1,,euw
veladi#TETE\,bronze,1,,euw
Watermelosky#4444\,bronze,1,,euw
Kurona#RAH\,bronze,1,,euw
axener972#EUW,bronze,500,,euw
KaKaBumFairy#EUW,bronze,500,49%,euw
HmmKutchh#9565,bronze,500,41%,euw
ViroxT#BVT,bronze,500,35%,euw
Harukaze#1903,bronze,500,32%,euw
Xani03#EUW,bronze,500,52%,euw
AlaniLp#EUW,bronze,500,44%,euw
Lord Tremu#EUW23,bronze,500,50%,euw
T1 Hide on luffy#EUW,bronze,500,45%,euw
meruem#zzzzz,bronze,500,48%,euw
evernoxes#EUW,bronze,500,40%,euw
Neyz#1234,bronze,500,38%,euw
kaynAhnunge#EUW,bronze,500,43%,euw
NekoMasterFaker#EUW,bronze,500,45%,euw
Rondal5#EUW,bronze,500,54%,euw
yusaleh#EUW,bronze,500,50%,euw
Roseluxe#EUW,bronze,500,33%,euw
Lilo#xbe,bronze,500,50%,euw
ButzJU#EUW,bronze,500,35%,euw
8XMILLE CARITAS#PAPA,bronze,500,42%,euw
TavSy#EUW,bronze,500,100%,euw
AiiCaptain#EUW,bronze,500,41%,euw
eththehunter#00000,bronze,500,56%,euw
ImGodOfShaco#EUW,bronze,500,56%,euw
jackie1998nl#EUW,bronze,500,52%,euw
Dr Rage#ucess,bronze,500,57%,euw
Drocxiny#EUW,bronze,500,61%,euw
Madrusssian#EUW,bronze,500,36%,euw
danael337#EUW,bronze,500,41%,euw
Starkerz91#EUW,bronze,500,41%,euw
machimelo#EUW,bronze,500,51%,euw
Choppe llle#EUW,bronze,500,47%,euw
Esther Mosovicho#nono,bronze,500,67%,euw
Niladra#EUW,bronze,500,50%,euw
sharkaq#1075,bronze,500,47%,euw
RikyGris02#EUW,bronze,500,55%,euw
흑인을 잡아라#Huso,bronze,500,58%,euw
Agsta#EUW,bronze,500,53%,euw
Fit Fat Squirrel#HUSO,bronze,500,59%,euw
Le Petit Guignol#PTGIL,bronze,500,62%,euw
Kuno4p#EUW,bronze,500,53%,euw
Aaronth#EUW,bronze,500,53%,euw
Tadam#0606,bronze,500,50%,euw
MalzBierWolfi#Wolf,bronze,500,48%,euw
Birralith#EUW,bronze,500,52%,euw
drainbeast#EUW,bronze,500,53%,euw
Alphenn#EUW,bronze,500,41%,euw
naoseitudojunto#EUW,bronze,500,61%,euw
ANDRE645LOPES#EUW,bronze,500,50%,euw
SSERPI#2000,bronze,500,53%,euw
Zack008#EUW,bronze,500,58%,euw
WhoFedThísKayn#EUW,bronze,500,41%,euw
savas der king#EUW,bronze,500,50%,euw
ARTP ItsAidi#EUW,bronze,500,53%,euw
Osty0013#EUW,bronze,500,50%,euw
Mustock#Wood,bronze,500,56%,euw
Långburk#EUW,bronze,500,44%,euw
DSM Gorm#EUW,bronze,500,45%,euw
Thp Slayer#EUW,bronze,500,71%,euw
NekoShyvi#EUW,bronze,500,48%,euw
Srnaxter#EUW,bronze,500,40%,euw
Akroma#GGWP,bronze,500,45%,euw
Thosaka#EUW,bronze,500,58%,euw
Hotbread#666,bronze,666,47%,euw
Hookman288#EUW,bronze,500,41%,euw
SuperSkinko#EUW,bronze,500,27%,euw
TaPaHTuHo#EUW,bronze,500,50%,euw
123letsgo#goat,bronze,500,48%,euw
Bonde92#EUW,bronze,500,53%,euw
TeaTime#ABOBA,bronze,500,45%,euw
xxNICOxx#EUWSP,bronze,500,49%,euw
Deadlyimage#EUW,bronze,500,36%,euw
anhauztarra#EUW,bronze,500,53%,euw
Kirth#0331,bronze,500,41%,euw
IamHasK#HasK,bronze,500,50%,euw
Enax#DTDG,bronze,500,58%,euw
ohgawdmykidneys#EUW,bronze,500,50%,euw
COLOMOBILU#6669,bronze,500,50%,euw
IKrakN#9703,bronze,500,45%,euw
noleex000#3994,bronze,500,44%,euw
P0udr3#08012,bronze,500,58%,euw
macd012#0113,bronze,500,46%,euw
YoGrandDady#007,bronze,007,55%,euw
ghoulmindset#1337,bronze,500,58%,euw
Crunyil#crumb,bronze,500,62%,euw
Misia#2629,bronze,500,43%,euw
Edouu#5084,bronze,500,54%,euw
elora#h01,bronze,500,49%,euw
superXayahonCrak#8474,bronze,500,50%,euw
jasonstechkin#7098,bronze,500,50%,euw
Kotonneux#4169,bronze,500,40%,euw
SweetLegend#Kerry,bronze,500,50%,euw
EloRush#9020,bronze,500,50%,euw
Octamy#jjk,bronze,500,44%,euw
musa#8119,bronze,500,50%,euw
ZeeDer#1607,bronze,500,48%,euw
Hound#Claw,bronze,500,44%,euw
Ercampo2008#EUW,bronze,500,50%,euw
bsvvvh#EUW,bronze,500,29%,euw
ALUNEing it#APHE,bronze,500,44%,euw
axener972#EUW\,bronze,8,35%,euw
KaKaBumFairy#EUW\,bronze,1,,euw
HmmKutchh#9565\,bronze,1,,euw
ViroxT#BVT\,bronze,1,,euw
Harukaze#1903\,bronze,1,,euw
Xani03#EUW\,bronze,1,,euw
AlaniLp#EUW\,bronze,1,,euw
Lord Tremu#EUW23\,bronze,1,,euw
T1 Hide on luffy#EUW\,bronze,1,1%,euw
meruem#zzzzz\,bronze,1,,euw
evernoxes#EUW\,bronze,1,,euw
Neyz#1234\,bronze,1,,euw
kaynAhnunge#EUW\,bronze,1,,euw
NekoMasterFaker#EUW\,bronze,1,,euw
Rondal5#EUW\,bronze,1,,euw
yusaleh#EUW\,bronze,1,,euw
Roseluxe#EUW\,bronze,1,,euw
Lilo#xbe\,bronze,1,,euw
ButzJU#EUW\,bronze,1,,euw
8XMILLE CARITAS#PAPA\,bronze,1,,euw
TavSy#EUW\,bronze,1,,euw
AiiCaptain#EUW\,bronze,1,,euw
eththehunter#00000\,bronze,1,,euw
ImGodOfShaco#EUW\,bronze,1,,euw
jackie1998nl#EUW\,bronze,1,,euw
Dr Rage#ucess\,bronze,1,,euw
Drocxiny#EUW\,bronze,1,,euw
Madrusssian#EUW\,bronze,1,,euw
danael337#EUW\,bronze,1,,euw
Starkerz91#EUW\,bronze,1,,euw
machimelo#EUW\,bronze,1,,euw
Choppe llle#EUW\,bronze,1,,euw
Esther Mosovicho#nono\,bronze,1,,euw
Niladra#EUW\,bronze,1,,euw
sharkaq#1075\,bronze,1,,euw
RikyGris02#EUW\,bronze,1,,euw
흑인을 잡아라#Huso\,bronze,1,91%,euw
Agsta#EUW\,bronze,1,,euw
Fit Fat Squirrel#HUSO\,bronze,1,,euw
Le Petit Guignol#PTGIL\,bronze,1,,euw
Kuno4p#EUW\,bronze,1,,euw
Aaronth#EUW\,bronze,1,,euw
Tadam#0606\,bronze,1,,euw
MalzBierWolfi#Wolf\,bronze,1,,euw
Birralith#EUW\,bronze,1,,euw
drainbeast#EUW\,bronze,1,,euw
Alphenn#EUW\,bronze,1,,euw
naoseitudojunto#EUW\,bronze,1,,euw
ANDRE645LOPES#EUW\,bronze,1,,euw
SSERPI#2000\,bronze,1,,euw
Zack008#EUW\,bronze,1,,euw
WhoFedThísKayn#EUW\,bronze,1,3%,euw
savas der king#EUW\,bronze,1,,euw
ARTP ItsAidi#EUW\,bronze,1,,euw
Osty0013#EUW\,bronze,1,,euw
Mustock#Wood\,bronze,1,,euw
Långburk#EUW\,bronze,1,3%,euw
DSM Gorm#EUW\,bronze,1,,euw
Thp Slayer#EUW\,bronze,1,,euw
NekoShyvi#EUW\,bronze,1,,euw
Srnaxter#EUW\,bronze,1,,euw
Akroma#GGWP\,bronze,1,,euw
Thosaka#EUW\,bronze,1,,euw
Hotbread#666\,bronze,1,,euw
Hookman288#EUW\,bronze,1,,euw
SuperSkinko#EUW\,bronze,1,,euw
TaPaHTuHo#EUW\,bronze,1,,euw
123letsgo#goat\,bronze,1,,euw
Bonde92#EUW\,bronze,1,,euw
TeaTime#ABOBA\,bronze,1,,euw
xxNICOxx#EUWSP\,bronze,1,,euw
Deadlyimage#EUW\,bronze,1,,euw
anhauztarra#EUW\,bronze,1,,euw
Kirth#0331\,bronze,1,,euw
IamHasK#HasK\,bronze,1,,euw
Enax#DTDG\,bronze,1,,euw
ohgawdmykidneys#EUW\,bronze,1,,euw
COLOMOBILU#6669\,bronze,1,,euw
IKrakN#9703\,bronze,1,,euw
noleex000#3994\,bronze,1,,euw
P0udr3#08012\,bronze,1,,euw
macd012#0113\,bronze,1,,euw
YoGrandDady#007\,bronze,1,,euw
ghoulmindset#1337\,bronze,1,,euw
Crunyil#crumb\,bronze,1,,euw
Misia#2629\,bronze,1,,euw
Edouu#5084\,bronze,1,,euw
elora#h01\,bronze,1,,euw
superXayahonCrak#8474\,bronze,1,,euw
jasonstechkin#7098\,bronze,1,,euw
Kotonneux#4169\,bronze,1,,euw
SweetLegend#Kerry\,bronze,1,,euw
EloRush#9020\,bronze,1,,euw
Octamy#jjk\,bronze,1,,euw
musa#8119\,bronze,1,,euw
ZeeDer#1607\,bronze,1,,euw
Hound#Claw\,bronze,1,,euw
Ercampo2008#EUW\,bronze,1,,euw
bsvvvh#EUW\,bronze,1,,euw
ALUNEing it#APHE\,bronze,1,,euw
LaCarryDentaire#KURON,bronze,500,,euw
DAZYDAY6969#EUW,bronze,500,44%,euw
TiRacin16#EUW,bronze,500,48%,euw
suspended#int,bronze,500,48%,euw
Skyyuk#Skyy,bronze,500,35%,euw
Moha750#1645,bronze,500,65%,euw
mickgiver59#6742,bronze,500,56%,euw
Atrujillo#EUW,bronze,500,53%,euw
LuxTesarion#GGWP,bronze,500,45%,euw
Goonerman#787,bronze,787,56%,euw
BrianSlt09#EUW,bronze,500,40%,euw
EmpadaoDeCarne#DFX,bronze,500,50%,euw
CalculatorDrone#EUW,bronze,500,53%,euw
owk#7064,bronze,500,67%,euw
Mitsuru#64587,bronze,500,51%,euw
Proze#1038,bronze,500,40%,euw
mataguiris96#EUW,bronze,500,50%,euw
IntDianaJones#0669,bronze,500,53%,euw
Sandor#Goat,bronze,500,35%,euw
need a gothic gf#ASAP,bronze,500,50%,euw
Komoni#EUW,bronze,500,100%,euw
francois Baltrou#NFP,bronze,500,42%,euw
H3NT4I#1379,bronze,500,44%,euw
Axeloune#2021,bronze,500,42%,euw
AllGoodWeScale#EUW,bronze,500,48%,euw
Replayy#0743,bronze,500,60%,euw
TheGreatAkira#EUW,bronze,500,39%,euw
CallMeWicked#EUW,bronze,500,42%,euw
SuperAka45#4776,bronze,500,35%,euw
NeverBrokeAgain#00000,bronze,000,49%,euw
goofball#mia3,bronze,500,44%,euw
Suisu#babi,bronze,500,53%,euw
MicheMishka#EUW,bronze,500,30%,euw
Roameo#1346,bronze,500,44%,euw
Sparky#2807,bronze,500,41%,euw
FittsaftsSvennen#EUW,bronze,500,50%,euw
SpiderMommy#12345,bronze,500,60%,euw
Ann other#2867,bronze,500,52%,euw
LoizaElSalao#EUW,bronze,500,50%,euw
Tekomoaqui#808,bronze,808,48%,euw
アイアンのフェイカー#YEPA,bronze,500,56%,euw
LeBroskiSousJaky#EUW,bronze,500,35%,euw
VasKo70#EUW,bronze,500,49%,euw
Matute07#EUW,bronze,500,44%,euw
Blent#0000,bronze,500,61%,euw
bds#667,bronze,667,40%,euw
HEX Trinity#PIMI,bronze,500,50%,euw
Kingpin#1TAP,bronze,500,53%,euw
Eliniett#EUW,bronze,500,37%,euw
Aylen Tejas14#7709,bronze,500,68%,euw
DarylDixon#lover,bronze,500,41%,euw
BigPPenergy#5324,bronze,500,36%,euw
troeels#otp,bronze,500,56%,euw
Pisequellonew#Wpene,bronze,500,50%,euw
Del A Joe#EUW,bronze,500,62%,euw
ByTsuyo#6588,bronze,500,56%,euw
Choco Flakes#8491,bronze,500,47%,euw
TheJorge924#EUW,bronze,500,48%,euw
Rotativo91#EUW,bronze,500,57%,euw
PetitNyuki#55141,bronze,500,37%,euw
Nasenmeister#6522,bronze,500,48%,euw
GØRDO E#EUW,bronze,500,50%,euw
ByRenalf#EUW,bronze,500,49%,euw
Matiama#EUW,bronze,500,42%,euw
zedsmurfezwin#EUW,bronze,500,45%,euw
Sykes The Lord#EUW,bronze,500,54%,euw
xayah no uta#uwu,bronze,500,44%,euw
Haank#1337,bronze,500,48%,euw
Retooderso#EUW,bronze,500,52%,euw
Xpro39#EUW,bronze,500,51%,euw
Kuromaru#1992,bronze,500,53%,euw
250gSchlagsahne#EUW,bronze,500,52%,euw
Praise the Sun#2119,bronze,500,56%,euw
IdlogLP#EUW,bronze,500,54%,euw
NemrodLP#EUW,bronze,500,56%,euw
Fares#8425,bronze,500,20%,euw
LuDDeDestroyer#EUW,bronze,500,20%,euw
Lewis#sun,bronze,500,20%,euw
JML89#8989,bronze,500,20%,euw
G2 Yasser#EUW,bronze,500,20%,euw
AsbachColaEis #EUW,bronze,500,20%,euw
Allietergi#EUW,bronze,500,20%,euw
Endymion#earth,bronze,500,20%,euw
Cpt Santiano#1234,bronze,500,20%,euw
Inaarii#EUW,bronze,500,20%,euw
Phob1a#EUW,bronze,500,20%,euw
BriocheGameur#EUW,bronze,500,20%,euw
Hennich#EUW,bronze,500,20%,euw
BarksenSama#EUW,bronze,500,20%,euw
DOne2659#D2659,bronze,500,20%,euw
guayer76#EUW,bronze,500,20%,euw
Dr3mm#MAX,bronze,500,20%,euw
Halberg#EUW,bronze,500,20%,euw
Inomie#EUW,bronze,500,20%,euw
nikopro03#EUW,bronze,500,27%,euw
TheMasterlol2#EUW,bronze,500,54%,euw
Kratix44#EUW,bronze,500,20%,euw
BlGTlDSENJOYER#99999,bronze,500,20%,euw
tuftaa#EUW,bronze,500,20%,euw
Keysilver#ZIZI,bronze,500,20%,euw
LaCarryDentaire#KURON\,bronze,8,48%,euw
DAZYDAY6969#EUW\,bronze,1,,euw
TiRacin16#EUW\,bronze,1,,euw
suspended#int\,bronze,1,,euw
Skyyuk#Skyy\,bronze,1,,euw
Moha750#1645\,bronze,1,,euw
mickgiver59#6742\,bronze,1,,euw
Atrujillo#EUW\,bronze,1,,euw
LuxTesarion#GGWP\,bronze,1,,euw
Goonerman#787\,bronze,1,,euw
BrianSlt09#EUW\,bronze,1,,euw
EmpadaoDeCarne#DFX\,bronze,1,,euw
CalculatorDrone#EUW\,bronze,1,,euw
owk#7064\,bronze,1,,euw
Mitsuru#64587\,bronze,1,,euw
Proze#1038\,bronze,1,,euw
mataguiris96#EUW\,bronze,1,,euw
IntDianaJones#0669\,bronze,1,,euw
Sandor#Goat\,bronze,1,,euw
need a gothic gf#ASAP\,bronze,1,,euw
Komoni#EUW\,bronze,1,,euw
francois Baltrou#NFP\,bronze,1,,euw
H3NT4I#1379\,bronze,1,,euw
Axeloune#2021\,bronze,1,,euw
AllGoodWeScale#EUW\,bronze,1,,euw
Replayy#0743\,bronze,1,,euw
TheGreatAkira#EUW\,bronze,1,,euw
CallMeWicked#EUW\,bronze,1,,euw
SuperAka45#4776\,bronze,1,,euw
NeverBrokeAgain#00000\,bronze,1,,euw
goofball#mia3\,bronze,1,,euw
Suisu#babi\,bronze,1,,euw
MicheMishka#EUW\,bronze,1,,euw
Roameo#1346\,bronze,1,,euw
Sparky#2807\,bronze,1,,euw
FittsaftsSvennen#EUW\,bronze,1,,euw
SpiderMommy#12345\,bronze,1,,euw
Ann other#2867\,bronze,1,,euw
LoizaElSalao#EUW\,bronze,1,,euw
Tekomoaqui#808\,bronze,1,,euw
アイアンのフェイカー#YEPA\,bronze,1,3%,euw
LeBroskiSousJaky#EUW\,bronze,1,,euw
VasKo70#EUW\,bronze,1,,euw
Matute07#EUW\,bronze,1,,euw
Blent#0000\,bronze,1,,euw
bds#667\,bronze,1,,euw
HEX Trinity#PIMI\,bronze,1,,euw
Kingpin#1TAP\,bronze,1,,euw
Eliniett#EUW\,bronze,1,,euw
Aylen Tejas14#7709\,bronze,1,,euw
DarylDixon#lover\,bronze,1,,euw
BigPPenergy#5324\,bronze,1,,euw
troeels#otp\,bronze,1,,euw
Pisequellonew#Wpene\,bronze,1,,euw
Del A Joe#EUW\,bronze,1,,euw
ByTsuyo#6588\,bronze,1,,euw
Choco Flakes#8491\,bronze,1,,euw
TheJorge924#EUW\,bronze,1,,euw
Rotativo91#EUW\,bronze,1,,euw
PetitNyuki#55141\,bronze,1,,euw
Nasenmeister#6522\,bronze,1,,euw
GØRDO E#EUW\,bronze,1,3%,euw
ByRenalf#EUW\,bronze,1,,euw
Matiama#EUW\,bronze,1,,euw
zedsmurfezwin#EUW\,bronze,1,,euw
Sykes The Lord#EUW\,bronze,1,,euw
xayah no uta#uwu\,bronze,1,,euw
Haank#1337\,bronze,1,,euw
Retooderso#EUW\,bronze,1,,euw
Xpro39#EUW\,bronze,1,,euw
Kuromaru#1992\,bronze,1,,euw
250gSchlagsahne#EUW\,bronze,1,,euw
Praise the Sun#2119\,bronze,1,,euw
IdlogLP#EUW\,bronze,1,,euw
NemrodLP#EUW\,bronze,1,,euw
Fares#8425\,bronze,1,,euw
LuDDeDestroyer#EUW\,bronze,1,,euw
Lewis#sun\,bronze,1,,euw
JML89#8989\,bronze,1,,euw
G2 Yasser#EUW\,bronze,1,2%,euw
AsbachColaEis #EUW\,bronze,1,,euw
Allietergi#EUW\,bronze,1,,euw
Endymion#earth\,bronze,1,,euw
Cpt Santiano#1234\,bronze,1,,euw
Inaarii#EUW\,bronze,1,,euw
Phob1a#EUW\,bronze,1,,euw
BriocheGameur#EUW\,bronze,1,,euw
Hennich#EUW\,bronze,1,,euw
BarksenSama#EUW\,bronze,1,,euw
DOne2659#D2659\,bronze,1,,euw
guayer76#EUW\,bronze,1,,euw
Dr3mm#MAX\,bronze,1,,euw
Halberg#EUW\,bronze,1,,euw
Inomie#EUW\,bronze,1,,euw
nikopro03#EUW\,bronze,1,,euw
TheMasterlol2#EUW\,bronze,1,,euw
Kratix44#EUW\,bronze,1,,euw
BlGTlDSENJOYER#99999\,bronze,1,,euw
tuftaa#EUW\,bronze,1,,euw
Keysilver#ZIZI\,bronze,1,,euw
Zelianne#MOON,bronze,500,,euw
Dadrift#EUW,bronze,500,20%,euw
nabbcakke#EUW,bronze,500,20%,euw
Nathan Riendemoi#Noct,bronze,500,20%,euw
schmalenski#0110,bronze,500,20%,euw
Dmon Rat#EUW,bronze,500,50%,euw
Bcct#EUW,bronze,500,20%,euw
OppaiDragon 4206#4206,bronze,42,20%,euw
Angry Pascalou#NRV,bronze,500,20%,euw
Despondency#66666,bronze,500,54%,euw
HannesStannes#EUW,bronze,500,20%,euw
EL MUNDAL#EUW,bronze,500,20%,euw
ErenStorm58#EUW,bronze,500,20%,euw
Ohnose#EUW,bronze,500,50%,euw
TimoSong#EUW,bronze,500,20%,euw
łIIIIłIIIIł#EUW,bronze,500,20%,euw
bababoi#111,bronze,111,45%,euw
paman99#EUW,bronze,500,20%,euw
Perospero#Pero,bronze,500,20%,euw
MRS PauluX#KCWIN,bronze,500,20%,euw
Sn1pe#EUW,bronze,500,100%,euw
Hondâ Civic#64426,bronze,500,20%,euw
ilDrago95#bau,bronze,500,21%,euw
ddejson#EUW,bronze,500,46%,euw
xTheDigitalStarx#EUW,bronze,500,20%,euw
staseraTrota#9633,bronze,500,20%,euw
ennodia#yokai,bronze,500,20%,euw
Pretine#EUW,bronze,500,20%,euw
Dedde99#Dedde,bronze,500,20%,euw
oO Aelith Oo#EUW,bronze,500,56%,euw
GingerEnjoyer#MrJo,bronze,500,20%,euw
BunnyGlitch#G1RL,bronze,500,20%,euw
SwapNut#EUW,bronze,500,20%,euw
brekaloeuw#4611,bronze,500,20%,euw
great love#love3,bronze,500,20%,euw
JustXG#9612,bronze,500,21%,euw
HendrixGod9#6069,bronze,500,20%,euw
Corecell#2612,bronze,500,20%,euw
N4q#EUW,bronze,500,20%,euw
BreakeRsiito#BRK,bronze,500,20%,euw
sergrary#EUW,bronze,500,20%,euw
Baptyste#8896,bronze,500,20%,euw
gabriG#EUW,bronze,500,27%,euw
nomles#EUW,bronze,500,20%,euw
NormalRafa#EUW,bronze,500,20%,euw
HXNDZ#2706,bronze,500,20%,euw
Mark Forster#3015,bronze,500,37%,euw
Allegro#FATLP,bronze,500,20%,euw
Baschirotto#Lecce,bronze,500,20%,euw
Flaplayzz#EUW,bronze,500,20%,euw
Shmurphie#Kitty,bronze,500,20%,euw
GLORYS A CRETEIL#KBG5,bronze,500,20%,euw
Asian Sidiius#EUW,bronze,500,20%,euw
Skelzor99#EUW,bronze,500,20%,euw
Beeralt#ZOBED,bronze,500,27%,euw
FredeWeren#EUW,bronze,500,20%,euw
JohnRambo1997#EUW,bronze,500,36%,euw
MuHaKi#00000,bronze,500,20%,euw
DinoDuckSasQauke#EUW,bronze,500,20%,euw
Kingfroos#EUW,bronze,500,20%,euw
Feedlas#EUW,bronze,500,20%,euw
CEClLlA#EUW,bronze,500,40%,euw
Kompostgris#5267,bronze,500,20%,euw
excaladrios#EUW,bronze,500,20%,euw
Captain PicaNoCu#EUW,bronze,500,21%,euw
Davquaz#EUW,bronze,500,20%,euw
KamKam13#EUW,bronze,500,20%,euw
Ponis#VARG,bronze,500,20%,euw
Auryn#2300,bronze,500,20%,euw
Mr Bardy#EUW,bronze,500,20%,euw
120cm40kg3cm #EUW,bronze,500,20%,euw
Waltr0x#EUW,bronze,500,20%,euw
Lolle2016#EUW,bronze,500,59%,euw
WhatAKant77#EUW,bronze,500,20%,euw
Sfinterius#EUW,bronze,500,20%,euw
ScimmiaNelCulo#7777,bronze,500,20%,euw
Kalle Loðbrók#EUW,bronze,500,20%,euw
Mufasa#5457,bronze,500,20%,euw
Noitidart#EUW,bronze,500,20%,euw
Igotcreamed#UwU,bronze,500,20%,euw
Mikaer#EUW,bronze,500,20%,euw
wabokide#EUW,bronze,500,20%,euw
XxSoberbiaxX#EUW,bronze,500,20%,euw
Tzwockl#EUW,bronze,500,20%,euw
Gonzzalez13#EUW,bronze,500,27%,euw
KarlZero974#974,bronze,974,20%,euw
Asira Blood#EUW,bronze,500,20%,euw
wicksel#EUW,bronze,500,48%,euw
Âlaster#EUW,bronze,500,20%,euw
Darkwou#EUW,bronze,500,55%,euw
KarottenKinsi#EUW,bronze,500,20%,euw
Chibi Eleri#Yume,bronze,500,20%,euw
PlayBoiKayn#051,bronze,051,20%,euw
MachakiiII#EUW,bronze,500,20%,euw
SCPCASTRO#1906,bronze,500,20%,euw
ivanbarral#EUW,bronze,500,38%,euw
omega squirt#EUW,bronze,500,20%,euw
GummyBear#GUMYB,bronze,500,20%,euw
Bonxai#9803,bronze,500,20%,euw
Z4cker#EUW,bronze,500,20%,euw
Zelianne#MOON\,bronze,8,20%,euw
Dadrift#EUW\,bronze,1,,euw
nabbcakke#EUW\,bronze,1,,euw
Nathan Riendemoi#Noct\,bronze,1,,euw
schmalenski#0110\,bronze,1,,euw
Dmon Rat#EUW\,bronze,1,,euw
Bcct#EUW\,bronze,1,,euw
OppaiDragon 4206#4206\,bronze,1,,euw
Angry Pascalou#NRV\,bronze,1,,euw
Despondency#66666\,bronze,1,,euw
HannesStannes#EUW\,bronze,1,,euw
EL MUNDAL#EUW\,bronze,1,,euw
ErenStorm58#EUW\,bronze,1,,euw
Ohnose#EUW\,bronze,1,,euw
TimoSong#EUW\,bronze,1,,euw
łIIIIłIIIIł#EUW\,bronze,1,5%,euw
bababoi#111\,bronze,1,,euw
paman99#EUW\,bronze,1,,euw
Perospero#Pero\,bronze,1,,euw
MRS PauluX#KCWIN\,bronze,1,,euw
Sn1pe#EUW\,bronze,1,,euw
Hondâ Civic#64426\,bronze,1,3%,euw
ilDrago95#bau\,bronze,1,,euw
ddejson#EUW\,bronze,1,,euw
xTheDigitalStarx#EUW\,bronze,1,,euw
staseraTrota#9633\,bronze,1,,euw
ennodia#yokai\,bronze,1,,euw
Pretine#EUW\,bronze,1,,euw
Dedde99#Dedde\,bronze,1,,euw
oO Aelith Oo#EUW\,bronze,1,,euw
GingerEnjoyer#MrJo\,bronze,1,,euw
BunnyGlitch#G1RL\,bronze,1,,euw
SwapNut#EUW\,bronze,1,,euw
brekaloeuw#4611\,bronze,1,,euw
great love#love3\,bronze,1,,euw
JustXG#9612\,bronze,1,,euw
HendrixGod9#6069\,bronze,1,,euw
Corecell#2612\,bronze,1,,euw
N4q#EUW\,bronze,1,,euw
BreakeRsiito#BRK\,bronze,1,,euw
sergrary#EUW\,bronze,1,,euw
Baptyste#8896\,bronze,1,,euw
gabriG#EUW\,bronze,1,,euw
nomles#EUW\,bronze,1,,euw
NormalRafa#EUW\,bronze,1,,euw
HXNDZ#2706\,bronze,1,,euw
Mark Forster#3015\,bronze,1,,euw
Allegro#FATLP\,bronze,1,,euw
Baschirotto#Lecce\,bronze,1,,euw
Flaplayzz#EUW\,bronze,1,,euw
Shmurphie#Kitty\,bronze,1,,euw
GLORYS A CRETEIL#KBG5\,bronze,1,,euw
Asian Sidiius#EUW\,bronze,1,,euw
Skelzor99#EUW\,bronze,1,,euw
Beeralt#ZOBED\,bronze,1,,euw
FredeWeren#EUW\,bronze,1,,euw
JohnRambo1997#EUW\,bronze,1,,euw
MuHaKi#00000\,bronze,1,,euw
DinoDuckSasQauke#EUW\,bronze,1,,euw
Kingfroos#EUW\,bronze,1,,euw
Feedlas#EUW\,bronze,1,,euw
CEClLlA#EUW\,bronze,1,,euw
Kompostgris#5267\,bronze,1,,euw
excaladrios#EUW\,bronze,1,,euw
Captain PicaNoCu#EUW\,bronze,1,,euw
Davquaz#EUW\,bronze,1,,euw
KamKam13#EUW\,bronze,1,,euw
Ponis#VARG\,bronze,1,,euw
Auryn#2300\,bronze,1,,euw
Mr Bardy#EUW\,bronze,1,,euw
120cm40kg3cm #EUW\,bronze,1,,euw
Waltr0x#EUW\,bronze,1,,euw
Lolle2016#EUW\,bronze,1,,euw
WhatAKant77#EUW\,bronze,1,,euw
Sfinterius#EUW\,bronze,1,,euw
ScimmiaNelCulo#7777\,bronze,1,,euw
Kalle Loðbrók#EUW\,bronze,1,3%,euw
Mufasa#5457\,bronze,1,,euw
Noitidart#EUW\,bronze,1,,euw
Igotcreamed#UwU\,bronze,1,,euw
Mikaer#EUW\,bronze,1,,euw
wabokide#EUW\,bronze,1,,euw
XxSoberbiaxX#EUW\,bronze,1,,euw
Tzwockl#EUW\,bronze,1,,euw
Gonzzalez13#EUW\,bronze,1,,euw
KarlZero974#974\,bronze,1,,euw
Asira Blood#EUW\,bronze,1,,euw
wicksel#EUW\,bronze,1,,euw
Âlaster#EUW\,bronze,1,3%,euw
Darkwou#EUW\,bronze,1,,euw
KarottenKinsi#EUW\,bronze,1,,euw
Chibi Eleri#Yume\,bronze,1,,euw
PlayBoiKayn#051\,bronze,1,,euw
MachakiiII#EUW\,bronze,1,,euw
SCPCASTRO#1906\,bronze,1,,euw
ivanbarral#EUW\,bronze,1,,euw
omega squirt#EUW\,bronze,1,,euw
GummyBear#GUMYB\,bronze,1,,euw
Bonxai#9803\,bronze,1,,euw
Z4cker#EUW\,bronze,1,,euw
Iklows#4567,bronze,500,,euw
Gollüm#2092,bronze,500,20%,euw
Seductíve Spirit#EUW,bronze,500,20%,euw
TheBloodCloud#EUW,bronze,500,20%,euw
φleonaφ#EUW,bronze,500,48%,euw
Marlonski#EUW,bronze,500,20%,euw
Du Keck#EUW,bronze,500,20%,euw
N3rOKing#EUW,bronze,500,20%,euw
MsterOfMehanics#EUW,bronze,500,37%,euw
Arcows#EUW,bronze,500,20%,euw
ValarMorghurys#EUW,bronze,500,20%,euw
FCBisbeschte#EUW,bronze,500,20%,euw
modus 1l6 tdi#EUW,bronze,500,20%,euw
rayanpiro#EUW,bronze,500,20%,euw
aAahaha#EUW,bronze,500,20%,euw
Jungler smark#EUW,bronze,500,20%,euw
Gorkiller43#EUW,bronze,500,20%,euw
deauster#EUW,bronze,500,20%,euw
NoiceTryDad#MNIW,bronze,500,30%,euw
MekeTreffen#EUW,bronze,500,20%,euw
SenserangSensei#EUW,bronze,500,100%,euw
BgWp Iz Hunter#EUW,bronze,500,20%,euw
T Miteux Frero#EUW,bronze,500,20%,euw
Nagahhh#EUW,bronze,500,20%,euw
ringoal#EUW,bronze,500,46%,euw
T4rkhmog#EUW,bronze,500,20%,euw
I de PIXAR#PIXAR,bronze,500,20%,euw
AFKennedy#Cait,bronze,500,20%,euw
Maturg#EUW,bronze,500,0%,euw
AMIN RAYEN#EUW,bronze,500,20%,euw
daar179#EUW,bronze,500,20%,euw
0rCfloUR#OFL,bronze,500,27%,euw
ImBadaX#6969,bronze,500,20%,euw
Sskiemer#Skiem,bronze,500,20%,euw
vähiné#EUW,bronze,500,63%,euw
Lastkiller#0410,bronze,500,20%,euw
PurpIeJuice#TOVER,bronze,500,20%,euw
x0skar10#EUW,bronze,500,20%,euw
ilcau#EUW,bronze,500,20%,euw
Shmigl#EUW,bronze,500,20%,euw
SFW Daenerys#EUW,bronze,500,20%,euw
bru ofcris#EUW,bronze,500,20%,euw
Isocrate 606#EUW,bronze,500,20%,euw
BpBe#BpB,bronze,500,20%,euw
I am Negan#Slive,bronze,500,20%,euw
II Cynthia II#EUW,bronze,500,20%,euw
Darky#0022,bronze,500,20%,euw
AwesomeCrocodile#EUW,bronze,500,20%,euw
Poroconho#EUW,bronze,500,20%,euw
TonySansPermis#1410,bronze,500,20%,euw
chuponsito#EUW,bronze,500,20%,euw
Sliding to Space#EUW,bronze,500,48%,euw
pashajunior#EUW,bronze,500,20%,euw
LeGrandPangolin#M1000,bronze,500,20%,euw
Jojah#EUW,bronze,500,0%,euw
Ghardhos#EUW,bronze,500,20%,euw
Swii#EUW,bronze,500,20%,euw
Shawna#200MS,bronze,500,20%,euw
G4BR15#EUW,bronze,500,20%,euw
n0kiAa#EUW,bronze,500,20%,euw
SimonEn69#EUW,bronze,500,20%,euw
KuRuVI#EUW,bronze,500,20%,euw
OG Zorbas#EUW,bronze,500,20%,euw
Gohimy#EUW,bronze,500,20%,euw
Venadim#Witch,bronze,500,20%,euw
Kgarros#EUW,bronze,500,20%,euw
NiXoNiaN#EUW,bronze,500,20%,euw
Favour14#EUW,bronze,500,20%,euw
juankrack14#EUW,bronze,500,53%,euw
Frankk99#1TAP,bronze,500,20%,euw
Hextech Brosio#EUW,bronze,500,44%,euw
darkhorse9#EUW,bronze,500,20%,euw
Miss Pringles#EUW,bronze,500,46%,euw
Nibbra#FF15,bronze,500,20%,euw
Novastrike#LOL,bronze,500,20%,euw
RaistlinMaj3r3#EUW,bronze,500,20%,euw
Thanos#144,bronze,144,53%,euw
TM Scooby#1337,bronze,500,20%,euw
Buwalker#EUW,bronze,500,40%,euw
fearstorl#EUW,bronze,500,44%,euw
SirShrek28#EUW,bronze,500,15%,euw
Qseng44#111,bronze,111,20%,euw
Sidenboss#EUW,bronze,500,20%,euw
JCR196#JCR19,bronze,500,20%,euw
Shayatan#EUW,bronze,500,20%,euw
JositoTactico117#EUW11,bronze,500,20%,euw
Alzheimerdinger#ATM,bronze,500,20%,euw
GG Fozy#EUW,bronze,500,20%,euw
VxDEViLxV#EUW,bronze,500,53%,euw
LadyLover 39#7089,bronze,500,20%,euw
sharkenny#EUW,bronze,500,0%,euw
Mrdefonde#EUW,bronze,500,20%,euw
øSenpai420#EUW,bronze,500,20%,euw
Soaaapless#EUW,bronze,500,20%,euw
ExtnZz#XT1,bronze,500,20%,euw
gammelon#EUW,bronze,500,20%,euw
C Ø S M Ø S#EUW,bronze,500,45%,euw
Dark Devil 110#EUW,bronze,500,20%,euw
pierrelech#EUW,bronze,500,47%,euw
Ogrash#EUW,bronze,500,20%,euw
Iklows#4567\,bronze,8,20%,euw
Gollüm#2092\,bronze,1,3%,euw
Seductíve Spirit#EUW\,bronze,1,3%,euw
TheBloodCloud#EUW\,bronze,1,,euw
φleonaφ#EUW\,bronze,1,,euw
Marlonski#EUW\,bronze,1,,euw
Du Keck#EUW\,bronze,1,,euw
N3rOKing#EUW\,bronze,1,,euw
MsterOfMehanics#EUW\,bronze,1,,euw
Arcows#EUW\,bronze,1,,euw
ValarMorghurys#EUW\,bronze,1,,euw
FCBisbeschte#EUW\,bronze,1,,euw
modus 1l6 tdi#EUW\,bronze,1,6%,euw
rayanpiro#EUW\,bronze,1,,euw
aAahaha#EUW\,bronze,1,,euw
Jungler smark#EUW\,bronze,1,,euw
Gorkiller43#EUW\,bronze,1,,euw
deauster#EUW\,bronze,1,,euw
NoiceTryDad#MNIW\,bronze,1,,euw
MekeTreffen#EUW\,bronze,1,,euw
SenserangSensei#EUW\,bronze,1,,euw
BgWp Iz Hunter#EUW\,bronze,1,,euw
T Miteux Frero#EUW\,bronze,1,,euw
Nagahhh#EUW\,bronze,1,,euw
ringoal#EUW\,bronze,1,,euw
T4rkhmog#EUW\,bronze,1,,euw
I de PIXAR#PIXAR\,bronze,1,,euw
AFKennedy#Cait\,bronze,1,,euw
Maturg#EUW\,bronze,1,,euw
AMIN RAYEN#EUW\,bronze,1,,euw
daar179#EUW\,bronze,1,,euw
0rCfloUR#OFL\,bronze,1,,euw
ImBadaX#6969\,bronze,1,,euw
Sskiemer#Skiem\,bronze,1,,euw
vähiné#EUW\,bronze,1,3%,euw
Lastkiller#0410\,bronze,1,,euw
PurpIeJuice#TOVER\,bronze,1,,euw
x0skar10#EUW\,bronze,1,,euw
ilcau#EUW\,bronze,1,,euw
Shmigl#EUW\,bronze,1,,euw
SFW Daenerys#EUW\,bronze,1,,euw
bru ofcris#EUW\,bronze,1,,euw
Isocrate 606#EUW\,bronze,1,,euw
BpBe#BpB\,bronze,1,,euw
I am Negan#Slive\,bronze,1,,euw
II Cynthia II#EUW\,bronze,1,,euw
Darky#0022\,bronze,1,,euw
AwesomeCrocodile#EUW\,bronze,1,,euw
Poroconho#EUW\,bronze,1,,euw
TonySansPermis#1410\,bronze,1,,euw
chuponsito#EUW\,bronze,1,,euw
Sliding to Space#EUW\,bronze,1,,euw
pashajunior#EUW\,bronze,1,,euw
LeGrandPangolin#M1000\,bronze,1,,euw
Jojah#EUW\,bronze,1,,euw
Ghardhos#EUW\,bronze,1,,euw
Swii#EUW\,bronze,1,,euw
Shawna#200MS\,bronze,1,,euw
G4BR15#EUW\,bronze,1,,euw
n0kiAa#EUW\,bronze,1,,euw
SimonEn69#EUW\,bronze,1,,euw
KuRuVI#EUW\,bronze,1,,euw
OG Zorbas#EUW\,bronze,1,,euw
Gohimy#EUW\,bronze,1,,euw
Venadim#Witch\,bronze,1,,euw
Kgarros#EUW\,bronze,1,,euw
NiXoNiaN#EUW\,bronze,1,,euw
Favour14#EUW\,bronze,1,,euw
juankrack14#EUW\,bronze,1,,euw
Frankk99#1TAP\,bronze,1,,euw
Hextech Brosio#EUW\,bronze,1,,euw
darkhorse9#EUW\,bronze,1,,euw
Miss Pringles#EUW\,bronze,1,,euw
Nibbra#FF15\,bronze,1,,euw
Novastrike#LOL\,bronze,1,,euw
RaistlinMaj3r3#EUW\,bronze,1,,euw
Thanos#144\,bronze,1,,euw
TM Scooby#1337\,bronze,1,,euw
Buwalker#EUW\,bronze,1,,euw
fearstorl#EUW\,bronze,1,,euw
SirShrek28#EUW\,bronze,1,,euw
Qseng44#111\,bronze,1,,euw
Sidenboss#EUW\,bronze,1,,euw
JCR196#JCR19\,bronze,1,,euw
Shayatan#EUW\,bronze,1,,euw
JositoTactico117#EUW11\,bronze,1,,euw
Alzheimerdinger#ATM\,bronze,1,,euw
GG Fozy#EUW\,bronze,1,,euw
VxDEViLxV#EUW\,bronze,1,,euw
LadyLover 39#7089\,bronze,1,,euw
sharkenny#EUW\,bronze,1,,euw
Mrdefonde#EUW\,bronze,1,,euw
øSenpai420#EUW\,bronze,1,3%,euw
Soaaapless#EUW\,bronze,1,,euw
ExtnZz#XT1\,bronze,1,,euw
gammelon#EUW\,bronze,1,,euw
C Ø S M Ø S#EUW\,bronze,1,20%,euw
Dark Devil 110#EUW\,bronze,1,,euw
pierrelech#EUW\,bronze,1,,euw
Ogrash#EUW\,bronze,1,,euw
yyoloswaggins#EUW,silver,500,,euw
kSxKingSlayer#EUW,silver,500,51%,euw
guilhermeptmad#EUW,silver,500,43%,euw
MAMANDRE#EUW,silver,500,49%,euw
Tzugo#EUW,silver,500,36%,euw
Loki#GG69,silver,500,62%,euw
Menzo Gaming#EUW,silver,500,6%,euw
bandanazzz#6969,silver,500,37%,euw
Stolle#RIRL,silver,500,51%,euw
Ares833#EUW,silver,500,55%,euw
GRMladen99#EUW,silver,500,40%,euw
LX76#EUW,silver,500,50%,euw
XRaynin#EUW,silver,500,46%,euw
Deadfalas#EUW,silver,500,54%,euw
Zinøgre#EUW,silver,500,45%,euw
euthanasia#CR7,silver,500,52%,euw
MilkBro1#21254,silver,500,48%,euw
Jean Khül#EUW,silver,500,40%,euw
GoofyGrefu#Gebu,silver,500,51%,euw
James Dino#EUW,silver,500,43%,euw
VlRJHIN#4444,silver,500,100%,euw
SexyJwoww#EUW,silver,500,46%,euw
Suor Maurizia#EUW,silver,500,52%,euw
Yung Hamalanga#EUW,silver,500,25%,euw
Pyzz#Baal,silver,500,36%,euw
PruttFiaFrånOslo#69420,silver,69,58%,euw
nasstqtpas#KLE,silver,500,52%,euw
keule#coach,silver,500,51%,euw
Dr Furiow#EUW,silver,500,63%,euw
dawnkyn#EUW,silver,500,44%,euw
LÉGENDE DU CLUB#EUW,silver,500,46%,euw
Scazz#EVA,silver,500,29%,euw
Sheezin#EUW,silver,500,52%,euw
K4RÐ#31ER,silver,500,50%,euw
Thrindel#EUW,silver,500,60%,euw
MyselfJCVF#EUW,silver,500,54%,euw
oLp Miloux#EUW,silver,500,48%,euw
TBP Monique#8486,silver,500,56%,euw
Pinango Ale 69#EUW,silver,500,63%,euw
DanixShadow#EUW,silver,500,53%,euw
Rollingstonet#14900,silver,500,55%,euw
Kurima#EUW,silver,500,48%,euw
Partikl#EUW,silver,500,44%,euw
scr1pty#1214,silver,500,54%,euw
Mirakul#4065,silver,500,41%,euw
DonCarloAnceloti#coach,silver,500,46%,euw
baygara#888,silver,888,57%,euw
Katrying#99999,silver,500,31%,euw
M4TAM4TA#M44,silver,500,42%,euw
açıortay#AÇI,silver,500,57%,euw
Tavenor#KLR,silver,500,21%,euw
supendy#0001,silver,500,51%,euw
FlovWalanat#6389,silver,500,50%,euw
トレン#1800,silver,500,37%,euw
postillon2caca#3310,silver,500,30%,euw
VIKTOR FAKER PL#1994,silver,199,45%,euw
Suvaco de Bode#EUW,silver,500,45%,euw
Masterpoke#214,silver,214,49%,euw
SwyZzws#EUW,silver,500,45%,euw
Hxnxur#6073,silver,500,51%,euw
Nanou sama#213,silver,213,42%,euw
VinzReset#EUW,silver,500,27%,euw
ARESLINK2#4067,silver,500,39%,euw
Hachi#lefta,silver,500,55%,euw
xxTimax127xx#x420x,silver,500,20%,euw
IgDeTuPrima#1724,silver,500,53%,euw
H0llow K1tty#Kitty,silver,500,45%,euw
Diddi#Dvx,silver,500,40%,euw
ivamovich#5826,silver,500,44%,euw
Snake in Grass#KING,silver,500,51%,euw
Maçon#OwO,silver,500,42%,euw
FizoJG#EUW,silver,500,44%,euw
KenKanifffff#EUW,silver,500,41%,euw
Noajos#5090,silver,500,59%,euw
botchBraTz#print,silver,500,25%,euw
1LordMortem#2724,silver,500,20%,euw
Zyraaminho#EUW,silver,500,32%,euw
eto posle Fanti#EUW,silver,500,38%,euw
Laızy#cba,silver,500,64%,euw
muteallpls#pippa,silver,500,39%,euw
Minifresh#GOD,silver,500,54%,euw
Zeusunww#3193,silver,500,50%,euw
ahorn#717,silver,717,48%,euw
I truly hate you#EUW,silver,500,46%,euw
GrindXA#sipo,silver,500,47%,euw
BitterP0tat0#1112,silver,500,46%,euw
R3NG4R#666,silver,666,46%,euw
LeLicorne#0202,silver,500,14%,euw
MakronDémission#4444,silver,444,41%,euw
13Lutas#EUW,silver,500,27%,euw
PEBrichal#EUW,silver,500,52%,euw
PDF Peerorka#MINOR,silver,500,47%,euw
DanteHamori#EUW,silver,500,63%,euw
Skodoo#HEHE,silver,500,48%,euw
ΛCE Kazzy#EUW,silver,500,44%,euw
สาวบอย#ดาว,silver,500,52%,euw
DaniloxSupremee#EUW,silver,500,57%,euw
Xonix#000,silver,000,42%,euw
ruizketos#EUW,silver,500,59%,euw
SauseDaddy420#EUW,silver,500,44%,euw
yyoloswaggins#EUW\,silver,8,49%,euw
kSxKingSlayer#EUW\,silver,1,,euw
guilhermeptmad#EUW\,silver,1,,euw
MAMANDRE#EUW\,silver,1,,euw
Tzugo#EUW\,silver,1,,euw
Loki#GG69\,silver,1,,euw
Menzo Gaming#EUW\,silver,1,,euw
bandanazzz#6969\,silver,1,,euw
Stolle#RIRL\,silver,1,,euw
Ares833#EUW\,silver,1,,euw
GRMladen99#EUW\,silver,1,,euw
LX76#EUW\,silver,1,,euw
XRaynin#EUW\,silver,1,,euw
Deadfalas#EUW\,silver,1,,euw
Zinøgre#EUW\,silver,1,3%,euw
euthanasia#CR7\,silver,1,,euw
MilkBro1#21254\,silver,1,,euw
Jean Khül#EUW\,silver,1,3%,euw
GoofyGrefu#Gebu\,silver,1,,euw
James Dino#EUW\,silver,1,,euw
VlRJHIN#4444\,silver,1,,euw
SexyJwoww#EUW\,silver,1,,euw
Suor Maurizia#EUW\,silver,1,,euw
Yung Hamalanga#EUW\,silver,1,,euw
Pyzz#Baal\,silver,1,,euw
PruttFiaFrånOslo#69420\,silver,1,3%,euw
nasstqtpas#KLE\,silver,1,,euw
keule#coach\,silver,1,,euw
Dr Furiow#EUW\,silver,1,,euw
dawnkyn#EUW\,silver,1,,euw
LÉGENDE DU CLUB#EUW\,silver,1,3%,euw
Scazz#EVA\,silver,1,,euw
Sheezin#EUW\,silver,1,,euw
K4RÐ#31ER\,silver,1,3%,euw
Thrindel#EUW\,silver,1,,euw
MyselfJCVF#EUW\,silver,1,,euw
oLp Miloux#EUW\,silver,1,,euw
TBP Monique#8486\,silver,1,,euw
Pinango Ale 69#EUW\,silver,1,,euw
DanixShadow#EUW\,silver,1,,euw
Rollingstonet#14900\,silver,1,,euw
Kurima#EUW\,silver,1,,euw
Partikl#EUW\,silver,1,,euw
scr1pty#1214\,silver,1,,euw
Mirakul#4065\,silver,1,,euw
DonCarloAnceloti#coach\,silver,1,,euw
baygara#888\,silver,1,,euw
Katrying#99999\,silver,1,,euw
M4TAM4TA#M44\,silver,1,,euw
açıortay#AÇI\,silver,1,3%,euw
Tavenor#KLR\,silver,1,,euw
supendy#0001\,silver,1,,euw
FlovWalanat#6389\,silver,1,,euw
トレン#1800\,silver,1,3%,euw
postillon2caca#3310\,silver,1,,euw
VIKTOR FAKER PL#1994\,silver,1,,euw
Suvaco de Bode#EUW\,silver,1,,euw
Masterpoke#214\,silver,1,,euw
SwyZzws#EUW\,silver,1,,euw
Hxnxur#6073\,silver,1,,euw
Nanou sama#213\,silver,1,,euw
VinzReset#EUW\,silver,1,,euw
ARESLINK2#4067\,silver,1,,euw
Hachi#lefta\,silver,1,,euw
xxTimax127xx#x420x\,silver,1,,euw
IgDeTuPrima#1724\,silver,1,,euw
H0llow K1tty#Kitty\,silver,1,,euw
Diddi#Dvx\,silver,1,,euw
ivamovich#5826\,silver,1,,euw
Snake in Grass#KING\,silver,1,,euw
Maçon#OwO\,silver,1,3%,euw
FizoJG#EUW\,silver,1,,euw
KenKanifffff#EUW\,silver,1,,euw
Noajos#5090\,silver,1,,euw
botchBraTz#print\,silver,1,,euw
1LordMortem#2724\,silver,1,,euw
Zyraaminho#EUW\,silver,1,,euw
eto posle Fanti#EUW\,silver,1,,euw
Laızy#cba\,silver,1,4%,euw
muteallpls#pippa\,silver,1,,euw
Minifresh#GOD\,silver,1,,euw
Zeusunww#3193\,silver,1,,euw
ahorn#717\,silver,1,,euw
I truly hate you#EUW\,silver,1,,euw
GrindXA#sipo\,silver,1,,euw
BitterP0tat0#1112\,silver,1,,euw
R3NG4R#666\,silver,1,,euw
LeLicorne#0202\,silver,1,,euw
MakronDémission#4444\,silver,1,3%,euw
13Lutas#EUW\,silver,1,,euw
PEBrichal#EUW\,silver,1,,euw
PDF Peerorka#MINOR\,silver,1,,euw
DanteHamori#EUW\,silver,1,,euw
Skodoo#HEHE\,silver,1,,euw
ΛCE Kazzy#EUW\,silver,1,,euw
สาวบอย#ดาว\,silver,1,0%,euw
DaniloxSupremee#EUW\,silver,1,,euw
Xonix#000\,silver,1,,euw
ruizketos#EUW\,silver,1,,euw
SauseDaddy420#EUW\,silver,1,,euw
PureMan00#EUW,silver,500,,euw
LaGrandeTige#EUW,silver,500,48%,euw
Syphilis93#PD93,silver,500,36%,euw
JustPatx1#EUW,silver,500,44%,euw
MyNameIsJohn191#EUW,silver,500,35%,euw
timmetjekappa#2302,silver,500,62%,euw
Laeib Eazim#EUW,silver,500,46%,euw
Aynnalfeesting#EUW,silver,500,57%,euw
Jimbimbap#jim,silver,500,44%,euw
scooz#Gwen,silver,500,55%,euw
OnlyBigAxe#EUW,silver,500,50%,euw
lacacamaca#EUW,silver,500,25%,euw
aaron#707,silver,707,49%,euw
killeranopeque#EUW,silver,500,34%,euw
Etolli#EUW,silver,500,51%,euw
GuessAllJuice#GOYIM,silver,500,56%,euw
PUNISHERIOOOOOO#EUW,silver,500,56%,euw
Aspodeka#EUW,silver,500,54%,euw
KingOfTheAnimals#HmG,silver,500,49%,euw
Proteck1#EUW,silver,500,54%,euw
TheRealIfy#0000,silver,500,100%,euw
Bard est la#1612,silver,500,56%,euw
Akitaba#Zero,silver,500,48%,euw
TK95E#EUW,silver,500,56%,euw
Fire flies14400#EUW,silver,500,45%,euw
xXB00sT3DYasuoXx#EUW,silver,500,51%,euw
paflo5#RAYAX,silver,500,46%,euw
Jigobu#EUW,silver,500,40%,euw
DisorderITB#EUW,silver,500,54%,euw
Yayafinger#14000,silver,500,42%,euw
Dean Winchester#4116,silver,500,42%,euw
Arquénteron#EUW,silver,500,56%,euw
MultipleOne#1337,silver,500,47%,euw
PapaGnome#ANTH,silver,500,46%,euw
charlo1#EUW,silver,500,47%,euw
2TWIN#EUW,silver,500,35%,euw
kinosl23#EUW,silver,500,40%,euw
shn#0035,silver,500,53%,euw
FNITA#EUW,silver,500,52%,euw
FazlexX#EUW,silver,500,47%,euw
vidoque7#EUW,silver,500,35%,euw
MrChrisFr#EUW,silver,500,45%,euw
Xavier#8549,silver,500,40%,euw
Nemla Fr#EUW,silver,500,40%,euw
Capitán Pucio#0098,silver,500,46%,euw
rondebuik#EUW,silver,500,44%,euw
SandiaCabreada #EUW,silver,500,49%,euw
THC INTus 187#THC,silver,500,47%,euw
jrcastania#EUW,silver,500,47%,euw
Munchkinin#9120,silver,500,44%,euw
Das Verkehrsamt#EUW,silver,500,43%,euw
Bam Tscheng Wau#EUW,silver,500,54%,euw
Baron InMyPants#EUW,silver,500,53%,euw
Orkyn#EUW,silver,500,48%,euw
j o m i#1678,silver,500,55%,euw
Iván#5514,silver,500,50%,euw
Pandefer#99999,silver,500,49%,euw
Odenツ#420,silver,420,53%,euw
Mage of End#EUW,silver,500,48%,euw
OLD MaN xD#EUW,silver,500,55%,euw
xDrazul#EUW,silver,500,47%,euw
Boyz Never Cry#EUW,silver,500,50%,euw
Yootra#EUW,silver,500,47%,euw
shikoma#1337,silver,500,39%,euw
0rnn Hub#WTF,silver,500,62%,euw
Sir Simmix#EUW,silver,500,67%,euw
Øblivion#LOL,silver,500,45%,euw
XDNeverMadXD#1337,silver,500,54%,euw
Worok#1983,silver,500,47%,euw
iskamdushatati#2743,silver,500,48%,euw
bloom#zyra,silver,500,41%,euw
Skolodo#4240,silver,500,48%,euw
GameTraxer#6969,silver,500,53%,euw
NoVax#644,silver,644,51%,euw
Rahmerni#8689,silver,500,43%,euw
SłodkaAlicja#misia,silver,500,41%,euw
Diazepan 5mg#1331,silver,500,48%,euw
Qiya#3787,silver,500,44%,euw
Le Prawn Games #EUW,silver,500,48%,euw
swipperrz#TWi,silver,500,47%,euw
wastingtime#GAUL,silver,500,39%,euw
stGohan#000,silver,000,52%,euw
シャドウクローン#clw,silver,500,50%,euw
Dœr#EUW,silver,500,53%,euw
ikilluxptdr#cheh,silver,500,52%,euw
elpajaroloco124#9644,silver,500,50%,euw
MelWithASmell#2202,silver,500,47%,euw
sanzess#EUW,silver,500,48%,euw
Melcolmerid#EUW,silver,500,37%,euw
BIGGYFARTMASTER#PROUT,silver,500,67%,euw
Lana Del Gay#6969,silver,500,54%,euw
Iselda#6031,silver,500,49%,euw
KrezUA#EUW,silver,500,41%,euw
retired toplaner#60wr,silver,60,48%,euw
T1 Cringe#Toxic,silver,500,47%,euw
OzenpaiO#EUW,silver,500,55%,euw
chemauro#EUW,silver,500,38%,euw
LocalUwUGirl#SWAG,silver,500,41%,euw
Bruce Lee#MANGO,silver,500,64%,euw
B4k3#STSE,silver,500,38%,euw
PureMan00#EUW\,silver,8,44%,euw
LaGrandeTige#EUW\,silver,1,,euw
Syphilis93#PD93\,silver,1,,euw
JustPatx1#EUW\,silver,1,,euw
MyNameIsJohn191#EUW\,silver,1,,euw
timmetjekappa#2302\,silver,1,,euw
Laeib Eazim#EUW\,silver,1,,euw
Aynnalfeesting#EUW\,silver,1,,euw
Jimbimbap#jim\,silver,1,,euw
scooz#Gwen\,silver,1,,euw
OnlyBigAxe#EUW\,silver,1,,euw
lacacamaca#EUW\,silver,1,,euw
aaron#707\,silver,1,,euw
killeranopeque#EUW\,silver,1,,euw
Etolli#EUW\,silver,1,,euw
GuessAllJuice#GOYIM\,silver,1,,euw
PUNISHERIOOOOOO#EUW\,silver,1,,euw
Aspodeka#EUW\,silver,1,,euw
KingOfTheAnimals#HmG\,silver,1,,euw
Proteck1#EUW\,silver,1,,euw
TheRealIfy#0000\,silver,1,,euw
Bard est la#1612\,silver,1,,euw
Akitaba#Zero\,silver,1,,euw
TK95E#EUW\,silver,1,,euw
Fire flies14400#EUW\,silver,1,,euw
xXB00sT3DYasuoXx#EUW\,silver,1,,euw
paflo5#RAYAX\,silver,1,,euw
Jigobu#EUW\,silver,1,,euw
DisorderITB#EUW\,silver,1,,euw
Yayafinger#14000\,silver,1,,euw
Dean Winchester#4116\,silver,1,,euw
Arquénteron#EUW\,silver,1,3%,euw
MultipleOne#1337\,silver,1,,euw
PapaGnome#ANTH\,silver,1,,euw
charlo1#EUW\,silver,1,,euw
2TWIN#EUW\,silver,1,,euw
kinosl23#EUW\,silver,1,,euw
shn#0035\,silver,1,,euw
FNITA#EUW\,silver,1,,euw
FazlexX#EUW\,silver,1,,euw
vidoque7#EUW\,silver,1,,euw
MrChrisFr#EUW\,silver,1,,euw
Xavier#8549\,silver,1,,euw
Nemla Fr#EUW\,silver,1,,euw
Capitán Pucio#0098\,silver,1,3%,euw
rondebuik#EUW\,silver,1,,euw
SandiaCabreada #EUW\,silver,1,,euw
THC INTus 187#THC\,silver,1,,euw
jrcastania#EUW\,silver,1,,euw
Munchkinin#9120\,silver,1,,euw
Das Verkehrsamt#EUW\,silver,1,,euw
Bam Tscheng Wau#EUW\,silver,1,,euw
Baron InMyPants#EUW\,silver,1,,euw
Orkyn#EUW\,silver,1,,euw
j o m i#1678\,silver,1,,euw
Iván#5514\,silver,1,3%,euw
Pandefer#99999\,silver,1,,euw
Odenツ#420\,silver,1,3%,euw
Mage of End#EUW\,silver,1,,euw
OLD MaN xD#EUW\,silver,1,,euw
xDrazul#EUW\,silver,1,,euw
Boyz Never Cry#EUW\,silver,1,,euw
Yootra#EUW\,silver,1,,euw
shikoma#1337\,silver,1,,euw
0rnn Hub#WTF\,silver,1,,euw
Sir Simmix#EUW\,silver,1,,euw
Øblivion#LOL\,silver,1,3%,euw
XDNeverMadXD#1337\,silver,1,,euw
Worok#1983\,silver,1,,euw
iskamdushatati#2743\,silver,1,,euw
bloom#zyra\,silver,1,,euw
Skolodo#4240\,silver,1,,euw
GameTraxer#6969\,silver,1,,euw
NoVax#644\,silver,1,,euw
Rahmerni#8689\,silver,1,,euw
SłodkaAlicja#misia\,silver,1,5%,euw
Diazepan 5mg#1331\,silver,1,,euw
Qiya#3787\,silver,1,,euw
Le Prawn Games #EUW\,silver,1,,euw
swipperrz#TWi\,silver,1,,euw
wastingtime#GAUL\,silver,1,,euw
stGohan#000\,silver,1,,euw
シャドウクローン#clw\,silver,1,3%,euw
Dœr#EUW\,silver,1,5%,euw
ikilluxptdr#cheh\,silver,1,,euw
elpajaroloco124#9644\,silver,1,,euw
MelWithASmell#2202\,silver,1,,euw
sanzess#EUW\,silver,1,,euw
Melcolmerid#EUW\,silver,1,,euw
BIGGYFARTMASTER#PROUT\,silver,1,,euw
Lana Del Gay#6969\,silver,1,,euw
Iselda#6031\,silver,1,,euw
KrezUA#EUW\,silver,1,,euw
retired toplaner#60wr\,silver,1,,euw
T1 Cringe#Toxic\,silver,1,1%,euw
OzenpaiO#EUW\,silver,1,,euw
chemauro#EUW\,silver,1,,euw
LocalUwUGirl#SWAG\,silver,1,,euw
Bruce Lee#MANGO\,silver,1,,euw
B4k3#STSE\,silver,1,,euw
ToySoldier777#EUW,silver,500,,euw
xTheAdnan#EUW,silver,500,50%,euw
TryndaSlayer#EUW,silver,500,49%,euw
Godcas88#EUW,silver,500,54%,euw
Philips Turetts#www,silver,500,38%,euw
Don Pelayo#AEVF,silver,500,54%,euw
biffleur 2 milf#00h,silver,500,41%,euw
ToxicMistress#EUW,silver,500,37%,euw
Izoox#3321,silver,500,50%,euw
Raggnar420#EUW,silver,500,57%,euw
AlphaBanana42#EUW,silver,500,50%,euw
apartanoob#EUW,silver,500,51%,euw
Amøøq#EUW,silver,500,49%,euw
xXRiskTakeXx#EUW,silver,500,44%,euw
Forgeiner#EUW,silver,500,46%,euw
Skadolelele#EUW,silver,500,26%,euw
Sneizzle#EUW,silver,500,50%,euw
Lybytus#Lyby,silver,500,48%,euw
Looper#2605,silver,500,44%,euw
Horkrux#EUW,silver,500,50%,euw
GwenSxSlave#EUW,silver,500,100%,euw
Sawango#EUW,silver,500,52%,euw
Elrond#Rache,silver,500,20%,euw
Blossom#0999,silver,500,20%,euw
Yuquto#EUW,silver,500,0%,euw
kat#0303,silver,500,20%,euw
HeasunRanger#EUW,silver,500,20%,euw
El K T Cuento#Dm3,silver,500,20%,euw
Vehlerfrei#EUW,silver,500,20%,euw
Pelardon#AOP,silver,500,20%,euw
GoldkettenImGnak#Gnack,silver,500,58%,euw
claptrap10#EUW,silver,500,20%,euw
DarthGladus#EUW,silver,500,20%,euw
MOWKOZ#EUW,silver,500,20%,euw
Akatsuki213#EUW,silver,500,20%,euw
BigBootyBasti#A55,silver,500,20%,euw
Juff01#EUW,silver,500,27%,euw
byVatox#EUW,silver,500,20%,euw
Texas Smash#EUW,silver,500,20%,euw
Tharuc#EUW,silver,500,20%,euw
FireDave#Debi,silver,500,0%,euw
oxy#6969,silver,500,20%,euw
uHuelcome#EUW,silver,500,20%,euw
GeneralNatopedro#EUW,silver,500,20%,euw
Maui420Wowie#EUW,silver,500,20%,euw
George Clowned#Shaco,silver,500,20%,euw
yellowracecar123#EUW,silver,500,20%,euw
Yoyolved#9725R,silver,500,20%,euw
Anadria#uwu,silver,500,20%,euw
On the Leash#kitty,silver,500,53%,euw
3AMGS Till#EUW,silver,500,20%,euw
Keww#EUW,silver,500,20%,euw
Erickmv53#EUW,silver,500,37%,euw
JakeCuenca#EUW,silver,500,15%,euw
Mandarinenente#Manda,silver,500,20%,euw
Zhotking#EUW,silver,500,20%,euw
Ser G Hightower#EUW,silver,500,24%,euw
minecraftPVPgod#ahmad,silver,500,20%,euw
ΩmegaΩnion#EUW,silver,500,20%,euw
VenomCry#EUW,silver,500,20%,euw
OnlyEdin#EUW,silver,500,20%,euw
BenjiBlueBalls#BBB,silver,500,27%,euw
Junior ADCally#EUW,silver,500,20%,euw
Poule pondeuse#hurle,silver,500,20%,euw
ChickenKing102#BLACK,silver,500,27%,euw
Kinglarsson#EUW,silver,500,20%,euw
AntonioPerez#EUW,silver,500,20%,euw
ExperimentInTerr#EUW,silver,500,27%,euw
TSMWorstFiora#EUW,silver,500,24%,euw
wirsindimLidl#EUW,silver,500,20%,euw
DreamPunch#EUW,silver,500,40%,euw
Krazie85#EUW,silver,500,20%,euw
SkyWhaY#9515,silver,500,20%,euw
Grampouchi#EUW,silver,500,40%,euw
Azirzoer#EUW,silver,500,20%,euw
Destinni#0108,silver,500,20%,euw
光沢のあるアヒルe#DOOM,silver,500,29%,euw
SaMeR#ZNJ,silver,500,20%,euw
NNzs#EUW,silver,500,20%,euw
Lunar Tear#YoRHa,silver,500,20%,euw
UnknowSmurfx2#EUW,silver,500,20%,euw
Magicc13#EUW,silver,500,20%,euw
Tissemand#Pys,silver,500,20%,euw
Damien16061#EUW,silver,500,20%,euw
Dotjkdispel#2204,silver,500,39%,euw
Sunny#egirl,silver,500,20%,euw
Vyvyska#EUW,silver,500,20%,euw
Cortinas#EUW,silver,500,46%,euw
Ctoorvi#EUW,silver,500,44%,euw
BossFaJa#EUW,silver,500,20%,euw
LaVidaaLoca#noe,silver,500,0%,euw
Zipflklatscherrr#EUW,silver,500,0%,euw
Malmxi#00000,silver,500,40%,euw
end of the day#EUW,silver,500,20%,euw
Kaptain zur See#1234,silver,500,41%,euw
Swift#Shhhh,silver,500,27%,euw
GordonRamSek#GG EZ,silver,500,20%,euw
Preparing Reset#NEXT,silver,500,40%,euw
Nemesis#BZ60,silver,500,20%,euw
FREEPLASTINE#FUIDF,silver,500,47%,euw
ToySoldier777#EUW\,silver,8,54%,euw
xTheAdnan#EUW\,silver,1,,euw
TryndaSlayer#EUW\,silver,1,,euw
Godcas88#EUW\,silver,1,,euw
Philips Turetts#www\,silver,1,,euw
Don Pelayo#AEVF\,silver,1,,euw
biffleur 2 milf#00h\,silver,1,202%,euw
ToxicMistress#EUW\,silver,1,,euw
Izoox#3321\,silver,1,,euw
Raggnar420#EUW\,silver,1,,euw
AlphaBanana42#EUW\,silver,1,,euw
apartanoob#EUW\,silver,1,,euw
Amøøq#EUW\,silver,1,3%,euw
xXRiskTakeXx#EUW\,silver,1,,euw
Forgeiner#EUW\,silver,1,,euw
Skadolelele#EUW\,silver,1,,euw
Sneizzle#EUW\,silver,1,,euw
Lybytus#Lyby\,silver,1,,euw
Looper#2605\,silver,1,,euw
Horkrux#EUW\,silver,1,,euw
GwenSxSlave#EUW\,silver,1,,euw
Sawango#EUW\,silver,1,,euw
Elrond#Rache\,silver,1,,euw
Blossom#0999\,silver,1,,euw
Yuquto#EUW\,silver,1,,euw
kat#0303\,silver,1,,euw
HeasunRanger#EUW\,silver,1,,euw
El K T Cuento#Dm3\,silver,1,,euw
Vehlerfrei#EUW\,silver,1,,euw
Pelardon#AOP\,silver,1,,euw
GoldkettenImGnak#Gnack\,silver,1,,euw
claptrap10#EUW\,silver,1,,euw
DarthGladus#EUW\,silver,1,,euw
MOWKOZ#EUW\,silver,1,,euw
Akatsuki213#EUW\,silver,1,,euw
BigBootyBasti#A55\,silver,1,,euw
Juff01#EUW\,silver,1,,euw
byVatox#EUW\,silver,1,,euw
Texas Smash#EUW\,silver,1,,euw
Tharuc#EUW\,silver,1,,euw
FireDave#Debi\,silver,1,,euw
oxy#6969\,silver,1,,euw
uHuelcome#EUW\,silver,1,,euw
GeneralNatopedro#EUW\,silver,1,,euw
Maui420Wowie#EUW\,silver,1,,euw
George Clowned#Shaco\,silver,1,,euw
yellowracecar123#EUW\,silver,1,,euw
Yoyolved#9725R\,silver,1,,euw
Anadria#uwu\,silver,1,,euw
On the Leash#kitty\,silver,1,,euw
3AMGS Till#EUW\,silver,1,,euw
Keww#EUW\,silver,1,,euw
Erickmv53#EUW\,silver,1,,euw
JakeCuenca#EUW\,silver,1,,euw
Mandarinenente#Manda\,silver,1,,euw
Zhotking#EUW\,silver,1,,euw
Ser G Hightower#EUW\,silver,1,,euw
minecraftPVPgod#ahmad\,silver,1,,euw
ΩmegaΩnion#EUW\,silver,1,,euw
VenomCry#EUW\,silver,1,,euw
OnlyEdin#EUW\,silver,1,,euw
BenjiBlueBalls#BBB\,silver,1,,euw
Junior ADCally#EUW\,silver,1,,euw
Poule pondeuse#hurle\,silver,1,,euw
ChickenKing102#BLACK\,silver,1,,euw
Kinglarsson#EUW\,silver,1,,euw
AntonioPerez#EUW\,silver,1,,euw
ExperimentInTerr#EUW\,silver,1,,euw
TSMWorstFiora#EUW\,silver,1,,euw
wirsindimLidl#EUW\,silver,1,,euw
DreamPunch#EUW\,silver,1,,euw
Krazie85#EUW\,silver,1,,euw
SkyWhaY#9515\,silver,1,,euw
Grampouchi#EUW\,silver,1,,euw
Azirzoer#EUW\,silver,1,,euw
Destinni#0108\,silver,1,,euw
光沢のあるアヒルe#DOOM\,silver,1,5%,euw
SaMeR#ZNJ\,silver,1,,euw
NNzs#EUW\,silver,1,,euw
Lunar Tear#YoRHa\,silver,1,,euw
UnknowSmurfx2#EUW\,silver,1,,euw
Magicc13#EUW\,silver,1,,euw
Tissemand#Pys\,silver,1,,euw
Damien16061#EUW\,silver,1,,euw
Dotjkdispel#2204\,silver,1,,euw
Sunny#egirl\,silver,1,,euw
Vyvyska#EUW\,silver,1,,euw
Cortinas#EUW\,silver,1,,euw
Ctoorvi#EUW\,silver,1,,euw
BossFaJa#EUW\,silver,1,,euw
LaVidaaLoca#noe\,silver,1,,euw
Zipflklatscherrr#EUW\,silver,1,,euw
Malmxi#00000\,silver,1,,euw
end of the day#EUW\,silver,1,,euw
Kaptain zur See#1234\,silver,1,,euw
Swift#Shhhh\,silver,1,,euw
GordonRamSek#GG EZ\,silver,1,,euw
Preparing Reset#NEXT\,silver,1,,euw
Nemesis#BZ60\,silver,1,,euw
FREEPLASTINE#FUIDF\,silver,1,,euw
KomischerOpa#EUW,silver,500,,euw
Twilight Hooves#EUW,silver,500,20%,euw
Fire With AŠŠ#EUW,silver,500,27%,euw
RoSu fipps1#EUW,silver,500,20%,euw
Tripleskya#EUW,silver,500,20%,euw
Benny Goodmen#501,silver,501,56%,euw
schâchtel#EUW,silver,500,20%,euw
ERraulico#1222,silver,500,55%,euw
Pedra de Ganza#EUW,silver,500,20%,euw
Nuclear Zoee#EUW,silver,500,20%,euw
CristianRC#EUW,silver,500,27%,euw
FF SotaWaylander#FF29,silver,500,20%,euw
Cptn Nghathrod#Cptn,silver,500,20%,euw
LDS Rozen#EUW,silver,500,37%,euw
BubbleGumBubble#EUW,silver,500,0%,euw
Didicheloucac#EUW,silver,500,34%,euw
Just a Clone 666#EUW,silver,500,20%,euw
Great Games#EUW,silver,500,20%,euw
Uhzeoc#EUW,silver,500,20%,euw
Kaminaguren#EUW,silver,500,0%,euw
XxBossKenoxX#EUW,silver,500,100%,euw
Trick the Mind#EUW,silver,500,20%,euw
Wellow#404,silver,404,20%,euw
pabloski022#EUW,silver,500,40%,euw
GDraitor#EUW,silver,500,44%,euw
trip#0666,silver,500,20%,euw
TxMi#EUW,silver,500,51%,euw
Colin Wood#EUW,silver,500,44%,euw
DreamHunter974#EUW,silver,500,20%,euw
xPrisy#TAG,silver,500,50%,euw
Ashevall#EUW,silver,500,20%,euw
Tr4umaburger#EUW,silver,500,20%,euw
Inaphy#EUW,silver,500,20%,euw
arashmaster777#EUW,silver,500,38%,euw
V2Rengar#3354,silver,500,27%,euw
Garehtri#EUW,silver,500,52%,euw
Tazinas#EUW,silver,500,20%,euw
Riesche#Spons,silver,500,20%,euw
KimiG#69420,silver,500,20%,euw
Zelaree#EUW,silver,500,20%,euw
Cosmic Zéd#EUW,silver,500,20%,euw
Barrio38#EUW,silver,500,45%,euw
vampireeyp#EUW,silver,500,20%,euw
HawkEyez#000,silver,000,20%,euw
Erebuss#2007,silver,500,44%,euw
Caroline SD#EUW,silver,500,20%,euw
Kodaks#Viego,silver,500,27%,euw
Cumberstache#83275,silver,500,44%,euw
ouiming#EUW,silver,500,20%,euw
Gros Pikmin#NuNu,silver,500,20%,euw
Pirustae #EUW,silver,500,20%,euw
Virag#0125,silver,500,20%,euw
cheyezz#404,silver,404,20%,euw
im a fat potato#EUW,silver,500,20%,euw
Tomate frito#0000,silver,500,15%,euw
mm22#mm22,silver,500,20%,euw
Gorrimerl#EUW,silver,500,20%,euw
CONGOMALI#2222,silver,500,20%,euw
ilaiopony#EUW,silver,500,15%,euw
Maxiskarus#999,silver,999,40%,euw
MalmortiusMaw#EUW,silver,500,20%,euw
APOMET#EUW,silver,500,20%,euw
Jelks#777,silver,777,33%,euw
SlimShady1772#EUW,silver,500,27%,euw
Clio do Assu#EUW,silver,500,32%,euw
Feigii#EUW,silver,500,52%,euw
Cpt Wackbeard#1718,silver,500,48%,euw
michaelkillerez#EUW,silver,500,20%,euw
Goofy Goober#Baka,silver,500,20%,euw
rafichelas#EUW,silver,500,27%,euw
CG Shank#EUW,silver,500,27%,euw
Seriana Grande#EUW,silver,500,20%,euw
La Caverne#7274,silver,500,44%,euw
TestTubeFarmer#4274,silver,500,44%,euw
PUFF GOÛT PAF#ZZCC,silver,500,48%,euw
Marktkramer#EUW,silver,500,27%,euw
LEGO E BOY#EUW,silver,500,20%,euw
LeHummingbird#EUW,silver,500,20%,euw
Jang Dongmin#EUW,silver,500,30%,euw
Hell of a Ride#EUW,silver,500,20%,euw
ElGnomancer#EUW,silver,500,20%,euw
Goumamy#EUW,silver,500,20%,euw
A Rabbit Spirit#moon,silver,500,63%,euw
Pukitop#EUWW,silver,500,20%,euw
Bÿleth#85966,silver,500,20%,euw
DaGehIchHoch#Rossi,silver,500,20%,euw
ChanneI#EUW,silver,500,30%,euw
Memacia#TCH,silver,500,20%,euw
XIXEADOR DE CASH#00000,silver,00,20%,euw
Padorim the Sage#FISH,silver,500,15%,euw
Pateken#6969,silver,500,27%,euw
Vetek92#EUW,silver,500,0%,euw
Pogba Is My Hero#EUW,silver,500,20%,euw
TalkingToTheMoon#1628,silver,16,29%,euw
Noski Mokoni#EUW,silver,500,20%,euw
juanymedio#3545,silver,500,20%,euw
bouncingJinx#JINX,silver,500,0%,euw
Im Heró#4441,silver,500,47%,euw
snôôpyy#EUW,silver,500,20%,euw
Horrologium#EUW,silver,500,46%,euw
KomischerOpa#EUW\,silver,8,20%,euw
Twilight Hooves#EUW\,silver,1,,euw
Fire With AŠŠ#EUW\,silver,1,5%,euw
RoSu fipps1#EUW\,silver,1,,euw
Tripleskya#EUW\,silver,1,,euw
Benny Goodmen#501\,silver,1,,euw
schâchtel#EUW\,silver,1,3%,euw
ERraulico#1222\,silver,1,,euw
Pedra de Ganza#EUW\,silver,1,,euw
Nuclear Zoee#EUW\,silver,1,,euw
CristianRC#EUW\,silver,1,,euw
FF SotaWaylander#FF29\,silver,1,,euw
Cptn Nghathrod#Cptn\,silver,1,,euw
LDS Rozen#EUW\,silver,1,,euw
BubbleGumBubble#EUW\,silver,1,,euw
Didicheloucac#EUW\,silver,1,,euw
Just a Clone 666#EUW\,silver,1,,euw
Great Games#EUW\,silver,1,,euw
Uhzeoc#EUW\,silver,1,,euw
Kaminaguren#EUW\,silver,1,,euw
XxBossKenoxX#EUW\,silver,1,,euw
Trick the Mind#EUW\,silver,1,,euw
Wellow#404\,silver,1,,euw
pabloski022#EUW\,silver,1,,euw
GDraitor#EUW\,silver,1,,euw
trip#0666\,silver,1,,euw
TxMi#EUW\,silver,1,,euw
Colin Wood#EUW\,silver,1,,euw
DreamHunter974#EUW\,silver,1,,euw
xPrisy#TAG\,silver,1,,euw
Ashevall#EUW\,silver,1,,euw
Tr4umaburger#EUW\,silver,1,,euw
Inaphy#EUW\,silver,1,,euw
arashmaster777#EUW\,silver,1,,euw
V2Rengar#3354\,silver,1,,euw
Garehtri#EUW\,silver,1,,euw
Tazinas#EUW\,silver,1,,euw
Riesche#Spons\,silver,1,,euw
KimiG#69420\,silver,1,,euw
Zelaree#EUW\,silver,1,,euw
Cosmic Zéd#EUW\,silver,1,3%,euw
Barrio38#EUW\,silver,1,,euw
vampireeyp#EUW\,silver,1,,euw
HawkEyez#000\,silver,1,,euw
Erebuss#2007\,silver,1,,euw
Caroline SD#EUW\,silver,1,,euw
Kodaks#Viego\,silver,1,,euw
Cumberstache#83275\,silver,1,,euw
ouiming#EUW\,silver,1,,euw
Gros Pikmin#NuNu\,silver,1,,euw
Pirustae #EUW\,silver,1,,euw
Virag#0125\,silver,1,,euw
cheyezz#404\,silver,1,,euw
im a fat potato#EUW\,silver,1,,euw
Tomate frito#0000\,silver,1,,euw
mm22#mm22\,silver,1,,euw
Gorrimerl#EUW\,silver,1,,euw
CONGOMALI#2222\,silver,1,,euw
ilaiopony#EUW\,silver,1,,euw
Maxiskarus#999\,silver,1,,euw
MalmortiusMaw#EUW\,silver,1,,euw
APOMET#EUW\,silver,1,,euw
Jelks#777\,silver,1,,euw
SlimShady1772#EUW\,silver,1,,euw
Clio do Assu#EUW\,silver,1,,euw
Feigii#EUW\,silver,1,,euw
Cpt Wackbeard#1718\,silver,1,,euw
michaelkillerez#EUW\,silver,1,,euw
Goofy Goober#Baka\,silver,1,,euw
rafichelas#EUW\,silver,1,,euw
CG Shank#EUW\,silver,1,,euw
Seriana Grande#EUW\,silver,1,,euw
La Caverne#7274\,silver,1,,euw
TestTubeFarmer#4274\,silver,1,,euw
PUFF GOÛT PAF#ZZCC\,silver,1,3%,euw
Marktkramer#EUW\,silver,1,,euw
LEGO E BOY#EUW\,silver,1,,euw
LeHummingbird#EUW\,silver,1,,euw
Jang Dongmin#EUW\,silver,1,,euw
Hell of a Ride#EUW\,silver,1,,euw
ElGnomancer#EUW\,silver,1,,euw
Goumamy#EUW\,silver,1,,euw
A Rabbit Spirit#moon\,silver,1,,euw
Pukitop#EUWW\,silver,1,,euw
Bÿleth#85966\,silver,1,3%,euw
DaGehIchHoch#Rossi\,silver,1,,euw
ChanneI#EUW\,silver,1,,euw
Memacia#TCH\,silver,1,,euw
XIXEADOR DE CASH#00000\,silver,1,,euw
Padorim the Sage#FISH\,silver,1,,euw
Pateken#6969\,silver,1,,euw
Vetek92#EUW\,silver,1,,euw
Pogba Is My Hero#EUW\,silver,1,,euw
TalkingToTheMoon#1628\,silver,1,,euw
Noski Mokoni#EUW\,silver,1,,euw
juanymedio#3545\,silver,1,,euw
bouncingJinx#JINX\,silver,1,,euw
Im Heró#4441\,silver,1,3%,euw
snôôpyy#EUW\,silver,1,3%,euw
Horrologium#EUW\,silver,1,,euw
EroSensei69#EUW,silver,500,,euw
Dimeyyy#EUW,silver,500,49%,euw
last1manstanding#JM7,silver,500,20%,euw
coccolino93#EUW,silver,500,20%,euw
Anathos#2000,silver,500,20%,euw
Kinkou no Kage#EUW,silver,500,37%,euw
ANTSA437#EUW,silver,500,20%,euw
BIaclo#EUW,silver,500,20%,euw
ListenTiPlay#EUW,silver,500,20%,euw
Grahntelbart#Grahn,silver,500,27%,euw
Billy4#EUW,silver,500,50%,euw
Jayjay#Adams,silver,500,20%,euw
Sylezze#EUW,silver,500,20%,euw
anouskill#EUW,silver,500,20%,euw
Velche#EUW,silver,500,20%,euw
Winston Blå#EUW,silver,500,20%,euw
ramism38#EUW,silver,500,20%,euw
Schweigefuchs#1337,silver,500,62%,euw
XtremeCanter#EUW,silver,500,20%,euw
Miss Fortune#6354,silver,500,20%,euw
Pimpa#1998,silver,500,100%,euw
Frikris#EUW,silver,500,40%,euw
FiskFlamberaren#EUW,silver,500,20%,euw
APES Arror403#APES,silver,500,0%,euw
Epic Theo#6594,silver,500,20%,euw
pékipu#1334,silver,500,20%,euw
Ulf Henrik#EUW,silver,500,20%,euw
wintryred#EUW,silver,500,40%,euw
IceCubeniga#777,silver,777,20%,euw
ioann009#EUW,silver,500,20%,euw
Dinde Douce#EUW,silver,500,20%,euw
Christian Balle#EUW,silver,500,56%,euw
Go Next Fast#SURR,silver,500,27%,euw
Nulss#EUW,silver,500,20%,euw
Nightwalker#OOR,silver,500,27%,euw
dezithedevil#EUW,silver,500,20%,euw
xAt0MikZ D#EUW,silver,500,20%,euw
Silva#Quack,silver,500,20%,euw
mAgicVaro#EUW,silver,500,20%,euw
BellmanBre#EUW,silver,500,20%,euw
FIypacka#EUW,silver,500,30%,euw
liko2003#EUW,silver,500,20%,euw
SixCmmmmhh#777,silver,777,20%,euw
Firthy#EUW,silver,500,20%,euw
ElSaadomaso#EUW,silver,500,20%,euw
McBlubba#BBL,silver,500,20%,euw
Anne#Clank,silver,500,20%,euw
Blanco96#EUW,silver,500,20%,euw
Bleachdamaged#EUW,silver,500,51%,euw
EnzoDongIlBolide#EUW,silver,500,20%,euw
TSN Sibir#Tiger,silver,500,21%,euw
aragorn#9090,silver,500,15%,euw
I bims 1 Solari#EUW,silver,500,20%,euw
A void My Vel#EUW,silver,500,30%,euw
Abdu92ibis#EUW,silver,500,20%,euw
Blazesan#EUW,silver,500,20%,euw
BoisDC#EUW,silver,500,20%,euw
ziiink#znk,silver,500,20%,euw
Sakher#EUW,silver,500,30%,euw
WhitneysMiltank#EUW,silver,500,20%,euw
PhantomLand#EUW,silver,500,20%,euw
YouShouldBanShen#Shen,silver,500,20%,euw
Crazy Train#EUW,silver,500,20%,euw
The H0rny Rat#9852,silver,500,20%,euw
JONNY EL CAMINER#ALFA,silver,500,47%,euw
FriLink#EUW,silver,500,20%,euw
GoozeNick#EUW,silver,500,20%,euw
eSc3o#2000,silver,500,37%,euw
nargant#EUW,silver,500,35%,euw
LikeADemonicMind#EUW,silver,500,44%,euw
Miinouuuuuuuuuuu#FF0,silver,500,50%,euw
Vaincre Ganon#EUW,silver,500,20%,euw
Jeypette#EUW,silver,500,20%,euw
DIVE Ramen#EUW,silver,500,20%,euw
TobieSmileRaterd#Cofe,silver,500,27%,euw
NRG Ambush#EUW,silver,500,20%,euw
Mina el Hammani#EUW,silver,500,20%,euw
Hank voight CPD#EUW,silver,500,30%,euw
EvilGoose#1800,silver,500,29%,euw
Magexy#EUW,silver,500,20%,euw
KRIK POOW#EUW0,silver,500,20%,euw
salik#bln,silver,500,44%,euw
wuhampus#EUW,silver,500,53%,euw
Søma Cruz#EUW,silver,500,27%,euw
ThorDerZerstörer#1111,silver,11,20%,euw
Kyoz#Kyoz,silver,500,20%,euw
Vezorr#EUW,silver,500,27%,euw
Setts Hairy Pits#υωυ,silver,500,20%,euw
HultM8#EUW,silver,500,20%,euw
zuhaelter#king,silver,500,20%,euw
DDB Frazol#RCS,silver,500,20%,euw
xuanma#EUW,silver,500,20%,euw
Shizura#Zura,silver,500,0%,euw
EL TRAFICANT3#EUW,silver,500,20%,euw
SrgRhino#EUW,silver,500,20%,euw
MissWindflower#EUW,silver,500,20%,euw
Alecar983#983,silver,983,40%,euw
Imnotheretotroll#EUW,silver,500,52%,euw
Pegging Poppy#T42,silver,500,20%,euw
KEK Mija#EUW,silver,500,20%,euw
EroSensei69#EUW\,silver,8,20%,euw
Dimeyyy#EUW\,silver,1,,euw
last1manstanding#JM7\,silver,1,,euw
coccolino93#EUW\,silver,1,,euw
Anathos#2000\,silver,1,,euw
Kinkou no Kage#EUW\,silver,1,,euw
ANTSA437#EUW\,silver,1,,euw
BIaclo#EUW\,silver,1,,euw
ListenTiPlay#EUW\,silver,1,,euw
Grahntelbart#Grahn\,silver,1,,euw
Billy4#EUW\,silver,1,,euw
Jayjay#Adams\,silver,1,,euw
Sylezze#EUW\,silver,1,,euw
anouskill#EUW\,silver,1,,euw
Velche#EUW\,silver,1,,euw
Winston Blå#EUW\,silver,1,3%,euw
ramism38#EUW\,silver,1,,euw
Schweigefuchs#1337\,silver,1,,euw
XtremeCanter#EUW\,silver,1,,euw
Miss Fortune#6354\,silver,1,,euw
Pimpa#1998\,silver,1,,euw
Frikris#EUW\,silver,1,,euw
FiskFlamberaren#EUW\,silver,1,,euw
APES Arror403#APES\,silver,1,,euw
Epic Theo#6594\,silver,1,,euw
pékipu#1334\,silver,1,3%,euw
Ulf Henrik#EUW\,silver,1,,euw
wintryred#EUW\,silver,1,,euw
IceCubeniga#777\,silver,1,,euw
ioann009#EUW\,silver,1,,euw
Dinde Douce#EUW\,silver,1,,euw
Christian Balle#EUW\,silver,1,,euw
Go Next Fast#SURR\,silver,1,,euw
Nulss#EUW\,silver,1,,euw
Nightwalker#OOR\,silver,1,,euw
dezithedevil#EUW\,silver,1,,euw
xAt0MikZ D#EUW\,silver,1,,euw
Silva#Quack\,silver,1,,euw
mAgicVaro#EUW\,silver,1,,euw
BellmanBre#EUW\,silver,1,,euw
FIypacka#EUW\,silver,1,,euw
liko2003#EUW\,silver,1,,euw
SixCmmmmhh#777\,silver,1,,euw
Firthy#EUW\,silver,1,,euw
ElSaadomaso#EUW\,silver,1,,euw
McBlubba#BBL\,silver,1,,euw
Anne#Clank\,silver,1,,euw
Blanco96#EUW\,silver,1,,euw
Bleachdamaged#EUW\,silver,1,,euw
EnzoDongIlBolide#EUW\,silver,1,,euw
TSN Sibir#Tiger\,silver,1,,euw
aragorn#9090\,silver,1,,euw
I bims 1 Solari#EUW\,silver,1,201%,euw
A void My Vel#EUW\,silver,1,,euw
Abdu92ibis#EUW\,silver,1,,euw
Blazesan#EUW\,silver,1,,euw
BoisDC#EUW\,silver,1,,euw
ziiink#znk\,silver,1,,euw
Sakher#EUW\,silver,1,,euw
WhitneysMiltank#EUW\,silver,1,,euw
PhantomLand#EUW\,silver,1,,euw
YouShouldBanShen#Shen\,silver,1,,euw
Crazy Train#EUW\,silver,1,,euw
The H0rny Rat#9852\,silver,1,,euw
JONNY EL CAMINER#ALFA\,silver,1,,euw
FriLink#EUW\,silver,1,,euw
GoozeNick#EUW\,silver,1,,euw
eSc3o#2000\,silver,1,,euw
nargant#EUW\,silver,1,,euw
LikeADemonicMind#EUW\,silver,1,,euw
Miinouuuuuuuuuuu#FF0\,silver,1,,euw
Vaincre Ganon#EUW\,silver,1,,euw
Jeypette#EUW\,silver,1,,euw
DIVE Ramen#EUW\,silver,1,,euw
TobieSmileRaterd#Cofe\,silver,1,,euw
NRG Ambush#EUW\,silver,1,,euw
Mina el Hammani#EUW\,silver,1,,euw
Hank voight CPD#EUW\,silver,1,,euw
EvilGoose#1800\,silver,1,,euw
Magexy#EUW\,silver,1,,euw
KRIK POOW#EUW0\,silver,1,,euw
salik#bln\,silver,1,,euw
wuhampus#EUW\,silver,1,,euw
Søma Cruz#EUW\,silver,1,3%,euw
ThorDerZerstörer#1111\,silver,1,3%,euw
Kyoz#Kyoz\,silver,1,,euw
Vezorr#EUW\,silver,1,,euw
Setts Hairy Pits#υωυ\,silver,1,85%,euw
HultM8#EUW\,silver,1,,euw
zuhaelter#king\,silver,1,,euw
DDB Frazol#RCS\,silver,1,,euw
xuanma#EUW\,silver,1,,euw
Shizura#Zura\,silver,1,,euw
EL TRAFICANT3#EUW\,silver,1,,euw
SrgRhino#EUW\,silver,1,,euw
MissWindflower#EUW\,silver,1,,euw
Alecar983#983\,silver,1,,euw
Imnotheretotroll#EUW\,silver,1,,euw
Pegging Poppy#T42\,silver,1,,euw
KEK Mija#EUW\,silver,1,,euw
IBark4hotWomen#uwu,gold,500,,euw
Smiley#69696,gold,500,48%,euw
Somali Bakery#EUW,gold,500,51%,euw
Han Solo kiu#EUW,gold,500,34%,euw
Piplup#Diff,gold,500,47%,euw
Dr Hakunamatata#EUW,gold,500,48%,euw
ShinobiExecution#EUW,gold,500,44%,euw
16rango61#RANGO,gold,500,55%,euw
Toni#WToni,gold,500,38%,euw
spareribskonhulo#161O,gold,16,51%,euw
Lil Ruler#KRR,gold,500,45%,euw
WuriWürger#EUW,gold,500,44%,euw
Marmeladtagg#EUW,gold,500,39%,euw
El John Key#EUW,gold,500,50%,euw
Proper Chad#EUW,gold,500,45%,euw
King Of Curses#ZKX,gold,500,36%,euw
Soundry#EUW,gold,500,51%,euw
MrOber#EUW,gold,500,40%,euw
ORLD Freezer#EUW,gold,500,54%,euw
Im Pobe#EUW,gold,500,51%,euw
xZabracx#EUW,gold,500,100%,euw
Permacomo#kekw,gold,500,37%,euw
Kushin#Kuram,gold,500,37%,euw
Ganked by Milf#1747,gold,500,48%,euw
Hectaria fanboy#SEN,gold,500,51%,euw
Kiéros#7422,gold,500,39%,euw
ValyrianShíeld#EUW,gold,500,46%,euw
MyNeighborJotaro#EUW,gold,500,50%,euw
Baberger#EUW,gold,500,53%,euw
FS Spartan#EUW,gold,500,50%,euw
noweah#EUW,gold,500,60%,euw
KalleAusKieI#EUW,gold,500,49%,euw
gadou78#130,gold,130,41%,euw
Pamak zoo#EUW,gold,500,51%,euw
EiNxScHLuckSaHnE#EUW,gold,500,54%,euw
TheRealAppleTree#EUW,gold,500,43%,euw
DD Qu3nTonZ#EUW,gold,500,46%,euw
Mayarisa#EUW,gold,500,47%,euw
Billy el Gancho#6217,gold,621,47%,euw
Omood#EUW,gold,500,50%,euw
Sapfyr#EUW,gold,500,56%,euw
Prolageurx#EUW,gold,500,49%,euw
Rafik Saïfi#GOAT,gold,500,69%,euw
Voice In My Head#DURKA,gold,500,35%,euw
matschr#888,gold,888,51%,euw
Skorel#LOL,gold,500,57%,euw
KidnoT#1337,gold,500,50%,euw
kick navfa143#00001,gold,500,57%,euw
zimzalabim#loona,gold,500,50%,euw
mLoon#7736,gold,500,35%,euw
Duvy888#D888,gold,500,50%,euw
Phawphen#7766,gold,500,30%,euw
CrecheArsonist#Burnt,gold,500,44%,euw
Oclos95#zeubb,gold,500,42%,euw
GyxhJunior#6969,gold,500,35%,euw
Gay#5960,gold,500,42%,euw
Zaraiscadam#EUW,gold,500,38%,euw
0GankwinURlane#tybro,gold,500,34%,euw
Topkakss#EUW,gold,500,49%,euw
Protoman123456#EUW,gold,500,64%,euw
TIGRA#1234,gold,500,48%,euw
PtCCM#PEMWE,gold,500,57%,euw
AlvaHosea#EUW,gold,500,36%,euw
Lawsanya#EUW,gold,500,44%,euw
Marck#WORLD,gold,500,48%,euw
Sayf#BONK,gold,500,47%,euw
SOUS DOPAMINE#EUWW,gold,500,49%,euw
FeiduxL#EUW,gold,500,47%,euw
KC Léburnes#kaka,gold,500,45%,euw
11PA5PM#EUW,gold,500,47%,euw
Kami5#000,gold,000,44%,euw
KC  biboou#1011,gold,500,49%,euw
KC Naingui#2326,gold,500,44%,euw
NoYggdrasil#EUW,gold,500,40%,euw
MySkill#EZZ,gold,500,39%,euw
Tashiro#7250,gold,500,37%,euw
asbjorn1203#EUW,gold,500,54%,euw
NeedGothGF#AAA,gold,500,38%,euw
miles morales#3KK0,gold,500,46%,euw
Warkev13#EUW,gold,500,50%,euw
Hit 4 Crit TrYnd#EUW,gold,500,57%,euw
EZyacccine#EUW,gold,500,49%,euw
FoxSinKaufi#EUW,gold,500,46%,euw
Chat Ban Prophet#Toxic,gold,500,55%,euw
tiroarAPISSE#12345,gold,500,50%,euw
Rοcky#EUW,gold,500,47%,euw
BaveDeGrenouille#4160,gold,416,54%,euw
URGOD#FOA,gold,500,52%,euw
ORANGE DEVIL#EUW,gold,500,48%,euw
jenny19feucht#199,gold,199,40%,euw
R Y U M A#DoD,gold,500,51%,euw
UtopicVenom#EUW,gold,500,67%,euw
FontyAtomic90#0912,gold,500,40%,euw
Necrophag#Русы,gold,500,43%,euw
Goody#4279,gold,500,42%,euw
Célia Tansel#mytho,gold,500,50%,euw
Drewniak25#WOOD,gold,500,49%,euw
FrodoFraggings#EUW,gold,500,50%,euw
Espardian#EUW,gold,500,60%,euw
PuppalBomber#EUW,gold,500,55%,euw
IBark4hotWomen#uwu\,gold,8,34%,euw
Smiley#69696\,gold,1,,euw
Somali Bakery#EUW\,gold,1,,euw
Han Solo kiu#EUW\,gold,1,,euw
Piplup#Diff\,gold,1,,euw
Dr Hakunamatata#EUW\,gold,1,,euw
ShinobiExecution#EUW\,gold,1,,euw
16rango61#RANGO\,gold,1,,euw
Toni#WToni\,gold,1,,euw
spareribskonhulo#161O\,gold,1,,euw
Lil Ruler#KRR\,gold,1,,euw
WuriWürger#EUW\,gold,1,3%,euw
Marmeladtagg#EUW\,gold,1,,euw
El John Key#EUW\,gold,1,,euw
Proper Chad#EUW\,gold,1,,euw
King Of Curses#ZKX\,gold,1,,euw
Soundry#EUW\,gold,1,,euw
MrOber#EUW\,gold,1,,euw
ORLD Freezer#EUW\,gold,1,,euw
Im Pobe#EUW\,gold,1,,euw
xZabracx#EUW\,gold,1,,euw
Permacomo#kekw\,gold,1,,euw
Kushin#Kuram\,gold,1,,euw
Ganked by Milf#1747\,gold,1,,euw
Hectaria fanboy#SEN\,gold,1,,euw
Kiéros#7422\,gold,1,3%,euw
ValyrianShíeld#EUW\,gold,1,3%,euw
MyNeighborJotaro#EUW\,gold,1,,euw
Baberger#EUW\,gold,1,,euw
FS Spartan#EUW\,gold,1,,euw
noweah#EUW\,gold,1,,euw
KalleAusKieI#EUW\,gold,1,,euw
gadou78#130\,gold,1,,euw
Pamak zoo#EUW\,gold,1,,euw
EiNxScHLuckSaHnE#EUW\,gold,1,,euw
TheRealAppleTree#EUW\,gold,1,,euw
DD Qu3nTonZ#EUW\,gold,1,,euw
Mayarisa#EUW\,gold,1,,euw
Billy el Gancho#6217\,gold,1,,euw
Omood#EUW\,gold,1,,euw
Sapfyr#EUW\,gold,1,,euw
Prolageurx#EUW\,gold,1,,euw
Rafik Saïfi#GOAT\,gold,1,3%,euw
Voice In My Head#DURKA\,gold,1,,euw
matschr#888\,gold,1,,euw
Skorel#LOL\,gold,1,,euw
KidnoT#1337\,gold,1,,euw
kick navfa143#00001\,gold,1,,euw
zimzalabim#loona\,gold,1,,euw
mLoon#7736\,gold,1,,euw
Duvy888#D888\,gold,1,,euw
Phawphen#7766\,gold,1,,euw
CrecheArsonist#Burnt\,gold,1,,euw
Oclos95#zeubb\,gold,1,,euw
GyxhJunior#6969\,gold,1,,euw
Gay#5960\,gold,1,,euw
Zaraiscadam#EUW\,gold,1,,euw
0GankwinURlane#tybro\,gold,1,,euw
Topkakss#EUW\,gold,1,,euw
Protoman123456#EUW\,gold,1,,euw
TIGRA#1234\,gold,1,,euw
PtCCM#PEMWE\,gold,1,,euw
AlvaHosea#EUW\,gold,1,,euw
Lawsanya#EUW\,gold,1,,euw
Marck#WORLD\,gold,1,,euw
Sayf#BONK\,gold,1,,euw
SOUS DOPAMINE#EUWW\,gold,1,,euw
FeiduxL#EUW\,gold,1,,euw
KC Léburnes#kaka\,gold,1,3%,euw
11PA5PM#EUW\,gold,1,,euw
Kami5#000\,gold,1,,euw
KC  biboou#1011\,gold,1,20%,euw
KC Naingui#2326\,gold,1,,euw
NoYggdrasil#EUW\,gold,1,,euw
MySkill#EZZ\,gold,1,,euw
Tashiro#7250\,gold,1,,euw
asbjorn1203#EUW\,gold,1,,euw
NeedGothGF#AAA\,gold,1,,euw
miles morales#3KK0\,gold,1,,euw
Warkev13#EUW\,gold,1,,euw
Hit 4 Crit TrYnd#EUW\,gold,1,204%,euw
EZyacccine#EUW\,gold,1,,euw
FoxSinKaufi#EUW\,gold,1,,euw
Chat Ban Prophet#Toxic\,gold,1,,euw
tiroarAPISSE#12345\,gold,1,,euw
Rοcky#EUW\,gold,1,,euw
BaveDeGrenouille#4160\,gold,1,,euw
URGOD#FOA\,gold,1,,euw
ORANGE DEVIL#EUW\,gold,1,,euw
jenny19feucht#199\,gold,1,,euw
R Y U M A#DoD\,gold,1,,euw
UtopicVenom#EUW\,gold,1,,euw
FontyAtomic90#0912\,gold,1,,euw
Necrophag#Русы\,gold,1,0%,euw
Goody#4279\,gold,1,,euw
Célia Tansel#mytho\,gold,1,3%,euw
Drewniak25#WOOD\,gold,1,,euw
FrodoFraggings#EUW\,gold,1,,euw
Espardian#EUW\,gold,1,,euw
PuppalBomber#EUW\,gold,1,,euw
BrohMinh#EUW,gold,500,,euw
hum humm#EUW,gold,500,41%,euw
MattyG123#OSAT1,gold,500,49%,euw
Cosmσ#1212,gold,500,48%,euw
wiiizad#EUW,gold,500,43%,euw
Schw1nge#EUW,gold,500,52%,euw
IИΞFC MDKanimals#28723,gold,28,55%,euw
αlεxςf18#EUW,gold,500,48%,euw
its Penzi#EUW,gold,500,41%,euw
AiKeG#EUW,gold,500,48%,euw
SQD Legend#EUW,gold,500,52%,euw
C a i c o#NWJNS,gold,500,60%,euw
sparki11#EUW,gold,500,62%,euw
Lad Joint DumaiR#EUW,gold,500,56%,euw
LeYoyo#YOYO,gold,500,49%,euw
SOUPEUR 2 LUXE#3ARC,gold,500,48%,euw
DôgôMingo#EUW,gold,500,47%,euw
Zangeetsuu#EUW,gold,500,49%,euw
Yurengan#EUW,gold,500,53%,euw
BrutalArno#EUW,gold,500,52%,euw
Trobby#EUW,gold,500,100%,euw
specified summ#EUW,gold,500,44%,euw
BDN NeQz#1EUW,gold,500,57%,euw
Dondochakka#BLCH,gold,500,48%,euw
T0X1CPLAYER#EUW,gold,500,46%,euw
DW Im Skayling #EUW,gold,500,43%,euw
TheKiub#EUW,gold,500,47%,euw
tiiimo246#EUW12,gold,500,41%,euw
Gratt0wned#EUW,gold,500,50%,euw
Mega Gengar#Ghst,gold,500,47%,euw
josejex#EUW,gold,500,49%,euw
Lifestone#TND,gold,500,49%,euw
LegenderArc#EUW,gold,500,50%,euw
ItzThaBomB#EUW,gold,500,34%,euw
LaPro Enmadaio#1234,gold,500,46%,euw
Twinnis#EUW,gold,500,48%,euw
ASlothfulSloth#EUW,gold,500,52%,euw
KokaliXtel#2838,gold,500,44%,euw
Cho ah#2102,gold,500,48%,euw
Dostoevsk#Lone,gold,500,43%,euw
ZBB Ravyn#TDB,gold,500,48%,euw
Snastidiff#EU94,gold,500,51%,euw
HightowerV2#1995,gold,500,50%,euw
GS4#6969,gold,500,43%,euw
lloaz#2286,gold,500,53%,euw
heaven#20041,gold,500,42%,euw
MrCox#493,gold,493,67%,euw
look killa#chaos,gold,500,57%,euw
Popoi#555,gold,555,46%,euw
let me be#baha,gold,500,52%,euw
FeedforAfrica#AFR,gold,500,58%,euw
DeChase#3040,gold,500,53%,euw
mochiboy01#EUW,gold,500,46%,euw
Noxzius999#99917,gold,500,56%,euw
Rick Grimes#TWDDD,gold,500,44%,euw
Canyon UwU#EUW,gold,500,50%,euw
Poséidoon#66666,gold,500,45%,euw
TheDerpp#EUW,gold,500,38%,euw
grinder#8000,gold,500,54%,euw
VanRavn#6407,gold,500,48%,euw
StanfordbOiZk#EUW,gold,500,45%,euw
Tobi#JALIL,gold,500,51%,euw
JE JOUE SHACO#EUW,gold,500,47%,euw
IKEA Shork#EUW,gold,500,46%,euw
Acivss Fanboy#EUW,gold,500,62%,euw
BET365 WINNER#ESP,gold,500,40%,euw
Ando#8776,gold,500,20%,euw
IsoldeLeftMe#Ruin,gold,500,50%,euw
Ferarchi02#EUW,gold,500,34%,euw
Phyx#0805,gold,500,53%,euw
pOrTAkaLsOyaRıM#NBR,gold,500,50%,euw
NeekoRobin#1392,gold,500,40%,euw
sopa de patatas#6969,gold,696,60%,euw
bippo#xxxxx,gold,500,46%,euw
pro2004#EUW,gold,500,47%,euw
Runaway Dad#Milk,gold,500,46%,euw
AdePade#EUW,gold,500,48%,euw
Mao Zhu Xi#1989,gold,500,50%,euw
Voxwell67#VOX,gold,500,49%,euw
PhileinApeiron#EUW,gold,500,61%,euw
RAPJOAN#EUW,gold,500,53%,euw
Toa#EUW,gold,500,46%,euw
NEROR#NEROR,gold,500,33%,euw
EvilSerpent#RU1,gold,500,57%,euw
TheDarkInYou#EUW,gold,500,41%,euw
akleble#cow,gold,500,46%,euw
One Clown#EUW,gold,500,45%,euw
callclem#EUW,gold,500,47%,euw
CantSeeCantPlay#BLIND,gold,500,20%,euw
GIIIRST#EUW,gold,500,46%,euw
PETERS BENZ#8760,gold,500,49%,euw
Nedwin#EUW,gold,500,20%,euw
Gumayusi#2708,gold,500,0%,euw
IRUKYEO#NOOB,gold,500,20%,euw
MangeurDeBmw#EUW,gold,500,42%,euw
Naayne#SLYT,gold,500,20%,euw
HearoxD#EUW,gold,500,20%,euw
怎么会忘掉你所有#6537,gold,500,20%,euw
it1syedog#EUW,gold,500,20%,euw
Le bô Jeü#mange,gold,500,20%,euw
BrohMinh#EUW\,gold,8,48%,euw
hum humm#EUW\,gold,1,,euw
MattyG123#OSAT1\,gold,1,,euw
Cosmσ#1212\,gold,1,,euw
wiiizad#EUW\,gold,1,,euw
Schw1nge#EUW\,gold,1,,euw
IИΞFC MDKanimals#28723\,gold,1,0%,euw
αlεxςf18#EUW\,gold,1,,euw
its Penzi#EUW\,gold,1,,euw
AiKeG#EUW\,gold,1,,euw
SQD Legend#EUW\,gold,1,,euw
C a i c o#NWJNS\,gold,1,,euw
sparki11#EUW\,gold,1,,euw
Lad Joint DumaiR#EUW\,gold,1,,euw
LeYoyo#YOYO\,gold,1,,euw
SOUPEUR 2 LUXE#3ARC\,gold,1,202%,euw
DôgôMingo#EUW\,gold,1,3%,euw
Zangeetsuu#EUW\,gold,1,,euw
Yurengan#EUW\,gold,1,,euw
BrutalArno#EUW\,gold,1,,euw
Trobby#EUW\,gold,1,,euw
specified summ#EUW\,gold,1,,euw
BDN NeQz#1EUW\,gold,1,,euw
Dondochakka#BLCH\,gold,1,,euw
T0X1CPLAYER#EUW\,gold,1,,euw
DW Im Skayling #EUW\,gold,1,,euw
TheKiub#EUW\,gold,1,,euw
tiiimo246#EUW12\,gold,1,,euw
Gratt0wned#EUW\,gold,1,,euw
Mega Gengar#Ghst\,gold,1,,euw
josejex#EUW\,gold,1,,euw
Lifestone#TND\,gold,1,,euw
LegenderArc#EUW\,gold,1,,euw
ItzThaBomB#EUW\,gold,1,,euw
LaPro Enmadaio#1234\,gold,1,,euw
Twinnis#EUW\,gold,1,,euw
ASlothfulSloth#EUW\,gold,1,,euw
KokaliXtel#2838\,gold,1,,euw
Cho ah#2102\,gold,1,,euw
Dostoevsk#Lone\,gold,1,,euw
ZBB Ravyn#TDB\,gold,1,,euw
Snastidiff#EU94\,gold,1,,euw
HightowerV2#1995\,gold,1,,euw
GS4#6969\,gold,1,,euw
lloaz#2286\,gold,1,,euw
heaven#20041\,gold,1,,euw
MrCox#493\,gold,1,,euw
look killa#chaos\,gold,1,,euw
Popoi#555\,gold,1,,euw
let me be#baha\,gold,1,,euw
FeedforAfrica#AFR\,gold,1,,euw
DeChase#3040\,gold,1,,euw
mochiboy01#EUW\,gold,1,,euw
Noxzius999#99917\,gold,1,,euw
Rick Grimes#TWDDD\,gold,1,,euw
Canyon UwU#EUW\,gold,1,,euw
Poséidoon#66666\,gold,1,3%,euw
TheDerpp#EUW\,gold,1,,euw
grinder#8000\,gold,1,,euw
VanRavn#6407\,gold,1,,euw
StanfordbOiZk#EUW\,gold,1,,euw
Tobi#JALIL\,gold,1,,euw
JE JOUE SHACO#EUW\,gold,1,,euw
IKEA Shork#EUW\,gold,1,,euw
Acivss Fanboy#EUW\,gold,1,,euw
BET365 WINNER#ESP\,gold,1,365%,euw
Ando#8776\,gold,1,,euw
IsoldeLeftMe#Ruin\,gold,1,,euw
Ferarchi02#EUW\,gold,1,,euw
Phyx#0805\,gold,1,,euw
pOrTAkaLsOyaRıM#NBR\,gold,1,4%,euw
NeekoRobin#1392\,gold,1,,euw
sopa de patatas#6969\,gold,1,,euw
bippo#xxxxx\,gold,1,,euw
pro2004#EUW\,gold,1,,euw
Runaway Dad#Milk\,gold,1,,euw
AdePade#EUW\,gold,1,,euw
Mao Zhu Xi#1989\,gold,1,,euw
Voxwell67#VOX\,gold,1,,euw
PhileinApeiron#EUW\,gold,1,,euw
RAPJOAN#EUW\,gold,1,,euw
Toa#EUW\,gold,1,,euw
NEROR#NEROR\,gold,1,,euw
EvilSerpent#RU1\,gold,1,,euw
TheDarkInYou#EUW\,gold,1,,euw
akleble#cow\,gold,1,,euw
One Clown#EUW\,gold,1,,euw
callclem#EUW\,gold,1,,euw
CantSeeCantPlay#BLIND\,gold,1,,euw
GIIIRST#EUW\,gold,1,,euw
PETERS BENZ#8760\,gold,1,,euw
Nedwin#EUW\,gold,1,,euw
Gumayusi#2708\,gold,1,,euw
IRUKYEO#NOOB\,gold,1,,euw
MangeurDeBmw#EUW\,gold,1,,euw
Naayne#SLYT\,gold,1,,euw
HearoxD#EUW\,gold,1,,euw
怎么会忘掉你所有#6537\,gold,1,6%,euw
it1syedog#EUW\,gold,1,,euw
Le bô Jeü#mange\,gold,1,3%,euw
LT21#2000,gold,500,,euw
Lecs#EUW,gold,500,20%,euw
One Autumn Leaf#MilKa,gold,500,20%,euw
donito64#EUW,gold,500,20%,euw
ddeityy#7388,gold,500,20%,euw
Not A True Carry#EUW,gold,500,20%,euw
lex#1469,gold,500,20%,euw
Stullenandi#91169,gold,500,20%,euw
Nonojim#EUW,gold,500,20%,euw
Meocorreia#EUW,gold,500,0%,euw
Eri Shiina#EUW,gold,500,46%,euw
zinfred#EUW,gold,500,47%,euw
RELLing Stones#KEKW,gold,500,30%,euw
Platanose#EUW,gold,500,20%,euw
CourseFire#EUW,gold,500,20%,euw
Kevkeve#EUW,gold,500,40%,euw
EloBuddydotexe#EUW,gold,500,40%,euw
SESTRA#1234,gold,500,27%,euw
FNC Proporlyz#EUW,gold,500,37%,euw
Zhanyas#EUW,gold,500,20%,euw
bögen#EUW,gold,500,100%,euw
Zkeri#3E3,gold,500,27%,euw
firask#369,gold,369,40%,euw
Daemon The King#2247,gold,224,20%,euw
JaimePalaisNoir#Azy,gold,500,20%,euw
latengoWruesa#2233,gold,500,20%,euw
FirexLight#EUW,gold,500,20%,euw
Testsieger#420,gold,420,29%,euw
Entä#DPD,gold,500,29%,euw
Jim#POG,gold,500,20%,euw
IIPickle RıckII#EUW,gold,500,20%,euw
yhui#happy,gold,500,52%,euw
Fée Clocharde#PAN,gold,500,20%,euw
Seonjun#EUW,gold,500,27%,euw
memory card#EUW,gold,500,20%,euw
Ghostcat7#EUW,gold,500,51%,euw
Shyzuhh#EUW,gold,500,38%,euw
PUEBLO blue#smoke,gold,500,37%,euw
Elch1#OPT,gold,500,20%,euw
Losethose#SUP,gold,500,20%,euw
NowShesPregnant#FNC,gold,500,37%,euw
Treyshark#Shark,gold,500,20%,euw
Asuka Shikinami#002,gold,002,20%,euw
Pipi et Caca#RMD,gold,500,20%,euw
Luka Dončić#DM77,gold,500,46%,euw
Freckles#EUWW,gold,500,20%,euw
ShacORodrigo#4U00,gold,500,20%,euw
ToxicGhost#7460,gold,500,20%,euw
Auresline#EUW,gold,500,20%,euw
Blapped Hertug#EUW,gold,500,0%,euw
ShadyGosu#EUW,gold,500,27%,euw
PANaçaient#EUW,gold,500,20%,euw
Hu4n6#086,gold,086,20%,euw
Mini Polizei Mac#BAGAR,gold,500,27%,euw
Grömö#EUW,gold,500,40%,euw
Foxy Cheiroso#EUW,gold,500,27%,euw
Rial#BAS,gold,500,50%,euw
MykyDragonZ#EUW,gold,500,20%,euw
PYTHAGORAS SATS#EUW,gold,500,48%,euw
Sheikh my Jake#EUW,gold,500,20%,euw
Shrek#SEB,gold,500,20%,euw
Héndragon#EUW,gold,500,20%,euw
Pryxin#prxn,gold,500,20%,euw
Pipen#TDB,gold,500,20%,euw
Ramtin de ragger#2070,gold,207,20%,euw
DaCapo333#EUW,gold,500,20%,euw
Miss Elynae#3110,gold,500,20%,euw
TMA CheeseFarmer#EUW,gold,500,29%,euw
Starproject#FNC,gold,500,27%,euw
zaτon#lol,gold,500,20%,euw
Mr Cheeserman#KIRA,gold,500,20%,euw
Virtuxse#EUW,gold,500,20%,euw
Son of Jukester#Rank1,gold,500,20%,euw
Blaçk Ðº Prince#EUW,gold,500,20%,euw
xderLeser#EUW,gold,500,20%,euw
BungeeGum#Hwei,gold,500,44%,euw
Sahow#123,gold,123,27%,euw
NightKnight2700#EUW,gold,500,46%,euw
ΟιíνSíllôµχ#EUW,gold,500,20%,euw
Epsilonnn#EUW,gold,500,27%,euw
ExoticPick#PICK,gold,500,27%,euw
Lasme#S04,gold,500,54%,euw
Life is Art#1313,gold,500,20%,euw
Small Spark#Seb,gold,500,33%,euw
Ringe Inge#Boog,gold,500,0%,euw
deos ultimate#EUW,gold,500,48%,euw
Mateuszek#Mate,gold,500,20%,euw
Aldurini#EUW,gold,500,20%,euw
ObviousLuki#EUW,gold,500,50%,euw
The Fuß Kelp#KELP,gold,500,20%,euw
The ElementDeath#EUW,gold,500,20%,euw
Flan Mysterieux#EUROP,gold,500,20%,euw
Sarckastick#EUW,gold,500,53%,euw
Chustasenjoyer#ojela,gold,500,30%,euw
Velkuzz#EUW,gold,500,20%,euw
Yung Wetto#GREY,gold,500,20%,euw
DrêXeL#EUW,gold,500,50%,euw
giga baltringue#RSA,gold,500,31%,euw
Captain BigMonke#Monke,gold,500,20%,euw
Manwi#888,gold,888,44%,euw
LT21#2000\,gold,8,20%,euw
Lecs#EUW\,gold,1,,euw
One Autumn Leaf#MilKa\,gold,1,,euw
donito64#EUW\,gold,1,,euw
ddeityy#7388\,gold,1,,euw
Not A True Carry#EUW\,gold,1,,euw
lex#1469\,gold,1,,euw
Stullenandi#91169\,gold,1,,euw
Nonojim#EUW\,gold,1,,euw
Meocorreia#EUW\,gold,1,,euw
Eri Shiina#EUW\,gold,1,,euw
zinfred#EUW\,gold,1,,euw
RELLing Stones#KEKW\,gold,1,,euw
Platanose#EUW\,gold,1,,euw
CourseFire#EUW\,gold,1,,euw
Kevkeve#EUW\,gold,1,,euw
EloBuddydotexe#EUW\,gold,1,,euw
SESTRA#1234\,gold,1,,euw
FNC Proporlyz#EUW\,gold,1,,euw
Zhanyas#EUW\,gold,1,,euw
bögen#EUW\,gold,1,3%,euw
Zkeri#3E3\,gold,1,,euw
firask#369\,gold,1,,euw
Daemon The King#2247\,gold,1,,euw
JaimePalaisNoir#Azy\,gold,1,,euw
latengoWruesa#2233\,gold,1,,euw
FirexLight#EUW\,gold,1,,euw
Testsieger#420\,gold,1,,euw
Entä#DPD\,gold,1,3%,euw
Jim#POG\,gold,1,,euw
IIPickle RıckII#EUW\,gold,1,4%,euw
yhui#happy\,gold,1,,euw
Fée Clocharde#PAN\,gold,1,3%,euw
Seonjun#EUW\,gold,1,,euw
memory card#EUW\,gold,1,,euw
Ghostcat7#EUW\,gold,1,,euw
Shyzuhh#EUW\,gold,1,,euw
PUEBLO blue#smoke\,gold,1,,euw
Elch1#OPT\,gold,1,,euw
Losethose#SUP\,gold,1,,euw
NowShesPregnant#FNC\,gold,1,,euw
Treyshark#Shark\,gold,1,,euw
Asuka Shikinami#002\,gold,1,,euw
Pipi et Caca#RMD\,gold,1,,euw
Luka Dončić#DM77\,gold,1,4%,euw
Freckles#EUWW\,gold,1,,euw
ShacORodrigo#4U00\,gold,1,,euw
ToxicGhost#7460\,gold,1,,euw
Auresline#EUW\,gold,1,,euw
Blapped Hertug#EUW\,gold,1,,euw
ShadyGosu#EUW\,gold,1,,euw
PANaçaient#EUW\,gold,1,3%,euw
Hu4n6#086\,gold,1,,euw
Mini Polizei Mac#BAGAR\,gold,1,,euw
Grömö#EUW\,gold,1,3%,euw
Foxy Cheiroso#EUW\,gold,1,,euw
Rial#BAS\,gold,1,,euw
MykyDragonZ#EUW\,gold,1,,euw
PYTHAGORAS SATS#EUW\,gold,1,,euw
Sheikh my Jake#EUW\,gold,1,,euw
Shrek#SEB\,gold,1,,euw
Héndragon#EUW\,gold,1,3%,euw
Pryxin#prxn\,gold,1,,euw
Pipen#TDB\,gold,1,,euw
Ramtin de ragger#2070\,gold,1,,euw
DaCapo333#EUW\,gold,1,,euw
Miss Elynae#3110\,gold,1,,euw
TMA CheeseFarmer#EUW\,gold,1,,euw
Starproject#FNC\,gold,1,,euw
zaτon#lol\,gold,1,,euw
Mr Cheeserman#KIRA\,gold,1,,euw
Virtuxse#EUW\,gold,1,,euw
Son of Jukester#Rank1\,gold,1,,euw
Blaçk Ðº Prince#EUW\,gold,1,3%,euw
xderLeser#EUW\,gold,1,,euw
BungeeGum#Hwei\,gold,1,,euw
Sahow#123\,gold,1,,euw
NightKnight2700#EUW\,gold,1,,euw
ΟιíνSíllôµχ#EUW\,gold,1,9%,euw
Epsilonnn#EUW\,gold,1,,euw
ExoticPick#PICK\,gold,1,,euw
Lasme#S04\,gold,1,,euw
Life is Art#1313\,gold,1,,euw
Small Spark#Seb\,gold,1,,euw
Ringe Inge#Boog\,gold,1,,euw
deos ultimate#EUW\,gold,1,,euw
Mateuszek#Mate\,gold,1,,euw
Aldurini#EUW\,gold,1,,euw
ObviousLuki#EUW\,gold,1,,euw
The Fuß Kelp#KELP\,gold,1,3%,euw
The ElementDeath#EUW\,gold,1,,euw
Flan Mysterieux#EUROP\,gold,1,,euw
Sarckastick#EUW\,gold,1,,euw
Chustasenjoyer#ojela\,gold,1,,euw
Velkuzz#EUW\,gold,1,,euw
Yung Wetto#GREY\,gold,1,,euw
DrêXeL#EUW\,gold,1,3%,euw
giga baltringue#RSA\,gold,1,,euw
Captain BigMonke#Monke\,gold,1,,euw
Manwi#888\,gold,1,,euw
Question Marc#Hola,gold,500,,euw
LBJordan#EUW,gold,500,20%,euw
Tusssyc4rio#1PA,gold,500,20%,euw
Muckoznost#EUW,gold,500,20%,euw
Nonmanufacturedu#EUW,gold,500,49%,euw
AlbisLTUEuw#EUW,gold,500,20%,euw
Spirix#Kun,gold,500,42%,euw
1D20#Miki,gold,500,20%,euw
让我们草着走#发送他们家,gold,500,37%,euw
taz427#ORNN,gold,500,20%,euw
Skyclay#DIO,gold,500,54%,euw
Goshmog#EUW,gold,500,24%,euw
HamsiBamsti#EUW,gold,500,20%,euw
tgmad le sakhsss#EUW,gold,500,20%,euw
colaknuseren#EUW,gold,500,47%,euw
GFY Gigat712#EUW,gold,500,44%,euw
Shaolin arc#calm,gold,500,20%,euw
HellfireA3#EUW,gold,500,20%,euw
Erza#X0765,gold,500,20%,euw
eGunar#EUW,gold,500,20%,euw
Thozot8#EUW,gold,500,100%,euw
T1t4n1cSwimTeam#000,gold,000,20%,euw
Pearcey#DOG,gold,500,20%,euw
Backshot John#00000,gold,500,20%,euw
Nymeris#6969,gold,500,0%,euw
Qin Shi Huang#OO1,gold,500,20%,euw
Fernandes#PTM,gold,500,44%,euw
Rekenade#EUW,gold,500,20%,euw
PROJECT RockY#EUW,gold,500,0%,euw
Azro#bite,gold,500,20%,euw
CruccoIncazzato#EUW,gold,500,20%,euw
Crobon#EUW,gold,500,54%,euw
Keon71#EUW,gold,500,20%,euw
SpOnLyPs#EUW,gold,500,20%,euw
Okr16#EUW,gold,500,20%,euw
SLY McRonaladim#EUW,gold,500,20%,euw
Pyrognix#EUW,gold,500,20%,euw
Ocean44#EUW,gold,500,20%,euw
187 lp lost#EUW,gold,187,29%,euw
Lai Lai Hei#rgrg,gold,500,0%,euw
batman 007#EUW,gold,500,20%,euw
Erdim#047,gold,047,58%,euw
Tokisaka Kurumi#EUW,gold,500,20%,euw
LesioB#EUW,gold,500,27%,euw
警長23#EUW23,gold,500,52%,euw
SurveyCorp Demki#EUW,gold,500,20%,euw
MoonLight77#M00N,gold,500,20%,euw
Kommandotomate#EUW,gold,500,37%,euw
BentleyCuz#EUW,gold,500,20%,euw
Akshan#jimmy,gold,500,20%,euw
Saber#YX80,gold,500,20%,euw
Kazuha Nakamura#6087,gold,608,44%,euw
bloodhunterxf#EUW,gold,500,20%,euw
K9 Vex#EUW,gold,500,20%,euw
Yonggukk#EUW,gold,500,20%,euw
Sebø#RIZ,gold,500,20%,euw
hi im vilme#EUW,gold,500,20%,euw
sTHRESHed#EUW,gold,500,41%,euw
Mangodinho#EUW,gold,500,20%,euw
Alex9494#TESS,gold,500,46%,euw
GTD Sempapaï#7223,gold,500,20%,euw
xemir68#EUW,gold,500,37%,euw
syre#3902,gold,500,20%,euw
The Zorlok#EUW,gold,500,48%,euw
BlurryVison#EUE,gold,500,44%,euw
Creed Lipe#EUW,gold,500,20%,euw
MrCiby#EUW,gold,500,20%,euw
MeBullyYou#EUW,gold,500,20%,euw
Greedisback#EUW,gold,500,51%,euw
αlεxαndrε#KEEK,gold,500,20%,euw
Aria#NONO,gold,500,51%,euw
B5 eBay#EUW,gold,500,20%,euw
Factöry#EUW,gold,500,20%,euw
Smkaï#EUW,gold,500,38%,euw
Kiroya#Kiro,gold,500,38%,euw
jey floud#EUW,gold,500,20%,euw
Nitchas#EUW,gold,500,44%,euw
Zackerion#EUW,gold,500,20%,euw
Rain I RTS#EUW,gold,500,20%,euw
EinePriseSalZz#1337,gold,500,49%,euw
ncross10#EUW,gold,500,20%,euw
THE PRODIGY#MEGA,gold,500,0%,euw
HyperIarry#EUW,gold,500,20%,euw
Lapipe Baveuse#EUW,gold,500,20%,euw
Cover Lovers7#EUW,gold,500,20%,euw
High PapaSmurf#EUW,gold,500,20%,euw
Bobo Merenda#EUW,gold,500,20%,euw
El Kyrie#EUW,gold,500,50%,euw
sraxbad#EUW,gold,500,20%,euw
I have no Bock#EUW,gold,500,0%,euw
Popshot#CSS,gold,500,40%,euw
wit da big ting#EUW,gold,500,20%,euw
Fietsopa#42054,gold,500,20%,euw
Night Raid#3176,gold,500,20%,euw
Kezuji#EUW,gold,500,20%,euw
TeachMeDaddy#8020,gold,500,20%,euw
Deisukey#Aydel,gold,500,27%,euw
SgtReynolds#EUW,gold,500,20%,euw
Sensei Koeda#EUW,gold,500,40%,euw
Jeanbragaz#NOOB,gold,500,20%,euw
Question Marc#Hola\,gold,8,20%,euw
LBJordan#EUW\,gold,1,,euw
Tusssyc4rio#1PA\,gold,1,,euw
Muckoznost#EUW\,gold,1,,euw
Nonmanufacturedu#EUW\,gold,1,,euw
AlbisLTUEuw#EUW\,gold,1,,euw
Spirix#Kun\,gold,1,,euw
1D20#Miki\,gold,1,,euw
让我们草着走#发送他们家\,gold,1,8%,euw
taz427#ORNN\,gold,1,,euw
Skyclay#DIO\,gold,1,,euw
Goshmog#EUW\,gold,1,,euw
HamsiBamsti#EUW\,gold,1,,euw
tgmad le sakhsss#EUW\,gold,1,,euw
colaknuseren#EUW\,gold,1,,euw
GFY Gigat712#EUW\,gold,1,,euw
Shaolin arc#calm\,gold,1,,euw
HellfireA3#EUW\,gold,1,,euw
Erza#X0765\,gold,1,,euw
eGunar#EUW\,gold,1,,euw
Thozot8#EUW\,gold,1,,euw
T1t4n1cSwimTeam#000\,gold,1,,euw
Pearcey#DOG\,gold,1,,euw
Backshot John#00000\,gold,1,,euw
Nymeris#6969\,gold,1,,euw
Qin Shi Huang#OO1\,gold,1,,euw
Fernandes#PTM\,gold,1,,euw
Rekenade#EUW\,gold,1,,euw
PROJECT RockY#EUW\,gold,1,,euw
Azro#bite\,gold,1,,euw
CruccoIncazzato#EUW\,gold,1,,euw
Crobon#EUW\,gold,1,,euw
Keon71#EUW\,gold,1,,euw
SpOnLyPs#EUW\,gold,1,,euw
Okr16#EUW\,gold,1,,euw
SLY McRonaladim#EUW\,gold,1,,euw
Pyrognix#EUW\,gold,1,,euw
Ocean44#EUW\,gold,1,,euw
187 lp lost#EUW\,gold,20,187%,euw
Lai Lai Hei#rgrg\,gold,1,,euw
batman 007#EUW\,gold,1,,euw
Erdim#047\,gold,1,,euw
Tokisaka Kurumi#EUW\,gold,1,,euw
LesioB#EUW\,gold,1,,euw
警長23#EUW23\,gold,1,8%,euw
SurveyCorp Demki#EUW\,gold,1,,euw
MoonLight77#M00N\,gold,1,,euw
Kommandotomate#EUW\,gold,1,,euw
BentleyCuz#EUW\,gold,1,,euw
Akshan#jimmy\,gold,1,,euw
Saber#YX80\,gold,1,,euw
Kazuha Nakamura#6087\,gold,1,,euw
bloodhunterxf#EUW\,gold,1,,euw
K9 Vex#EUW\,gold,1,9%,euw
Yonggukk#EUW\,gold,1,,euw
Sebø#RIZ\,gold,1,3%,euw
hi im vilme#EUW\,gold,1,,euw
sTHRESHed#EUW\,gold,1,,euw
Mangodinho#EUW\,gold,1,,euw
Alex9494#TESS\,gold,1,,euw
GTD Sempapaï#7223\,gold,1,3%,euw
xemir68#EUW\,gold,1,,euw
syre#3902\,gold,1,,euw
The Zorlok#EUW\,gold,1,,euw
BlurryVison#EUE\,gold,1,,euw
Creed Lipe#EUW\,gold,1,,euw
MrCiby#EUW\,gold,1,,euw
MeBullyYou#EUW\,gold,1,,euw
Greedisback#EUW\,gold,1,,euw
αlεxαndrε#KEEK\,gold,1,,euw
Aria#NONO\,gold,1,,euw
B5 eBay#EUW\,gold,1,5%,euw
Factöry#EUW\,gold,1,3%,euw
Smkaï#EUW\,gold,1,3%,euw
Kiroya#Kiro\,gold,1,,euw
jey floud#EUW\,gold,1,,euw
Nitchas#EUW\,gold,1,,euw
Zackerion#EUW\,gold,1,,euw
Rain I RTS#EUW\,gold,1,,euw
EinePriseSalZz#1337\,gold,1,,euw
ncross10#EUW\,gold,1,,euw
THE PRODIGY#MEGA\,gold,1,,euw
HyperIarry#EUW\,gold,1,,euw
Lapipe Baveuse#EUW\,gold,1,,euw
Cover Lovers7#EUW\,gold,1,,euw
High PapaSmurf#EUW\,gold,1,,euw
Bobo Merenda#EUW\,gold,1,,euw
El Kyrie#EUW\,gold,1,,euw
sraxbad#EUW\,gold,1,,euw
I have no Bock#EUW\,gold,1,,euw
Popshot#CSS\,gold,1,,euw
wit da big ting#EUW\,gold,1,,euw
Fietsopa#42054\,gold,1,,euw
Night Raid#3176\,gold,1,,euw
Kezuji#EUW\,gold,1,,euw
TeachMeDaddy#8020\,gold,1,,euw
Deisukey#Aydel\,gold,1,,euw
SgtReynolds#EUW\,gold,1,,euw
Sensei Koeda#EUW\,gold,1,,euw
Jeanbragaz#NOOB\,gold,1,,euw
GokuCrlh#EUW,gold,500,,euw
OVNi#7788,gold,500,20%,euw
PapyChulo#621,gold,621,51%,euw
ReDegliInferi#EUW,gold,500,20%,euw
Bonobo Boosted#EUW,gold,500,44%,euw
Seiichi Sama#EUW,gold,500,20%,euw
Spaced Out#EUW,gold,500,20%,euw
Schrödingerz Kat#EUW,gold,500,20%,euw
CapitainePatoune#MEOW,gold,500,20%,euw
Deagle#7021,gold,500,42%,euw
Nasa#FNC,gold,500,20%,euw
Kiruko#UwU,gold,500,20%,euw
doctertuux#EUW,gold,500,46%,euw
Goldlord100#EUW,gold,500,20%,euw
Mini Noway#SSJ1,gold,500,44%,euw
tomc15#EUW,gold,500,15%,euw
uwu mrvn#EUW,gold,500,27%,euw
GnaTix#EUW,gold,500,20%,euw
Horrífic#EUW,gold,500,20%,euw
Genzu#FREAK,gold,500,49%,euw
BadgamesOnly#EUW,gold,500,100%,euw
W4rden#EUW,gold,500,20%,euw
MiniKennen#Shock,gold,500,20%,euw
llllZeuSllll#EUW,gold,500,44%,euw
Grief tyrant#EUW,gold,500,42%,euw
VH Cleansmann#EUW,gold,500,20%,euw
Vjasal#EUW,gold,500,20%,euw
Abusek1ds#EUW,gold,500,52%,euw
Tetu13#EUW,gold,500,44%,euw
TonyDi#EUW,gold,500,44%,euw
Jayce On Malphit#EUW,gold,500,43%,euw
Lhyrlo#000,gold,000,20%,euw
Horny Thorinque#EUW,gold,500,40%,euw
By like#EUW,gold,500,20%,euw
Rudolf6SlimShady#2832,gold,283,36%,euw
Penpax#EUW,gold,500,20%,euw
Morsen#EUW,gold,500,20%,euw
DCG Senpai Duck#EUW,gold,500,0%,euw
Madgician#MAD,gold,500,20%,euw
SkumbagAsianguy#EUW,gold,500,48%,euw
Sp Beta#EUW,gold,500,20%,euw
hdWh Nastynaigo#EUW,gold,500,20%,euw
Interzone#EUW,gold,500,20%,euw
iPraySheWas18#EUW,gold,500,20%,euw
HunchoSmalls#1997,gold,500,37%,euw
Le Don Dodo#2524,gold,500,20%,euw
SauceAuBeurre#974,gold,974,58%,euw
OBSLY Nefirax#EUW,gold,500,37%,euw
Nihonto#EUW,gold,500,20%,euw
Zeratoss#SWAG,gold,500,20%,euw
VININE Riggy#EUW,gold,500,20%,euw
ExPliZ#EUW,gold,500,20%,euw
FNC WLRZ#EULCS,gold,500,20%,euw
Kröning#EUW,gold,500,61%,euw
Dangles#EUW,gold,500,20%,euw
WZQ Ziegenpeter#EUW,gold,500,20%,euw
Toxo MT#EUW,gold,500,20%,euw
Kuest#GOD,gold,500,20%,euw
Aigrie Number 1#001,gold,001,38%,euw
Bande the Cook#EUW,gold,500,20%,euw
Thebootyclapper6#EUW,gold,500,20%,euw
MaybeLaterx#EUW,gold,500,44%,euw
Lidasel#EUW,gold,500,20%,euw
her dumb pup#9 9 9,gold,9,20%,euw
RawshaTrainer#EUW,gold,500,20%,euw
Jotaro1Kujo#EUW,gold,500,20%,euw
Sgt FatSack#247,gold,247,20%,euw
AOMG Loco#EUW,gold,500,40%,euw
Blödbirne#EUW,gold,500,20%,euw
TryxepS#EUW,gold,500,40%,euw
Vaento#Naist,gold,500,20%,euw
The7DeadlySins#EUWW,gold,500,20%,euw
MitfromKorea#EUW,gold,500,52%,euw
MunK x2#EUW,gold,500,20%,euw
Vâyne GøD#EUW,gold,500,20%,euw
b1S GinZo#EUW,gold,500,20%,euw
flesnie#BUTZ,gold,500,47%,euw
Björn sein Sohn#EUW,gold,500,33%,euw
One Men Legion#EUW,gold,500,20%,euw
xPinoo#EUW,gold,500,41%,euw
evelynns toy#hers,gold,500,20%,euw
BTB Kenai#EUW,gold,500,0%,euw
MetalBleader#EUW,gold,500,51%,euw
TheReal GodGoat#EUW,gold,500,20%,euw
famR#EUW,gold,500,20%,euw
Sir of hunt#EUW,gold,500,20%,euw
XZiggsX#EUW,gold,500,20%,euw
Malan#1109,gold,500,20%,euw
Ahrur#EUW,gold,500,20%,euw
wowscar#EUW,gold,500,20%,euw
missing x peace#EUW,gold,500,20%,euw
THC Sacre#EUW,gold,500,47%,euw
Dinos2#Dinos,gold,500,44%,euw
Olivern#EUW,gold,500,20%,euw
Chris#rito,gold,500,20%,euw
Snake321#EUW,gold,500,20%,euw
Anaphisk#EUW,gold,500,40%,euw
dat guy Happy#EUW,gold,500,36%,euw
better bot wins#EUW,gold,500,49%,euw
Iraq Lobster#RAJOT,gold,500,20%,euw
GokuCrlh#EUW\,gold,8,20%,euw
OVNi#7788\,gold,1,,euw
PapyChulo#621\,gold,1,,euw
ReDegliInferi#EUW\,gold,1,,euw
Bonobo Boosted#EUW\,gold,1,,euw
Seiichi Sama#EUW\,gold,1,,euw
Spaced Out#EUW\,gold,1,,euw
Schrödingerz Kat#EUW\,gold,1,3%,euw
CapitainePatoune#MEOW\,gold,1,,euw
Deagle#7021\,gold,1,,euw
Nasa#FNC\,gold,1,,euw
Kiruko#UwU\,gold,1,,euw
doctertuux#EUW\,gold,1,,euw
Goldlord100#EUW\,gold,1,,euw
Mini Noway#SSJ1\,gold,1,,euw
tomc15#EUW\,gold,1,,euw
uwu mrvn#EUW\,gold,1,,euw
GnaTix#EUW\,gold,1,,euw
Horrífic#EUW\,gold,1,3%,euw
Genzu#FREAK\,gold,1,,euw
BadgamesOnly#EUW\,gold,1,,euw
W4rden#EUW\,gold,1,,euw
MiniKennen#Shock\,gold,1,,euw
llllZeuSllll#EUW\,gold,1,,euw
Grief tyrant#EUW\,gold,1,,euw
VH Cleansmann#EUW\,gold,1,,euw
Vjasal#EUW\,gold,1,,euw
Abusek1ds#EUW\,gold,1,,euw
Tetu13#EUW\,gold,1,,euw
TonyDi#EUW\,gold,1,,euw
Jayce On Malphit#EUW\,gold,1,,euw
Lhyrlo#000\,gold,1,,euw
Horny Thorinque#EUW\,gold,1,,euw
By like#EUW\,gold,1,,euw
Rudolf6SlimShady#2832\,gold,1,,euw
Penpax#EUW\,gold,1,,euw
Morsen#EUW\,gold,1,,euw
DCG Senpai Duck#EUW\,gold,1,,euw
Madgician#MAD\,gold,1,,euw
SkumbagAsianguy#EUW\,gold,1,,euw
Sp Beta#EUW\,gold,1,,euw
hdWh Nastynaigo#EUW\,gold,1,,euw
Interzone#EUW\,gold,1,,euw
iPraySheWas18#EUW\,gold,1,,euw
HunchoSmalls#1997\,gold,1,,euw
Le Don Dodo#2524\,gold,1,,euw
SauceAuBeurre#974\,gold,1,,euw
OBSLY Nefirax#EUW\,gold,1,,euw
Nihonto#EUW\,gold,1,,euw
Zeratoss#SWAG\,gold,1,,euw
VININE Riggy#EUW\,gold,1,,euw
ExPliZ#EUW\,gold,1,,euw
FNC WLRZ#EULCS\,gold,1,,euw
Kröning#EUW\,gold,1,3%,euw
Dangles#EUW\,gold,1,,euw
WZQ Ziegenpeter#EUW\,gold,1,,euw
Toxo MT#EUW\,gold,1,,euw
Kuest#GOD\,gold,1,,euw
Aigrie Number 1#001\,gold,1,,euw
Bande the Cook#EUW\,gold,1,,euw
Thebootyclapper6#EUW\,gold,1,,euw
MaybeLaterx#EUW\,gold,1,,euw
Lidasel#EUW\,gold,1,,euw
her dumb pup#9 9 9\,gold,1,9%,euw
RawshaTrainer#EUW\,gold,1,,euw
Jotaro1Kujo#EUW\,gold,1,,euw
Sgt FatSack#247\,gold,1,,euw
AOMG Loco#EUW\,gold,1,,euw
Blödbirne#EUW\,gold,1,3%,euw
TryxepS#EUW\,gold,1,,euw
Vaento#Naist\,gold,1,,euw
The7DeadlySins#EUWW\,gold,1,,euw
MitfromKorea#EUW\,gold,1,,euw
MunK x2#EUW\,gold,1,,euw
Vâyne GøD#EUW\,gold,1,3%,euw
b1S GinZo#EUW\,gold,1,,euw
flesnie#BUTZ\,gold,1,,euw
Björn sein Sohn#EUW\,gold,1,3%,euw
One Men Legion#EUW\,gold,1,,euw
xPinoo#EUW\,gold,1,,euw
evelynns toy#hers\,gold,1,,euw
BTB Kenai#EUW\,gold,1,,euw
MetalBleader#EUW\,gold,1,,euw
TheReal GodGoat#EUW\,gold,1,,euw
famR#EUW\,gold,1,,euw
Sir of hunt#EUW\,gold,1,,euw
XZiggsX#EUW\,gold,1,,euw
Malan#1109\,gold,1,,euw
Ahrur#EUW\,gold,1,,euw
wowscar#EUW\,gold,1,,euw
missing x peace#EUW\,gold,1,,euw
THC Sacre#EUW\,gold,1,,euw
Dinos2#Dinos\,gold,1,,euw
Olivern#EUW\,gold,1,,euw
Chris#rito\,gold,1,,euw
Snake321#EUW\,gold,1,,euw
Anaphisk#EUW\,gold,1,,euw
dat guy Happy#EUW\,gold,1,,euw
better bot wins#EUW\,gold,1,,euw
Iraq Lobster#RAJOT\,gold,1,,euw
JannasTitties#7744,platinum,500,,euw
xrobustpwr#EUW,platinum,500,37%,euw
HIGH APM NO LIFE#1v9,platinum,500,53%,euw
Yung Kaihua#EUW,platinum,500,42%,euw
Ichiban Pridé#EUW,platinum,500,51%,euw
I SERVANT I #EUW,platinum,500,40%,euw
RoroDelFuego#EUW12,platinum,500,48%,euw
lightingdragon14#EUW,platinum,500,47%,euw
Insertnumber#EUW,platinum,500,49%,euw
Smoking Blue#EUW,platinum,500,60%,euw
Panhafunfu#EUW,platinum,500,56%,euw
MetalG1#gang,platinum,500,43%,euw
Rodog Du Chenil#EUW,platinum,500,40%,euw
ozuna baby#0000,platinum,500,48%,euw
cK Hallotyp#WHY,platinum,500,43%,euw
Tasty Cull#EUW,platinum,500,55%,euw
Stark Q3#EUW,platinum,500,53%,euw
ratinsewerpipe#ttv,platinum,500,48%,euw
Pos Bleu#EUW,platinum,500,53%,euw
Urek#EUW,platinum,500,56%,euw
MonsieurBubu#EUW,platinum,500,100%,euw
Rayses#EUW,platinum,500,49%,euw
Volforce#EUW,platinum,500,53%,euw
ThePowerman#EUW,platinum,500,47%,euw
LRDCOMANDER#LRD1,platinum,500,53%,euw
laurbob#EUW,platinum,500,45%,euw
Tankdalf#EUW,platinum,500,45%,euw
AdmiraI Adonis#EUW,platinum,500,48%,euw
Mixelin D Gordax#EUW,platinum,500,50%,euw
Vikko#8448,platinum,500,54%,euw
イタチ#P53,platinum,500,46%,euw
DiegoIVO#BN10,platinum,500,47%,euw
stαkοlomeriα#3949,platinum,500,47%,euw
NekkoNekkoNii#4614,platinum,500,47%,euw
GRAPADORA#FUMAR,platinum,500,52%,euw
WD40#WD41,platinum,500,35%,euw
Vennto#EUW,platinum,500,36%,euw
Swinesberg#EUW,platinum,500,47%,euw
X0NiX#prt,platinum,500,46%,euw
Swarczy#EUW,platinum,500,47%,euw
Smurffs#Juice,platinum,500,54%,euw
Ayneko#3245,platinum,500,43%,euw
MaBri#1234,platinum,500,44%,euw
Fugzlife#EUW,platinum,500,53%,euw
lildopekprime#koka,platinum,500,47%,euw
Laxio#SSM,platinum,500,47%,euw
DonaldzHvG#EUW,platinum,500,35%,euw
bambaclapdogiam#EUWd,platinum,500,46%,euw
mn 1#0034,platinum,500,43%,euw
gugulam#EUW,platinum,500,57%,euw
Sjoeke#GOAT,platinum,500,41%,euw
EdgeSheeran#420,platinum,420,37%,euw
l G L A I V E l#EUW,platinum,500,47%,euw
Legendman29#EUW,platinum,500,51%,euw
Demi Fiend#SMT,platinum,500,49%,euw
Vitamin SIUU#No1,platinum,500,50%,euw
DHN Voltage#DHN,platinum,500,47%,euw
bil1#9412,platinum,500,49%,euw
SA1NTZ#777,platinum,777,46%,euw
Der Robert Geiss#007,platinum,00,59%,euw
HopeTM#EUW,platinum,500,54%,euw
Gelkim#EUW,platinum,500,40%,euw
Willem v Oranje#EUW,platinum,500,33%,euw
Cigarrín Zidane#6969,platinum,500,39%,euw
Krone#GWB,platinum,500,45%,euw
Skitopate#EUW,platinum,500,47%,euw
Zabadi#EUW,platinum,500,51%,euw
JLegende#JL1,platinum,500,42%,euw
Hdfhrsn#EUW,platinum,500,39%,euw
Rosenlund#EUW,platinum,500,47%,euw
Poneyboy#EUW,platinum,500,45%,euw
レゼxデンジ#power,platinum,500,47%,euw
Uzbad#EUW,platinum,500,53%,euw
Babalabab#EUW,platinum,500,52%,euw
solinko#EUW,platinum,500,50%,euw
Bronky#GIGA,platinum,500,46%,euw
PrizrakTuy#TUY,platinum,500,48%,euw
mental gap#0420,platinum,500,51%,euw
MBTHASUNG#GHENT,platinum,500,44%,euw
Sainsburys#Sains,platinum,500,39%,euw
Nagy Tibor#hívei,platinum,500,46%,euw
Gero187#9999,platinum,500,44%,euw
Alessandyr#2410,platinum,500,44%,euw
Cfelushi#FRMPL,platinum,500,66%,euw
Mister#Dumle,platinum,500,51%,euw
travel guide#0001,platinum,500,46%,euw
laurentsimo#9240,platinum,500,48%,euw
chaliii#EUW,platinum,500,54%,euw
NoobChampEnjoyer#sigma,platinum,500,50%,euw
Drakofor#1317,platinum,500,43%,euw
givememoney#1232,platinum,500,39%,euw
KruiseShip#EUW,platinum,500,34%,euw
Usaife game on#EUW,platinum,500,47%,euw
Axterix#pog,platinum,500,51%,euw
Yuil#Syndr,platinum,500,52%,euw
ZNGTSU#CHOVY,platinum,500,43%,euw
ZzZz Im So Bored#EUW,platinum,500,45%,euw
AB Omination#0003,platinum,500,49%,euw
0455827#EUW,platinum,500,57%,euw
Samidare v2#7651,platinum,500,41%,euw
JannasTitties#7744\,platinum,8,42%,euw
xrobustpwr#EUW\,platinum,1,,euw
HIGH APM NO LIFE#1v9\,platinum,1,,euw
Yung Kaihua#EUW\,platinum,1,,euw
Ichiban Pridé#EUW\,platinum,1,3%,euw
I SERVANT I #EUW\,platinum,1,,euw
RoroDelFuego#EUW12\,platinum,1,,euw
lightingdragon14#EUW\,platinum,1,,euw
Insertnumber#EUW\,platinum,1,,euw
Smoking Blue#EUW\,platinum,1,,euw
Panhafunfu#EUW\,platinum,1,,euw
MetalG1#gang\,platinum,1,,euw
Rodog Du Chenil#EUW\,platinum,1,,euw
ozuna baby#0000\,platinum,1,,euw
cK Hallotyp#WHY\,platinum,1,,euw
Tasty Cull#EUW\,platinum,1,,euw
Stark Q3#EUW\,platinum,1,,euw
ratinsewerpipe#ttv\,platinum,1,,euw
Pos Bleu#EUW\,platinum,1,,euw
Urek#EUW\,platinum,1,,euw
MonsieurBubu#EUW\,platinum,1,,euw
Rayses#EUW\,platinum,1,,euw
Volforce#EUW\,platinum,1,,euw
ThePowerman#EUW\,platinum,1,,euw
LRDCOMANDER#LRD1\,platinum,1,,euw
laurbob#EUW\,platinum,1,,euw
Tankdalf#EUW\,platinum,1,,euw
AdmiraI Adonis#EUW\,platinum,1,,euw
Mixelin D Gordax#EUW\,platinum,1,,euw
Vikko#8448\,platinum,1,,euw
イタチ#P53\,platinum,1,3%,euw
DiegoIVO#BN10\,platinum,1,,euw
stαkοlomeriα#3949\,platinum,1,,euw
NekkoNekkoNii#4614\,platinum,1,,euw
GRAPADORA#FUMAR\,platinum,1,,euw
WD40#WD41\,platinum,1,,euw
Vennto#EUW\,platinum,1,,euw
Swinesberg#EUW\,platinum,1,,euw
X0NiX#prt\,platinum,1,,euw
Swarczy#EUW\,platinum,1,,euw
Smurffs#Juice\,platinum,1,,euw
Ayneko#3245\,platinum,1,,euw
MaBri#1234\,platinum,1,,euw
Fugzlife#EUW\,platinum,1,,euw
lildopekprime#koka\,platinum,1,,euw
Laxio#SSM\,platinum,1,,euw
DonaldzHvG#EUW\,platinum,1,,euw
bambaclapdogiam#EUWd\,platinum,1,,euw
mn 1#0034\,platinum,1,,euw
gugulam#EUW\,platinum,1,,euw
Sjoeke#GOAT\,platinum,1,,euw
EdgeSheeran#420\,platinum,1,,euw
l G L A I V E l#EUW\,platinum,1,,euw
Legendman29#EUW\,platinum,1,,euw
Demi Fiend#SMT\,platinum,1,,euw
Vitamin SIUU#No1\,platinum,1,,euw
DHN Voltage#DHN\,platinum,1,,euw
bil1#9412\,platinum,1,,euw
SA1NTZ#777\,platinum,1,,euw
Der Robert Geiss#007\,platinum,1,,euw
HopeTM#EUW\,platinum,1,,euw
Gelkim#EUW\,platinum,1,,euw
Willem v Oranje#EUW\,platinum,1,,euw
Cigarrín Zidane#6969\,platinum,1,3%,euw
Krone#GWB\,platinum,1,,euw
Skitopate#EUW\,platinum,1,,euw
Zabadi#EUW\,platinum,1,,euw
JLegende#JL1\,platinum,1,,euw
Hdfhrsn#EUW\,platinum,1,,euw
Rosenlund#EUW\,platinum,1,,euw
Poneyboy#EUW\,platinum,1,,euw
レゼxデンジ#power\,platinum,1,3%,euw
Uzbad#EUW\,platinum,1,,euw
Babalabab#EUW\,platinum,1,,euw
solinko#EUW\,platinum,1,,euw
Bronky#GIGA\,platinum,1,,euw
PrizrakTuy#TUY\,platinum,1,,euw
mental gap#0420\,platinum,1,,euw
MBTHASUNG#GHENT\,platinum,1,,euw
Sainsburys#Sains\,platinum,1,,euw
Nagy Tibor#hívei\,platinum,1,3%,euw
Gero187#9999\,platinum,1,,euw
Alessandyr#2410\,platinum,1,,euw
Cfelushi#FRMPL\,platinum,1,,euw
Mister#Dumle\,platinum,1,,euw
travel guide#0001\,platinum,1,,euw
laurentsimo#9240\,platinum,1,,euw
chaliii#EUW\,platinum,1,,euw
NoobChampEnjoyer#sigma\,platinum,1,,euw
Drakofor#1317\,platinum,1,,euw
givememoney#1232\,platinum,1,,euw
KruiseShip#EUW\,platinum,1,,euw
Usaife game on#EUW\,platinum,1,,euw
Axterix#pog\,platinum,1,,euw
Yuil#Syndr\,platinum,1,,euw
ZNGTSU#CHOVY\,platinum,1,,euw
ZzZz Im So Bored#EUW\,platinum,1,,euw
AB Omination#0003\,platinum,1,,euw
0455827#EUW\,platinum,1,,euw
Samidare v2#7651\,platinum,1,,euw
кофе сделай#mne,platinum,500,0%,euw
MegaRandomGuy#EUW,platinum,500,48%,euw
Swedensson#EUW,platinum,500,50%,euw
jv06#EUW,platinum,500,36%,euw
Lils#εiз,platinum,500,54%,euw
Lito#tru,platinum,500,20%,euw
ØbZen  #EUW,platinum,500,20%,euw
kakashi4j#111,platinum,111,20%,euw
kise#nii,platinum,500,27%,euw
2Drunk2Dunk#EUW,platinum,500,20%,euw
SAYAMINEplague#EUW69,platinum,500,20%,euw
Vashill#EUW,platinum,500,45%,euw
OG Mika#1337,platinum,500,29%,euw
Hydal Henry#DRUGS,platinum,500,17%,euw
Flessabank#90762,platinum,500,47%,euw
Magier#Gnese,platinum,500,20%,euw
nikiosis#EUW,platinum,500,31%,euw
Schmalus Phallus#2cm,platinum,500,44%,euw
RG ROCKSTAR#2323,platinum,500,48%,euw
Gicklich#EUW,platinum,500,37%,euw
Carlos Nawrocki#9317,platinum,931,100%,euw
LS HornY GiP#EUW,platinum,500,20%,euw
Neeko Minaj#1999,platinum,500,20%,euw
MiniHudini#MKD,platinum,500,52%,euw
CheesecakeNipple#000,platinum,00,27%,euw
MaxSpectre#EUW,platinum,500,20%,euw
InstáLock Váyne#EUW,platinum,500,48%,euw
Knusprige Banane#3339,platinum,33,21%,euw
youichi#EUW,platinum,500,44%,euw
Jhin Dahaad#4444,platinum,500,34%,euw
PEaSie#EUW,platinum,500,20%,euw
EwokSlayer#EUW,platinum,500,43%,euw
proxima aeterna#EUW,platinum,500,20%,euw
teppo#EUW,platinum,500,20%,euw
DJ Clementine#EUW,platinum,500,27%,euw
sunlight#lei,platinum,500,20%,euw
snipernidalee1#EUW,platinum,500,27%,euw
Heavens Emissary#EUW,platinum,500,20%,euw
Delase#EUW,platinum,500,20%,euw
Dark Stout Lover#IRISH,platinum,500,20%,euw
Super Lamb#EUW,platinum,500,20%,euw
CNA Sakura#EUW,platinum,500,45%,euw
MasterFighter#1337,platinum,500,20%,euw
Aistear#EUW,platinum,500,20%,euw
DiabloSephi#EUW,platinum,500,20%,euw
Vaaden#EUW,platinum,500,38%,euw
WhoopsCSR#EUW,platinum,500,29%,euw
Luxe#1337,platinum,500,50%,euw
juegawdu2#EUW,platinum,500,20%,euw
叶叶叶#YeYe,platinum,500,20%,euw
TrollFäX#EUW,platinum,500,40%,euw
JimmyMcGill#Errrr,platinum,500,44%,euw
Humble SeraQUEEN#EUW,platinum,500,29%,euw
Aletsi#EU1,platinum,500,27%,euw
Pronhub Verified#EUW,platinum,500,0%,euw
RonnySchäfer#KRAN,platinum,500,21%,euw
eV RailGun#EUW,platinum,500,0%,euw
TheRogueHunter#432,platinum,432,56%,euw
hamoudabecha#EUW,platinum,500,0%,euw
Athernya#EUW,platinum,500,36%,euw
Free Lina E#EUW,platinum,500,20%,euw
Gandalf Reloaded#EUW,platinum,500,20%,euw
Washed Up OTP#EUW,platinum,500,20%,euw
McSuchi#00000,platinum,500,0%,euw
Kørnke#EUW,platinum,500,27%,euw
Kraytaria#EUW,platinum,500,20%,euw
Pedroscopy#EUW,platinum,500,20%,euw
devesa99#EUW,platinum,500,20%,euw
CharlySle#EUW,platinum,500,20%,euw
iJiKo#EUW,platinum,500,35%,euw
Th0rdal#EUW,platinum,500,20%,euw
Master4lpha#EUW,platinum,4,20%,euw
MarkTheMintMan#Mark,platinum,500,45%,euw
Hasaki#euwww,platinum,500,20%,euw
Flotschy#EUW,platinum,500,30%,euw
DiegoRARO24#EUW,platinum,500,20%,euw
xMisanthrop#New,platinum,500,59%,euw
Thiores#EUW,platinum,500,52%,euw
Arjorn#EUW,platinum,500,20%,euw
Lighter#KCW,platinum,500,20%,euw
Scripter No l#EUW,platinum,500,20%,euw
GM Armanoky#EUW,platinum,500,20%,euw
El madrileño#UWU,platinum,500,51%,euw
NichtsGschieht#2832,platinum,500,30%,euw
ImGrumpy#EUW,platinum,500,55%,euw
LePiedDeKyzard#PIED,platinum,500,20%,euw
Big Glans#Cn1,platinum,500,0%,euw
Daddie#RWM,platinum,500,20%,euw
Skeepr#EUW,platinum,500,40%,euw
DDR Otako#EUW,platinum,500,20%,euw
OltianoAllegri#EUW,platinum,500,20%,euw
Paclinio#EUW,platinum,500,30%,euw
Feral Impulse#EUW,platinum,500,40%,euw
GumaYavepi#TISE,platinum,500,35%,euw
RASM FRASM#EUW,platinum,500,53%,euw
YunoNightmare#Demon,platinum,500,20%,euw
Uluris#2551,platinum,500,59%,euw
Insensato#Koi,platinum,500,20%,euw
Draobwyn#EUW,platinum,500,20%,euw
Finanzberater#777,platinum,777,20%,euw
кофе сделай#mne\,platinum,8,36%,euw
MegaRandomGuy#EUW\,platinum,1,,euw
Swedensson#EUW\,platinum,1,,euw
jv06#EUW\,platinum,1,,euw
Lils#εiз\,platinum,1,0%,euw
Lito#tru\,platinum,1,,euw
ØbZen  #EUW\,platinum,1,3%,euw
kakashi4j#111\,platinum,1,,euw
kise#nii\,platinum,1,,euw
2Drunk2Dunk#EUW\,platinum,1,,euw
SAYAMINEplague#EUW69\,platinum,1,,euw
Vashill#EUW\,platinum,1,,euw
OG Mika#1337\,platinum,1,,euw
Hydal Henry#DRUGS\,platinum,1,,euw
Flessabank#90762\,platinum,1,,euw
Magier#Gnese\,platinum,1,,euw
nikiosis#EUW\,platinum,1,,euw
Schmalus Phallus#2cm\,platinum,1,,euw
RG ROCKSTAR#2323\,platinum,1,,euw
Gicklich#EUW\,platinum,1,,euw
Carlos Nawrocki#9317\,platinum,1,,euw
LS HornY GiP#EUW\,platinum,1,,euw
Neeko Minaj#1999\,platinum,1,,euw
MiniHudini#MKD\,platinum,1,,euw
CheesecakeNipple#000\,platinum,1,,euw
MaxSpectre#EUW\,platinum,1,,euw
InstáLock Váyne#EUW\,platinum,1,3%,euw
Knusprige Banane#3339\,platinum,1,,euw
youichi#EUW\,platinum,1,,euw
Jhin Dahaad#4444\,platinum,1,,euw
PEaSie#EUW\,platinum,1,,euw
EwokSlayer#EUW\,platinum,1,,euw
proxima aeterna#EUW\,platinum,1,,euw
teppo#EUW\,platinum,1,,euw
DJ Clementine#EUW\,platinum,1,,euw
sunlight#lei\,platinum,1,,euw
snipernidalee1#EUW\,platinum,1,,euw
Heavens Emissary#EUW\,platinum,1,,euw
Delase#EUW\,platinum,1,,euw
Dark Stout Lover#IRISH\,platinum,1,,euw
Super Lamb#EUW\,platinum,1,,euw
CNA Sakura#EUW\,platinum,1,,euw
MasterFighter#1337\,platinum,1,,euw
Aistear#EUW\,platinum,1,,euw
DiabloSephi#EUW\,platinum,1,,euw
Vaaden#EUW\,platinum,1,,euw
WhoopsCSR#EUW\,platinum,1,,euw
Luxe#1337\,platinum,1,,euw
juegawdu2#EUW\,platinum,1,,euw
叶叶叶#YeYe\,platinum,1,5%,euw
TrollFäX#EUW\,platinum,1,3%,euw
JimmyMcGill#Errrr\,platinum,1,,euw
Humble SeraQUEEN#EUW\,platinum,1,,euw
Aletsi#EU1\,platinum,1,,euw
Pronhub Verified#EUW\,platinum,1,,euw
RonnySchäfer#KRAN\,platinum,1,3%,euw
eV RailGun#EUW\,platinum,1,,euw
TheRogueHunter#432\,platinum,1,,euw
hamoudabecha#EUW\,platinum,1,,euw
Athernya#EUW\,platinum,1,,euw
Free Lina E#EUW\,platinum,1,,euw
Gandalf Reloaded#EUW\,platinum,1,,euw
Washed Up OTP#EUW\,platinum,1,,euw
McSuchi#00000\,platinum,1,,euw
Kørnke#EUW\,platinum,1,3%,euw
Kraytaria#EUW\,platinum,1,,euw
Pedroscopy#EUW\,platinum,1,,euw
devesa99#EUW\,platinum,1,,euw
CharlySle#EUW\,platinum,1,,euw
iJiKo#EUW\,platinum,1,,euw
Th0rdal#EUW\,platinum,1,,euw
Master4lpha#EUW\,platinum,4,,euw
MarkTheMintMan#Mark\,platinum,1,,euw
Hasaki#euwww\,platinum,1,,euw
Flotschy#EUW\,platinum,1,,euw
DiegoRARO24#EUW\,platinum,1,,euw
xMisanthrop#New\,platinum,1,,euw
Thiores#EUW\,platinum,1,,euw
Arjorn#EUW\,platinum,1,,euw
Lighter#KCW\,platinum,1,,euw
Scripter No l#EUW\,platinum,1,,euw
GM Armanoky#EUW\,platinum,1,,euw
El madrileño#UWU\,platinum,1,3%,euw
NichtsGschieht#2832\,platinum,1,,euw
ImGrumpy#EUW\,platinum,1,,euw
LePiedDeKyzard#PIED\,platinum,1,,euw
Big Glans#Cn1\,platinum,1,,euw
Daddie#RWM\,platinum,1,,euw
Skeepr#EUW\,platinum,1,,euw
DDR Otako#EUW\,platinum,1,,euw
OltianoAllegri#EUW\,platinum,1,,euw
Paclinio#EUW\,platinum,1,,euw
Feral Impulse#EUW\,platinum,1,,euw
GumaYavepi#TISE\,platinum,1,,euw
RASM FRASM#EUW\,platinum,1,,euw
YunoNightmare#Demon\,platinum,1,,euw
Uluris#2551\,platinum,1,,euw
Insensato#Koi\,platinum,1,,euw
Draobwyn#EUW\,platinum,1,,euw
Finanzberater#777\,platinum,1,,euw
Xx KICHTA xX#4041,platinum,500,,euw
BoomShroom63#EUW,platinum,500,20%,euw
FPX dandy#EUW,platinum,500,20%,euw
04 May#0504,platinum,500,20%,euw
Scw Luce#EUW,platinum,500,20%,euw
l1l2r1r2updown#EUW,platinum,500,20%,euw
SHR Bancomando#EUW,platinum,500,0%,euw
LegendZoriax#EUW,platinum,500,46%,euw
Johnny Forward#EUW,platinum,500,20%,euw
Clyde C Barrow#EUW,platinum,500,20%,euw
Ω Middle Ω#EUW,platinum,500,52%,euw
Shokuyoku#EUW,platinum,500,20%,euw
grootkrokedil#EUW,platinum,500,0%,euw
ultrAdrien#EUW,platinum,500,52%,euw
Piwhy#VXS,platinum,500,41%,euw
think fast#wyua,platinum,500,40%,euw
Mathjuus#1337,platinum,500,20%,euw
Riimaz#EUW,platinum,500,20%,euw
Takanobu Aone#EUW,platinum,500,20%,euw
GΣNΣSIS#8734,platinum,500,20%,euw
OneLamp#EUW,platinum,500,100%,euw
Xaydeboi#EUW,platinum,500,44%,euw
Tjmillhunter#EUW,platinum,500,20%,euw
Dan#MT09,platinum,500,20%,euw
Alex Le T Rex#EUW,platinum,500,20%,euw
Zigeuner Milio#EUW,platinum,500,20%,euw
라프 더 총#KOREA,platinum,500,35%,euw
JMMY#2155,platinum,500,27%,euw
Freshmentor#EUW,platinum,500,20%,euw
Keyhchi#chEUW,platinum,500,0%,euw
Aeero29#2944,platinum,2,51%,euw
Weather Reported#EUW,platinum,500,37%,euw
rmcpedro#EUW,platinum,500,53%,euw
Lucartas#EUW,platinum,500,20%,euw
Kuailer#1888,platinum,500,51%,euw
Captain Butters#EUW,platinum,500,20%,euw
Fippe Schmidt#EUW,platinum,500,20%,euw
Walleen#EUW,platinum,500,20%,euw
Cyanuria#EUW,platinum,500,63%,euw
Pieter Ornntzigt#EUW,platinum,500,15%,euw
Anzhauptmeister#POLIZ,platinum,500,46%,euw
ReepZer#Fnc,platinum,500,20%,euw
Unkillable#ali,platinum,500,53%,euw
ostespiseren#7888,platinum,500,20%,euw
DrKappa#EUW,platinum,500,20%,euw
ko i öknen#EUW,platinum,500,20%,euw
GΦÐ#4444,platinum,500,44%,euw
PLS BUY ANTIHEAL#EUW,platinum,500,49%,euw
VroomVroomOwO#lulu,platinum,500,20%,euw
majemi pefkohori#777,platinum,77,29%,euw
FigoHSV#HSV,platinum,500,0%,euw
AllDogsInMyteam#EUW,platinum,500,20%,euw
Sinned#9707,platinum,500,20%,euw
KonfessoraShele#161,platinum,161,46%,euw
Elyra#Moon,platinum,500,44%,euw
ivan zolo#tktok,platinum,500,72%,euw
Honk shoo mimimi#WOUND,platinum,500,54%,euw
Little Chud#feet,platinum,500,20%,euw
Monkey D Luffy#EUW58,platinum,500,40%,euw
Ielistonavo#9338,platinum,500,27%,euw
Kaizen Mentality#INOOX,platinum,500,20%,euw
Animation CC#Azuri,platinum,500,0%,euw
EvilBraddow#Bread,platinum,500,53%,euw
IU Em#1803,platinum,500,29%,euw
BadBoyKen#999,platinum,999,31%,euw
JOYBOY#XTRM,platinum,500,52%,euw
bumbixtl#blad,platinum,500,20%,euw
ArrowDDL#dinop,platinum,500,24%,euw
leftlyn#EUW2,platinum,500,20%,euw
HighRawler#EUW,platinum,500,20%,euw
ZacceryAuspacken#1941,platinum,194,20%,euw
feurman#prout,platinum,500,20%,euw
ZED#x947x,platinum,500,20%,euw
vivienne#1169,platinum,500,27%,euw
ego issues#HELL9,platinum,500,20%,euw
ThomasAnderson#MrLee,platinum,500,20%,euw
DOWNSYN99#DROME,platinum,500,27%,euw
zindangorilikk12#111,platinum,111,27%,euw
Karvakasa3#Hairy,platinum,500,20%,euw
ToutEnBas#EUW,platinum,500,20%,euw
im not lady#ladyb,platinum,500,20%,euw
Jacob4#7857,platinum,500,20%,euw
YoMama#4809,platinum,500,20%,euw
Saturo Gojo#jjk69,platinum,500,20%,euw
KHAZIX ON ACID#DEVO,platinum,500,20%,euw
yuehan#1337,platinum,500,20%,euw
Dusk ゲ#EUW77,platinum,500,20%,euw
sailor 2#6815,platinum,500,15%,euw
Username0216123#EUW,platinum,500,38%,euw
o cok sirin#Nilah,platinum,500,71%,euw
world2027SUPKING#EUW,platinum,500,44%,euw
jacks smith#XXXXX,platinum,500,0%,euw
mini dahmer#EUB,platinum,500,20%,euw
Sigma#Jgl,platinum,500,40%,euw
liminal spaces#000,platinum,000,20%,euw
weißgeben#pbg,platinum,500,38%,euw
ParaEagle1#EUW,platinum,500,54%,euw
Riverside7331#EUW,platinum,500,20%,euw
divine conquest#xdlol,platinum,500,47%,euw
LFT Asishe#EUW,platinum,500,20%,euw
Xx KICHTA xX#4041\,platinum,8,20%,euw
BoomShroom63#EUW\,platinum,1,,euw
FPX dandy#EUW\,platinum,1,,euw
04 May#0504\,platinum,1,04%,euw
Scw Luce#EUW\,platinum,1,,euw
l1l2r1r2updown#EUW\,platinum,1,,euw
SHR Bancomando#EUW\,platinum,1,,euw
LegendZoriax#EUW\,platinum,1,,euw
Johnny Forward#EUW\,platinum,1,,euw
Clyde C Barrow#EUW\,platinum,1,,euw
Ω Middle Ω#EUW\,platinum,1,9%,euw
Shokuyoku#EUW\,platinum,1,,euw
grootkrokedil#EUW\,platinum,1,,euw
ultrAdrien#EUW\,platinum,1,,euw
Piwhy#VXS\,platinum,1,,euw
think fast#wyua\,platinum,1,,euw
Mathjuus#1337\,platinum,1,,euw
Riimaz#EUW\,platinum,1,,euw
Takanobu Aone#EUW\,platinum,1,,euw
GΣNΣSIS#8734\,platinum,1,,euw
OneLamp#EUW\,platinum,1,,euw
Xaydeboi#EUW\,platinum,1,,euw
Tjmillhunter#EUW\,platinum,1,,euw
Dan#MT09\,platinum,1,,euw
Alex Le T Rex#EUW\,platinum,1,,euw
Zigeuner Milio#EUW\,platinum,1,,euw
라프 더 총#KOREA\,platinum,1,94%,euw
JMMY#2155\,platinum,1,,euw
Freshmentor#EUW\,platinum,1,,euw
Keyhchi#chEUW\,platinum,1,,euw
Aeero29#2944\,platinum,1,,euw
Weather Reported#EUW\,platinum,1,,euw
rmcpedro#EUW\,platinum,1,,euw
Lucartas#EUW\,platinum,1,,euw
Kuailer#1888\,platinum,1,,euw
Captain Butters#EUW\,platinum,1,,euw
Fippe Schmidt#EUW\,platinum,1,,euw
Walleen#EUW\,platinum,1,,euw
Cyanuria#EUW\,platinum,1,,euw
Pieter Ornntzigt#EUW\,platinum,1,,euw
Anzhauptmeister#POLIZ\,platinum,1,,euw
ReepZer#Fnc\,platinum,1,,euw
Unkillable#ali\,platinum,1,,euw
ostespiseren#7888\,platinum,1,,euw
DrKappa#EUW\,platinum,1,,euw
ko i öknen#EUW\,platinum,1,20%,euw
GΦÐ#4444\,platinum,1,6%,euw
PLS BUY ANTIHEAL#EUW\,platinum,1,,euw
VroomVroomOwO#lulu\,platinum,1,,euw
majemi pefkohori#777\,platinum,1,,euw
FigoHSV#HSV\,platinum,1,,euw
AllDogsInMyteam#EUW\,platinum,1,,euw
Sinned#9707\,platinum,1,,euw
KonfessoraShele#161\,platinum,1,,euw
Elyra#Moon\,platinum,1,,euw
ivan zolo#tktok\,platinum,1,,euw
Honk shoo mimimi#WOUND\,platinum,1,,euw
Little Chud#feet\,platinum,1,,euw
Monkey D Luffy#EUW58\,platinum,1,,euw
Ielistonavo#9338\,platinum,1,,euw
Kaizen Mentality#INOOX\,platinum,1,,euw
Animation CC#Azuri\,platinum,1,,euw
EvilBraddow#Bread\,platinum,1,,euw
IU Em#1803\,platinum,1,,euw
BadBoyKen#999\,platinum,1,,euw
JOYBOY#XTRM\,platinum,1,,euw
bumbixtl#blad\,platinum,1,,euw
ArrowDDL#dinop\,platinum,1,,euw
leftlyn#EUW2\,platinum,1,,euw
HighRawler#EUW\,platinum,1,,euw
ZacceryAuspacken#1941\,platinum,1,,euw
feurman#prout\,platinum,1,,euw
ZED#x947x\,platinum,1,,euw
vivienne#1169\,platinum,1,,euw
ego issues#HELL9\,platinum,1,,euw
ThomasAnderson#MrLee\,platinum,1,,euw
DOWNSYN99#DROME\,platinum,1,,euw
zindangorilikk12#111\,platinum,1,,euw
Karvakasa3#Hairy\,platinum,1,,euw
ToutEnBas#EUW\,platinum,1,,euw
im not lady#ladyb\,platinum,1,,euw
Jacob4#7857\,platinum,1,,euw
YoMama#4809\,platinum,1,,euw
Saturo Gojo#jjk69\,platinum,1,,euw
KHAZIX ON ACID#DEVO\,platinum,1,,euw
yuehan#1337\,platinum,1,,euw
Dusk ゲ#EUW77\,platinum,1,20%,euw
sailor 2#6815\,platinum,1,,euw
Username0216123#EUW\,platinum,1,,euw
o cok sirin#Nilah\,platinum,1,,euw
world2027SUPKING#EUW\,platinum,1,,euw
jacks smith#XXXXX\,platinum,1,,euw
mini dahmer#EUB\,platinum,1,,euw
Sigma#Jgl\,platinum,1,,euw
liminal spaces#000\,platinum,1,,euw
weißgeben#pbg\,platinum,1,3%,euw
ParaEagle1#EUW\,platinum,1,,euw
Riverside7331#EUW\,platinum,1,,euw
divine conquest#xdlol\,platinum,1,,euw
LFT Asishe#EUW\,platinum,1,,euw
SLO DARK OWL#EUW,platinum,500,,euw
RR587#FIN,platinum,500,27%,euw
ABFT Lyu#SWISS,platinum,500,20%,euw
Khan#EUWx,platinum,500,44%,euw
Im just a girl#TwT,platinum,500,20%,euw
Canayeshi#EUW,platinum,500,20%,euw
SFMBE#EUW,platinum,500,47%,euw
YourMaker#2527,platinum,500,20%,euw
evil man 666#EUW,platinum,500,20%,euw
nobody important#444,platinum,44,30%,euw
autofilled egirl#feet,platinum,500,20%,euw
George Void#fent,platinum,500,20%,euw
Temadarodyal#EUW,platinum,500,20%,euw
KratomDosser#Skero,platinum,500,20%,euw
Repørt Rakan#EUW,platinum,500,20%,euw
leowinds#EUW,platinum,500,20%,euw
danz v9#EUW,platinum,500,20%,euw
lagirafe2#EUW,platinum,500,51%,euw
Dannniella#EUW,platinum,500,43%,euw
Kusimutteri#inviä,platinum,500,12%,euw
BonnieSouth1#EUW,platinum,500,100%,euw
Grass#Green,platinum,500,29%,euw
WILD DADDY BBC#EUW,platinum,500,20%,euw
Viggo#BRO,platinum,500,20%,euw
flec34#EUW,platinum,500,20%,euw
Tung Tung Shacur#SUSSY,platinum,500,44%,euw
KeZACo#3768,platinum,500,27%,euw
DKS Theseus#DKS,platinum,500,27%,euw
SaladeDeSemoule#BOG,platinum,500,39%,euw
ISpamE#CACA,platinum,500,54%,euw
Amoureuse#EUW,platinum,500,52%,euw
kayle Unleashed#kayle,platinum,500,20%,euw
TsuNami#PLL,platinum,500,20%,euw
gf diff#EUNE1,platinum,500,44%,euw
CHIC LøLa Lølita#chic,platinum,500,44%,euw
BIG MANLY GANKER#EUW,platinum,500,50%,euw
Up Syndrome69#Nekke,platinum,500,55%,euw
Lauren#EUW19,platinum,500,20%,euw
desolate#333,platinum,333,44%,euw
Tartare GOD#EUW,platinum,500,20%,euw
ognaTlacoL#EUW,platinum,500,44%,euw
keswop#EUW,platinum,500,20%,euw
pdf hunter#HUNT,platinum,500,20%,euw
Affengeil#ZOO,platinum,500,38%,euw
永久战斗不停不能输不会停止#csx,platinum,500,42%,euw
Banned bc 2 good#EUW,platinum,500,20%,euw
Fiksomner#EUW,platinum,500,46%,euw
Caimmalp#EUW,platinum,500,20%,euw
GustaveRama#EUW,platinum,500,20%,euw
DAVIDE SCANFERLA#EUW,platinum,500,20%,euw
charlie krug#8381,platinum,500,32%,euw
DogGood#EUW,platinum,500,27%,euw
WinckeI#EUW,platinum,500,53%,euw
Lugh#TL1,platinum,500,44%,euw
Joelerino69#EUW,platinum,500,20%,euw
HuaHwei#Snipe,platinum,500,46%,euw
Joel Chung#EUW,platinum,500,15%,euw
8518 414425#EUW,platinum,500,20%,euw
Pearlying#635,platinum,635,20%,euw
veK#LOL,platinum,500,20%,euw
KICK PHREAK#XDDDD,platinum,500,20%,euw
忍 Kiss Shot#uwu,platinum,500,20%,euw
lI The Tank Il#EUW,platinum,500,43%,euw
Akiza KamiSama#AKIZA,platinum,500,30%,euw
Boscalid#L94EV,platinum,500,24%,euw
HugoTilt#EUW,platinum,500,20%,euw
Recoped#0059,platinum,500,20%,euw
Suco de Fruta#66030,platinum,500,20%,euw
Peyoune#EUWWW,platinum,500,30%,euw
XBlazer5555#EUW,platinum,500,40%,euw
Double G#667,platinum,667,47%,euw
Tartill#EUW,platinum,500,20%,euw
maracena coviran#EGO,platinum,500,20%,euw
kromsm#EUW,platinum,500,49%,euw
Storebror#bror,platinum,500,46%,euw
Dendiso#YEP,platinum,500,20%,euw
Submit a Ticket#EUW,platinum,500,40%,euw
Shaker#373,platinum,373,20%,euw
éto#333,platinum,333,0%,euw
EN SLIP EN LANE#KΛZΣ,platinum,500,54%,euw
Rainer Zufall#moc,platinum,500,20%,euw
maopaopaoo0#0411,platinum,500,44%,euw
SimonDerFuchs#361,platinum,361,20%,euw
Smrdljive nogice#njami,platinum,500,20%,euw
Hirohito#757,platinum,757,20%,euw
V1K70R#VIK,platinum,500,20%,euw
Mostata222#EUW,platinum,500,37%,euw
DaddyRyzeGap#104,platinum,104,43%,euw
Iza#00085,platinum,500,42%,euw
Kandoo v2#EUW,platinum,500,27%,euw
乂乂  乂乂乂  乂乂  乂乂乂#乂乂乂,platinum,500,40%,euw
rambajz3#EUW,platinum,500,20%,euw
venom#Ehre,platinum,500,29%,euw
Derm#0000,platinum,500,58%,euw
MoroseLive#EUW,platinum,500,42%,euw
8Bit#KVNTY,platinum,500,45%,euw
Barystross#EUW,platinum,500,50%,euw
LØRU#EUW,platinum,500,0%,euw
Crisp#7112,platinum,500,21%,euw
CHARLA7AN#COACH,platinum,500,47%,euw
SLO DARK OWL#EUW\,platinum,8,44%,euw
RR587#FIN\,platinum,1,,euw
ABFT Lyu#SWISS\,platinum,1,,euw
Khan#EUWx\,platinum,1,,euw
Im just a girl#TwT\,platinum,1,,euw
Canayeshi#EUW\,platinum,1,,euw
SFMBE#EUW\,platinum,1,,euw
YourMaker#2527\,platinum,1,,euw
evil man 666#EUW\,platinum,1,,euw
nobody important#444\,platinum,1,,euw
autofilled egirl#feet\,platinum,1,,euw
George Void#fent\,platinum,1,,euw
Temadarodyal#EUW\,platinum,1,,euw
KratomDosser#Skero\,platinum,1,,euw
Repørt Rakan#EUW\,platinum,1,3%,euw
leowinds#EUW\,platinum,1,,euw
danz v9#EUW\,platinum,1,,euw
lagirafe2#EUW\,platinum,1,,euw
Dannniella#EUW\,platinum,1,,euw
Kusimutteri#inviä\,platinum,1,3%,euw
BonnieSouth1#EUW\,platinum,1,,euw
Grass#Green\,platinum,1,,euw
WILD DADDY BBC#EUW\,platinum,1,,euw
Viggo#BRO\,platinum,1,,euw
flec34#EUW\,platinum,1,,euw
Tung Tung Shacur#SUSSY\,platinum,1,,euw
KeZACo#3768\,platinum,1,,euw
DKS Theseus#DKS\,platinum,1,,euw
SaladeDeSemoule#BOG\,platinum,1,,euw
ISpamE#CACA\,platinum,1,,euw
Amoureuse#EUW\,platinum,1,,euw
kayle Unleashed#kayle\,platinum,1,,euw
TsuNami#PLL\,platinum,1,,euw
gf diff#EUNE1\,platinum,1,,euw
CHIC LøLa Lølita#chic\,platinum,1,3%,euw
BIG MANLY GANKER#EUW\,platinum,1,,euw
Up Syndrome69#Nekke\,platinum,1,,euw
Lauren#EUW19\,platinum,1,,euw
desolate#333\,platinum,1,,euw
Tartare GOD#EUW\,platinum,1,,euw
ognaTlacoL#EUW\,platinum,1,,euw
keswop#EUW\,platinum,1,,euw
pdf hunter#HUNT\,platinum,1,,euw
Affengeil#ZOO\,platinum,1,,euw
永久战斗不停不能输不会停止#csx\,platinum,1,6%,euw
Banned bc 2 good#EUW\,platinum,1,202%,euw
Fiksomner#EUW\,platinum,1,,euw
Caimmalp#EUW\,platinum,1,,euw
GustaveRama#EUW\,platinum,1,,euw
DAVIDE SCANFERLA#EUW\,platinum,1,,euw
charlie krug#8381\,platinum,1,,euw
DogGood#EUW\,platinum,1,,euw
WinckeI#EUW\,platinum,1,,euw
Lugh#TL1\,platinum,1,,euw
Joelerino69#EUW\,platinum,1,,euw
HuaHwei#Snipe\,platinum,1,,euw
Joel Chung#EUW\,platinum,1,,euw
8518 414425#EUW\,platinum,1,8518%,euw
Pearlying#635\,platinum,1,,euw
veK#LOL\,platinum,1,,euw
KICK PHREAK#XDDDD\,platinum,1,,euw
忍 Kiss Shot#uwu\,platinum,1,5%,euw
lI The Tank Il#EUW\,platinum,1,,euw
Akiza KamiSama#AKIZA\,platinum,1,,euw
Boscalid#L94EV\,platinum,1,,euw
HugoTilt#EUW\,platinum,1,,euw
Recoped#0059\,platinum,1,,euw
Suco de Fruta#66030\,platinum,1,,euw
Peyoune#EUWWW\,platinum,1,,euw
XBlazer5555#EUW\,platinum,1,,euw
Double G#667\,platinum,1,,euw
Tartill#EUW\,platinum,1,,euw
maracena coviran#EGO\,platinum,1,,euw
kromsm#EUW\,platinum,1,,euw
Storebror#bror\,platinum,1,,euw
Dendiso#YEP\,platinum,1,,euw
Submit a Ticket#EUW\,platinum,1,,euw
Shaker#373\,platinum,1,,euw
éto#333\,platinum,1,3%,euw
EN SLIP EN LANE#KΛZΣ\,platinum,1,,euw
Rainer Zufall#moc\,platinum,1,,euw
maopaopaoo0#0411\,platinum,1,,euw
SimonDerFuchs#361\,platinum,1,,euw
Smrdljive nogice#njami\,platinum,1,,euw
Hirohito#757\,platinum,1,,euw
V1K70R#VIK\,platinum,1,,euw
Mostata222#EUW\,platinum,1,,euw
DaddyRyzeGap#104\,platinum,1,,euw
Iza#00085\,platinum,1,,euw
Kandoo v2#EUW\,platinum,1,,euw
乂乂  乂乂乂  乂乂  乂乂乂#乂乂乂\,platinum,1,4%,euw
rambajz3#EUW\,platinum,1,,euw
venom#Ehre\,platinum,1,,euw
Derm#0000\,platinum,1,,euw
MoroseLive#EUW\,platinum,1,,euw
8Bit#KVNTY\,platinum,1,,euw
Barystross#EUW\,platinum,1,,euw
LØRU#EUW\,platinum,1,3%,euw
Crisp#7112\,platinum,1,,euw
CHARLA7AN#COACH\,platinum,1,,euw
AllMyTeam#GFYS,platinum,500,,euw
Sáváge x#euwes,platinum,500,20%,euw
Karma#Kr4m,platinum,500,15%,euw
Magic of Chicken#EUW,platinum,500,26%,euw
ｓｉｅｎｎａ ｓｌｅｅｐ#1616,platinum,500,20%,euw
JGLKING#DEMO,platinum,500,20%,euw
Lethal Vayne#EUW,platinum,500,20%,euw
ThePreserved#EUW,platinum,500,20%,euw
batdj1#EUW,platinum,500,36%,euw
ˉˆˇˆˇˆˇˆˆˇˆˇˆˇˆˉ#EUW,platinum,500,52%,euw
Yugamu Omokage#uwu,platinum,500,45%,euw
Leanstraw#1234,platinum,500,20%,euw
3evrkwtoaggouri5#2050,platinum,20,27%,euw
Bizzle#asn,platinum,500,38%,euw
Lennart#1313,platinum,500,40%,euw
KING DEDEDE#000,platinum,000,56%,euw
FREAKS Jorka#FREAK,platinum,500,50%,euw
NXG Happy Meal#EUW,platinum,500,27%,euw
Itsaal#EUW,platinum,500,40%,euw
YnaManY#EUW,platinum,500,20%,euw
Legatus#0001,platinum,500,100%,euw
LâstAutumn#EUW,platinum,500,20%,euw
Drekitte#EUW,platinum,500,20%,euw
BrickDaddyDanger#Daddy,platinum,500,20%,euw
percsandwich58#swag,platinum,500,20%,euw
I3luQe#ADC,platinum,500,15%,euw
ihrseiddiebesten#EUW,platinum,500,7%,euw
troia misteriosa#sexy,platinum,500,47%,euw
KFC Manager#173,platinum,173,20%,euw
JeanPaulGaultier#PAFG,platinum,500,0%,euw
wtvmariana#wgft,platinum,500,48%,euw
JAM Viole Grace#EUW,platinum,500,44%,euw
Bruuuche#EUW,platinum,500,52%,euw
Erik Engström#EUW,platinum,500,53%,euw
T1 OCD#SKT,platinum,500,49%,euw
Juice#box69,platinum,500,34%,euw
Revert Skarner#Khako,platinum,500,39%,euw
DarkNight#CHN,platinum,500,52%,euw
Ryuujin#ryu,platinum,500,51%,euw
Derp Fingerling#EUW,platinum,500,43%,euw
Kaiguz#EUW,platinum,500,49%,euw
Jewlz#71711,platinum,500,50%,euw
Gabimaru#7650,platinum,500,43%,euw
xJonas#EUW,platinum,500,31%,euw
Shlukki Slayer#3005,platinum,500,49%,euw
Katanael#Lord,platinum,500,51%,euw
ADraven#4022,platinum,500,50%,euw
KALIBRADO#1997,platinum,500,52%,euw
handless Keria#000,platinum,000,48%,euw
HeinzD22#EUW,platinum,500,51%,euw
xXFamirXx#EUW,platinum,500,44%,euw
kalivan#073,platinum,073,48%,euw
pwnKilltact#EUW,platinum,500,43%,euw
Piro#4444,platinum,500,51%,euw
Masterlaulau#7487,platinum,500,53%,euw
naxzor#EUW,platinum,500,54%,euw
Davybarin#9395,platinum,500,42%,euw
renac#2005,platinum,500,52%,euw
FB Tedesco#5454,platinum,500,55%,euw
Caliph Azir#3527,platinum,500,54%,euw
Endrittf2#1122,platinum,500,48%,euw
Give Me Space#MOREE,platinum,500,50%,euw
Hoshinaga#KSC,platinum,500,47%,euw
Hardstuck4Ever#4ever,platinum,500,48%,euw
LudenssEkko#EUW,platinum,500,52%,euw
CinodaPistoia#6292,platinum,500,41%,euw
emre#gok,platinum,500,43%,euw
DicoGladio#Pushi,platinum,500,57%,euw
sixZEDven#Raid,platinum,500,45%,euw
Ajsama#Sama,platinum,500,49%,euw
VGKavleas#7590,platinum,500,53%,euw
Stormhat#EUW,platinum,500,60%,euw
BenjiSungJinwoo#FTR,platinum,500,56%,euw
Tesham#1999,platinum,500,50%,euw
LuLu#GOON,platinum,500,51%,euw
Yahµrique#EUW,platinum,500,53%,euw
SmellMyFart#729,platinum,729,47%,euw
Nintendo Ninja#00000,platinum,500,52%,euw
Baklagan#LOL,platinum,500,53%,euw
Chronoman3#EUW,platinum,500,52%,euw
DramaticRager#EUW,platinum,500,50%,euw
littleCR83#EUW,platinum,500,56%,euw
Sr gracias#EUW,platinum,500,54%,euw
skaux#EUW,platinum,500,45%,euw
Diagram#404,platinum,404,54%,euw
Sonny Hayes#EUW2,platinum,500,44%,euw
NinjaTabi#RAJOT,platinum,500,52%,euw
JustaYordlè#Kled,platinum,500,60%,euw
RedLaws#RED,platinum,500,46%,euw
KęntyS#EUW,platinum,500,40%,euw
Coolcat314#EUW,platinum,500,47%,euw
Bensikarlo#EUW,platinum,500,38%,euw
Botmarg#EUW,platinum,500,41%,euw
Cléodora#EUW,platinum,500,44%,euw
Saduj#9248,platinum,500,43%,euw
Jaggeeens#EUW,platinum,500,42%,euw
datEntey#GMS,platinum,500,42%,euw
KidFrosty#897,platinum,897,34%,euw
ElGaseoso42#GΑSSY,platinum,500,44%,euw
RSKenny#EUW,platinum,500,35%,euw
AllMyTeam#GFYS\,platinum,8,26%,euw
Sáváge x#euwes\,platinum,1,3%,euw
Karma#Kr4m\,platinum,1,,euw
Magic of Chicken#EUW\,platinum,1,,euw
ｓｉｅｎｎａ ｓｌｅｅｐ#1616\,platinum,1,93%,euw
JGLKING#DEMO\,platinum,1,,euw
Lethal Vayne#EUW\,platinum,1,,euw
ThePreserved#EUW\,platinum,1,,euw
batdj1#EUW\,platinum,1,,euw
ˉˆˇˆˇˆˇˆˆˇˆˇˆˇˆˉ#EUW\,platinum,1,89%,euw
Yugamu Omokage#uwu\,platinum,1,,euw
Leanstraw#1234\,platinum,1,,euw
3evrkwtoaggouri5#2050\,platinum,1,,euw
Bizzle#asn\,platinum,1,,euw
Lennart#1313\,platinum,1,,euw
KING DEDEDE#000\,platinum,1,,euw
FREAKS Jorka#FREAK\,platinum,1,,euw
NXG Happy Meal#EUW\,platinum,1,,euw
Itsaal#EUW\,platinum,1,,euw
YnaManY#EUW\,platinum,1,,euw
Legatus#0001\,platinum,1,,euw
LâstAutumn#EUW\,platinum,1,3%,euw
Drekitte#EUW\,platinum,1,,euw
BrickDaddyDanger#Daddy\,platinum,1,,euw
percsandwich58#swag\,platinum,1,,euw
I3luQe#ADC\,platinum,1,,euw
ihrseiddiebesten#EUW\,platinum,1,,euw
troia misteriosa#sexy\,platinum,1,,euw
KFC Manager#173\,platinum,1,,euw
JeanPaulGaultier#PAFG\,platinum,1,,euw
wtvmariana#wgft\,platinum,1,,euw
JAM Viole Grace#EUW\,platinum,1,,euw
Bruuuche#EUW\,platinum,1,,euw
Erik Engström#EUW\,platinum,1,3%,euw
T1 OCD#SKT\,platinum,1,1%,euw
Juice#box69\,platinum,1,,euw
Revert Skarner#Khako\,platinum,1,,euw
DarkNight#CHN\,platinum,1,,euw
Ryuujin#ryu\,platinum,1,,euw
Derp Fingerling#EUW\,platinum,1,,euw
Kaiguz#EUW\,platinum,1,,euw
Jewlz#71711\,platinum,1,,euw
Gabimaru#7650\,platinum,1,,euw
xJonas#EUW\,platinum,1,,euw
Shlukki Slayer#3005\,platinum,1,,euw
Katanael#Lord\,platinum,1,,euw
ADraven#4022\,platinum,1,,euw
KALIBRADO#1997\,platinum,1,,euw
handless Keria#000\,platinum,1,,euw
HeinzD22#EUW\,platinum,1,,euw
xXFamirXx#EUW\,platinum,1,,euw
kalivan#073\,platinum,1,,euw
pwnKilltact#EUW\,platinum,1,,euw
Piro#4444\,platinum,1,,euw
Masterlaulau#7487\,platinum,1,,euw
naxzor#EUW\,platinum,1,,euw
Davybarin#9395\,platinum,1,,euw
renac#2005\,platinum,1,,euw
FB Tedesco#5454\,platinum,1,,euw
Caliph Azir#3527\,platinum,1,,euw
Endrittf2#1122\,platinum,1,,euw
Give Me Space#MOREE\,platinum,1,,euw
Hoshinaga#KSC\,platinum,1,,euw
Hardstuck4Ever#4ever\,platinum,1,,euw
LudenssEkko#EUW\,platinum,1,,euw
CinodaPistoia#6292\,platinum,1,,euw
emre#gok\,platinum,1,,euw
DicoGladio#Pushi\,platinum,1,,euw
sixZEDven#Raid\,platinum,1,,euw
Ajsama#Sama\,platinum,1,,euw
VGKavleas#7590\,platinum,1,,euw
Stormhat#EUW\,platinum,1,,euw
BenjiSungJinwoo#FTR\,platinum,1,,euw
Tesham#1999\,platinum,1,,euw
LuLu#GOON\,platinum,1,,euw
Yahµrique#EUW\,platinum,1,2%,euw
SmellMyFart#729\,platinum,1,,euw
Nintendo Ninja#00000\,platinum,1,,euw
Baklagan#LOL\,platinum,1,,euw
Chronoman3#EUW\,platinum,1,,euw
DramaticRager#EUW\,platinum,1,,euw
littleCR83#EUW\,platinum,1,,euw
Sr gracias#EUW\,platinum,1,,euw
skaux#EUW\,platinum,1,,euw
Diagram#404\,platinum,1,,euw
Sonny Hayes#EUW2\,platinum,1,,euw
NinjaTabi#RAJOT\,platinum,1,,euw
JustaYordlè#Kled\,platinum,1,3%,euw
RedLaws#RED\,platinum,1,,euw
KęntyS#EUW\,platinum,1,4%,euw
Coolcat314#EUW\,platinum,1,,euw
Bensikarlo#EUW\,platinum,1,,euw
Botmarg#EUW\,platinum,1,,euw
Cléodora#EUW\,platinum,1,3%,euw
Saduj#9248\,platinum,1,,euw
Jaggeeens#EUW\,platinum,1,,euw
datEntey#GMS\,platinum,1,,euw
KidFrosty#897\,platinum,1,,euw
ElGaseoso42#GΑSSY\,platinum,1,,euw
RSKenny#EUW\,platinum,1,,euw
Narthoq#EUW,emerald,500,,euw
Crown#euw59,emerald,500,45%,euw
Papierjunge#AWW,emerald,500,48%,euw
RA Flamiror#EUW,emerald,500,54%,euw
KING TO ZAC#EUW,emerald,500,46%,euw
CosmicSnipa#EUW,emerald,500,46%,euw
CloudedAlex#EUW,emerald,500,44%,euw
Goupix#2773,emerald,500,46%,euw
tu21#221,emerald,221,42%,euw
Morgenstjerne#666,emerald,666,41%,euw
Sâwyer1#123,emerald,123,53%,euw
Yone se#EUW,emerald,500,44%,euw
César#GOATS,emerald,500,43%,euw
same haircut btw#lucky,emerald,500,46%,euw
PALADIN TOPLANER#EUW,emerald,500,48%,euw
TheHonoredOne#rouge,emerald,500,46%,euw
namivazquez#wave,emerald,500,43%,euw
Kyuuri#ff14,emerald,500,44%,euw
Tofupfanne#EUW,emerald,500,53%,euw
Ignis#lec,emerald,500,48%,euw
agdead#EUW,emerald,500,100%,euw
Passant#hqt,emerald,500,54%,euw
FullDraven#EUW,emerald,500,43%,euw
Der Veganer#DOGS,emerald,500,49%,euw
haatmeneerbeer#EUW,emerald,500,49%,euw
草莓兔#noob,emerald,500,55%,euw
Nosomi#EUW,emerald,500,47%,euw
D Bladez#666,emerald,666,46%,euw
Randralore#3715,emerald,500,42%,euw
Emissary of coom#EUW,emerald,500,48%,euw
Apophis#2093,emerald,500,45%,euw
Bend or Break#calm,emerald,500,44%,euw
MECARRY4NOBRAINS#6077,emerald,60,39%,euw
我喜欢千珏的肥臀#UWU,emerald,500,37%,euw
Caviavampier#EUW,emerald,500,41%,euw
ETT 2Trick#EUW,emerald,500,20%,euw
DeadTitan ARAM#EUW,emerald,500,49%,euw
Lettiberry#JINXI,emerald,500,20%,euw
a5aa#2008,emerald,500,44%,euw
Manu Chao#real,emerald,500,20%,euw
Love Yourz#2014,emerald,500,20%,euw
sød ostemis#EUW,emerald,500,34%,euw
4FUNPLAYER#4FUNN,emerald,500,61%,euw
DeathmarkedmyDad#EUW,emerald,500,20%,euw
Asimüs#8703,emerald,500,39%,euw
Aspect#1403,emerald,500,27%,euw
IvansitoKapital#EUW,emerald,500,0%,euw
ChenRonD#EUW,emerald,500,48%,euw
grifster#EUW,emerald,500,38%,euw
GêttingHeadSup#00000,emerald,500,50%,euw
Niklas280501#2805,emerald,500,20%,euw
Xaano#EUW,emerald,500,45%,euw
BigKiwi#107,emerald,107,44%,euw
KatAhrina#Kata,emerald,500,53%,euw
Adri85QY#888,emerald,888,47%,euw
Sefast#AItF4,emerald,500,21%,euw
EU Hype#EUW,emerald,500,20%,euw
ThiccGarry#thicc,emerald,500,40%,euw
Frieren#3476,emerald,500,42%,euw
JesusCarriesYou#1337,emerald,133,42%,euw
SNE Dexme#47623,emerald,500,20%,euw
Bloodwork1201#420,emerald,420,44%,euw
Karthrag#Karth,emerald,500,56%,euw
BuffEkkoOrInt#Weak,emerald,500,40%,euw
XxDarkinBladexX#EUW,emerald,500,20%,euw
Taunyeau#EUW,emerald,500,20%,euw
Lord of Ascent#EUW10,emerald,500,20%,euw
Andgel#EUW,emerald,500,43%,euw
noviru#EUW,emerald,500,40%,euw
xFreydora#xFrey,emerald,500,44%,euw
Astralknightx#EUW,emerald,500,60%,euw
Fyre Magician2#EUW,emerald,500,20%,euw
Raahnesan#Supp,emerald,500,20%,euw
ShutUPandICARRYU#EUW,emerald,500,20%,euw
Gumasushi#1905,emerald,500,20%,euw
Fotor#SNAKE,emerald,500,20%,euw
xxPeke#4699,emerald,500,25%,euw
Tonnerre#bière,emerald,500,20%,euw
Frisk Palle#EUW,emerald,500,40%,euw
SøulSilver#EUW,emerald,500,40%,euw
EXlLED#EUW,emerald,500,20%,euw
l Love Kalista#EUW,emerald,500,44%,euw
Baboù#EUW,emerald,500,20%,euw
Leverantören#EUW,emerald,500,47%,euw
Ochiy#EUW,emerald,500,31%,euw
Jeppeh01#EUW,emerald,500,51%,euw
Lurrbakken#EUW,emerald,500,44%,euw
Kamo#SKILL,emerald,500,44%,euw
LättmjöIk#EUW,emerald,500,20%,euw
lcebonq#EUW,emerald,500,30%,euw
TërrØr#EUW,emerald,500,20%,euw
Dommmy#Dommy,emerald,500,20%,euw
Noxus Caelum#Stars,emerald,500,20%,euw
IgnisAeternus#VIRTU,emerald,500,20%,euw
Slempegøy#EUW,emerald,500,27%,euw
nihaobeijing2005#frodo,emerald,500,20%,euw
ｐáｐａｒａｚｚｉｉ#EEeee,emerald,500,59%,euw
10 LP Warrior#1v9,emerald,10,48%,euw
MisPlayeRirl#mns77,emerald,500,20%,euw
Joshee#2908,emerald,500,53%,euw
Narthoq#EUW\,emerald,8,54%,euw
Crown#euw59\,emerald,1,,euw
Papierjunge#AWW\,emerald,1,,euw
RA Flamiror#EUW\,emerald,1,,euw
KING TO ZAC#EUW\,emerald,1,,euw
CosmicSnipa#EUW\,emerald,1,,euw
CloudedAlex#EUW\,emerald,1,,euw
Goupix#2773\,emerald,1,,euw
tu21#221\,emerald,1,,euw
Morgenstjerne#666\,emerald,1,,euw
Sâwyer1#123\,emerald,1,3%,euw
Yone se#EUW\,emerald,1,,euw
César#GOATS\,emerald,1,3%,euw
same haircut btw#lucky\,emerald,1,,euw
PALADIN TOPLANER#EUW\,emerald,1,,euw
TheHonoredOne#rouge\,emerald,1,,euw
namivazquez#wave\,emerald,1,,euw
Kyuuri#ff14\,emerald,1,,euw
Tofupfanne#EUW\,emerald,1,,euw
Ignis#lec\,emerald,1,,euw
agdead#EUW\,emerald,1,,euw
Passant#hqt\,emerald,1,,euw
FullDraven#EUW\,emerald,1,,euw
Der Veganer#DOGS\,emerald,1,,euw
haatmeneerbeer#EUW\,emerald,1,,euw
草莓兔#noob\,emerald,1,8%,euw
Nosomi#EUW\,emerald,1,,euw
D Bladez#666\,emerald,1,,euw
Randralore#3715\,emerald,1,,euw
Emissary of coom#EUW\,emerald,1,,euw
Apophis#2093\,emerald,1,,euw
Bend or Break#calm\,emerald,1,,euw
MECARRY4NOBRAINS#6077\,emerald,1,,euw
我喜欢千珏的肥臀#UWU\,emerald,1,6%,euw
Caviavampier#EUW\,emerald,1,,euw
ETT 2Trick#EUW\,emerald,1,,euw
DeadTitan ARAM#EUW\,emerald,1,,euw
Lettiberry#JINXI\,emerald,1,,euw
a5aa#2008\,emerald,1,,euw
Manu Chao#real\,emerald,1,,euw
Love Yourz#2014\,emerald,1,,euw
sød ostemis#EUW\,emerald,1,3%,euw
4FUNPLAYER#4FUNN\,emerald,1,,euw
DeathmarkedmyDad#EUW\,emerald,1,,euw
Asimüs#8703\,emerald,1,3%,euw
Aspect#1403\,emerald,1,,euw
IvansitoKapital#EUW\,emerald,1,,euw
ChenRonD#EUW\,emerald,1,,euw
grifster#EUW\,emerald,1,,euw
GêttingHeadSup#00000\,emerald,1,3%,euw
Niklas280501#2805\,emerald,1,,euw
Xaano#EUW\,emerald,1,,euw
BigKiwi#107\,emerald,1,,euw
KatAhrina#Kata\,emerald,1,,euw
Adri85QY#888\,emerald,1,,euw
Sefast#AItF4\,emerald,1,,euw
EU Hype#EUW\,emerald,1,,euw
ThiccGarry#thicc\,emerald,1,,euw
Frieren#3476\,emerald,1,,euw
JesusCarriesYou#1337\,emerald,1,,euw
SNE Dexme#47623\,emerald,1,,euw
Bloodwork1201#420\,emerald,1,,euw
Karthrag#Karth\,emerald,1,,euw
BuffEkkoOrInt#Weak\,emerald,1,,euw
XxDarkinBladexX#EUW\,emerald,1,,euw
Taunyeau#EUW\,emerald,1,,euw
Lord of Ascent#EUW10\,emerald,1,,euw
Andgel#EUW\,emerald,1,,euw
noviru#EUW\,emerald,1,,euw
xFreydora#xFrey\,emerald,1,,euw
Astralknightx#EUW\,emerald,1,,euw
Fyre Magician2#EUW\,emerald,1,,euw
Raahnesan#Supp\,emerald,1,,euw
ShutUPandICARRYU#EUW\,emerald,1,,euw
Gumasushi#1905\,emerald,1,,euw
Fotor#SNAKE\,emerald,1,,euw
xxPeke#4699\,emerald,1,,euw
Tonnerre#bière\,emerald,1,3%,euw
Frisk Palle#EUW\,emerald,1,,euw
SøulSilver#EUW\,emerald,1,3%,euw
EXlLED#EUW\,emerald,1,,euw
l Love Kalista#EUW\,emerald,1,,euw
Baboù#EUW\,emerald,1,3%,euw
Leverantören#EUW\,emerald,1,3%,euw
Ochiy#EUW\,emerald,1,,euw
Jeppeh01#EUW\,emerald,1,,euw
Lurrbakken#EUW\,emerald,1,,euw
Kamo#SKILL\,emerald,1,,euw
LättmjöIk#EUW\,emerald,1,3%,euw
lcebonq#EUW\,emerald,1,,euw
TërrØr#EUW\,emerald,1,3%,euw
Dommmy#Dommy\,emerald,1,,euw
Noxus Caelum#Stars\,emerald,1,,euw
IgnisAeternus#VIRTU\,emerald,1,,euw
Slempegøy#EUW\,emerald,1,3%,euw
nihaobeijing2005#frodo\,emerald,1,,euw
ｐáｐａｒａｚｚｉｉ#EEeee\,emerald,1,90%,euw
10 LP Warrior#1v9\,emerald,20,10%,euw
MisPlayeRirl#mns77\,emerald,1,,euw
Joshee#2908\,emerald,1,,euw
COLLEGEGIRLHUNT#eat,emerald,500,,euw
epilepszia3#eew,emerald,500,45%,euw
Frozen Phoenix#ARCHE,emerald,500,40%,euw
susu#lll,emerald,500,20%,euw
Schükre lost ÄCK#öäää,emerald,500,20%,euw
dopey#heb,emerald,500,20%,euw
Aral#659,emerald,659,20%,euw
RealRehnskjold#EUW,emerald,500,48%,euw
Paracetamolo#rotmg,emerald,500,43%,euw
SpeedrunningTop8#EUW,emerald,500,48%,euw
AKozbar#9411,emerald,500,46%,euw
goatis disciple#1942,emerald,500,27%,euw
Angelo Stiller#EUW7,emerald,500,20%,euw
jgl king#69690,emerald,500,20%,euw
Tσji#Fushi,emerald,500,20%,euw
Euw worst elo#EUW,emerald,500,42%,euw
Russian Roulette#GT350,emerald,500,60%,euw
Gratefull#lol,emerald,500,20%,euw
Litchs#000,emerald,000,20%,euw
ypynpj#EUW,emerald,500,20%,euw
Cry if mad#EUW,emerald,500,100%,euw
BrunciVar#Brunc,emerald,500,44%,euw
Anstred#2980,emerald,500,20%,euw
Le Fury#FRY,emerald,500,20%,euw
Ekkoliner#EUW,emerald,500,25%,euw
mountains#EUW,emerald,500,20%,euw
jieFyJRock#EUW,emerald,500,37%,euw
Primebeast#EUW,emerald,500,37%,euw
Mizehu#EUW,emerald,500,9%,euw
dari1#eel,emerald,500,20%,euw
owosupportcutie#ttv,emerald,500,47%,euw
Fruit Vendor#Book,emerald,500,20%,euw
Push Pull Rave#EUW,emerald,500,20%,euw
Fentasm#FENT,emerald,500,44%,euw
iron is next lvl#EUW,emerald,500,20%,euw
hagar#hagra,emerald,500,20%,euw
Rivai EUW#EUW,emerald,500,20%,euw
RPOK#WIN,emerald,500,20%,euw
Braindead#69420,emerald,500,27%,euw
MoroDeLasRamblas#PSOE,emerald,500,53%,euw
JhinWallside#MARK,emerald,500,45%,euw
orange cat#67W,emerald,500,20%,euw
Larraine74Ja#EUW,emerald,500,20%,euw
SLOTH#1709,emerald,500,29%,euw
pinoporcino#EUW,emerald,500,52%,euw
OdiRENGAR#EUW,emerald,500,48%,euw
NotPandaKaede#EUW,emerald,500,20%,euw
iduos#sonpi,emerald,500,53%,euw
rnart#EUW,emerald,500,15%,euw
goths add me#1v9,emerald,500,20%,euw
p0rnnEnjoyer#Ornn,emerald,500,20%,euw
serenityprayer#00000,emerald,500,20%,euw
Beyond Limits#MLP,emerald,500,44%,euw
Amiraali#EUW,emerald,500,20%,euw
Mewing Expert#LILPL,emerald,500,47%,euw
KnowingRenfri#1111,emerald,500,20%,euw
bomb at 15#EUW,emerald,500,20%,euw
Rick Grime#shane,emerald,500,42%,euw
Sporox#EUW,emerald,500,50%,euw
KhiWoz#EUW,emerald,500,61%,euw
Satanic#Ame,emerald,500,52%,euw
Boule2Billard#13323,emerald,500,25%,euw
williamdenfede#1234,emerald,500,40%,euw
Maxjoni#EUW,emerald,500,52%,euw
RA PlayZz#EUW,emerald,500,55%,euw
Krown#LATER,emerald,500,36%,euw
Ellex#0512,emerald,500,50%,euw
Kurry#SWISH,emerald,500,44%,euw
Tonio#92i,emerald,500,48%,euw
Örnst#999,emerald,999,46%,euw
Kbeight#EUW,emerald,500,53%,euw
Sunrise#001,emerald,001,54%,euw
Yazzi#IMOP,emerald,500,52%,euw
idntwannaperfect#001,emerald,00,49%,euw
laudly#6969,emerald,500,48%,euw
kkthxbb#أنا م,emerald,500,50%,euw
got ghost hands#poisn,emerald,500,45%,euw
angeldust#blue,emerald,500,42%,euw
Yintuition#Hog,emerald,500,48%,euw
slavegirls#0000,emerald,500,45%,euw
MANIFEST ZOKTAY#2001,emerald,200,59%,euw
AFK Probably#EUW,emerald,500,44%,euw
kobe the bryant#EUW,emerald,500,47%,euw
Manke Nelis#2911,emerald,500,48%,euw
CaporalChefYivai#TTV,emerald,500,46%,euw
Grr3nn#2885,emerald,500,50%,euw
Ron Swanson#EUWES,emerald,500,34%,euw
HICKALI#KEVIN,emerald,500,40%,euw
BeinrangeI#EUW,emerald,500,46%,euw
Yip Yap#EUW,emerald,500,46%,euw
Feltzschi#EUW,emerald,500,40%,euw
RyoStrafe#EUW,emerald,500,44%,euw
KEVIN DE BRUYNE#NAP,emerald,500,58%,euw
Noah Rühl#Essen,emerald,500,47%,euw
xXDaddyYankeeXx#EUW,emerald,500,44%,euw
Steppyx#EUW,emerald,500,52%,euw
Yoold#EUW,emerald,500,67%,euw
Konsolenchef#EUW,emerald,500,58%,euw
IchHeißeTorben#EUW,emerald,500,37%,euw
KiberSki#Star,emerald,500,37%,euw
COLLEGEGIRLHUNT#eat\,emerald,8,20%,euw
epilepszia3#eew\,emerald,1,,euw
Frozen Phoenix#ARCHE\,emerald,1,,euw
susu#lll\,emerald,1,,euw
Schükre lost ÄCK#öäää\,emerald,1,3%,euw
dopey#heb\,emerald,1,,euw
Aral#659\,emerald,1,,euw
RealRehnskjold#EUW\,emerald,1,,euw
Paracetamolo#rotmg\,emerald,1,,euw
SpeedrunningTop8#EUW\,emerald,1,,euw
AKozbar#9411\,emerald,1,,euw
goatis disciple#1942\,emerald,1,,euw
Angelo Stiller#EUW7\,emerald,1,,euw
jgl king#69690\,emerald,1,,euw
Tσji#Fushi\,emerald,1,,euw
Euw worst elo#EUW\,emerald,1,,euw
Russian Roulette#GT350\,emerald,1,,euw
Gratefull#lol\,emerald,1,,euw
Litchs#000\,emerald,1,,euw
ypynpj#EUW\,emerald,1,,euw
Cry if mad#EUW\,emerald,1,,euw
BrunciVar#Brunc\,emerald,1,,euw
Anstred#2980\,emerald,1,,euw
Le Fury#FRY\,emerald,1,,euw
Ekkoliner#EUW\,emerald,1,,euw
mountains#EUW\,emerald,1,,euw
jieFyJRock#EUW\,emerald,1,,euw
Primebeast#EUW\,emerald,1,,euw
Mizehu#EUW\,emerald,1,,euw
dari1#eel\,emerald,1,,euw
owosupportcutie#ttv\,emerald,1,,euw
Fruit Vendor#Book\,emerald,1,,euw
Push Pull Rave#EUW\,emerald,1,,euw
Fentasm#FENT\,emerald,1,,euw
iron is next lvl#EUW\,emerald,1,,euw
hagar#hagra\,emerald,1,,euw
Rivai EUW#EUW\,emerald,1,,euw
RPOK#WIN\,emerald,1,,euw
Braindead#69420\,emerald,1,,euw
MoroDeLasRamblas#PSOE\,emerald,1,,euw
JhinWallside#MARK\,emerald,1,,euw
orange cat#67W\,emerald,1,,euw
Larraine74Ja#EUW\,emerald,1,,euw
SLOTH#1709\,emerald,1,,euw
pinoporcino#EUW\,emerald,1,,euw
OdiRENGAR#EUW\,emerald,1,,euw
NotPandaKaede#EUW\,emerald,1,,euw
iduos#sonpi\,emerald,1,,euw
rnart#EUW\,emerald,1,,euw
goths add me#1v9\,emerald,1,,euw
p0rnnEnjoyer#Ornn\,emerald,1,,euw
serenityprayer#00000\,emerald,1,,euw
Beyond Limits#MLP\,emerald,1,,euw
Amiraali#EUW\,emerald,1,,euw
Mewing Expert#LILPL\,emerald,1,,euw
KnowingRenfri#1111\,emerald,1,,euw
bomb at 15#EUW\,emerald,1,,euw
Rick Grime#shane\,emerald,1,,euw
Sporox#EUW\,emerald,1,,euw
KhiWoz#EUW\,emerald,1,,euw
Satanic#Ame\,emerald,1,,euw
Boule2Billard#13323\,emerald,1,,euw
williamdenfede#1234\,emerald,1,,euw
Maxjoni#EUW\,emerald,1,,euw
RA PlayZz#EUW\,emerald,1,,euw
Krown#LATER\,emerald,1,,euw
Ellex#0512\,emerald,1,,euw
Kurry#SWISH\,emerald,1,,euw
Tonio#92i\,emerald,1,,euw
Örnst#999\,emerald,1,3%,euw
Kbeight#EUW\,emerald,1,,euw
Sunrise#001\,emerald,1,,euw
Yazzi#IMOP\,emerald,1,,euw
idntwannaperfect#001\,emerald,1,,euw
laudly#6969\,emerald,1,,euw
kkthxbb#أنا م\,emerald,1,8%,euw
got ghost hands#poisn\,emerald,1,,euw
angeldust#blue\,emerald,1,,euw
Yintuition#Hog\,emerald,1,,euw
slavegirls#0000\,emerald,1,,euw
MANIFEST ZOKTAY#2001\,emerald,1,,euw
AFK Probably#EUW\,emerald,1,,euw
kobe the bryant#EUW\,emerald,1,,euw
Manke Nelis#2911\,emerald,1,,euw
CaporalChefYivai#TTV\,emerald,1,,euw
Grr3nn#2885\,emerald,1,,euw
Ron Swanson#EUWES\,emerald,1,,euw
HICKALI#KEVIN\,emerald,1,,euw
BeinrangeI#EUW\,emerald,1,,euw
Yip Yap#EUW\,emerald,1,,euw
Feltzschi#EUW\,emerald,1,,euw
RyoStrafe#EUW\,emerald,1,,euw
KEVIN DE BRUYNE#NAP\,emerald,1,,euw
Noah Rühl#Essen\,emerald,1,3%,euw
xXDaddyYankeeXx#EUW\,emerald,1,,euw
Steppyx#EUW\,emerald,1,,euw
Yoold#EUW\,emerald,1,,euw
Konsolenchef#EUW\,emerald,1,,euw
IchHeißeTorben#EUW\,emerald,1,3%,euw
KiberSki#Star\,emerald,1,,euw
Sherif#EUW,emerald,500,,euw
Zephyyrs#EUW,emerald,500,56%,euw
jpmatonen#EUW,emerald,500,40%,euw
Magnesiumoxid#EUW,emerald,500,64%,euw
poop goblin#UwU,emerald,500,54%,euw
Rapid dragon#EUW,emerald,500,44%,euw
ufo#admin,emerald,500,44%,euw
ShielD#Bard,emerald,500,38%,euw
Manuel Kahn#EUW,emerald,500,54%,euw
Pug Life#EUW,emerald,500,60%,euw
Milkyboy99#EUW,emerald,500,26%,euw
SHW Taiyö#EUW,emerald,500,27%,euw
Axcel#701,emerald,701,44%,euw
Hélian#EUW,emerald,500,47%,euw
PRO DES YOYO#TOP8,emerald,500,44%,euw
GodNeke#EUW,emerald,500,37%,euw
Pandesii#EUW,emerald,500,38%,euw
Biistoufleex#crash,emerald,500,52%,euw
Karavusk#cow,emerald,500,37%,euw
Sky Of Lightning#EUW,emerald,500,44%,euw
Disband my Name#EUW,emerald,5,100%,euw
ShouldrPubesHavr#KEKW,emerald,500,44%,euw
xLynge#EUW,emerald,500,41%,euw
Drayx#EUW,emerald,500,44%,euw
Tunichtgut#Unfug,emerald,500,49%,euw
Darkpharaoh#1V9,emerald,500,44%,euw
And love said no#tear,emerald,500,47%,euw
Gazprom CEO#Gas,emerald,500,52%,euw
Afterlifelost#lost,emerald,500,56%,euw
PÅL#EUW2,emerald,500,21%,euw
R0nder Sama#2134,emerald,500,44%,euw
wanabetroll#EUW,emerald,500,27%,euw
Mister Pakro#Pakro,emerald,500,44%,euw
Radahns horse#EUW,emerald,500,37%,euw
Finiya#EUW,emerald,500,56%,euw
LCS Sylveon#Eevee,emerald,500,44%,euw
SPACEGLIDECHINA#EUW,emerald,500,54%,euw
ZileanOutOfFog#RIDER,emerald,500,44%,euw
NoxusBadGuy#4042,emerald,500,21%,euw
mush#246,emerald,246,37%,euw
Oh shiet a rat#EUW,emerald,500,54%,euw
11 03 2000#21 11,emerald,11,48%,euw
Dacelo#EUW,emerald,500,54%,euw
Take Me Back To#Εden,emerald,500,54%,euw
Cuddling Femboy#EUW,emerald,500,38%,euw
AKMA RHAAST V17#EUW,emerald,500,54%,euw
VamCandy#45452,emerald,500,46%,euw
ffarmux#928,emerald,928,44%,euw
仅    的τяƒ  911#qqq,emerald,500,52%,euw
Luketa#BRA,emerald,500,59%,euw
Avalanche2Crotte#CACA,emerald,500,44%,euw
allaualla#Rin,emerald,500,44%,euw
Ławless#WEST,emerald,500,44%,euw
Operator golem#OPGOL,emerald,500,56%,euw
white dog maya#EUW,emerald,500,54%,euw
Ihr Königreich#EUW,emerald,500,30%,euw
Corndacier#EUW,emerald,500,44%,euw
A Sound Soul#EUW,emerald,500,60%,euw
DarkstarRipklaw#DSRK,emerald,500,38%,euw
YAKUB#NOIR,emerald,500,27%,euw
ABDI YÄNSTER#EUW,emerald,500,62%,euw
Salam les khey#3742,emerald,500,54%,euw
zta#EUW,emerald,500,46%,euw
Yoriichi#Y0NE,emerald,500,44%,euw
Humforle#EUW,emerald,500,54%,euw
MarvelJesus#6713,emerald,500,55%,euw
VIT Erikson#VIT,emerald,500,51%,euw
Lachlan#KLE,emerald,500,41%,euw
ChadPlank#EUW,emerald,500,55%,euw
nathan3939#EUW,emerald,500,52%,euw
Eraniss#EUW,emerald,500,51%,euw
godoyjes#EUW,emerald,500,56%,euw
Deadcool4ever#EUW,emerald,500,53%,euw
ZPL#1866,emerald,500,52%,euw
CB TunPadri#aaaaa,emerald,500,52%,euw
Vexed Zeri#Ezeri,emerald,500,50%,euw
Hitmonkun#SUPDF,emerald,500,49%,euw
Arnieee#EUW,emerald,500,50%,euw
ICER#EGO,emerald,500,49%,euw
Fiancé#2810,emerald,500,36%,euw
blackdakotakiwi#EUW,emerald,500,50%,euw
xXcatdogXx#EUW,emerald,500,43%,euw
Krümel#IIIII,emerald,500,52%,euw
Woookiii#EUW,emerald,500,54%,euw
Nejiropxl#EUW,emerald,500,44%,euw
Yme#KR12,emerald,500,45%,euw
Yoevstech#8848,emerald,500,50%,euw
Inferna#Metin,emerald,500,47%,euw
period acc o7#YEP,emerald,500,58%,euw
RupsjeNooitgenœg#FEAST,emerald,500,47%,euw
KOGONG KOGONG#BETON,emerald,500,55%,euw
Fan2Marex#0077,emerald,500,56%,euw
Hawassx#EUW,emerald,500,63%,euw
ULFFF#ULF,emerald,500,50%,euw
reset ladder#EUW,emerald,500,51%,euw
Faykedit#idk,emerald,500,54%,euw
KC GameOps#EUW73,emerald,500,63%,euw
shiro002#EUW,emerald,500,30%,euw
BeKiKS#EUW,emerald,500,57%,euw
Oathbreaker#0000,emerald,500,53%,euw
Sherif#EUW\,emerald,8,64%,euw
Zephyyrs#EUW\,emerald,1,,euw
jpmatonen#EUW\,emerald,1,,euw
Magnesiumoxid#EUW\,emerald,1,,euw
poop goblin#UwU\,emerald,1,,euw
Rapid dragon#EUW\,emerald,1,,euw
ufo#admin\,emerald,1,,euw
ShielD#Bard\,emerald,1,,euw
Manuel Kahn#EUW\,emerald,1,,euw
Pug Life#EUW\,emerald,1,,euw
Milkyboy99#EUW\,emerald,1,,euw
SHW Taiyö#EUW\,emerald,1,3%,euw
Axcel#701\,emerald,1,,euw
Hélian#EUW\,emerald,1,3%,euw
PRO DES YOYO#TOP8\,emerald,1,,euw
GodNeke#EUW\,emerald,1,,euw
Pandesii#EUW\,emerald,1,,euw
Biistoufleex#crash\,emerald,1,,euw
Karavusk#cow\,emerald,1,,euw
Sky Of Lightning#EUW\,emerald,1,,euw
Disband my Name#EUW\,emerald,1,,euw
ShouldrPubesHavr#KEKW\,emerald,1,,euw
xLynge#EUW\,emerald,1,,euw
Drayx#EUW\,emerald,1,,euw
Tunichtgut#Unfug\,emerald,1,,euw
Darkpharaoh#1V9\,emerald,1,,euw
And love said no#tear\,emerald,1,,euw
Gazprom CEO#Gas\,emerald,1,,euw
Afterlifelost#lost\,emerald,1,,euw
PÅL#EUW2\,emerald,1,3%,euw
R0nder Sama#2134\,emerald,1,,euw
wanabetroll#EUW\,emerald,1,,euw
Mister Pakro#Pakro\,emerald,1,,euw
Radahns horse#EUW\,emerald,1,,euw
Finiya#EUW\,emerald,1,,euw
LCS Sylveon#Eevee\,emerald,1,,euw
SPACEGLIDECHINA#EUW\,emerald,1,,euw
ZileanOutOfFog#RIDER\,emerald,1,,euw
NoxusBadGuy#4042\,emerald,1,,euw
mush#246\,emerald,1,,euw
Oh shiet a rat#EUW\,emerald,1,,euw
11 03 2000#21 11\,emerald,1,11%,euw
Dacelo#EUW\,emerald,1,,euw
Take Me Back To#Εden\,emerald,1,,euw
Cuddling Femboy#EUW\,emerald,1,,euw
AKMA RHAAST V17#EUW\,emerald,1,,euw
VamCandy#45452\,emerald,1,,euw
ffarmux#928\,emerald,1,,euw
仅    的τяƒ  911#qqq\,emerald,1,4%,euw
Luketa#BRA\,emerald,1,,euw
Avalanche2Crotte#CACA\,emerald,1,,euw
allaualla#Rin\,emerald,1,,euw
Ławless#WEST\,emerald,1,5%,euw
Operator golem#OPGOL\,emerald,1,,euw
white dog maya#EUW\,emerald,1,,euw
Ihr Königreich#EUW\,emerald,1,3%,euw
Corndacier#EUW\,emerald,1,,euw
A Sound Soul#EUW\,emerald,1,,euw
DarkstarRipklaw#DSRK\,emerald,1,,euw
YAKUB#NOIR\,emerald,1,,euw
ABDI YÄNSTER#EUW\,emerald,1,3%,euw
Salam les khey#3742\,emerald,1,,euw
zta#EUW\,emerald,1,,euw
Yoriichi#Y0NE\,emerald,1,,euw
Humforle#EUW\,emerald,1,,euw
MarvelJesus#6713\,emerald,1,,euw
VIT Erikson#VIT\,emerald,1,,euw
Lachlan#KLE\,emerald,1,,euw
ChadPlank#EUW\,emerald,1,,euw
nathan3939#EUW\,emerald,1,,euw
Eraniss#EUW\,emerald,1,,euw
godoyjes#EUW\,emerald,1,,euw
Deadcool4ever#EUW\,emerald,1,,euw
ZPL#1866\,emerald,1,,euw
CB TunPadri#aaaaa\,emerald,1,,euw
Vexed Zeri#Ezeri\,emerald,1,,euw
Hitmonkun#SUPDF\,emerald,1,,euw
Arnieee#EUW\,emerald,1,,euw
ICER#EGO\,emerald,1,,euw
Fiancé#2810\,emerald,1,3%,euw
blackdakotakiwi#EUW\,emerald,1,,euw
xXcatdogXx#EUW\,emerald,1,,euw
Krümel#IIIII\,emerald,1,3%,euw
Woookiii#EUW\,emerald,1,,euw
Nejiropxl#EUW\,emerald,1,,euw
Yme#KR12\,emerald,1,,euw
Yoevstech#8848\,emerald,1,,euw
Inferna#Metin\,emerald,1,,euw
period acc o7#YEP\,emerald,1,,euw
RupsjeNooitgenœg#FEAST\,emerald,1,5%,euw
KOGONG KOGONG#BETON\,emerald,1,,euw
Fan2Marex#0077\,emerald,1,,euw
Hawassx#EUW\,emerald,1,,euw
ULFFF#ULF\,emerald,1,,euw
reset ladder#EUW\,emerald,1,,euw
Faykedit#idk\,emerald,1,,euw
KC GameOps#EUW73\,emerald,1,,euw
shiro002#EUW\,emerald,1,,euw
BeKiKS#EUW\,emerald,1,,euw
Oathbreaker#0000\,emerald,1,,euw
Christles#EUW,emerald,500,,euw
stephanie#tight,emerald,500,59%,euw
Nafaliia#EUW,emerald,500,48%,euw
Danee#2112,emerald,500,52%,euw
Hasaki#Toad,emerald,500,53%,euw
MettMogli#WOMBA,emerald,500,40%,euw
trafalgar d law#1669,emerald,166,49%,euw
Cee2#TOP,emerald,500,53%,euw
Blackbeee#EUW,emerald,500,37%,euw
Naxapistaxa#EUW,emerald,500,28%,euw
RBM HpiGolem#EUW,emerald,500,50%,euw
MacDeak#Kayou,emerald,500,55%,euw
Dreilix#CN3,emerald,500,44%,euw
SeniorNoxi#Wuxl,emerald,500,57%,euw
Sinocci#uwu,emerald,500,55%,euw
Agony#HlM,emerald,500,54%,euw
Camugo#EUW,emerald,500,46%,euw
yubel lol#twtv,emerald,500,47%,euw
Isha Come Back#999,emerald,999,47%,euw
flanc bronzé #EUW,emerald,500,43%,euw
Dragoncets#EUW,emerald,500,100%,euw
Fivry#SLY,emerald,500,51%,euw
Kris101#000,emerald,000,55%,euw
666Maniac666#EUW,emerald,500,59%,euw
Solestial Snafu#ADHD,emerald,500,51%,euw
phos#baka,emerald,500,49%,euw
Mr Miyagii#8529,emerald,500,50%,euw
You MILFJASKLDÆA#EUW,emerald,500,53%,euw
Artick#97400,emerald,500,50%,euw
Cactus Jack#0107,emerald,500,57%,euw
Guts may smile#EUW,emerald,500,49%,euw
BoOmmelMütze#EUW,emerald,500,37%,euw
Larven#fedko,emerald,500,48%,euw
RoadToIronIV#OMW,emerald,500,48%,euw
Couture#eu18,emerald,500,46%,euw
freely#6838,emerald,500,54%,euw
mrpaterson#8935,emerald,500,53%,euw
Race50#2010,emerald,500,53%,euw
play botside plz#shen,emerald,500,48%,euw
dota2lov3r#sims4,emerald,500,49%,euw
bnzrmfw#EUW,emerald,500,51%,euw
PewPewPewPew#777,emerald,777,61%,euw
Tequila Sunset#Poet,emerald,500,55%,euw
Degmezmis Sana#EUW,emerald,500,48%,euw
StopBeingAslave#EUW,emerald,500,52%,euw
snowymonkey#1337,emerald,500,45%,euw
TGLTC#FBI,emerald,500,46%,euw
JackOfBlades#EUW44,emerald,500,46%,euw
Fiat Cinquecento#444,emerald,444,50%,euw
SaK99#4793,emerald,500,52%,euw
Z Latarni#EUW,emerald,500,51%,euw
LobotomyLeague#0124,emerald,500,45%,euw
JamalsLastDance#FNC,emerald,500,43%,euw
DanaPater#EUW,emerald,500,43%,euw
Saki#4924,emerald,500,43%,euw
SireGust#Boss,emerald,500,53%,euw
rskickdown#EUW,emerald,500,46%,euw
Aizen Haschwalth#EUW,emerald,500,51%,euw
TEENAGER RAGER#十十十,emerald,500,53%,euw
protacnium#EUW,emerald,500,46%,euw
StayGold#UMPD,emerald,500,46%,euw
OttomanFEVER#EUW,emerald,500,45%,euw
RdvAvcLaNasa#2401,emerald,500,48%,euw
DartoG#N46,emerald,500,48%,euw
Sp33dY#666,emerald,666,53%,euw
iTheNoob#EUW,emerald,500,51%,euw
Palled#BRA,emerald,500,48%,euw
bottom4straggots#bussi,emerald,500,57%,euw
Staunch#EUW,emerald,500,51%,euw
정글 신고#GGEZ,emerald,500,48%,euw
NewPerson#KAMI,emerald,500,43%,euw
zavv1xd#4444,emerald,500,48%,euw
NanoşTeq#Nano,emerald,500,53%,euw
Flight999#999,emerald,999,50%,euw
LawIsB#EUW,emerald,500,48%,euw
oussa23#EUW,emerald,500,47%,euw
Baenciel#EUW,emerald,500,20%,euw
Suzaku#2173,emerald,500,50%,euw
Nukshot#EUW,emerald,500,42%,euw
Amâra#EUW,emerald,500,47%,euw
Reshiram#rx7,emerald,500,54%,euw
tomdrip#DRIP,emerald,500,46%,euw
Not lvern close#EUW,emerald,500,56%,euw
Javi Gambas#EUW,emerald,500,49%,euw
El squiisii#EUW,emerald,500,42%,euw
Lux on Steroids#EUW,emerald,500,56%,euw
MarsterMars#EUW,emerald,500,46%,euw
loutti#EUW,emerald,500,50%,euw
Topfather#Top,emerald,500,40%,euw
V12Killer#EUW,emerald,500,20%,euw
BAC nAno#EUW,emerald,500,57%,euw
Braunijs#EUW,emerald,500,51%,euw
TTBlueHands#045,emerald,045,45%,euw
AI 1v9 BOT#ROBOT,emerald,500,36%,euw
Sir Chippazz#EUW,emerald,500,39%,euw
Bloodpoop#EUW,emerald,500,44%,euw
Beta#GXBG,emerald,500,38%,euw
Flubber#blob,emerald,500,21%,euw
KaZaKhStAr#EUW,emerald,500,30%,euw
Neo Vixen#EUW,emerald,500,46%,euw
Christles#EUW\,emerald,8,52%,euw
stephanie#tight\,emerald,1,,euw
Nafaliia#EUW\,emerald,1,,euw
Danee#2112\,emerald,1,,euw
Hasaki#Toad\,emerald,1,,euw
MettMogli#WOMBA\,emerald,1,,euw
trafalgar d law#1669\,emerald,1,,euw
Cee2#TOP\,emerald,1,,euw
Blackbeee#EUW\,emerald,1,,euw
Naxapistaxa#EUW\,emerald,1,,euw
RBM HpiGolem#EUW\,emerald,1,,euw
MacDeak#Kayou\,emerald,1,,euw
Dreilix#CN3\,emerald,1,,euw
SeniorNoxi#Wuxl\,emerald,1,,euw
Sinocci#uwu\,emerald,1,,euw
Agony#HlM\,emerald,1,,euw
Camugo#EUW\,emerald,1,,euw
yubel lol#twtv\,emerald,1,,euw
Isha Come Back#999\,emerald,1,,euw
flanc bronzé #EUW\,emerald,1,3%,euw
Dragoncets#EUW\,emerald,1,,euw
Fivry#SLY\,emerald,1,,euw
Kris101#000\,emerald,1,,euw
666Maniac666#EUW\,emerald,1,,euw
Solestial Snafu#ADHD\,emerald,1,,euw
phos#baka\,emerald,1,,euw
Mr Miyagii#8529\,emerald,1,,euw
You MILFJASKLDÆA#EUW\,emerald,1,3%,euw
Artick#97400\,emerald,1,,euw
Cactus Jack#0107\,emerald,1,,euw
Guts may smile#EUW\,emerald,1,,euw
BoOmmelMütze#EUW\,emerald,1,3%,euw
Larven#fedko\,emerald,1,,euw
RoadToIronIV#OMW\,emerald,1,,euw
Couture#eu18\,emerald,1,,euw
freely#6838\,emerald,1,,euw
mrpaterson#8935\,emerald,1,,euw
Race50#2010\,emerald,1,,euw
play botside plz#shen\,emerald,1,,euw
dota2lov3r#sims4\,emerald,1,,euw
bnzrmfw#EUW\,emerald,1,,euw
PewPewPewPew#777\,emerald,1,,euw
Tequila Sunset#Poet\,emerald,1,,euw
Degmezmis Sana#EUW\,emerald,1,,euw
StopBeingAslave#EUW\,emerald,1,,euw
snowymonkey#1337\,emerald,1,,euw
TGLTC#FBI\,emerald,1,,euw
JackOfBlades#EUW44\,emerald,1,,euw
Fiat Cinquecento#444\,emerald,1,,euw
SaK99#4793\,emerald,1,,euw
Z Latarni#EUW\,emerald,1,,euw
LobotomyLeague#0124\,emerald,1,,euw
JamalsLastDance#FNC\,emerald,1,,euw
DanaPater#EUW\,emerald,1,,euw
Saki#4924\,emerald,1,,euw
SireGust#Boss\,emerald,1,,euw
rskickdown#EUW\,emerald,1,,euw
Aizen Haschwalth#EUW\,emerald,1,,euw
TEENAGER RAGER#十十十\,emerald,1,5%,euw
protacnium#EUW\,emerald,1,,euw
StayGold#UMPD\,emerald,1,,euw
OttomanFEVER#EUW\,emerald,1,,euw
RdvAvcLaNasa#2401\,emerald,1,,euw
DartoG#N46\,emerald,1,,euw
Sp33dY#666\,emerald,1,,euw
iTheNoob#EUW\,emerald,1,,euw
Palled#BRA\,emerald,1,,euw
bottom4straggots#bussi\,emerald,1,,euw
Staunch#EUW\,emerald,1,,euw
정글 신고#GGEZ\,emerald,1,0%,euw
NewPerson#KAMI\,emerald,1,,euw
zavv1xd#4444\,emerald,1,,euw
NanoşTeq#Nano\,emerald,1,5%,euw
Flight999#999\,emerald,1,,euw
LawIsB#EUW\,emerald,1,,euw
oussa23#EUW\,emerald,1,,euw
Baenciel#EUW\,emerald,1,,euw
Suzaku#2173\,emerald,1,,euw
Nukshot#EUW\,emerald,1,,euw
Amâra#EUW\,emerald,1,3%,euw
Reshiram#rx7\,emerald,1,,euw
tomdrip#DRIP\,emerald,1,,euw
Not lvern close#EUW\,emerald,1,,euw
Javi Gambas#EUW\,emerald,1,,euw
El squiisii#EUW\,emerald,1,,euw
Lux on Steroids#EUW\,emerald,1,,euw
MarsterMars#EUW\,emerald,1,,euw
loutti#EUW\,emerald,1,,euw
Topfather#Top\,emerald,1,,euw
V12Killer#EUW\,emerald,1,,euw
BAC nAno#EUW\,emerald,1,,euw
Braunijs#EUW\,emerald,1,,euw
TTBlueHands#045\,emerald,1,,euw
AI 1v9 BOT#ROBOT\,emerald,1,9%,euw
Sir Chippazz#EUW\,emerald,1,,euw
Bloodpoop#EUW\,emerald,1,,euw
Beta#GXBG\,emerald,1,,euw
Flubber#blob\,emerald,1,,euw
KaZaKhStAr#EUW\,emerald,1,,euw
Neo Vixen#EUW\,emerald,1,,euw
Spitty#EUW,emerald,500,,euw
Og Golas #EUNE,emerald,500,46%,euw
Ruin0#7635,emerald,500,54%,euw
pispirigosfather#1398,emerald,13,43%,euw
Maza 蓝精灵#CN1,emerald,500,44%,euw
L9 Boogie Bomb#d0g,emerald,500,50%,euw
ZAROS#EUROP,emerald,500,12%,euw
Kaara OTS#EUW,emerald,500,56%,euw
DoublePiercer#2005,emerald,500,46%,euw
chickiehickie#EUW,emerald,500,46%,euw
Fãvør#TwTv,emerald,500,36%,euw
VSE TELKI SHLYHI#EUW,emerald,500,44%,euw
TurboSushi#VAXIE,emerald,500,40%,euw
Lethal Pursuer#EUW,emerald,500,20%,euw
Akimeris#EUW,emerald,500,46%,euw
cant sleep#보고 싶어,emerald,500,38%,euw
SCN SAMA#joker,emerald,500,20%,euw
Man1la#EUW,emerald,500,41%,euw
Jastoon#EUW0,emerald,500,48%,euw
IIJealousII#EUW,emerald,500,57%,euw
Trold09123#BB8,emerald,500,100%,euw
Scripted#move,emerald,500,49%,euw
Unc The Ancient#Elder,emerald,500,41%,euw
Salat#YYY,emerald,500,55%,euw
tinman77#5Am,emerald,500,25%,euw
Stitches#ADC,emerald,500,22%,euw
Zizolo#EUW,emerald,500,43%,euw
Schelinan#EUW,emerald,500,33%,euw
GGBond#EUWE,emerald,500,20%,euw
Lamine Yamal#Hadrx,emerald,500,51%,euw
CazuualHD#EUW,emerald,500,42%,euw
yuumi fortnite#ZZZ,emerald,500,52%,euw
BananaSplitter10#EUW,emerald,500,27%,euw
CatSpeedy#Bard,emerald,500,37%,euw
Crescension#EUW,emerald,500,59%,euw
Eldes#EUW,emerald,500,50%,euw
v9 Philemon#EUW,emerald,500,41%,euw
Prince of Korea#DPLUS,emerald,500,42%,euw
Mrtoutoule#EUW,emerald,500,63%,euw
Dennis#Goat,emerald,500,53%,euw
M4N#003,emerald,003,55%,euw
Dersion#5555,emerald,500,30%,euw
TNS BLACKOUT#EUW,emerald,500,49%,euw
de SEBBO#EUW,emerald,500,40%,euw
Xeronîa#EUW,emerald,500,56%,euw
Chlodium Soride#EUW,emerald,500,42%,euw
RoNann FR#EUW,emerald,500,44%,euw
One man left#EUW,emerald,500,31%,euw
Irode#EUW,emerald,500,47%,euw
Gumejon#1107,emerald,500,27%,euw
Chipsatzmangel#269,emerald,269,25%,euw
jeff bezos#xxx,emerald,500,42%,euw
TwoDaggerOneAdc#EUN,emerald,500,44%,euw
DEAC Krisztofer#kutya,emerald,500,52%,euw
Walking NPC#GEMS,emerald,500,55%,euw
LuckyLuke1980#kick,emerald,500,55%,euw
Rumble in da JG#HEAT,emerald,500,49%,euw
NADER#2137,emerald,500,37%,euw
PERMA ROAM#1111,emerald,500,45%,euw
Oblivious#mbidk,emerald,500,31%,euw
disgust#4227,emerald,500,59%,euw
NVRQuit#KYLS,emerald,500,46%,euw
Eveynce#ZZZ,emerald,500,45%,euw
ExecuteTopLaners#zongu,emerald,500,60%,euw
SeauDeauManiak#Sett,emerald,500,47%,euw
Zoonisha#1672,emerald,500,43%,euw
Goblint#01019,emerald,500,53%,euw
μllspieler#EUW,emerald,500,52%,euw
the 46th prezz#EUW,emerald,500,21%,euw
Ewwans#EUW,emerald,500,58%,euw
Nyna#1337,emerald,500,48%,euw
195cmchad#over,emerald,500,51%,euw
GemDaddyyyyyyyyy#EUWWW,emerald,500,33%,euw
Rozendaya#queen,emerald,500,38%,euw
Mar9may#EUW,emerald,500,57%,euw
Shiny Arcêus#EUW,emerald,500,57%,euw
LSD AMM#EUW,emerald,500,42%,euw
TheMegaLeo#EUW,emerald,500,40%,euw
MonsterAriman#EUW,emerald,500,27%,euw
SmileOn#ROPE,emerald,500,40%,euw
drago62810#EUW,emerald,500,46%,euw
Nevir#4030,emerald,500,44%,euw
Jonnie#Ion,emerald,500,50%,euw
iBlameTheJungler#EUW,emerald,500,54%,euw
özlemedinmibeni#000,emerald,000,54%,euw
Corki Azir#EUW,emerald,500,53%,euw
Angel#CBC,emerald,500,44%,euw
xNagen#TSHOT,emerald,500,44%,euw
bulle#123,emerald,123,44%,euw
Phantomles#KING,emerald,500,61%,euw
Twerk On Brother#uwu,emerald,500,44%,euw
RiskMan#666,emerald,666,44%,euw
The D4rk Kiki62#EUW,emerald,500,44%,euw
Dust of Shadows#EUW,emerald,500,41%,euw
Killo#EUW,emerald,500,44%,euw
ByeByeVeigar#EUW,emerald,500,64%,euw
M a r s i n o#RMP,emerald,500,44%,euw
tricyphona#int,emerald,500,45%,euw
Kommander Kris#EUW,emerald,500,67%,euw
Lsword addict#EUW,emerald,500,56%,euw
Spitty#EUW\,emerald,8,43%,euw
Og Golas #EUNE\,emerald,1,,euw
Ruin0#7635\,emerald,1,,euw
pispirigosfather#1398\,emerald,1,,euw
Maza 蓝精灵#CN1\,emerald,1,20%,euw
L9 Boogie Bomb#d0g\,emerald,1,9%,euw
ZAROS#EUROP\,emerald,1,,euw
Kaara OTS#EUW\,emerald,1,,euw
DoublePiercer#2005\,emerald,1,,euw
chickiehickie#EUW\,emerald,1,,euw
Fãvør#TwTv\,emerald,1,3%,euw
VSE TELKI SHLYHI#EUW\,emerald,1,,euw
TurboSushi#VAXIE\,emerald,1,,euw
Lethal Pursuer#EUW\,emerald,1,,euw
Akimeris#EUW\,emerald,1,,euw
cant sleep#보고 싶어\,emerald,1,3%,euw
SCN SAMA#joker\,emerald,1,,euw
Man1la#EUW\,emerald,1,,euw
Jastoon#EUW0\,emerald,1,,euw
IIJealousII#EUW\,emerald,1,,euw
Trold09123#BB8\,emerald,1,,euw
Scripted#move\,emerald,1,,euw
Unc The Ancient#Elder\,emerald,1,,euw
Salat#YYY\,emerald,1,,euw
tinman77#5Am\,emerald,1,,euw
Stitches#ADC\,emerald,1,,euw
Zizolo#EUW\,emerald,1,,euw
Schelinan#EUW\,emerald,1,,euw
GGBond#EUWE\,emerald,1,,euw
Lamine Yamal#Hadrx\,emerald,1,,euw
CazuualHD#EUW\,emerald,1,,euw
yuumi fortnite#ZZZ\,emerald,1,,euw
BananaSplitter10#EUW\,emerald,1,,euw
CatSpeedy#Bard\,emerald,1,,euw
Crescension#EUW\,emerald,1,,euw
Eldes#EUW\,emerald,1,,euw
v9 Philemon#EUW\,emerald,1,9%,euw
Prince of Korea#DPLUS\,emerald,1,,euw
Mrtoutoule#EUW\,emerald,1,,euw
Dennis#Goat\,emerald,1,,euw
M4N#003\,emerald,1,,euw
Dersion#5555\,emerald,1,,euw
TNS BLACKOUT#EUW\,emerald,1,,euw
de SEBBO#EUW\,emerald,1,,euw
Xeronîa#EUW\,emerald,1,3%,euw
Chlodium Soride#EUW\,emerald,1,,euw
RoNann FR#EUW\,emerald,1,,euw
One man left#EUW\,emerald,1,,euw
Irode#EUW\,emerald,1,,euw
Gumejon#1107\,emerald,1,,euw
Chipsatzmangel#269\,emerald,1,,euw
jeff bezos#xxx\,emerald,1,,euw
TwoDaggerOneAdc#EUN\,emerald,1,,euw
DEAC Krisztofer#kutya\,emerald,1,,euw
Walking NPC#GEMS\,emerald,1,,euw
LuckyLuke1980#kick\,emerald,1,,euw
Rumble in da JG#HEAT\,emerald,1,,euw
NADER#2137\,emerald,1,,euw
PERMA ROAM#1111\,emerald,1,,euw
Oblivious#mbidk\,emerald,1,,euw
disgust#4227\,emerald,1,,euw
NVRQuit#KYLS\,emerald,1,,euw
Eveynce#ZZZ\,emerald,1,,euw
ExecuteTopLaners#zongu\,emerald,1,,euw
SeauDeauManiak#Sett\,emerald,1,,euw
Zoonisha#1672\,emerald,1,,euw
Goblint#01019\,emerald,1,,euw
μllspieler#EUW\,emerald,1,,euw
the 46th prezz#EUW\,emerald,1,,euw
Ewwans#EUW\,emerald,1,,euw
Nyna#1337\,emerald,1,,euw
195cmchad#over\,emerald,1,,euw
GemDaddyyyyyyyyy#EUWWW\,emerald,1,,euw
Rozendaya#queen\,emerald,1,,euw
Mar9may#EUW\,emerald,1,,euw
Shiny Arcêus#EUW\,emerald,1,3%,euw
LSD AMM#EUW\,emerald,1,,euw
TheMegaLeo#EUW\,emerald,1,,euw
MonsterAriman#EUW\,emerald,1,,euw
SmileOn#ROPE\,emerald,1,,euw
drago62810#EUW\,emerald,1,,euw
Nevir#4030\,emerald,1,,euw
Jonnie#Ion\,emerald,1,,euw
iBlameTheJungler#EUW\,emerald,1,,euw
özlemedinmibeni#000\,emerald,1,3%,euw
Corki Azir#EUW\,emerald,1,,euw
Angel#CBC\,emerald,1,,euw
xNagen#TSHOT\,emerald,1,,euw
bulle#123\,emerald,1,,euw
Phantomles#KING\,emerald,1,,euw
Twerk On Brother#uwu\,emerald,1,,euw
RiskMan#666\,emerald,1,,euw
The D4rk Kiki62#EUW\,emerald,1,,euw
Dust of Shadows#EUW\,emerald,1,,euw
Killo#EUW\,emerald,1,,euw
ByeByeVeigar#EUW\,emerald,1,,euw
M a r s i n o#RMP\,emerald,1,,euw
tricyphona#int\,emerald,1,,euw
Kommander Kris#EUW\,emerald,1,,euw
Lsword addict#EUW\,emerald,1,,euw
Ayoubaby#EUW,diamond,500,,euw
16            29#16 29,diamond,16,47%,euw
Rweli#LEAFO,diamond,500,48%,euw
Simon Petrikov#ICE1,diamond,500,41%,euw
hydrenoiire#EUW,diamond,500,33%,euw
Travail Ö Black#EUW,diamond,500,49%,euw
IM LEARNING#KEEP,diamond,500,47%,euw
Ata D Macia#NIKA,diamond,500,42%,euw
MisøgynistMaster#Misø,diamond,500,51%,euw
Valams#EUW,diamond,500,48%,euw
Mandarìn#Gazoo,diamond,500,42%,euw
Rykyu#EUW,diamond,500,47%,euw
GeorgeDeLaGrieta#ATZ,diamond,500,47%,euw
SlyTheOnlyOne#TTV,diamond,500,51%,euw
Moctor#5346,diamond,500,49%,euw
musse#1337,diamond,500,39%,euw
Gratis Koffie#EUW,diamond,500,49%,euw
Piruriru#Piru,diamond,500,47%,euw
CambodianGOD#CHONG,diamond,500,40%,euw
Sponegbob#Knob,diamond,500,47%,euw
NOMED#NF1,diamond,500,100%,euw
Warwisbur#9960,diamond,500,40%,euw
cloyzh#cloyh,diamond,500,42%,euw
ItsSillyCat#777,diamond,777,50%,euw
lwdlwqdl#EUW7,diamond,500,52%,euw
Sarakzite#RIGEL,diamond,500,49%,euw
SuLaGeRin#EUW,diamond,500,48%,euw
SLIWKAWIGOR#SLIWA,diamond,500,52%,euw
ROZPINAJROZPOREK#cult,diamond,500,52%,euw
RaisedByPinkward#1001,diamond,10,53%,euw
Fofnaid#Norbi,diamond,500,43%,euw
matiaslaclasse#EUW,diamond,500,51%,euw
nickxnicko#EUW,diamond,500,39%,euw
SirKT#7447,diamond,500,48%,euw
goryllos#2137,diamond,500,45%,euw
Abulba#meow,diamond,500,44%,euw
GunShot#Head,diamond,500,42%,euw
EndOfFaker#EUW,diamond,500,36%,euw
2718281#EUW,diamond,500,50%,euw
kiting twink#elle,diamond,500,47%,euw
Binoculars#APA,diamond,500,54%,euw
LZ Zed#Zed,diamond,500,50%,euw
POMA#EUWFU,diamond,500,46%,euw
Pit Rookie#BUFF,diamond,500,39%,euw
HardstuckPiggy#EUW1,diamond,500,53%,euw
LupusSpera#07771,diamond,500,45%,euw
Tazoneta#GOATH,diamond,500,50%,euw
Kycellos#NERF,diamond,500,40%,euw
Cristóvão#2002,diamond,500,48%,euw
Tackle#TCK,diamond,500,47%,euw
Rulquu#EUW,diamond,500,49%,euw
HMT Opelax#EUW,diamond,500,41%,euw
MattShawｼ#TSC,diamond,500,47%,euw
Dark#APT,diamond,500,37%,euw
PalaZune#EUW,diamond,500,47%,euw
i go derank#blind,diamond,500,48%,euw
DerTodo#VML,diamond,500,48%,euw
Gabbagamba#EUW,diamond,500,51%,euw
NGR Ζodiacc#EUW,diamond,500,49%,euw
sehr kluk#EUW,diamond,500,44%,euw
Danmaranda#EUW,diamond,500,44%,euw
magie#0345,diamond,500,57%,euw
johannesforever#EUNE,diamond,500,51%,euw
WeakSIde#S1ON,diamond,500,53%,euw
SUPERLEGGERA#GRE,diamond,500,41%,euw
IDR#TROLL,diamond,500,50%,euw
TobangaNö#Haram,diamond,500,40%,euw
Killua#zabou,diamond,500,43%,euw
kitten hunter#BOG,diamond,500,45%,euw
Jessidineyto#EUW,diamond,500,41%,euw
Emperor PhillDON#EUW,diamond,500,36%,euw
CANT WIN#EUN,diamond,500,44%,euw
AgnosticFour#Adhom,diamond,500,37%,euw
smile ur bad#EUW,diamond,500,42%,euw
Maakim#EUW,diamond,500,40%,euw
camx#0512,diamond,500,50%,euw
lucid fog#dream,diamond,500,44%,euw
harcsa#EUW,diamond,500,47%,euw
Kronisk Skeptisk#EUW,diamond,500,51%,euw
yc2p#EUW,diamond,500,49%,euw
RihnoxHD#EUW,diamond,500,24%,euw
对猫过敏的鱼#王魄罗,diamond,500,31%,euw
Kaichou#0000,diamond,500,46%,euw
DeadIine#EUW,diamond,500,48%,euw
VengeanceOfMorsa#EUW,diamond,500,50%,euw
Bissap Drinker#7TO3,diamond,500,43%,euw
Sunless#6667,diamond,500,49%,euw
TripleApple#EUW,diamond,500,54%,euw
Lionel Μessi#GOAT,diamond,500,52%,euw
Damatrixqt#EUW,diamond,500,24%,euw
Tygorx#EUW,diamond,500,38%,euw
Shanle#EUW,diamond,500,43%,euw
Zero To adidias#EUW,diamond,500,51%,euw
Masked Artist#Rat,diamond,500,53%,euw
Belafu#EUW,diamond,500,53%,euw
Bloodgreen#EUW,diamond,500,51%,euw
BAS3D#EUW,diamond,500,34%,euw
Valninho#1702,diamond,500,40%,euw
Yuuki Kitty#EUW,diamond,500,42%,euw
Samedoking#Supp,diamond,500,38%,euw
Ayoubaby#EUW\,diamond,8,41%,euw
16            29#16 29\,diamond,1,16%,euw
Rweli#LEAFO\,diamond,1,,euw
Simon Petrikov#ICE1\,diamond,1,,euw
hydrenoiire#EUW\,diamond,1,,euw
Travail Ö Black#EUW\,diamond,1,20%,euw
IM LEARNING#KEEP\,diamond,1,,euw
Ata D Macia#NIKA\,diamond,1,,euw
MisøgynistMaster#Misø\,diamond,1,3%,euw
Valams#EUW\,diamond,1,,euw
Mandarìn#Gazoo\,diamond,1,3%,euw
Rykyu#EUW\,diamond,1,,euw
GeorgeDeLaGrieta#ATZ\,diamond,1,,euw
SlyTheOnlyOne#TTV\,diamond,1,,euw
Moctor#5346\,diamond,1,,euw
musse#1337\,diamond,1,,euw
Gratis Koffie#EUW\,diamond,1,,euw
Piruriru#Piru\,diamond,1,,euw
CambodianGOD#CHONG\,diamond,1,,euw
Sponegbob#Knob\,diamond,1,,euw
NOMED#NF1\,diamond,1,,euw
Warwisbur#9960\,diamond,1,,euw
cloyzh#cloyh\,diamond,1,,euw
ItsSillyCat#777\,diamond,1,,euw
lwdlwqdl#EUW7\,diamond,1,,euw
Sarakzite#RIGEL\,diamond,1,,euw
SuLaGeRin#EUW\,diamond,1,,euw
SLIWKAWIGOR#SLIWA\,diamond,1,,euw
ROZPINAJROZPOREK#cult\,diamond,1,,euw
RaisedByPinkward#1001\,diamond,1,,euw
Fofnaid#Norbi\,diamond,1,,euw
matiaslaclasse#EUW\,diamond,1,,euw
nickxnicko#EUW\,diamond,1,,euw
SirKT#7447\,diamond,1,,euw
goryllos#2137\,diamond,1,,euw
Abulba#meow\,diamond,1,,euw
GunShot#Head\,diamond,1,,euw
EndOfFaker#EUW\,diamond,1,,euw
2718281#EUW\,diamond,1,,euw
kiting twink#elle\,diamond,1,,euw
Binoculars#APA\,diamond,1,,euw
LZ Zed#Zed\,diamond,1,,euw
POMA#EUWFU\,diamond,1,,euw
Pit Rookie#BUFF\,diamond,1,,euw
HardstuckPiggy#EUW1\,diamond,1,,euw
LupusSpera#07771\,diamond,1,,euw
Tazoneta#GOATH\,diamond,1,,euw
Kycellos#NERF\,diamond,1,,euw
Cristóvão#2002\,diamond,1,3%,euw
Tackle#TCK\,diamond,1,,euw
Rulquu#EUW\,diamond,1,,euw
HMT Opelax#EUW\,diamond,1,,euw
MattShawｼ#TSC\,diamond,1,,euw
Dark#APT\,diamond,1,,euw
PalaZune#EUW\,diamond,1,,euw
i go derank#blind\,diamond,1,,euw
DerTodo#VML\,diamond,1,,euw
Gabbagamba#EUW\,diamond,1,,euw
NGR Ζodiacc#EUW\,diamond,1,20%,euw
sehr kluk#EUW\,diamond,1,,euw
Danmaranda#EUW\,diamond,1,,euw
magie#0345\,diamond,1,,euw
johannesforever#EUNE\,diamond,1,,euw
WeakSIde#S1ON\,diamond,1,,euw
SUPERLEGGERA#GRE\,diamond,1,,euw
IDR#TROLL\,diamond,1,,euw
TobangaNö#Haram\,diamond,1,3%,euw
Killua#zabou\,diamond,1,,euw
kitten hunter#BOG\,diamond,1,,euw
Jessidineyto#EUW\,diamond,1,,euw
Emperor PhillDON#EUW\,diamond,1,,euw
CANT WIN#EUN\,diamond,1,,euw
AgnosticFour#Adhom\,diamond,1,,euw
smile ur bad#EUW\,diamond,1,,euw
Maakim#EUW\,diamond,1,,euw
camx#0512\,diamond,1,,euw
lucid fog#dream\,diamond,1,,euw
harcsa#EUW\,diamond,1,,euw
Kronisk Skeptisk#EUW\,diamond,1,,euw
yc2p#EUW\,diamond,1,,euw
RihnoxHD#EUW\,diamond,1,,euw
对猫过敏的鱼#王魄罗\,diamond,1,5%,euw
Kaichou#0000\,diamond,1,,euw
DeadIine#EUW\,diamond,1,,euw
VengeanceOfMorsa#EUW\,diamond,1,,euw
Bissap Drinker#7TO3\,diamond,1,,euw
Sunless#6667\,diamond,1,,euw
TripleApple#EUW\,diamond,1,,euw
Lionel Μessi#GOAT\,diamond,1,20%,euw
Damatrixqt#EUW\,diamond,1,,euw
Tygorx#EUW\,diamond,1,,euw
Shanle#EUW\,diamond,1,,euw
Zero To adidias#EUW\,diamond,1,,euw
Masked Artist#Rat\,diamond,1,,euw
Belafu#EUW\,diamond,1,,euw
Bloodgreen#EUW\,diamond,1,,euw
BAS3D#EUW\,diamond,1,,euw
Valninho#1702\,diamond,1,,euw
Yuuki Kitty#EUW\,diamond,1,,euw
Samedoking#Supp\,diamond,1,,euw
Den Fede Konge#EUW,diamond,500,,euw
Tatakae#1774,diamond,500,18%,euw
Mike Wazowski#OJO,diamond,500,47%,euw
UnknownSchmiddi#EUW,diamond,500,50%,euw
Un Romántico#019,diamond,019,47%,euw
Rainfall#EUW,diamond,500,47%,euw
SCORPION AFGHAN#EUW,diamond,500,44%,euw
Ym51#EUW,diamond,500,45%,euw
SemperFi#EUW12,diamond,500,46%,euw
Malo#PROTO,diamond,500,53%,euw
LightOnDarkness#Vela,diamond,500,43%,euw
psychopathing#atman,diamond,500,44%,euw
SmutnyKolesPL#4707,diamond,500,24%,euw
self improvement#Dino,diamond,500,42%,euw
veridis quo#111,diamond,111,48%,euw
RekonasNeraGejus#6969,diamond,69,35%,euw
Nixtron#EUWE,diamond,500,45%,euw
Sou#XIII,diamond,500,43%,euw
Roger Doradillos#3D2Y,diamond,500,38%,euw
TopLund#EUW,diamond,500,39%,euw
MarcusJackson44#EUW,diamond,500,100%,euw
M4TT1A#2799,diamond,500,46%,euw
BigNoseMike#BGD,diamond,500,48%,euw
Mr SΕX#EUW,diamond,500,53%,euw
aftseqbny#EUW,diamond,500,25%,euw
NoFearBrasiù#EUW,diamond,500,42%,euw
iSurv0olt#667,diamond,667,48%,euw
Come On Try Even#EUW,diamond,500,43%,euw
NotFrost#EUW,diamond,500,50%,euw
YE4H PERDONEN#EUW,diamond,500,49%,euw
Sockmadik#EUW,diamond,500,39%,euw
Uthred#Uth,diamond,500,43%,euw
BOQUERØN#EUW,diamond,500,46%,euw
Kintoonn#EUW,diamond,500,41%,euw
Nyro#0001,diamond,500,42%,euw
tilt sniffer#woof,diamond,500,25%,euw
DąrkSoul#3916,diamond,500,37%,euw
Selkie#Ewe,diamond,500,39%,euw
Fil002#EUW,diamond,500,53%,euw
Cute Shy Femboy#UWU,diamond,500,45%,euw
RaptorRex99#EUW,diamond,500,46%,euw
tomxs#099,diamond,099,40%,euw
biewerzerstörer#EUW,diamond,500,48%,euw
BLAHAJ#FIZZ,diamond,500,45%,euw
StayeDead#EUW,diamond,500,46%,euw
MacAndCheeseBert#EUW,diamond,500,50%,euw
سايون#7070,diamond,500,50%,euw
spjarn#EUW,diamond,500,43%,euw
Nydetha#EUW1a,diamond,500,51%,euw
benjeminh26#EUW,diamond,500,51%,euw
Dragst#3945,diamond,500,53%,euw
Fringuello#LOW,diamond,500,48%,euw
Maître Prankex#EUW,diamond,500,53%,euw
boolanson#EUW,diamond,500,45%,euw
UOL Sam#UOL,diamond,500,48%,euw
Brindaz#EUW,diamond,500,52%,euw
Toaster#GAK,diamond,5,34%,euw
Hiiragi Yuzu#ARCV,diamond,500,43%,euw
2 4#SIUUU,diamond,500,51%,euw
Dark#02803,diamond,500,40%,euw
Chichi#ZoooE,diamond,500,45%,euw
Hankenth#8290,diamond,500,49%,euw
Rakoon L9#DEAC,diamond,500,49%,euw
lpl ad king#5959,diamond,500,45%,euw
Eskin#0211,diamond,500,33%,euw
Lesbian succubus#UwU,diamond,500,49%,euw
easkr#EUW,diamond,500,44%,euw
WYDROSKI#FLIP,diamond,500,46%,euw
Shiryox#2727,diamond,500,43%,euw
Hyper#MAD5,diamond,500,52%,euw
Moan For Mê#CS3X,diamond,500,52%,euw
Grozni Lik#VBBG,diamond,500,39%,euw
Rey#TITAN,diamond,500,43%,euw
Level 1 Crook#Bonan,diamond,500,42%,euw
Kadeemv2718#5264,diamond,500,47%,euw
yato#945,diamond,945,42%,euw
OceIoth#3001,diamond,500,51%,euw
Homeless#piko,diamond,500,47%,euw
THIS IS SPARTA#INTER,diamond,500,44%,euw
MYSTERY MUSEUM#X1000,diamond,500,45%,euw
Fiddlesticks#FE4R,diamond,500,51%,euw
LegendRX#EUW,diamond,500,51%,euw
BB ornithorynque#Orni,diamond,500,47%,euw
Malchanceux#EUW,diamond,500,52%,euw
Adi300#EUW,diamond,500,53%,euw
LAG Levin2Go#ATN,diamond,500,41%,euw
gOphelia#EUW,diamond,500,51%,euw
Jacob2712#EUW,diamond,500,53%,euw
nyx#EU2,diamond,500,53%,euw
Madu#1331,diamond,500,52%,euw
Ufik#7575,diamond,500,42%,euw
Akshan sama#NA1,diamond,500,49%,euw
Lucky#UNL,diamond,500,51%,euw
Paquirrín Calvo#EUW,diamond,500,46%,euw
Starets Zosima#EUW,diamond,500,51%,euw
DelyKate#EUW,diamond,500,44%,euw
Danilt10#EUW,diamond,500,47%,euw
xXBananaMonkeyXx#EUW,diamond,500,45%,euw
Avedis Bard MVP#EUW,diamond,500,45%,euw
melder323#EUW,diamond,500,39%,euw
Den Fede Konge#EUW\,diamond,8,50%,euw
Tatakae#1774\,diamond,1,,euw
Mike Wazowski#OJO\,diamond,1,,euw
UnknownSchmiddi#EUW\,diamond,1,,euw
Un Romántico#019\,diamond,1,3%,euw
Rainfall#EUW\,diamond,1,,euw
SCORPION AFGHAN#EUW\,diamond,1,,euw
Ym51#EUW\,diamond,1,,euw
SemperFi#EUW12\,diamond,1,,euw
Malo#PROTO\,diamond,1,,euw
LightOnDarkness#Vela\,diamond,1,,euw
psychopathing#atman\,diamond,1,,euw
SmutnyKolesPL#4707\,diamond,1,,euw
self improvement#Dino\,diamond,1,,euw
veridis quo#111\,diamond,1,,euw
RekonasNeraGejus#6969\,diamond,1,,euw
Nixtron#EUWE\,diamond,1,,euw
Sou#XIII\,diamond,1,,euw
Roger Doradillos#3D2Y\,diamond,1,,euw
TopLund#EUW\,diamond,1,,euw
MarcusJackson44#EUW\,diamond,1,,euw
M4TT1A#2799\,diamond,1,,euw
BigNoseMike#BGD\,diamond,1,,euw
Mr SΕX#EUW\,diamond,1,,euw
aftseqbny#EUW\,diamond,1,,euw
NoFearBrasiù#EUW\,diamond,1,3%,euw
iSurv0olt#667\,diamond,1,,euw
Come On Try Even#EUW\,diamond,1,,euw
NotFrost#EUW\,diamond,1,,euw
YE4H PERDONEN#EUW\,diamond,1,,euw
Sockmadik#EUW\,diamond,1,,euw
Uthred#Uth\,diamond,1,,euw
BOQUERØN#EUW\,diamond,1,3%,euw
Kintoonn#EUW\,diamond,1,,euw
Nyro#0001\,diamond,1,,euw
tilt sniffer#woof\,diamond,1,,euw
DąrkSoul#3916\,diamond,1,4%,euw
Selkie#Ewe\,diamond,1,,euw
Fil002#EUW\,diamond,1,,euw
Cute Shy Femboy#UWU\,diamond,1,,euw
RaptorRex99#EUW\,diamond,1,,euw
tomxs#099\,diamond,1,,euw
biewerzerstörer#EUW\,diamond,1,3%,euw
BLAHAJ#FIZZ\,diamond,1,,euw
StayeDead#EUW\,diamond,1,,euw
MacAndCheeseBert#EUW\,diamond,1,,euw
سايون#7070\,diamond,1,8%,euw
spjarn#EUW\,diamond,1,,euw
Nydetha#EUW1a\,diamond,1,,euw
benjeminh26#EUW\,diamond,1,,euw
Dragst#3945\,diamond,1,,euw
Fringuello#LOW\,diamond,1,,euw
Maître Prankex#EUW\,diamond,1,3%,euw
boolanson#EUW\,diamond,1,,euw
UOL Sam#UOL\,diamond,1,,euw
Brindaz#EUW\,diamond,1,,euw
Toaster#GAK\,diamond,1,,euw
Hiiragi Yuzu#ARCV\,diamond,1,,euw
2 4#SIUUU\,diamond,1,2%,euw
Dark#02803\,diamond,1,,euw
Chichi#ZoooE\,diamond,1,,euw
Hankenth#8290\,diamond,1,,euw
Rakoon L9#DEAC\,diamond,1,,euw
lpl ad king#5959\,diamond,1,,euw
Eskin#0211\,diamond,1,,euw
Lesbian succubus#UwU\,diamond,1,,euw
easkr#EUW\,diamond,1,,euw
WYDROSKI#FLIP\,diamond,1,,euw
Shiryox#2727\,diamond,1,,euw
Hyper#MAD5\,diamond,1,,euw
Moan For Mê#CS3X\,diamond,1,3%,euw
Grozni Lik#VBBG\,diamond,1,,euw
Rey#TITAN\,diamond,1,,euw
Level 1 Crook#Bonan\,diamond,1,201%,euw
Kadeemv2718#5264\,diamond,1,,euw
yato#945\,diamond,1,,euw
OceIoth#3001\,diamond,1,,euw
Homeless#piko\,diamond,1,,euw
THIS IS SPARTA#INTER\,diamond,1,,euw
MYSTERY MUSEUM#X1000\,diamond,1,,euw
Fiddlesticks#FE4R\,diamond,1,,euw
LegendRX#EUW\,diamond,1,,euw
BB ornithorynque#Orni\,diamond,1,,euw
Malchanceux#EUW\,diamond,1,,euw
Adi300#EUW\,diamond,1,,euw
LAG Levin2Go#ATN\,diamond,1,,euw
gOphelia#EUW\,diamond,1,,euw
Jacob2712#EUW\,diamond,1,,euw
nyx#EU2\,diamond,1,,euw
Madu#1331\,diamond,1,,euw
Ufik#7575\,diamond,1,,euw
Akshan sama#NA1\,diamond,1,,euw
Lucky#UNL\,diamond,1,,euw
Paquirrín Calvo#EUW\,diamond,1,3%,euw
Starets Zosima#EUW\,diamond,1,,euw
DelyKate#EUW\,diamond,1,,euw
Danilt10#EUW\,diamond,1,,euw
xXBananaMonkeyXx#EUW\,diamond,1,,euw
Avedis Bard MVP#EUW\,diamond,1,,euw
melder323#EUW\,diamond,1,,euw
timi75#EUW,diamond,500,,euw
RoShx#EUW,diamond,500,51%,euw
fekar mekanik#EUW,diamond,500,44%,euw
Shinεi Nσzen#EUW86,diamond,500,43%,euw
Dragnir#999,diamond,999,51%,euw
MNRM Zedtek#MNRM,diamond,500,52%,euw
30Stacks#EUW,diamond,500,51%,euw
NSN Alpha#EUW,diamond,500,51%,euw
Taliyah SSG#EUW,diamond,500,44%,euw
Velobourse#EUW,diamond,500,47%,euw
Julemand25#1337,diamond,500,46%,euw
Serafeim#KATSU,diamond,500,46%,euw
Asdegar#EUW,diamond,500,45%,euw
BenchZerodati#MEAT,diamond,500,47%,euw
ÁCIDO#GCHMO,diamond,500,44%,euw
00 THOR 00#EUWW,diamond,500,50%,euw
swopsy#69420,diamond,500,49%,euw
Stash#Kaisa,diamond,500,43%,euw
D3athStar#EUW,diamond,500,55%,euw
VIVA PALESTINA#91380,diamond,500,49%,euw
bgt8#broke,diamond,500,100%,euw
Han Sooyoung#199,diamond,199,41%,euw
Force#9382,diamond,500,46%,euw
Aniki62#GBR,diamond,500,48%,euw
Igor Uzumaki#JAPAN,diamond,500,50%,euw
Evixis#EUW,diamond,500,42%,euw
Neto#SLAY,diamond,500,53%,euw
Bában#8252,diamond,500,52%,euw
Naked Duck#EUW,diamond,500,44%,euw
sυp#EUW,diamond,500,51%,euw
imperious#TFate,diamond,500,45%,euw
Pykïe#EUW,diamond,500,48%,euw
TN Doublelift#1111,diamond,500,47%,euw
WickedLeblanc#LMAO,diamond,500,46%,euw
Little lover boy#LOVE,diamond,500,56%,euw
Glomerular#EUW,diamond,500,49%,euw
Policara#EUW,diamond,500,56%,euw
King Viego#2177,diamond,500,44%,euw
Ashes#ani,diamond,500,45%,euw
Suaxleech#4159,diamond,500,52%,euw
BarnierBalvanto#4579,diamond,457,45%,euw
respp#999,diamond,999,45%,euw
Andrei Lukanov#REAL,diamond,500,47%,euw
PitagorasRC#77777,diamond,500,41%,euw
catDespair#fr1,diamond,500,38%,euw
Dookzer Furkzer#Turc,diamond,500,39%,euw
Lawendex#0001,diamond,500,51%,euw
Thobiwskel#6751,diamond,500,52%,euw
WakandaWilly#Water,diamond,500,48%,euw
EUNE TAKEOVER#KING,diamond,500,47%,euw
CatGirl Kled#kitty,diamond,500,54%,euw
CANUZUN42#SGE,diamond,500,45%,euw
Bob Dietrichson#EUW,diamond,500,46%,euw
VoIumas#EUW,diamond,500,47%,euw
Pain#ILU,diamond,500,40%,euw
CoolKukun#EUW,diamond,500,57%,euw
after mefedron#EUW,diamond,500,56%,euw
obsralemmajty12#lump,diamond,500,44%,euw
humblefish12#012,diamond,012,47%,euw
blacknailpolish#feet,diamond,500,51%,euw
candyfloss#XDXD,diamond,500,47%,euw
FKNNGRRPST67#freak,diamond,500,53%,euw
Hotgunner#KSA,diamond,500,36%,euw
Bojinek#143,diamond,143,51%,euw
Mullitaja#EST,diamond,500,49%,euw
xtz#god,diamond,500,42%,euw
Precognizant#URGOT,diamond,500,45%,euw
OupiGoupi#WAWA,diamond,500,51%,euw
MieuToo#EUW,diamond,500,52%,euw
IPPON#ONE,diamond,500,51%,euw
dazo85#EUW,diamond,500,50%,euw
Ciupape#2137,diamond,500,43%,euw
borysiak16#EUW,diamond,500,44%,euw
Juarez#Guns,diamond,500,49%,euw
MING#0411,diamond,500,32%,euw
WishUponMe#GGWP,diamond,500,53%,euw
Kadeem Alford#6405,diamond,500,37%,euw
hate jungle#cry,diamond,500,44%,euw
Henry Cavill#HERO,diamond,500,48%,euw
civvcik#3132,diamond,500,51%,euw
Madison Beer#TOT,diamond,500,42%,euw
plamenkmeta#7323,diamond,500,53%,euw
Exodia#leck,diamond,500,53%,euw
Mace116#EUW,diamond,500,49%,euw
Jonny#Diana,diamond,500,45%,euw
Dr Duncan Darius#Bleed,diamond,500,52%,euw
twtv 6pek#real,diamond,500,50%,euw
B5 stgs#WOW,diamond,500,45%,euw
Arzack#1941,diamond,500,54%,euw
Lucifer#Tanya,diamond,500,36%,euw
REBEL#AJD,diamond,500,41%,euw
Domolba#EUW,diamond,500,42%,euw
woshikong#EUW,diamond,500,41%,euw
Solais#LOL,diamond,500,45%,euw
MIGUELITÖ#EUW,diamond,500,45%,euw
Rom1du69#EUW,diamond,500,51%,euw
Andce#EUW,diamond,500,53%,euw
Stef#Supp,diamond,500,42%,euw
Apaisée#EUWC,diamond,500,53%,euw
xAmazinger#0000,diamond,500,50%,euw
timi75#EUW\,diamond,8,43%,euw
RoShx#EUW\,diamond,1,,euw
fekar mekanik#EUW\,diamond,1,,euw
Shinεi Nσzen#EUW86\,diamond,1,,euw
Dragnir#999\,diamond,1,,euw
MNRM Zedtek#MNRM\,diamond,1,,euw
30Stacks#EUW\,diamond,1,,euw
NSN Alpha#EUW\,diamond,1,,euw
Taliyah SSG#EUW\,diamond,1,,euw
Velobourse#EUW\,diamond,1,,euw
Julemand25#1337\,diamond,1,,euw
Serafeim#KATSU\,diamond,1,,euw
Asdegar#EUW\,diamond,1,,euw
BenchZerodati#MEAT\,diamond,1,,euw
ÁCIDO#GCHMO\,diamond,1,3%,euw
00 THOR 00#EUWW\,diamond,1,00%,euw
swopsy#69420\,diamond,1,,euw
Stash#Kaisa\,diamond,1,,euw
D3athStar#EUW\,diamond,1,,euw
VIVA PALESTINA#91380\,diamond,1,,euw
bgt8#broke\,diamond,1,,euw
Han Sooyoung#199\,diamond,1,,euw
Force#9382\,diamond,1,,euw
Aniki62#GBR\,diamond,1,,euw
Igor Uzumaki#JAPAN\,diamond,1,,euw
Evixis#EUW\,diamond,1,,euw
Neto#SLAY\,diamond,1,,euw
Bában#8252\,diamond,1,3%,euw
Naked Duck#EUW\,diamond,1,,euw
sυp#EUW\,diamond,1,,euw
imperious#TFate\,diamond,1,,euw
Pykïe#EUW\,diamond,1,3%,euw
TN Doublelift#1111\,diamond,1,,euw
WickedLeblanc#LMAO\,diamond,1,,euw
Little lover boy#LOVE\,diamond,1,,euw
Glomerular#EUW\,diamond,1,,euw
Policara#EUW\,diamond,1,,euw
King Viego#2177\,diamond,1,,euw
Ashes#ani\,diamond,1,,euw
Suaxleech#4159\,diamond,1,,euw
BarnierBalvanto#4579\,diamond,1,,euw
respp#999\,diamond,1,,euw
Andrei Lukanov#REAL\,diamond,1,,euw
PitagorasRC#77777\,diamond,1,,euw
catDespair#fr1\,diamond,1,,euw
Dookzer Furkzer#Turc\,diamond,1,,euw
Lawendex#0001\,diamond,1,,euw
Thobiwskel#6751\,diamond,1,,euw
WakandaWilly#Water\,diamond,1,,euw
EUNE TAKEOVER#KING\,diamond,1,,euw
CatGirl Kled#kitty\,diamond,1,,euw
CANUZUN42#SGE\,diamond,1,,euw
Bob Dietrichson#EUW\,diamond,1,,euw
VoIumas#EUW\,diamond,1,,euw
Pain#ILU\,diamond,1,,euw
CoolKukun#EUW\,diamond,1,,euw
after mefedron#EUW\,diamond,1,,euw
obsralemmajty12#lump\,diamond,1,,euw
humblefish12#012\,diamond,1,,euw
blacknailpolish#feet\,diamond,1,,euw
candyfloss#XDXD\,diamond,1,,euw
FKNNGRRPST67#freak\,diamond,1,,euw
Hotgunner#KSA\,diamond,1,,euw
Bojinek#143\,diamond,1,,euw
Mullitaja#EST\,diamond,1,,euw
xtz#god\,diamond,1,,euw
Precognizant#URGOT\,diamond,1,,euw
OupiGoupi#WAWA\,diamond,1,,euw
MieuToo#EUW\,diamond,1,,euw
IPPON#ONE\,diamond,1,,euw
dazo85#EUW\,diamond,1,,euw
Ciupape#2137\,diamond,1,,euw
borysiak16#EUW\,diamond,1,,euw
Juarez#Guns\,diamond,1,,euw
MING#0411\,diamond,1,,euw
WishUponMe#GGWP\,diamond,1,,euw
Kadeem Alford#6405\,diamond,1,,euw
hate jungle#cry\,diamond,1,,euw
Henry Cavill#HERO\,diamond,1,,euw
civvcik#3132\,diamond,1,,euw
Madison Beer#TOT\,diamond,1,,euw
plamenkmeta#7323\,diamond,1,,euw
Exodia#leck\,diamond,1,,euw
Mace116#EUW\,diamond,1,,euw
Jonny#Diana\,diamond,1,,euw
Dr Duncan Darius#Bleed\,diamond,1,,euw
twtv 6pek#real\,diamond,1,,euw
B5 stgs#WOW\,diamond,1,5%,euw
Arzack#1941\,diamond,1,,euw
Lucifer#Tanya\,diamond,1,,euw
REBEL#AJD\,diamond,1,,euw
Domolba#EUW\,diamond,1,,euw
woshikong#EUW\,diamond,1,,euw
Solais#LOL\,diamond,1,,euw
MIGUELITÖ#EUW\,diamond,1,3%,euw
Rom1du69#EUW\,diamond,1,,euw
Andce#EUW\,diamond,1,,euw
Stef#Supp\,diamond,1,,euw
Apaisée#EUWC\,diamond,1,3%,euw
xAmazinger#0000\,diamond,1,,euw
Jaxran#EUW,diamond,500,,euw
Kadmurai#AJDE,diamond,500,55%,euw
Corazón#lαw,diamond,500,49%,euw
pootis pencer34#EUW,diamond,500,43%,euw
loonzaera#EUW,diamond,500,40%,euw
CebCeb#FEZ,diamond,500,43%,euw
Jesaipas#WWW,diamond,500,46%,euw
Moonsilver bIade#EUW,diamond,500,41%,euw
Dova#Kin,diamond,500,48%,euw
ChungusDayi#5555,diamond,500,47%,euw
inmategotthestif#EUW,diamond,500,40%,euw
Roneyy#EUW,diamond,500,57%,euw
xxMrWorldwidexx#EUW,diamond,500,50%,euw
Eliminar#EUW,diamond,500,46%,euw
JonteMoped#EUW,diamond,500,46%,euw
Etienne#5623,diamond,500,43%,euw
got2game#EUW,diamond,500,45%,euw
vBpBurke#EUW,diamond,500,39%,euw
ªº     ð     ºª#EUW,diamond,500,48%,euw
Medis#URMOM,diamond,500,43%,euw
Profpartytime#EUW,diamond,500,100%,euw
Qaai#BLA,diamond,500,49%,euw
KanaxSenpai#EUW,diamond,500,49%,euw
YosieSmiley#SMILE,diamond,500,50%,euw
Ji Woon Hak#SCRFC,diamond,500,47%,euw
Invincible#EUWXD,diamond,500,51%,euw
Bicky#EUW,diamond,500,37%,euw
ANDRE VENTURA 26#CHEGA,diamond,500,32%,euw
Meliodas#6eyes,diamond,500,45%,euw
çipetpet#4012,diamond,500,52%,euw
Farmer52#ABCX,diamond,500,44%,euw
DPL ABdelhadi #EUW,diamond,500,51%,euw
Dopamin addict#DOPE,diamond,500,51%,euw
Yshuro67#GOYIM,diamond,500,38%,euw
ANA#FOKOS,diamond,500,46%,euw
croute de pipi#caca,diamond,500,46%,euw
Drubadopa#xdd,diamond,500,43%,euw
a zoe on speed#zoe,diamond,500,55%,euw
Poollo#EUW,diamond,500,51%,euw
Ragu#bob,diamond,500,51%,euw
Muraa#Mura,diamond,500,49%,euw
Ryflax#EUW,diamond,500,50%,euw
floxx21#EUW,diamond,500,51%,euw
Zedpecker#8002,diamond,500,53%,euw
ChristianWarZ#EUW,diamond,500,52%,euw
EHPAD Patrouille#Riven,diamond,500,51%,euw
SUPER GROS CACA#CACA,diamond,500,49%,euw
4 IQ 4 Shots#9118,diamond,500,46%,euw
Cocatee#Pog,diamond,500,48%,euw
Ooniromenti#EUW,diamond,500,49%,euw
Ukiyo#1796,diamond,500,47%,euw
outclimbinglows#bye,diamond,500,51%,euw
Drabar#Prime,diamond,500,52%,euw
countersebbe#EUW,diamond,500,52%,euw
VildDjaur#EUW,diamond,500,43%,euw
Doomy le noobi#Choc,diamond,500,48%,euw
Frysqo#EUW,diamond,500,51%,euw
Azex#Azux,diamond,500,43%,euw
InvictusAT#EUW,diamond,500,50%,euw
Get rekt by Ornn#766,diamond,76,47%,euw
Kouik#EUW,diamond,500,50%,euw
Now1K#1337,diamond,500,45%,euw
Keochen#EUW9,diamond,500,49%,euw
Freezing Spell#EUW,diamond,500,52%,euw
Vray#TOP,diamond,500,45%,euw
UncleDanny#Danny,diamond,500,51%,euw
Harawyn#EUW,diamond,500,51%,euw
DisneySentMe#TTV,diamond,500,45%,euw
Apocxxx#EUW,diamond,500,47%,euw
Pišiak#EUWS,diamond,500,34%,euw
Luka Vušković#GOAT,diamond,500,48%,euw
Truxlive#BNZ,diamond,500,52%,euw
Niizu#0705,diamond,500,48%,euw
RANK#RAWR,diamond,500,48%,euw
Silücrert#251,diamond,251,52%,euw
IIIEIIEIII#IEI,diamond,500,51%,euw
Abethadamest#9284,diamond,500,50%,euw
bartman4#ARAM,diamond,500,48%,euw
kelcoberk#zınQ,diamond,500,52%,euw
RAYGUN1488HH#1488H,diamond,500,48%,euw
SOTT SOTT SOTT#SOTT,diamond,500,51%,euw
GoodGoose#4863,diamond,500,40%,euw
RazyRaw#RYRW,diamond,500,53%,euw
Restrict#V07,diamond,500,46%,euw
cute anime girl#Pacov,diamond,500,38%,euw
Serialz Power#EUW,diamond,500,48%,euw
yoyobrawz#742,diamond,742,48%,euw
Gwen is Immune#Edged,diamond,500,51%,euw
Cassiopea#6994,diamond,500,41%,euw
RAMMUS FROM EUNE#XDXDX,diamond,500,36%,euw
ChemioSupport#6767,diamond,500,44%,euw
Bugajus#LTU,diamond,500,46%,euw
beko#sup,diamond,500,52%,euw
hurtig hjort#EUW,diamond,500,44%,euw
TheShockX#EUW,diamond,500,50%,euw
Bidimurien#EUW,diamond,500,39%,euw
tov abale#motek,diamond,500,49%,euw
iFourleafclover#9999,diamond,999,51%,euw
balkan player#000,diamond,000,50%,euw
shyru#EUW01,diamond,500,40%,euw
Jaxran#EUW\,diamond,8,43%,euw
Kadmurai#AJDE\,diamond,1,,euw
Corazón#lαw\,diamond,1,3%,euw
pootis pencer34#EUW\,diamond,1,,euw
loonzaera#EUW\,diamond,1,,euw
CebCeb#FEZ\,diamond,1,,euw
Jesaipas#WWW\,diamond,1,,euw
Moonsilver bIade#EUW\,diamond,1,,euw
Dova#Kin\,diamond,1,,euw
ChungusDayi#5555\,diamond,1,,euw
inmategotthestif#EUW\,diamond,1,,euw
Roneyy#EUW\,diamond,1,,euw
xxMrWorldwidexx#EUW\,diamond,1,,euw
Eliminar#EUW\,diamond,1,,euw
JonteMoped#EUW\,diamond,1,,euw
Etienne#5623\,diamond,1,,euw
got2game#EUW\,diamond,1,,euw
vBpBurke#EUW\,diamond,1,,euw
ªº     ð     ºª#EUW\,diamond,1,2%,euw
Medis#URMOM\,diamond,1,,euw
Profpartytime#EUW\,diamond,1,,euw
Qaai#BLA\,diamond,1,,euw
KanaxSenpai#EUW\,diamond,1,,euw
YosieSmiley#SMILE\,diamond,1,,euw
Ji Woon Hak#SCRFC\,diamond,1,,euw
Invincible#EUWXD\,diamond,1,,euw
Bicky#EUW\,diamond,1,,euw
ANDRE VENTURA 26#CHEGA\,diamond,1,,euw
Meliodas#6eyes\,diamond,1,,euw
çipetpet#4012\,diamond,1,3%,euw
Farmer52#ABCX\,diamond,1,,euw
DPL ABdelhadi #EUW\,diamond,1,,euw
Dopamin addict#DOPE\,diamond,1,,euw
Yshuro67#GOYIM\,diamond,1,,euw
ANA#FOKOS\,diamond,1,,euw
croute de pipi#caca\,diamond,1,,euw
Drubadopa#xdd\,diamond,1,,euw
a zoe on speed#zoe\,diamond,1,,euw
Poollo#EUW\,diamond,1,,euw
Ragu#bob\,diamond,1,,euw
Muraa#Mura\,diamond,1,,euw
Ryflax#EUW\,diamond,1,,euw
floxx21#EUW\,diamond,1,,euw
Zedpecker#8002\,diamond,1,,euw
ChristianWarZ#EUW\,diamond,1,,euw
EHPAD Patrouille#Riven\,diamond,1,,euw
SUPER GROS CACA#CACA\,diamond,1,,euw
4 IQ 4 Shots#9118\,diamond,1,4%,euw
Cocatee#Pog\,diamond,1,,euw
Ooniromenti#EUW\,diamond,1,,euw
Ukiyo#1796\,diamond,1,,euw
outclimbinglows#bye\,diamond,1,,euw
Drabar#Prime\,diamond,1,,euw
countersebbe#EUW\,diamond,1,,euw
VildDjaur#EUW\,diamond,1,,euw
Doomy le noobi#Choc\,diamond,1,,euw
Frysqo#EUW\,diamond,1,,euw
Azex#Azux\,diamond,1,,euw
InvictusAT#EUW\,diamond,1,,euw
Get rekt by Ornn#766\,diamond,1,,euw
Kouik#EUW\,diamond,1,,euw
Now1K#1337\,diamond,1,,euw
Keochen#EUW9\,diamond,1,,euw
Freezing Spell#EUW\,diamond,1,,euw
Vray#TOP\,diamond,1,,euw
UncleDanny#Danny\,diamond,1,,euw
Harawyn#EUW\,diamond,1,,euw
DisneySentMe#TTV\,diamond,1,,euw
Apocxxx#EUW\,diamond,1,,euw
Pišiak#EUWS\,diamond,1,5%,euw
Luka Vušković#GOAT\,diamond,1,5%,euw
Truxlive#BNZ\,diamond,1,,euw
Niizu#0705\,diamond,1,,euw
RANK#RAWR\,diamond,1,,euw
Silücrert#251\,diamond,1,3%,euw
IIIEIIEIII#IEI\,diamond,1,,euw
Abethadamest#9284\,diamond,1,,euw
bartman4#ARAM\,diamond,1,,euw
kelcoberk#zınQ\,diamond,1,4%,euw
RAYGUN1488HH#1488H\,diamond,1,,euw
SOTT SOTT SOTT#SOTT\,diamond,1,,euw
GoodGoose#4863\,diamond,1,,euw
RazyRaw#RYRW\,diamond,1,,euw
Restrict#V07\,diamond,1,,euw
cute anime girl#Pacov\,diamond,1,,euw
Serialz Power#EUW\,diamond,1,,euw
yoyobrawz#742\,diamond,1,,euw
Gwen is Immune#Edged\,diamond,1,,euw
Cassiopea#6994\,diamond,1,,euw
RAMMUS FROM EUNE#XDXDX\,diamond,1,,euw
ChemioSupport#6767\,diamond,1,,euw
Bugajus#LTU\,diamond,1,,euw
beko#sup\,diamond,1,,euw
hurtig hjort#EUW\,diamond,1,,euw
TheShockX#EUW\,diamond,1,,euw
Bidimurien#EUW\,diamond,1,,euw
tov abale#motek\,diamond,1,,euw
iFourleafclover#9999\,diamond,1,,euw
balkan player#000\,diamond,1,,euw
shyru#EUW01\,diamond,1,,euw
fairy#3334,diamond,500,,euw
Agent Cooper#Peak,diamond,500,50%,euw
Lurban#EUWW,diamond,500,43%,euw
OvaleLoL#Ovale,diamond,500,45%,euw
Waeoloinu#EUW,diamond,500,47%,euw
Master Yi 1V5#EUW,diamond,500,52%,euw
Wuka#EUW,diamond,500,49%,euw
unstable player#EUW,diamond,500,50%,euw
68123#VOCKL,diamond,500,50%,euw
Varvalianos#EUW,diamond,500,49%,euw
no enemies#RANK1,diamond,500,42%,euw
Duy Leo#1208,diamond,500,43%,euw
TiMELESSPAiN666#720,diamond,720,49%,euw
Lüsches#12314,diamond,500,51%,euw
yoRick and Morty#blurb,diamond,500,51%,euw
i lose all#lost,diamond,500,51%,euw
Rot Kari #EUW,diamond,500,47%,euw
αdil#MAR,diamond,500,52%,euw
OG emiliozas#laimi,diamond,500,41%,euw
v2bgang jg acc#daev,diamond,500,35%,euw
hhhhjjjjjjj#EUW,diamond,500,100%,euw
Arkist#FMC,diamond,500,51%,euw
eliteidrees#EUW,diamond,500,40%,euw
Bürgermeister#löhne,diamond,500,50%,euw
Røronoa Zørro#EUW,diamond,500,51%,euw
MACRON EXPLOSION#58981,diamond,500,51%,euw
COZzoSKIllz#EUW,diamond,500,48%,euw
TheSqeeZ#EUW,diamond,500,15%,euw
Main Estampada#EUW,diamond,500,52%,euw
C Ø D Ø R#EUW,diamond,500,47%,euw
BonVieuxEtObese#gros,diamond,500,43%,euw
LABUBUDEMON75#DRAV,diamond,500,43%,euw
Cuzz I can#MEOW,diamond,500,53%,euw
Fancy Kip#EUW,diamond,500,46%,euw
SinterBlade#EUW,diamond,500,47%,euw
Filip312#EUW,diamond,500,47%,euw
farslillepige#nicho,diamond,500,52%,euw
zhavm#EUW,diamond,500,53%,euw
R4chter Reborn#Mercy,diamond,500,43%,euw
Angurio#EUW,diamond,500,48%,euw
bocata lomo ya#BLY,diamond,500,52%,euw
Foxxsen#EUW,diamond,500,46%,euw
BrokenSoul#9016,diamond,500,51%,euw
Sous Six Seven#ZYZZ,diamond,500,53%,euw
Toshiro#361,diamond,361,47%,euw
cinnamon4#4444,diamond,500,52%,euw
ΣDDΥ#EDDY,diamond,500,46%,euw
Srw#000,diamond,5,49%,euw
FCP Gùmoo#FCPOM,diamond,500,53%,euw
Rel19#1904,diamond,500,53%,euw
Sk1T Odonnous#2222,diamond,500,45%,euw
Tabularasa#2284,diamond,500,44%,euw
Mango Tree#Mmmmm,diamond,500,45%,euw
Aeschyli#AES,diamond,500,52%,euw
IHateThisGame#URGOT,diamond,500,46%,euw
mMinase#000,diamond,000,45%,euw
futile devices#123,diamond,123,47%,euw
Memut#TR14,diamond,500,52%,euw
Support manage#brick,diamond,500,44%,euw
MiaufürMich#miau,diamond,500,49%,euw
Kojigiri#0000,diamond,500,27%,euw
Jack Hanma#369,diamond,369,50%,euw
Rloanchan#8205,diamond,500,49%,euw
VelvetTenno#EUW12,diamond,500,46%,euw
Alexander Irelia#ERIKA,diamond,500,48%,euw
Taurina#BYN,diamond,500,49%,euw
lezicii101#123,diamond,123,36%,euw
BLackaizer#RUN,diamond,500,50%,euw
IQ Diffff#EUW,diamond,500,44%,euw
3 2 1 bang#EUW12,diamond,500,51%,euw
Daddy D#EUW,diamond,500,43%,euw
Aquarioum#EUW,diamond,500,48%,euw
tempo#3123,diamond,500,51%,euw
BubblePiłker#4wb,diamond,500,48%,euw
очи зЕлени мой#свят,diamond,500,48%,euw
Noblesse#5088,diamond,500,42%,euw
MentalStupéfiant#EUW,diamond,500,50%,euw
мини пека#амням,diamond,500,47%,euw
Uee#EU1,diamond,500,56%,euw
Dominowy#EUW,diamond,500,47%,euw
MCIYAS#DAWG,diamond,500,40%,euw
iSBuck#EUW,diamond,500,49%,euw
exhale#WIN,diamond,500,50%,euw
BuntaEU#1337,diamond,500,42%,euw
Große Bot Diff#EUW,diamond,500,50%,euw
Miraclubóy#3638,diamond,500,43%,euw
FαtαΙ#Marx,diamond,500,43%,euw
sukkubbus1#EUW,diamond,500,51%,euw
Kyhtéra#EUW,diamond,500,53%,euw
Isildur#3209,diamond,500,48%,euw
qwee3eq#qwq,diamond,500,42%,euw
ShacoTism#123,diamond,123,45%,euw
Fizzkhalifa#5899,diamond,500,44%,euw
I76I#EUW,diamond,500,50%,euw
Altria#EVA01,diamond,500,41%,euw
K1NG#lau,diamond,500,44%,euw
Gr3NoXx#EUW,diamond,500,50%,euw
Lunsino#EUW,diamond,500,48%,euw
lnvencheater#EUW,diamond,500,47%,euw
Ð E F Ξ C T ˇ#EUW,diamond,500,50%,euw
fairy#3334\,diamond,8,45%,euw
Agent Cooper#Peak\,diamond,1,,euw
Lurban#EUWW\,diamond,1,,euw
OvaleLoL#Ovale\,diamond,1,,euw
Waeoloinu#EUW\,diamond,1,,euw
Master Yi 1V5#EUW\,diamond,1,,euw
Wuka#EUW\,diamond,1,,euw
unstable player#EUW\,diamond,1,,euw
68123#VOCKL\,diamond,1,,euw
Varvalianos#EUW\,diamond,1,,euw
no enemies#RANK1\,diamond,1,,euw
Duy Leo#1208\,diamond,1,,euw
TiMELESSPAiN666#720\,diamond,1,,euw
Lüsches#12314\,diamond,1,3%,euw
yoRick and Morty#blurb\,diamond,1,,euw
i lose all#lost\,diamond,1,,euw
Rot Kari #EUW\,diamond,1,,euw
αdil#MAR\,diamond,1,,euw
OG emiliozas#laimi\,diamond,1,,euw
v2bgang jg acc#daev\,diamond,1,,euw
hhhhjjjjjjj#EUW\,diamond,1,,euw
Arkist#FMC\,diamond,1,,euw
eliteidrees#EUW\,diamond,1,,euw
Bürgermeister#löhne\,diamond,1,3%,euw
Røronoa Zørro#EUW\,diamond,1,3%,euw
MACRON EXPLOSION#58981\,diamond,1,,euw
COZzoSKIllz#EUW\,diamond,1,,euw
TheSqeeZ#EUW\,diamond,1,,euw
Main Estampada#EUW\,diamond,1,,euw
C Ø D Ø R#EUW\,diamond,1,20%,euw
BonVieuxEtObese#gros\,diamond,1,,euw
LABUBUDEMON75#DRAV\,diamond,1,,euw
Cuzz I can#MEOW\,diamond,1,,euw
Fancy Kip#EUW\,diamond,1,,euw
SinterBlade#EUW\,diamond,1,,euw
Filip312#EUW\,diamond,1,,euw
farslillepige#nicho\,diamond,1,,euw
zhavm#EUW\,diamond,1,,euw
R4chter Reborn#Mercy\,diamond,1,,euw
Angurio#EUW\,diamond,1,,euw
bocata lomo ya#BLY\,diamond,1,,euw
Foxxsen#EUW\,diamond,1,,euw
BrokenSoul#9016\,diamond,1,,euw
Sous Six Seven#ZYZZ\,diamond,1,,euw
Toshiro#361\,diamond,1,,euw
cinnamon4#4444\,diamond,1,,euw
ΣDDΥ#EDDY\,diamond,1,,euw
Srw#000\,diamond,1,,euw
FCP Gùmoo#FCPOM\,diamond,1,3%,euw
Rel19#1904\,diamond,1,,euw
Sk1T Odonnous#2222\,diamond,1,,euw
Tabularasa#2284\,diamond,1,,euw
Mango Tree#Mmmmm\,diamond,1,,euw
Aeschyli#AES\,diamond,1,,euw
IHateThisGame#URGOT\,diamond,1,,euw
mMinase#000\,diamond,1,,euw
futile devices#123\,diamond,1,,euw
Memut#TR14\,diamond,1,,euw
Support manage#brick\,diamond,1,,euw
MiaufürMich#miau\,diamond,1,3%,euw
Kojigiri#0000\,diamond,1,,euw
Jack Hanma#369\,diamond,1,,euw
Rloanchan#8205\,diamond,1,,euw
VelvetTenno#EUW12\,diamond,1,,euw
Alexander Irelia#ERIKA\,diamond,1,,euw
Taurina#BYN\,diamond,1,,euw
lezicii101#123\,diamond,1,,euw
BLackaizer#RUN\,diamond,1,,euw
IQ Diffff#EUW\,diamond,1,,euw
3 2 1 bang#EUW12\,diamond,1,3%,euw
Daddy D#EUW\,diamond,1,,euw
Aquarioum#EUW\,diamond,1,,euw
tempo#3123\,diamond,1,,euw
BubblePiłker#4wb\,diamond,1,5%,euw
очи зЕлени мой#свят\,diamond,1,0%,euw
Noblesse#5088\,diamond,1,,euw
MentalStupéfiant#EUW\,diamond,1,3%,euw
мини пека#амням\,diamond,1,0%,euw
Uee#EU1\,diamond,1,,euw
Dominowy#EUW\,diamond,1,,euw
MCIYAS#DAWG\,diamond,1,,euw
iSBuck#EUW\,diamond,1,,euw
exhale#WIN\,diamond,1,,euw
BuntaEU#1337\,diamond,1,,euw
Große Bot Diff#EUW\,diamond,1,3%,euw
Miraclubóy#3638\,diamond,1,3%,euw
FαtαΙ#Marx\,diamond,1,1%,euw
sukkubbus1#EUW\,diamond,1,,euw
Kyhtéra#EUW\,diamond,1,3%,euw
Isildur#3209\,diamond,1,,euw
qwee3eq#qwq\,diamond,1,,euw
ShacoTism#123\,diamond,1,,euw
Fizzkhalifa#5899\,diamond,1,,euw
I76I#EUW\,diamond,1,,euw
Altria#EVA01\,diamond,1,,euw
K1NG#lau\,diamond,1,,euw
Gr3NoXx#EUW\,diamond,1,,euw
Lunsino#EUW\,diamond,1,,euw
lnvencheater#EUW\,diamond,1,,euw
Ð E F Ξ C T ˇ#EUW\,diamond,1,3%,euw
Pekken#kant,master,500,,euw
Iblis#404,master,404,45%,euw
amedow#EUW22,master,500,44%,euw
Frank Lundy#AGENT,master,500,39%,euw
sans emploi#EUW,master,500,49%,euw
Nypreax#EUW,master,500,44%,euw
Freak#99999,master,500,42%,euw
Manga Reader#Climb,master,500,48%,euw
Darky#Gwen,master,500,40%,euw
DJ AATROX#DEATH,master,500,46%,euw
Gazir#kaii,master,500,39%,euw
Jon#FILL,master,500,47%,euw
Tug#ZOFGK,master,500,46%,euw
Algorithm#Keria,master,500,45%,euw
When Doves Cry#4444,master,500,48%,euw
xApeHellx#EUW,master,500,33%,euw
dddddd71#777,master,777,47%,euw
π M π#Pimen,master,500,43%,euw
DD MASINA#CMAX,master,500,46%,euw
Lesbian Princess#OwO,master,500,44%,euw
ΛŁΣX#ZIZON,master,500,100%,euw
ybm#Ł354,master,500,46%,euw
OMEGASPADUR#BG3,master,500,43%,euw
Poro#EXA,master,500,43%,euw
Naru#0707,master,5,49%,euw
born screaming#00000,master,500,46%,euw
Slym Jxmmy#EUW,master,500,40%,euw
Sofisbrownnuggie#Nom,master,500,48%,euw
역천괴#22051,master,500,40%,euw
CrıstinaFerreira#certa,master,500,47%,euw
midnight sun#fear,master,500,52%,euw
Jun#Zed,master,500,45%,euw
Sankaizer#aga,master,500,43%,euw
zng zng zng#11111,master,500,40%,euw
Seto Kaiba#APT,master,500,51%,euw
zzzxxwwwwqqqqq#133,master,133,46%,euw
Makimas Ass#GYATT,master,500,42%,euw
TwTv Keksereslol#0001,master,00,45%,euw
MrBanaBeer#444,master,444,37%,euw
Joexy#746,master,746,49%,euw
favo#dio,master,500,47%,euw
Mirage#Issue,master,500,40%,euw
HF Esko#FUEGO,master,500,40%,euw
Lokat#EUW,master,500,47%,euw
Tortank#âne,master,500,50%,euw
losin to offrole#EUW,master,500,43%,euw
Nyvaken#777,master,777,50%,euw
buf enchanters#EUW,master,500,45%,euw
Loouke#006,master,006,46%,euw
TwitchTV Nyro#euw2,master,500,45%,euw
Eat My Axee#EUW,master,500,50%,euw
Titaniâ#OMG,master,500,46%,euw
VΥD#EUW,master,500,51%,euw
8gwennerfs#troll,master,500,49%,euw
mageteaXD#ttv,master,500,48%,euw
Žygis#EUW2,master,500,50%,euw
Aachille#123,master,123,45%,euw
vexar#midif,master,500,39%,euw
Su zhan#DNF,master,500,46%,euw
TwTv PurifiedUC#0101,master,500,46%,euw
vkzwqfvp#eu1,master,500,47%,euw
AI GF and Sock#404,master,404,36%,euw
Leo#PRIME,master,500,43%,euw
Dark Passenger#1702,master,500,46%,euw
SAKU#VANA,master,500,45%,euw
yeat#cmngo,master,500,46%,euw
Tsiper#akos,master,500,45%,euw
dabi#para,master,500,49%,euw
mcs#2710,master,500,41%,euw
Kay Flock#PSA1,master,500,43%,euw
kwypjd#EUW,master,500,40%,euw
karabas#meow,master,500,40%,euw
äuss#EUW,master,500,46%,euw
Manυel#EUW,master,500,49%,euw
Sheeesh fefe#Lynaz,master,500,49%,euw
YABUJiN#CN1,master,500,48%,euw
WWG Beluga#DMG,master,500,42%,euw
Angreifer#rend,master,500,44%,euw
why u lacking#still,master,500,44%,euw
Sjurdt#EUW,master,500,43%,euw
Weakside#2999,master,500,43%,euw
Ben VengaL#331,master,331,39%,euw
Kubuś#okok,master,500,44%,euw
Biotic#123,master,123,42%,euw
bodytea#harr,master,500,46%,euw
Etoo#XDDDD,master,500,46%,euw
サオルムク#サオルムク,master,500,43%,euw
TWTV Peng04#Yuqi,master,500,48%,euw
Pendulum#25511,master,500,48%,euw
Harambe Avenger#69420,master,694,46%,euw
TimeToSuffer#ISR,master,500,34%,euw
zero english#EUW0,master,500,46%,euw
HappyLuckyChappy#takop,master,500,38%,euw
JEWZAURUS REX#0002,master,500,44%,euw
freezing band#frost,master,500,46%,euw
angel wings#wenii,master,500,39%,euw
HXXXXXXXXXXXXXXX#00000,master,00,45%,euw
zlq#joker,master,500,44%,euw
ThrillerB4rk#EUW,master,500,41%,euw
RainIsUP#EUW,master,500,47%,euw
Pekken#kant\,master,8,39%,euw
Iblis#404\,master,1,,euw
amedow#EUW22\,master,1,,euw
Frank Lundy#AGENT\,master,1,,euw
sans emploi#EUW\,master,1,,euw
Nypreax#EUW\,master,1,,euw
Freak#99999\,master,1,,euw
Manga Reader#Climb\,master,1,,euw
Darky#Gwen\,master,1,,euw
DJ AATROX#DEATH\,master,1,,euw
Gazir#kaii\,master,1,,euw
Jon#FILL\,master,1,,euw
Tug#ZOFGK\,master,1,,euw
Algorithm#Keria\,master,1,,euw
When Doves Cry#4444\,master,1,,euw
xApeHellx#EUW\,master,1,,euw
dddddd71#777\,master,1,,euw
π M π#Pimen\,master,1,80%,euw
DD MASINA#CMAX\,master,1,,euw
Lesbian Princess#OwO\,master,1,,euw
ΛŁΣX#ZIZON\,master,1,5%,euw
ybm#Ł354\,master,1,5%,euw
OMEGASPADUR#BG3\,master,1,,euw
Poro#EXA\,master,1,,euw
Naru#0707\,master,1,,euw
born screaming#00000\,master,1,,euw
Slym Jxmmy#EUW\,master,1,,euw
Sofisbrownnuggie#Nom\,master,1,,euw
역천괴#22051\,master,1,97%,euw
CrıstinaFerreira#certa\,master,1,4%,euw
midnight sun#fear\,master,1,,euw
Jun#Zed\,master,1,,euw
Sankaizer#aga\,master,1,,euw
zng zng zng#11111\,master,1,,euw
Seto Kaiba#APT\,master,1,,euw
zzzxxwwwwqqqqq#133\,master,1,,euw
Makimas Ass#GYATT\,master,1,,euw
TwTv Keksereslol#0001\,master,1,,euw
MrBanaBeer#444\,master,1,,euw
Joexy#746\,master,1,,euw
favo#dio\,master,1,,euw
Mirage#Issue\,master,1,,euw
HF Esko#FUEGO\,master,1,,euw
Lokat#EUW\,master,1,,euw
Tortank#âne\,master,1,3%,euw
losin to offrole#EUW\,master,1,,euw
Nyvaken#777\,master,1,,euw
buf enchanters#EUW\,master,1,,euw
Loouke#006\,master,1,,euw
TwitchTV Nyro#euw2\,master,1,,euw
Eat My Axee#EUW\,master,1,,euw
Titaniâ#OMG\,master,1,3%,euw
VΥD#EUW\,master,1,,euw
8gwennerfs#troll\,master,1,,euw
mageteaXD#ttv\,master,1,,euw
Žygis#EUW2\,master,1,5%,euw
Aachille#123\,master,1,,euw
vexar#midif\,master,1,,euw
Su zhan#DNF\,master,1,,euw
TwTv PurifiedUC#0101\,master,1,,euw
vkzwqfvp#eu1\,master,1,,euw
AI GF and Sock#404\,master,1,,euw
Leo#PRIME\,master,1,,euw
Dark Passenger#1702\,master,1,,euw
SAKU#VANA\,master,1,,euw
yeat#cmngo\,master,1,,euw
Tsiper#akos\,master,1,,euw
dabi#para\,master,1,,euw
mcs#2710\,master,1,,euw
Kay Flock#PSA1\,master,1,,euw
kwypjd#EUW\,master,1,,euw
karabas#meow\,master,1,,euw
äuss#EUW\,master,1,3%,euw
Manυel#EUW\,master,1,,euw
Sheeesh fefe#Lynaz\,master,1,,euw
YABUJiN#CN1\,master,1,,euw
WWG Beluga#DMG\,master,1,,euw
Angreifer#rend\,master,1,,euw
why u lacking#still\,master,1,,euw
Sjurdt#EUW\,master,1,,euw
Weakside#2999\,master,1,,euw
Ben VengaL#331\,master,1,,euw
Kubuś#okok\,master,1,5%,euw
Biotic#123\,master,1,,euw
bodytea#harr\,master,1,,euw
Etoo#XDDDD\,master,1,,euw
サオルムク#サオルムク\,master,1,3%,euw
TWTV Peng04#Yuqi\,master,1,,euw
Pendulum#25511\,master,1,,euw
Harambe Avenger#69420\,master,1,,euw
TimeToSuffer#ISR\,master,1,,euw
zero english#EUW0\,master,1,,euw
HappyLuckyChappy#takop\,master,1,,euw
JEWZAURUS REX#0002\,master,1,,euw
freezing band#frost\,master,1,,euw
angel wings#wenii\,master,1,,euw
HXXXXXXXXXXXXXXX#00000\,master,1,,euw
zlq#joker\,master,1,,euw
ThrillerB4rk#EUW\,master,1,,euw
RainIsUP#EUW\,master,1,,euw
Rey Misterio#bronz,master,500,,euw
zzhuo#zzz,master,500,52%,euw
TUEUR VOLS CRIME#213,master,21,46%,euw
Timobaby1#24768,master,500,46%,euw
Methanaute#0000,master,500,44%,euw
white monster#111,master,111,45%,euw
Natsu#0382,master,500,45%,euw
flapie1#EUW,master,500,47%,euw
Hemlandaren#CHN,master,500,39%,euw
primal reversion#EPSTN,master,500,44%,euw
Drogaery#123,master,123,43%,euw
lovedoctor#III,master,500,41%,euw
matiaslacasse#971,master,971,46%,euw
Fiixing mistakes#EIW,master,500,50%,euw
Typhoon#caca,master,500,46%,euw
TUNG TUNG SAHUR#BOO,master,500,47%,euw
asdqwezxc#8230,master,500,45%,euw
BRAWLER#2521,master,500,48%,euw
Wei the Cat#MEOW,master,500,35%,euw
Boukada#EUW,master,500,45%,euw
buffi#1505,master,500,100%,euw
Galore#ALO33,master,500,50%,euw
GeminiØus#ZED,master,500,47%,euw
LDS Akuma Ashi#ADC,master,500,47%,euw
MONKWILLCARRY#EST,master,500,48%,euw
FredSpaghet#EUW,master,500,45%,euw
beni peri sanıyo#Nil,master,500,44%,euw
Urwald Differenz#EUW,master,500,48%,euw
bleed myself dry#zzz,master,500,46%,euw
TwTv Burgi41#HECA7,master,500,48%,euw
Xëmon#cloud,master,500,52%,euw
Novemberain#yzqaq,master,500,44%,euw
MetroArcher#EUW,master,500,47%,euw
Exiled#doom,master,500,48%,euw
nagini#slow,master,500,41%,euw
eloeloelo1#zzzzz,master,500,34%,euw
CraneLoL#EUW,master,500,43%,euw
Eden Fox#EDEN,master,500,44%,euw
Basse#Nico,master,500,47%,euw
JeevanM8#EUW,master,500,41%,euw
UNHOLY#xdxd,master,500,44%,euw
april rain#zzz,master,500,39%,euw
Bubba#sauro,master,500,42%,euw
CURSED DRAW#DOIT,master,500,48%,euw
Soul#QWER,master,500,50%,euw
sindrelolpro2345#EUW,master,500,46%,euw
Bugged#2K00,master,500,45%,euw
TARIC#DIGI,master,500,47%,euw
DioguinhoLoL#3251,master,500,44%,euw
sevgin#00001,master,500,36%,euw
Promise#xdxd,master,500,41%,euw
Nébuleuse#WITCH,master,500,39%,euw
정글 고양이#ykä,master,500,42%,euw
aki#fiend,master,500,48%,euw
Nenris#meow,master,500,44%,euw
جستن#انوس,master,500,49%,euw
Honour#KIng,master,500,46%,euw
Spy#qesfg,master,500,49%,euw
Skoryanc#EUW,master,500,46%,euw
mees retkel#EUW,master,500,40%,euw
Clark Kent#well,master,500,46%,euw
Hummelu#Hum,master,500,47%,euw
QIYANA FR33K#LIMIT,master,500,49%,euw
Bekosama#XXXXX,master,500,50%,euw
Stanley#LFT,master,500,45%,euw
yuta okkotsu#main,master,500,45%,euw
동선장인#KR99,master,500,35%,euw
Dyenn#2444,master,500,43%,euw
xiaozaoxiaozao#CN1,master,500,47%,euw
Megatrongle#ongle,master,500,43%,euw
Tunnettu#Plugi,master,500,44%,euw
DΑDDYBLΑCKXXL#25CM,master,500,43%,euw
Wutfaces#EUW,master,500,42%,euw
eye#x93,master,500,46%,euw
Kawulaaa#2137,master,500,47%,euw
HLE Peanut#2001,master,500,47%,euw
Sundax#111,master,111,40%,euw
phasma#666,master,666,47%,euw
kicktv ruskayn#rus,master,500,47%,euw
almansoori#f40,master,500,48%,euw
Taro#blade,master,500,45%,euw
Kolosalos#EUW,master,500,43%,euw
molodoy jg#FURIA,master,500,46%,euw
Party monster#xdxd,master,500,48%,euw
nickname ptaku#xpp,master,500,43%,euw
Satorius#TOP,master,500,49%,euw
last dance#SATAN,master,500,40%,euw
Drali#2ACC,master,500,45%,euw
Tit Ricard Chef #EUW,master,500,55%,euw
ZoeLover#lol,master,500,44%,euw
Taro Kitano#SPEED,master,500,47%,euw
Void Puppy#Erky,master,500,44%,euw
Lurox#Lurox,master,5,40%,euw
Bmoooo#supgo,master,500,42%,euw
Тарган Топлейну#EPWIN,master,500,38%,euw
Hjerte Af Granit#noob,master,500,38%,euw
Blackfire#New,master,500,42%,euw
mMarlon#EUW,master,500,46%,euw
Splinter#TAFE,master,500,42%,euw
ALEDOS COACH#500EU,master,500,40%,euw
Rey Misterio#bronz\,master,8,46%,euw
zzhuo#zzz\,master,1,,euw
TUEUR VOLS CRIME#213\,master,1,,euw
Timobaby1#24768\,master,1,,euw
Methanaute#0000\,master,1,,euw
white monster#111\,master,1,,euw
Natsu#0382\,master,1,,euw
flapie1#EUW\,master,1,,euw
Hemlandaren#CHN\,master,1,,euw
primal reversion#EPSTN\,master,1,,euw
Drogaery#123\,master,1,,euw
lovedoctor#III\,master,1,,euw
matiaslacasse#971\,master,1,,euw
Fiixing mistakes#EIW\,master,1,,euw
Typhoon#caca\,master,1,,euw
TUNG TUNG SAHUR#BOO\,master,1,,euw
asdqwezxc#8230\,master,1,,euw
BRAWLER#2521\,master,1,,euw
Wei the Cat#MEOW\,master,1,,euw
Boukada#EUW\,master,1,,euw
buffi#1505\,master,1,,euw
Galore#ALO33\,master,1,,euw
GeminiØus#ZED\,master,1,3%,euw
LDS Akuma Ashi#ADC\,master,1,,euw
MONKWILLCARRY#EST\,master,1,,euw
FredSpaghet#EUW\,master,1,,euw
beni peri sanıyo#Nil\,master,1,4%,euw
Urwald Differenz#EUW\,master,1,,euw
bleed myself dry#zzz\,master,1,,euw
TwTv Burgi41#HECA7\,master,1,,euw
Xëmon#cloud\,master,1,3%,euw
Novemberain#yzqaq\,master,1,,euw
MetroArcher#EUW\,master,1,,euw
Exiled#doom\,master,1,,euw
nagini#slow\,master,1,,euw
eloeloelo1#zzzzz\,master,1,,euw
CraneLoL#EUW\,master,1,,euw
Eden Fox#EDEN\,master,1,,euw
Basse#Nico\,master,1,,euw
JeevanM8#EUW\,master,1,,euw
UNHOLY#xdxd\,master,1,,euw
april rain#zzz\,master,1,,euw
Bubba#sauro\,master,1,,euw
CURSED DRAW#DOIT\,master,1,,euw
Soul#QWER\,master,1,,euw
sindrelolpro2345#EUW\,master,1,,euw
Bugged#2K00\,master,1,,euw
TARIC#DIGI\,master,1,,euw
DioguinhoLoL#3251\,master,1,,euw
sevgin#00001\,master,1,,euw
Promise#xdxd\,master,1,,euw
Nébuleuse#WITCH\,master,1,3%,euw
정글 고양이#ykä\,master,1,0%,euw
aki#fiend\,master,1,,euw
Nenris#meow\,master,1,,euw
جستن#انوس\,master,1,8%,euw
Honour#KIng\,master,1,,euw
Spy#qesfg\,master,1,,euw
Skoryanc#EUW\,master,1,,euw
mees retkel#EUW\,master,1,,euw
Clark Kent#well\,master,1,,euw
Hummelu#Hum\,master,1,,euw
QIYANA FR33K#LIMIT\,master,1,,euw
Bekosama#XXXXX\,master,1,,euw
Stanley#LFT\,master,1,,euw
yuta okkotsu#main\,master,1,,euw
동선장인#KR99\,master,1,99%,euw
Dyenn#2444\,master,1,,euw
xiaozaoxiaozao#CN1\,master,1,,euw
Megatrongle#ongle\,master,1,,euw
Tunnettu#Plugi\,master,1,,euw
DΑDDYBLΑCKXXL#25CM\,master,1,,euw
Wutfaces#EUW\,master,1,,euw
eye#x93\,master,1,,euw
Kawulaaa#2137\,master,1,,euw
HLE Peanut#2001\,master,1,,euw
Sundax#111\,master,1,,euw
phasma#666\,master,1,,euw
kicktv ruskayn#rus\,master,1,,euw
almansoori#f40\,master,1,,euw
Taro#blade\,master,1,,euw
Kolosalos#EUW\,master,1,,euw
molodoy jg#FURIA\,master,1,,euw
Party monster#xdxd\,master,1,,euw
nickname ptaku#xpp\,master,1,,euw
Satorius#TOP\,master,1,,euw
last dance#SATAN\,master,1,,euw
Drali#2ACC\,master,1,,euw
Tit Ricard Chef #EUW\,master,1,,euw
ZoeLover#lol\,master,1,,euw
Taro Kitano#SPEED\,master,1,,euw
Void Puppy#Erky\,master,1,,euw
Lurox#Lurox\,master,1,,euw
Bmoooo#supgo\,master,1,,euw
Тарган Топлейну#EPWIN\,master,1,0%,euw
Hjerte Af Granit#noob\,master,1,,euw
Blackfire#New\,master,1,,euw
mMarlon#EUW\,master,1,,euw
Splinter#TAFE\,master,1,,euw
ALEDOS COACH#500EU\,master,1,,euw
RyuX#EUW,master,500,,euw
happens#1010,master,500,44%,euw
BluffyOP#EUW,master,500,46%,euw
raengaya#CSX,master,500,40%,euw
scriptless#cat,master,500,43%,euw
FISTA#R2R,master,500,45%,euw
Ketrab#meovv,master,500,46%,euw
Quevedo#cpev,master,500,41%,euw
diddyblud#1001,master,500,47%,euw
Alzephreym#666,master,666,46%,euw
WithinTemptation#SIREN,master,500,40%,euw
Just1Bastard#FRA,master,500,40%,euw
Gigolo Garold#EUW,master,500,48%,euw
Winterdepression#kalt,master,500,47%,euw
Rising#2005,master,500,48%,euw
NukerFTW#EUW,master,500,48%,euw
gûcûmyetenekadar#1999,master,19,46%,euw
King Rammus#WRUMM,master,500,41%,euw
Zorka#Missy,master,500,46%,euw
Homo Erectus#4001,master,500,45%,euw
KEX1#0509,master,500,100%,euw
ææææææææææææææææ#Satto,master,500,35%,euw
Nikolayy#0000,master,500,47%,euw
BONJOUR L AMI#happy,master,500,45%,euw
Lmzs#EUW,master,500,53%,euw
XUYA NA TOTO#WAGMI,master,500,36%,euw
Robi#diff,master,500,41%,euw
gottigottigotti#beata,master,500,46%,euw
TTV ROSEHAN LOL#AHRI2,master,500,36%,euw
Caucha#148,master,148,43%,euw
ImaMango#GHT,master,500,46%,euw
warriors 2014#0414,master,500,43%,euw
oki1#LoL,master,500,49%,euw
Buggy2v9#EUW,master,500,44%,euw
HuggablePanda#EUW,master,500,40%,euw
lybovnichek#EUW,master,500,43%,euw
Catherine#xxx,master,500,37%,euw
milkcheesebread#EUW,master,500,43%,euw
KITTY MEOW#MRRP,master,500,50%,euw
Diguidou#EUW,master,500,46%,euw
Peyman Amin#Knast,master,500,44%,euw
ZYB gen4#KR01,master,500,47%,euw
legend#flow,master,500,38%,euw
Pikachu#PKéMN,master,500,47%,euw
HHX#2221,master,500,46%,euw
Komaeda NGI#EUW,master,500,51%,euw
Honda CBR 500 R#WROOM,master,500,44%,euw
규율 사제#wow,master,500,49%,euw
mierności cesarz#WWWWW,master,500,47%,euw
Arthur Morgan#lyr3,master,500,49%,euw
hossxox#EUW,master,500,49%,euw
Atze Useful#EUW,master,500,38%,euw
GX TH3#TH3,master,500,44%,euw
Sqim v3#EUW,master,500,44%,euw
Tom Kazansky#777,master,777,44%,euw
Honey Bee#pivel,master,500,47%,euw
Mäktigbest#EUNE,master,500,25%,euw
kye#vril,master,500,48%,euw
Vigilante#Peace,master,500,48%,euw
KC Double#1011,master,500,44%,euw
Blaming#EUW,master,500,35%,euw
CruncyWM#TW TV,master,500,45%,euw
Ballisto#TOP,master,500,46%,euw
HİδδεЙ工Ðεитıtψヅ#707,master,707,45%,euw
LNG 1xn#GOAT,master,500,44%,euw
PEPON MOI TANA#667,master,667,48%,euw
Dawidsonek#2137,master,500,41%,euw
PêcheurBZH#FISH1,master,500,40%,euw
Kral Batuuu#kral,master,500,47%,euw
Vσıd#EUW,master,500,51%,euw
Yänkler#XCOM,master,500,39%,euw
AMK0H#EUW,master,500,46%,euw
Clares#333,master,333,48%,euw
Giorgia Meloni#111,master,111,49%,euw
wu guan feng yue#eukr,master,500,48%,euw
naafiri adc hehe#heheh,master,500,48%,euw
Alex Eubank#ONTOP,master,500,47%,euw
Bus Driver Num 1#EUW,master,500,46%,euw
xoxo#9707,master,500,45%,euw
Ei Sei#china,master,500,44%,euw
ψ WJD#LNT,master,500,43%,euw
Zeki#LFT,master,500,44%,euw
Eliami#rage,master,500,51%,euw
Chief of Sin#WKND,master,500,41%,euw
Rinju#Death,master,500,48%,euw
Sïgma#EUW,master,500,45%,euw
getogetogeto#EUW,master,5,46%,euw
TwTv KayyZeen#TwTv,master,500,48%,euw
GUNTER#PINGV,master,500,47%,euw
Kijo73#ZTC,master,500,42%,euw
Scunny#EUW,master,500,47%,euw
TH4 Ziqa#BIERE,master,500,41%,euw
WWWWWWWWWWWWWWWW#EU1,master,500,47%,euw
Le Roi Malz#EUW25,master,500,42%,euw
Recep İvedik#3169R,master,500,43%,euw
666 FALLEN ANGEL#EUW,master,500,46%,euw
Sangrod#EUWW,master,500,45%,euw
elramir#3161,master,500,47%,euw
그녀의 항구#041,master,041,51%,euw
cantwingg#2030,master,500,42%,euw
RyuX#EUW\,master,8,40%,euw
happens#1010\,master,1,,euw
BluffyOP#EUW\,master,1,,euw
raengaya#CSX\,master,1,,euw
scriptless#cat\,master,1,,euw
FISTA#R2R\,master,1,,euw
Ketrab#meovv\,master,1,,euw
Quevedo#cpev\,master,1,,euw
diddyblud#1001\,master,1,,euw
Alzephreym#666\,master,1,,euw
WithinTemptation#SIREN\,master,1,,euw
Just1Bastard#FRA\,master,1,,euw
Gigolo Garold#EUW\,master,1,,euw
Winterdepression#kalt\,master,1,,euw
Rising#2005\,master,1,,euw
NukerFTW#EUW\,master,1,,euw
gûcûmyetenekadar#1999\,master,1,3%,euw
King Rammus#WRUMM\,master,1,,euw
Zorka#Missy\,master,1,,euw
Homo Erectus#4001\,master,1,,euw
KEX1#0509\,master,1,,euw
ææææææææææææææææ#Satto\,master,1,3%,euw
Nikolayy#0000\,master,1,,euw
BONJOUR L AMI#happy\,master,1,,euw
Lmzs#EUW\,master,1,,euw
XUYA NA TOTO#WAGMI\,master,1,,euw
Robi#diff\,master,1,,euw
gottigottigotti#beata\,master,1,,euw
TTV ROSEHAN LOL#AHRI2\,master,1,,euw
Caucha#148\,master,1,,euw
ImaMango#GHT\,master,1,,euw
warriors 2014#0414\,master,1,,euw
oki1#LoL\,master,1,,euw
Buggy2v9#EUW\,master,1,,euw
HuggablePanda#EUW\,master,1,,euw
lybovnichek#EUW\,master,1,,euw
Catherine#xxx\,master,1,,euw
milkcheesebread#EUW\,master,1,,euw
KITTY MEOW#MRRP\,master,1,,euw
Diguidou#EUW\,master,1,,euw
Peyman Amin#Knast\,master,1,,euw
ZYB gen4#KR01\,master,1,,euw
legend#flow\,master,1,,euw
Pikachu#PKéMN\,master,1,3%,euw
HHX#2221\,master,1,,euw
Komaeda NGI#EUW\,master,1,,euw
Honda CBR 500 R#WROOM\,master,1,20500%,euw
규율 사제#wow\,master,1,7%,euw
mierności cesarz#WWWWW\,master,1,5%,euw
Arthur Morgan#lyr3\,master,1,,euw
hossxox#EUW\,master,1,,euw
Atze Useful#EUW\,master,1,,euw
GX TH3#TH3\,master,1,,euw
Sqim v3#EUW\,master,1,,euw
Tom Kazansky#777\,master,1,,euw
Honey Bee#pivel\,master,1,,euw
Mäktigbest#EUNE\,master,1,3%,euw
kye#vril\,master,1,,euw
Vigilante#Peace\,master,1,,euw
KC Double#1011\,master,1,,euw
Blaming#EUW\,master,1,,euw
CruncyWM#TW TV\,master,1,,euw
Ballisto#TOP\,master,1,,euw
HİδδεЙ工Ðεитıtψヅ#707\,master,1,4%,euw
LNG 1xn#GOAT\,master,1,,euw
PEPON MOI TANA#667\,master,1,,euw
Dawidsonek#2137\,master,1,,euw
PêcheurBZH#FISH1\,master,1,3%,euw
Kral Batuuu#kral\,master,1,,euw
Vσıd#EUW\,master,1,83%,euw
Yänkler#XCOM\,master,1,3%,euw
AMK0H#EUW\,master,1,,euw
Clares#333\,master,1,,euw
Giorgia Meloni#111\,master,1,,euw
wu guan feng yue#eukr\,master,1,,euw
naafiri adc hehe#heheh\,master,1,,euw
Alex Eubank#ONTOP\,master,1,,euw
Bus Driver Num 1#EUW\,master,1,,euw
xoxo#9707\,master,1,,euw
Ei Sei#china\,master,1,,euw
ψ WJD#LNT\,master,1,88%,euw
Zeki#LFT\,master,1,,euw
Eliami#rage\,master,1,,euw
Chief of Sin#WKND\,master,1,,euw
Rinju#Death\,master,1,,euw
Sïgma#EUW\,master,1,3%,euw
getogetogeto#EUW\,master,1,,euw
TwTv KayyZeen#TwTv\,master,1,,euw
GUNTER#PINGV\,master,1,,euw
Kijo73#ZTC\,master,1,,euw
Scunny#EUW\,master,1,,euw
TH4 Ziqa#BIERE\,master,1,4%,euw
WWWWWWWWWWWWWWWW#EU1\,master,1,,euw
Le Roi Malz#EUW25\,master,1,,euw
Recep İvedik#3169R\,master,1,20%,euw
666 FALLEN ANGEL#EUW\,master,1,666%,euw
Sangrod#EUWW\,master,1,,euw
elramir#3161\,master,1,,euw
그녀의 항구#041\,master,1,7%,euw
cantwingg#2030\,master,1,,euw
iN C0K3 i TRU5T#1v9,master,500,3%,euw
달세파#123,master,123,44%,euw
†#EUW,master,500,45%,euw
Kaptyn#EUW,master,500,47%,euw
AzizYildirimm#1907,master,500,45%,euw
Twendddy#SION,master,500,49%,euw
SeyZo#EUW,master,500,38%,euw
MelanchoIy#EUW,master,500,51%,euw
puk puk puk puk#hahah,master,500,47%,euw
The Hollow#Nyx,master,500,47%,euw
NEMA PREDAJE#SRB,master,500,46%,euw
J drague o drive#ARKHO,master,500,32%,euw
Raven#VELK,master,500,45%,euw
4GOOD#BRuj1,master,500,48%,euw
Mansterninja#BOW,master,500,49%,euw
GÓWNO NA TOPIE#EUW,master,500,47%,euw
CR7#16823,master,500,46%,euw
Pyra#EUWFR,master,500,44%,euw
BOMBADAGLASPOLAN#BOMBA,master,500,49%,euw
Yassuo#Kmari,master,500,27%,euw
Erøn#7777,master,500,100%,euw
Ana Otasevic#kjuti,master,500,44%,euw
Kyllikki#Gösta,master,500,44%,euw
piip ja tuut#EST,master,500,45%,euw
twtvrandomeuw#ukaho,master,500,40%,euw
Doxy#KIKO,master,5,45%,euw
timmy203#EUW,master,500,45%,euw
ривен#sabi,master,500,47%,euw
I WANT BE COACH#0003,master,500,49%,euw
TTV Flashy N1CK#00001,master,000,42%,euw
Mental Buddah#EUW,master,500,47%,euw
JestemGejem#GEJUH,master,500,49%,euw
MARCEL9#EUW,master,500,43%,euw
Flammos#FLM,master,500,40%,euw
Podushhka#Noita,master,500,44%,euw
Dixon Worldwide#EUWW,master,500,46%,euw
DEEHOO#3333,master,500,48%,euw
COLD4509#COLD,master,500,45%,euw
Sung Jinwoo#9942,master,500,47%,euw
cléo de 5 à 7#hya,master,500,48%,euw
pew#shot,master,500,39%,euw
zamulek#fsk,master,500,43%,euw
BOSS PAPI DELUXE#FAMEX,master,500,39%,euw
gengar#EX094,master,500,42%,euw
Rose Noire#Tears,master,500,43%,euw
whiteinnn#EUW,master,500,49%,euw
StickerD#BENDA,master,500,45%,euw
IsoMS#URGOT,master,500,31%,euw
on the clouds#Fogzy,master,500,51%,euw
Frośτ#EUW,master,500,48%,euw
Whiplash#zzzzz,master,500,43%,euw
Goblingon#001,master,001,45%,euw
Lucid Dreams#RAGO,master,500,42%,euw
I Will Protect U#EUW2,master,500,47%,euw
king#G929,master,500,44%,euw
Andrew Huberman#NSDR,master,500,46%,euw
farfetch#296,master,296,48%,euw
Big Mara Ippo#yuh,master,500,43%,euw
Zwickl#VAMOS,master,500,48%,euw
SimAst#EUW,master,500,50%,euw
angwy janna#EUW,master,500,47%,euw
kanonimo#EUW,master,500,48%,euw
Наблюдаю#1234,master,500,46%,euw
ножевые увечья#十十十,master,500,49%,euw
TwTv Roan lol#Roan,master,500,47%,euw
BARONPRIME5AM#93270,master,500,43%,euw
Sidon#123,master,123,47%,euw
Gabimaru#xdd,master,500,40%,euw
Zeeeka#409,master,409,43%,euw
MasTou#AGB,master,500,45%,euw
jax smurf acc#EUW,master,500,40%,euw
Eak2019#EUW,master,500,48%,euw
Luciano Cabrera#EUW,master,500,43%,euw
Illusion#nikol,master,500,44%,euw
ROCK urbi#ROCK,master,500,49%,euw
MID#MMMM,master,500,48%,euw
petdefouf69#6969,master,500,49%,euw
dysfunctional#ﾍﾍﾍ,master,500,36%,euw
sometimesIcant#XD1,master,500,44%,euw
Porto#EUW,master,500,46%,euw
WEEEEEZZZY#cry,master,500,41%,euw
MOHAMAD 2011#2011,master,500,49%,euw
Zeefro#bucky,master,500,42%,euw
AngeIl#EUW,master,500,44%,euw
Pikaru#goat,master,500,48%,euw
Black Orchid#001,master,001,49%,euw
Tolzdi#PLAYB,master,500,40%,euw
beronelol#twtv,master,500,48%,euw
OzkuPr0#EUW,master,500,48%,euw
for ever my love#COTON,master,500,49%,euw
Dapted#EU1,master,500,47%,euw
Tafe#1910,master,500,48%,euw
Santiago#JAY,master,500,43%,euw
TOTO GOAT#GASXD,master,500,49%,euw
Mac Freakbert#Kittn,master,500,46%,euw
Erdote#001,master,001,50%,euw
Emilliant#Cass,master,500,45%,euw
Predaa#EUW,master,500,39%,euw
키즈케#0303,master,500,40%,euw
kenAl Pacino#EUW0,master,500,46%,euw
iN C0K3 i TRU5T#1v9\,master,8,47%,euw
달세파#123\,master,1,84%,euw
†#EUW\,master,1,2%,euw
Kaptyn#EUW\,master,1,,euw
AzizYildirimm#1907\,master,1,,euw
Twendddy#SION\,master,1,,euw
SeyZo#EUW\,master,1,,euw
MelanchoIy#EUW\,master,1,,euw
puk puk puk puk#hahah\,master,1,,euw
The Hollow#Nyx\,master,1,,euw
NEMA PREDAJE#SRB\,master,1,,euw
J drague o drive#ARKHO\,master,1,,euw
Raven#VELK\,master,1,,euw
4GOOD#BRuj1\,master,1,,euw
Mansterninja#BOW\,master,1,,euw
GÓWNO NA TOPIE#EUW\,master,1,3%,euw
CR7#16823\,master,1,,euw
Pyra#EUWFR\,master,1,,euw
BOMBADAGLASPOLAN#BOMBA\,master,1,,euw
Yassuo#Kmari\,master,1,,euw
Erøn#7777\,master,1,3%,euw
Ana Otasevic#kjuti\,master,1,,euw
Kyllikki#Gösta\,master,1,3%,euw
piip ja tuut#EST\,master,1,,euw
twtvrandomeuw#ukaho\,master,1,,euw
Doxy#KIKO\,master,1,,euw
timmy203#EUW\,master,1,,euw
ривен#sabi\,master,1,1%,euw
I WANT BE COACH#0003\,master,1,,euw
TTV Flashy N1CK#00001\,master,1,,euw
Mental Buddah#EUW\,master,1,,euw
JestemGejem#GEJUH\,master,1,,euw
MARCEL9#EUW\,master,1,,euw
Flammos#FLM\,master,1,,euw
Podushhka#Noita\,master,1,,euw
Dixon Worldwide#EUWW\,master,1,,euw
DEEHOO#3333\,master,1,,euw
COLD4509#COLD\,master,1,,euw
Sung Jinwoo#9942\,master,1,,euw
cléo de 5 à 7#hya\,master,1,3%,euw
pew#shot\,master,1,,euw
zamulek#fsk\,master,1,,euw
BOSS PAPI DELUXE#FAMEX\,master,1,,euw
gengar#EX094\,master,1,,euw
Rose Noire#Tears\,master,1,,euw
whiteinnn#EUW\,master,1,,euw
StickerD#BENDA\,master,1,,euw
IsoMS#URGOT\,master,1,,euw
on the clouds#Fogzy\,master,1,,euw
Frośτ#EUW\,master,1,5%,euw
Whiplash#zzzzz\,master,1,,euw
Goblingon#001\,master,1,,euw
Lucid Dreams#RAGO\,master,1,,euw
I Will Protect U#EUW2\,master,1,,euw
king#G929\,master,1,,euw
Andrew Huberman#NSDR\,master,1,,euw
farfetch#296\,master,1,,euw
Big Mara Ippo#yuh\,master,1,,euw
Zwickl#VAMOS\,master,1,,euw
SimAst#EUW\,master,1,,euw
angwy janna#EUW\,master,1,,euw
kanonimo#EUW\,master,1,,euw
Наблюдаю#1234\,master,1,0%,euw
ножевые увечья#十十十\,master,1,0%,euw
TwTv Roan lol#Roan\,master,1,,euw
BARONPRIME5AM#93270\,master,1,,euw
Sidon#123\,master,1,,euw
Gabimaru#xdd\,master,1,,euw
Zeeeka#409\,master,1,,euw
MasTou#AGB\,master,1,,euw
jax smurf acc#EUW\,master,1,,euw
Eak2019#EUW\,master,1,,euw
Luciano Cabrera#EUW\,master,1,,euw
Illusion#nikol\,master,1,,euw
ROCK urbi#ROCK\,master,1,,euw
MID#MMMM\,master,1,,euw
petdefouf69#6969\,master,1,,euw
dysfunctional#ﾍﾍﾍ\,master,1,,euw
sometimesIcant#XD1\,master,1,,euw
Porto#EUW\,master,1,,euw
WEEEEEZZZY#cry\,master,1,,euw
MOHAMAD 2011#2011\,master,1,,euw
Zeefro#bucky\,master,1,,euw
AngeIl#EUW\,master,1,,euw
Pikaru#goat\,master,1,,euw
Black Orchid#001\,master,1,,euw
Tolzdi#PLAYB\,master,1,,euw
beronelol#twtv\,master,1,,euw
OzkuPr0#EUW\,master,1,,euw
for ever my love#COTON\,master,1,,euw
Dapted#EU1\,master,1,,euw
Tafe#1910\,master,1,,euw
Santiago#JAY\,master,1,,euw
TOTO GOAT#GASXD\,master,1,,euw
Mac Freakbert#Kittn\,master,1,,euw
Erdote#001\,master,1,,euw
Emilliant#Cass\,master,1,,euw
Predaa#EUW\,master,1,,euw
키즈케#0303\,master,1,82%,euw
kenAl Pacino#EUW0\,master,1,,euw
abagnale1#EUW,master,500,,euw
аки#xaxa,master,500,40%,euw
QUEEN LEECH#WORM,master,500,48%,euw
Skor#CNCR,master,500,48%,euw
Skairez#EUW,master,500,48%,euw
chosen by grace#giupy,master,500,48%,euw
jinjoxyzdotnet#coach,master,500,40%,euw
Sealed#GOAT,master,500,41%,euw
DerScampi#EUW,master,500,46%,euw
we go Loco#EUW,master,500,47%,euw
Mauro Garih#EUW,master,500,43%,euw
ARIANE YEONG#LSTR1,master,500,51%,euw
Pucki#MID,master,500,48%,euw
Tacket#Supp,master,500,50%,euw
TwTv Helyanweeee#JADI,master,500,46%,euw
MISA 113#2108,master,500,49%,euw
Not Enough#N3v3r,master,500,32%,euw
Jaromír Nohavica#EUW,master,500,47%,euw
Markus#ΕUW,master,500,43%,euw
PAUL KELLERMAN#EUW12,master,500,43%,euw
Kakarot#EU1,master,500,100%,euw
Marynski#crazy,master,500,52%,euw
ｈａｎｋ#9   5,master,5,47%,euw
beanybopper#000,master,000,44%,euw
BOMBA Miella#meow,master,500,44%,euw
guacamole nipple#pvy,master,500,38%,euw
SDJKTSDJHVSDFJHS#SDFHJ,master,500,48%,euw
Blazen#EU1,master,500,49%,euw
Skripto#7168,master,500,47%,euw
dady leos#euw31,master,500,48%,euw
NOT OVER#MUTED,master,500,46%,euw
breaking ties#001,master,001,48%,euw
engine no 9#10001,master,500,42%,euw
гейклуб вайтлист#слава,master,500,38%,euw
Quadarr#EU1,master,500,36%,euw
menahunter#69L,master,500,46%,euw
Facen#EUW,master,500,49%,euw
Jekko#9313,master,500,46%,euw
cleiss#999,master,999,45%,euw
Kakori#EUW,master,500,44%,euw
Wouzzunks#EUW,master,500,50%,euw
Call of silence#euw33,master,500,45%,euw
arsick#1111,master,500,46%,euw
Noyada Fanboy#DARK,master,500,49%,euw
HoppingInsect#EUW,master,500,42%,euw
Dadou#COOL,master,500,49%,euw
TwitchTvSwissifa#TTV,master,500,41%,euw
Koυssay3#EUW,master,500,48%,euw
Roro Farmer#EUW,master,500,50%,euw
IIIIIIIIIIIIIl#IIII,master,500,49%,euw
Piscine Flexible#1312,master,13,43%,euw
Shiro#91919,master,500,43%,euw
Bananafun#4596,master,500,51%,euw
ElCeliacoLoco#7777,master,500,45%,euw
Mikmer#heyo,master,5,44%,euw
Dado Polumenta#BLKAN,master,500,47%,euw
test me sIave#77777,master,500,44%,euw
KsaeZyzz#Mirin,master,5,47%,euw
Aki Kyaa#Autmn,master,500,43%,euw
Ulaubishe#EUW,master,500,43%,euw
Trueshot#rck,master,500,43%,euw
Stampe#STICK,master,500,47%,euw
BRL GolÐ#GOLD,master,500,44%,euw
Bjoernen#bjørn,master,500,49%,euw
Escaping Reality#Eerie,master,500,51%,euw
a bad player#mmm,master,500,44%,euw
Niemannn#EUW,master,500,41%,euw
Alita99#Rosa,master,500,43%,euw
spread love1#EUW,master,500,48%,euw
Jussy3#Taric,master,500,42%,euw
gangsterOwl#EUW,master,500,50%,euw
Amos#YUME,master,500,43%,euw
AMËNO#ttm,master,500,47%,euw
Layon#37979,master,500,43%,euw
l Sommoz l#EUW,master,500,44%,euw
Kupiec Korzenny#Nugi,master,500,49%,euw
Virtuista#VIVEA,master,500,46%,euw
Leo Bonhart#EUW3,master,500,42%,euw
Satellite#tal,master,500,40%,euw
I HAVE TO DO IT#favo,master,500,46%,euw
Praxmax#12620,master,500,19%,euw
Seijuro#lin,master,500,48%,euw
Superhubo#gap,master,500,43%,euw
NazgulsBlade#LOTR,master,500,41%,euw
Judas#bomba,master,500,44%,euw
gostozinho#2003,master,500,42%,euw
FliiZee#Yonko,master,500,49%,euw
your humbler#scrip,master,500,48%,euw
navi#vyy,master,500,47%,euw
parówki berlinki#mniam,master,500,47%,euw
justcant#EUW,master,500,42%,euw
WAUWAWAWUWWUWUWU#WUWUA,master,500,48%,euw
Hyweedri#EUW,master,500,47%,euw
abyss#1v9,master,500,42%,euw
BlackDEmre61#EUW,master,500,46%,euw
melczyk machinum#242,master,24,43%,euw
Thorizal#FR1,master,500,48%,euw
Szustki#666,master,666,47%,euw
Kaizen#Y7Y7,master,500,41%,euw
1453#2905,master,500,51%,euw
abagnale1#EUW\,master,8,48%,euw
аки#xaxa\,master,1,0%,euw
QUEEN LEECH#WORM\,master,1,,euw
Skor#CNCR\,master,1,,euw
Skairez#EUW\,master,1,,euw
chosen by grace#giupy\,master,1,,euw
jinjoxyzdotnet#coach\,master,1,,euw
Sealed#GOAT\,master,1,,euw
DerScampi#EUW\,master,1,,euw
we go Loco#EUW\,master,1,,euw
Mauro Garih#EUW\,master,1,,euw
ARIANE YEONG#LSTR1\,master,1,,euw
Pucki#MID\,master,1,,euw
Tacket#Supp\,master,1,,euw
TwTv Helyanweeee#JADI\,master,1,,euw
MISA 113#2108\,master,1,,euw
Not Enough#N3v3r\,master,1,,euw
Jaromír Nohavica#EUW\,master,1,3%,euw
Markus#ΕUW\,master,1,,euw
PAUL KELLERMAN#EUW12\,master,1,,euw
Kakarot#EU1\,master,1,,euw
Marynski#crazy\,master,1,,euw
ｈａｎｋ#9   5\,master,1,88%,euw
beanybopper#000\,master,1,,euw
BOMBA Miella#meow\,master,1,,euw
guacamole nipple#pvy\,master,1,,euw
SDJKTSDJHVSDFJHS#SDFHJ\,master,1,,euw
Blazen#EU1\,master,1,,euw
Skripto#7168\,master,1,,euw
dady leos#euw31\,master,1,,euw
NOT OVER#MUTED\,master,1,,euw
breaking ties#001\,master,1,,euw
engine no 9#10001\,master,1,,euw
гейклуб вайтлист#слава\,master,1,0%,euw
Quadarr#EU1\,master,1,,euw
menahunter#69L\,master,1,,euw
Facen#EUW\,master,1,,euw
Jekko#9313\,master,1,,euw
cleiss#999\,master,1,,euw
Kakori#EUW\,master,1,,euw
Wouzzunks#EUW\,master,1,,euw
Call of silence#euw33\,master,1,,euw
arsick#1111\,master,1,,euw
Noyada Fanboy#DARK\,master,1,,euw
HoppingInsect#EUW\,master,1,,euw
Dadou#COOL\,master,1,,euw
TwitchTvSwissifa#TTV\,master,1,,euw
Koυssay3#EUW\,master,1,,euw
Roro Farmer#EUW\,master,1,,euw
IIIIIIIIIIIIIl#IIII\,master,1,,euw
Piscine Flexible#1312\,master,1,,euw
Shiro#91919\,master,1,,euw
Bananafun#4596\,master,1,,euw
ElCeliacoLoco#7777\,master,1,,euw
Mikmer#heyo\,master,1,,euw
Dado Polumenta#BLKAN\,master,1,,euw
test me sIave#77777\,master,1,,euw
KsaeZyzz#Mirin\,master,1,,euw
Aki Kyaa#Autmn\,master,1,,euw
Ulaubishe#EUW\,master,1,,euw
Trueshot#rck\,master,1,,euw
Stampe#STICK\,master,1,,euw
BRL GolÐ#GOLD\,master,1,3%,euw
Bjoernen#bjørn\,master,1,3%,euw
Escaping Reality#Eerie\,master,1,,euw
a bad player#mmm\,master,1,,euw
Niemannn#EUW\,master,1,,euw
Alita99#Rosa\,master,1,,euw
spread love1#EUW\,master,1,,euw
Jussy3#Taric\,master,1,,euw
gangsterOwl#EUW\,master,1,,euw
Amos#YUME\,master,1,,euw
AMËNO#ttm\,master,1,3%,euw
Layon#37979\,master,1,,euw
l Sommoz l#EUW\,master,1,,euw
Kupiec Korzenny#Nugi\,master,1,,euw
Virtuista#VIVEA\,master,1,,euw
Leo Bonhart#EUW3\,master,1,,euw
Satellite#tal\,master,1,,euw
I HAVE TO DO IT#favo\,master,1,,euw
Praxmax#12620\,master,1,,euw
Seijuro#lin\,master,1,,euw
Superhubo#gap\,master,1,,euw
NazgulsBlade#LOTR\,master,1,,euw
Judas#bomba\,master,1,,euw
gostozinho#2003\,master,1,,euw
FliiZee#Yonko\,master,1,,euw
your humbler#scrip\,master,1,,euw
navi#vyy\,master,1,,euw
parówki berlinki#mniam\,master,1,3%,euw
justcant#EUW\,master,1,,euw
WAUWAWAWUWWUWUWU#WUWUA\,master,1,,euw
Hyweedri#EUW\,master,1,,euw
abyss#1v9\,master,1,,euw
BlackDEmre61#EUW\,master,1,,euw
melczyk machinum#242\,master,1,,euw
Thorizal#FR1\,master,1,,euw
Szustki#666\,master,1,,euw
Kaizen#Y7Y7\,master,1,,euw
1453#2905\,master,1,,euw
mimish1#G0D,grandmaster,500,,euw
SatØrius#EUW,grandmaster,5,43%,euw
고트 에킨#144,grandmaster,144,47%,euw
FO3SAKD3K3TO0530#EUW,grandmaster,500,37%,euw
Xaragonas#EUW,grandmaster,500,40%,euw
Iivo#Iivo,grandmaster,500,41%,euw
Abner#EUW0,grandmaster,500,46%,euw
OBK#EUW,grandmaster,500,49%,euw
The Grinch#2000,grandmaster,500,45%,euw
Ran Texhnolyze#angel,grandmaster,500,40%,euw
the days i lie#fear,grandmaster,500,46%,euw
Chill1000#larry,grandmaster,500,35%,euw
KiRKADELL67#EPSTN,grandmaster,500,46%,euw
2eveu#CNNO1,grandmaster,500,46%,euw
Coach Looca#Coach,grandmaster,500,40%,euw
CR7#Time,grandmaster,500,44%,euw
SOGEKING#EUW11,grandmaster,500,43%,euw
SunTzu#hidon,grandmaster,500,48%,euw
Chicken Invader#77777,grandmaster,777,43%,euw
JGKRAL#Vixen,grandmaster,500,45%,euw
SANSARSALVO22#BABA,grandmaster,500,100%,euw
DoTeX#EUW,grandmaster,500,44%,euw
not there yet#FPA,grandmaster,500,40%,euw
Lilipp#mute,grandmaster,500,36%,euw
Artix von#12345,grandmaster,500,47%,euw
Shourdy#EUW,grandmaster,500,39%,euw
wao#0000,grandmaster,500,50%,euw
Sakuryhu#saku,grandmaster,500,46%,euw
betrayal#Ιv9,grandmaster,500,42%,euw
Gonzo#2843,grandmaster,500,44%,euw
SEL0#EUW,grandmaster,500,36%,euw
Composites#EUW,grandmaster,500,42%,euw
haribo#7608,grandmaster,500,33%,euw
Jamie#EUW2,grandmaster,500,30%,euw
Koby Falks#KEK,grandmaster,500,46%,euw
aram hesabı#EUW,grandmaster,500,41%,euw
kagune#5623,grandmaster,500,44%,euw
FullClearUwUka#WORST,grandmaster,500,42%,euw
Alessio#ADC,grandmaster,500,45%,euw
Brevitate Vitae#EUW,grandmaster,500,45%,euw
Dealersz#EUW,grandmaster,500,40%,euw
Snaik#EUW,grandmaster,500,43%,euw
KC 16y TOP KING#KCWIN,grandmaster,500,43%,euw
TTV SupremeG0at#Akali,grandmaster,500,47%,euw
IHEBIC#0000,grandmaster,500,44%,euw
2026#OURS,grandmaster,500,47%,euw
Isildur#weak,grandmaster,500,45%,euw
TTV VinGOAT1#RKO,grandmaster,500,43%,euw
IMSF1#EUW,grandmaster,500,46%,euw
slavic adidas#combo,grandmaster,500,42%,euw
LEC2027#KOI13,grandmaster,500,47%,euw
Kami#HGL,grandmaster,500,39%,euw
Lathyrus#EUW,grandmaster,500,40%,euw
drooofan#Noula,grandmaster,500,51%,euw
TWTV KAAGAROO#EUW11,grandmaster,500,48%,euw
space generator#1010,grandmaster,101,45%,euw
bluerzor#grind,grandmaster,5,44%,euw
PoEs tk#EUW,grandmaster,500,43%,euw
Ichigo Kurosaki#5525,grandmaster,552,44%,euw
reksai kitten#enjoy,grandmaster,500,38%,euw
Trafo Kennen#1905,grandmaster,500,47%,euw
Regn#EU1,grandmaster,500,35%,euw
yebit#haha,grandmaster,500,42%,euw
Botlane Gandalf#BDSM,grandmaster,500,46%,euw
我爱玩打野#打打打,grandmaster,500,41%,euw
SmallBugi#EUW,grandmaster,500,41%,euw
PisheR#EUW,grandmaster,500,48%,euw
RhinoBelly#mmfgh,grandmaster,500,42%,euw
ZYB PEYZ#KR01,grandmaster,500,38%,euw
matiou#DEAD,grandmaster,500,44%,euw
MR PRINCE#S4nji,grandmaster,500,44%,euw
alix de souza#1111,grandmaster,500,46%,euw
Nomanz#1111,grandmaster,5,41%,euw
Maximillion#PGS,grandmaster,500,48%,euw
Twitchtv L9Aral#ˆ659ˆ,grandmaster,500,49%,euw
Elyo#GenG,grandmaster,500,41%,euw
ギャンブル#萬花鏡,grandmaster,500,40%,euw
KC Prime#6162,grandmaster,5,40%,euw
Kichira#REN,grandmaster,500,38%,euw
Don Noway#EUW,grandmaster,500,44%,euw
Soporte cuñao#AGLR,grandmaster,500,46%,euw
Toffe#ren,grandmaster,500,40%,euw
Vouty#1211,grandmaster,500,47%,euw
SeRiN1#EUW,grandmaster,5,45%,euw
Husum#EUW,grandmaster,500,45%,euw
Lust#9032,grandmaster,5,44%,euw
Reeker#KZN,grandmaster,500,47%,euw
kileris10#EUW,grandmaster,500,44%,euw
vows not empty#fear,grandmaster,500,44%,euw
Creepano#gfghs,grandmaster,500,39%,euw
DarkPharaoh#TTV,grandmaster,500,48%,euw
pesh#pesho,grandmaster,500,47%,euw
Zefath#EUW,grandmaster,500,42%,euw
ginsengstacy#EUW,grandmaster,500,37%,euw
i cream in peace#daddy,grandmaster,500,49%,euw
Napoleon#Carn,grandmaster,500,43%,euw
KREOX1#EUW,grandmaster,5,49%,euw
G2 Jankos#unc2,grandmaster,5,47%,euw
MadScientist#TTV,grandmaster,500,48%,euw
Rayzorac#EUW,grandmaster,500,50%,euw
mimish1#G0D\,grandmaster,8,37%,euw
SatØrius#EUW\,grandmaster,1,3%,euw
고트 에킨#144\,grandmaster,1,3%,euw
FO3SAKD3K3TO0530#EUW\,grandmaster,1,,euw
Xaragonas#EUW\,grandmaster,1,,euw
Iivo#Iivo\,grandmaster,1,,euw
Abner#EUW0\,grandmaster,1,,euw
OBK#EUW\,grandmaster,1,,euw
The Grinch#2000\,grandmaster,1,,euw
Ran Texhnolyze#angel\,grandmaster,1,,euw
the days i lie#fear\,grandmaster,1,,euw
Chill1000#larry\,grandmaster,1,,euw
KiRKADELL67#EPSTN\,grandmaster,1,,euw
2eveu#CNNO1\,grandmaster,1,,euw
Coach Looca#Coach\,grandmaster,1,,euw
CR7#Time\,grandmaster,1,,euw
SOGEKING#EUW11\,grandmaster,1,,euw
SunTzu#hidon\,grandmaster,1,,euw
Chicken Invader#77777\,grandmaster,1,,euw
JGKRAL#Vixen\,grandmaster,1,,euw
SANSARSALVO22#BABA\,grandmaster,1,,euw
DoTeX#EUW\,grandmaster,1,,euw
not there yet#FPA\,grandmaster,1,,euw
Lilipp#mute\,grandmaster,1,,euw
Artix von#12345\,grandmaster,1,,euw
Shourdy#EUW\,grandmaster,1,,euw
wao#0000\,grandmaster,1,,euw
Sakuryhu#saku\,grandmaster,1,,euw
betrayal#Ιv9\,grandmaster,1,,euw
Gonzo#2843\,grandmaster,1,,euw
SEL0#EUW\,grandmaster,1,,euw
Composites#EUW\,grandmaster,1,,euw
haribo#7608\,grandmaster,1,,euw
Jamie#EUW2\,grandmaster,1,,euw
Koby Falks#KEK\,grandmaster,1,,euw
aram hesabı#EUW\,grandmaster,1,4%,euw
kagune#5623\,grandmaster,1,,euw
FullClearUwUka#WORST\,grandmaster,1,,euw
Alessio#ADC\,grandmaster,1,,euw
Brevitate Vitae#EUW\,grandmaster,1,,euw
Dealersz#EUW\,grandmaster,1,,euw
Snaik#EUW\,grandmaster,1,,euw
KC 16y TOP KING#KCWIN\,grandmaster,1,,euw
TTV SupremeG0at#Akali\,grandmaster,1,,euw
IHEBIC#0000\,grandmaster,1,,euw
2026#OURS\,grandmaster,1,,euw
Isildur#weak\,grandmaster,1,,euw
TTV VinGOAT1#RKO\,grandmaster,1,,euw
IMSF1#EUW\,grandmaster,1,,euw
slavic adidas#combo\,grandmaster,1,,euw
LEC2027#KOI13\,grandmaster,1,,euw
Kami#HGL\,grandmaster,1,,euw
Lathyrus#EUW\,grandmaster,1,,euw
drooofan#Noula\,grandmaster,1,,euw
TWTV KAAGAROO#EUW11\,grandmaster,1,,euw
space generator#1010\,grandmaster,1,,euw
bluerzor#grind\,grandmaster,1,,euw
PoEs tk#EUW\,grandmaster,1,,euw
Ichigo Kurosaki#5525\,grandmaster,1,,euw
reksai kitten#enjoy\,grandmaster,1,,euw
Trafo Kennen#1905\,grandmaster,1,,euw
Regn#EU1\,grandmaster,1,,euw
yebit#haha\,grandmaster,1,,euw
Botlane Gandalf#BDSM\,grandmaster,1,,euw
我爱玩打野#打打打\,grandmaster,1,6%,euw
SmallBugi#EUW\,grandmaster,1,,euw
PisheR#EUW\,grandmaster,1,,euw
RhinoBelly#mmfgh\,grandmaster,1,,euw
ZYB PEYZ#KR01\,grandmaster,1,,euw
matiou#DEAD\,grandmaster,1,,euw
MR PRINCE#S4nji\,grandmaster,1,,euw
alix de souza#1111\,grandmaster,1,,euw
Nomanz#1111\,grandmaster,1,,euw
Maximillion#PGS\,grandmaster,1,,euw
Twitchtv L9Aral#ˆ659ˆ\,grandmaster,1,86659%,euw
Elyo#GenG\,grandmaster,1,,euw
ギャンブル#萬花鏡\,grandmaster,1,3%,euw
KC Prime#6162\,grandmaster,1,,euw
Kichira#REN\,grandmaster,1,,euw
Don Noway#EUW\,grandmaster,1,,euw
Soporte cuñao#AGLR\,grandmaster,1,3%,euw
Toffe#ren\,grandmaster,1,,euw
Vouty#1211\,grandmaster,1,,euw
SeRiN1#EUW\,grandmaster,1,,euw
Husum#EUW\,grandmaster,1,,euw
Lust#9032\,grandmaster,1,,euw
Reeker#KZN\,grandmaster,1,,euw
kileris10#EUW\,grandmaster,1,,euw
vows not empty#fear\,grandmaster,1,,euw
Creepano#gfghs\,grandmaster,1,,euw
DarkPharaoh#TTV\,grandmaster,1,,euw
pesh#pesho\,grandmaster,1,,euw
Zefath#EUW\,grandmaster,1,,euw
ginsengstacy#EUW\,grandmaster,1,,euw
i cream in peace#daddy\,grandmaster,1,,euw
Napoleon#Carn\,grandmaster,1,,euw
KREOX1#EUW\,grandmaster,1,,euw
G2 Jankos#unc2\,grandmaster,1,2%,euw
MadScientist#TTV\,grandmaster,1,,euw
Rayzorac#EUW\,grandmaster,1,,euw
sajat2004rCZLPYT#ZUBRI,grandmaster,500,,euw
Nilsog#EUW,grandmaster,500,43%,euw
MélyaP#SYHA,grandmaster,500,47%,euw
CROmpir#11111,grandmaster,500,46%,euw
Nochatonly1v9#inv,grandmaster,500,51%,euw
JUSTONEBADDAY#6767,grandmaster,500,43%,euw
Relative#00002,grandmaster,500,44%,euw
Afroboi Adc Acc#Afro,grandmaster,500,45%,euw
PAPARA ARMUT#123,grandmaster,5,41%,euw
RIP KRYSIA#REST,grandmaster,500,45%,euw
CHINESE PALCO#NA1,grandmaster,500,47%,euw
VeigarV2SmurfAcc#123,grandmaster,123,39%,euw
DizL#2297,grandmaster,500,40%,euw
IsAiSDaAS#123,grandmaster,5,44%,euw
ttv ronaldoo#123,grandmaster,123,42%,euw
ツツツツツSツツツツツツツツツツ#ツツツツツ,grandmaster,500,49%,euw
Zigga Nilean#TR2,grandmaster,500,37%,euw
plant#ficus,grandmaster,500,38%,euw
Hyposelenia#0307,grandmaster,500,40%,euw
Ayvenax#EUW,grandmaster,500,45%,euw
MaizenDaeda#veke,grandmaster,500,100%,euw
Merracebear#EUW,grandmaster,500,42%,euw
Elow9#ooooo,grandmaster,500,35%,euw
TWTV DETDERT#12MAJ,grandmaster,500,44%,euw
love race#mgk,grandmaster,500,48%,euw
NoGodComplex#back,grandmaster,500,40%,euw
ЯУUVΞN#悪魔 ツ,grandmaster,500,44%,euw
free palestine#mune,grandmaster,500,44%,euw
Looki#KCBS,grandmaster,500,48%,euw
Ptit T#FCE,grandmaster,500,46%,euw
Haster#EUWz,grandmaster,500,45%,euw
Shieda Saeeun1#KAYN,grandmaster,500,43%,euw
TTobias lol#feet,grandmaster,500,41%,euw
EltonhW#EUW,grandmaster,500,45%,euw
sontik#dani,grandmaster,500,40%,euw
Mysterias#EUW,grandmaster,500,45%,euw
ShakkOma#N94,grandmaster,500,37%,euw
caddefiftyninea#59A,grandmaster,500,48%,euw
twitch Hnry32#CN1,grandmaster,500,46%,euw
ZYB BDD#CEO,grandmaster,5,46%,euw
zeitnot#7149,grandmaster,500,43%,euw
FornoReason#Gap,grandmaster,500,40%,euw
Byron Love#1v9,grandmaster,500,42%,euw
Frαnk Castle#EUW,grandmaster,500,47%,euw
EsrucNL#SHARK,grandmaster,500,47%,euw
portakal#wuw,grandmaster,500,41%,euw
Che Guevara#Cuban,grandmaster,500,44%,euw
KRASAVETC102RUS#EUW,grandmaster,500,42%,euw
eskii#6463,grandmaster,500,43%,euw
Duo Abuse#000,grandmaster,000,47%,euw
Panthinator #EUW,grandmaster,500,42%,euw
Der Sion#SCHWR,grandmaster,500,44%,euw
fakepars#999,grandmaster,999,40%,euw
Kaizen#SZN,grandmaster,500,47%,euw
Insightful#6000,grandmaster,500,44%,euw
Dopa#akil,grandmaster,500,45%,euw
ANDUIN#ALLNC,grandmaster,500,43%,euw
N X#00007,grandmaster,500,48%,euw
EXPERT#VEL,grandmaster,500,25%,euw
Hardcore doll#ASBAK,grandmaster,500,47%,euw
城郊牧笛声#0404,grandmaster,500,47%,euw
Beetle#aura,grandmaster,500,46%,euw
blue the wizard2#EUW,grandmaster,500,46%,euw
BJK Ruep#2452,grandmaster,500,43%,euw
budall#EUW,grandmaster,500,41%,euw
potmacius#msk,grandmaster,500,43%,euw
Lotteiy#816,grandmaster,816,46%,euw
TaoBaoLao#China,grandmaster,500,41%,euw
TTVHentaiGeneral#Dusk,grandmaster,500,44%,euw
Manadun#Raum,grandmaster,500,47%,euw
Faz alt acc#EUW2,grandmaster,500,42%,euw
EKANA TO LATHOS#MAIS,grandmaster,500,45%,euw
rev#ert,grandmaster,500,44%,euw
NanintakerFanboy#SORIA,grandmaster,500,48%,euw
DahVysx#woof,grandmaster,500,41%,euw
Sukruu#sukru,grandmaster,500,44%,euw
Maki Otsuki#0511,grandmaster,500,48%,euw
Thermal Sights#EUW,grandmaster,500,49%,euw
EkkoSuna#SUNA,grandmaster,500,45%,euw
The Real Coach#Lulu,grandmaster,500,47%,euw
mike tyzoune#IRON,grandmaster,500,36%,euw
TwTv ImErubin#2807,grandmaster,500,45%,euw
ay mi gatito#m1au,grandmaster,500,42%,euw
jahazeb#EUW,grandmaster,500,47%,euw
Maaaark#1010,grandmaster,500,43%,euw
TwitchTVxKenzuke#EUW,grandmaster,500,42%,euw
Numandiel#EUW,grandmaster,500,40%,euw
Blaauw#ice,grandmaster,500,46%,euw
Silk#110,grandmaster,110,46%,euw
Kenal#EUW,grandmaster,500,39%,euw
ANTOS#SOTNA,grandmaster,500,41%,euw
BIG iKrez#EUW12,grandmaster,500,49%,euw
TheFlyingPotato#EUW,grandmaster,500,44%,euw
Jaxres#JXRS,grandmaster,500,46%,euw
Lerax#URGOT,grandmaster,500,44%,euw
Thorfinn#22032,grandmaster,500,48%,euw
Burnt Ivory King#Soul,grandmaster,500,35%,euw
januaryneverends#blasf,grandmaster,500,42%,euw
Puno Ciscenje#bmk,grandmaster,500,47%,euw
ttv pumpTM#1070,grandmaster,500,39%,euw
sajat2004rCZLPYT#ZUBRI\,grandmaster,8,46%,euw
Nilsog#EUW\,grandmaster,1,,euw
MélyaP#SYHA\,grandmaster,1,3%,euw
CROmpir#11111\,grandmaster,1,,euw
Nochatonly1v9#inv\,grandmaster,1,,euw
JUSTONEBADDAY#6767\,grandmaster,1,,euw
Relative#00002\,grandmaster,1,,euw
Afroboi Adc Acc#Afro\,grandmaster,1,,euw
PAPARA ARMUT#123\,grandmaster,1,,euw
RIP KRYSIA#REST\,grandmaster,1,,euw
CHINESE PALCO#NA1\,grandmaster,1,,euw
VeigarV2SmurfAcc#123\,grandmaster,1,,euw
DizL#2297\,grandmaster,1,,euw
IsAiSDaAS#123\,grandmaster,1,,euw
ttv ronaldoo#123\,grandmaster,1,,euw
ツツツツツSツツツツツツツツツツ#ツツツツツ\,grandmaster,1,3%,euw
Zigga Nilean#TR2\,grandmaster,1,,euw
plant#ficus\,grandmaster,1,,euw
Hyposelenia#0307\,grandmaster,1,,euw
Ayvenax#EUW\,grandmaster,1,,euw
MaizenDaeda#veke\,grandmaster,1,,euw
Merracebear#EUW\,grandmaster,1,,euw
Elow9#ooooo\,grandmaster,1,,euw
TWTV DETDERT#12MAJ\,grandmaster,1,,euw
love race#mgk\,grandmaster,1,,euw
NoGodComplex#back\,grandmaster,1,,euw
ЯУUVΞN#悪魔 ツ\,grandmaster,1,0%,euw
free palestine#mune\,grandmaster,1,,euw
Looki#KCBS\,grandmaster,1,,euw
Ptit T#FCE\,grandmaster,1,,euw
Haster#EUWz\,grandmaster,1,,euw
Shieda Saeeun1#KAYN\,grandmaster,1,,euw
TTobias lol#feet\,grandmaster,1,,euw
EltonhW#EUW\,grandmaster,1,,euw
sontik#dani\,grandmaster,1,,euw
Mysterias#EUW\,grandmaster,1,,euw
ShakkOma#N94\,grandmaster,1,,euw
caddefiftyninea#59A\,grandmaster,1,,euw
twitch Hnry32#CN1\,grandmaster,1,,euw
ZYB BDD#CEO\,grandmaster,1,,euw
zeitnot#7149\,grandmaster,1,,euw
FornoReason#Gap\,grandmaster,1,,euw
Byron Love#1v9\,grandmaster,1,,euw
Frαnk Castle#EUW\,grandmaster,1,,euw
EsrucNL#SHARK\,grandmaster,1,,euw
portakal#wuw\,grandmaster,1,,euw
Che Guevara#Cuban\,grandmaster,1,,euw
KRASAVETC102RUS#EUW\,grandmaster,1,,euw
eskii#6463\,grandmaster,1,,euw
Duo Abuse#000\,grandmaster,1,,euw
Panthinator #EUW\,grandmaster,1,,euw
Der Sion#SCHWR\,grandmaster,1,,euw
fakepars#999\,grandmaster,1,,euw
Kaizen#SZN\,grandmaster,1,,euw
Insightful#6000\,grandmaster,1,,euw
Dopa#akil\,grandmaster,1,,euw
ANDUIN#ALLNC\,grandmaster,1,,euw
N X#00007\,grandmaster,1,,euw
EXPERT#VEL\,grandmaster,1,,euw
Hardcore doll#ASBAK\,grandmaster,1,,euw
城郊牧笛声#0404\,grandmaster,1,5%,euw
Beetle#aura\,grandmaster,1,,euw
blue the wizard2#EUW\,grandmaster,1,,euw
BJK Ruep#2452\,grandmaster,1,,euw
budall#EUW\,grandmaster,1,,euw
potmacius#msk\,grandmaster,1,,euw
Lotteiy#816\,grandmaster,1,,euw
TaoBaoLao#China\,grandmaster,1,,euw
TTVHentaiGeneral#Dusk\,grandmaster,1,,euw
Manadun#Raum\,grandmaster,1,,euw
Faz alt acc#EUW2\,grandmaster,1,,euw
EKANA TO LATHOS#MAIS\,grandmaster,1,,euw
rev#ert\,grandmaster,1,,euw
NanintakerFanboy#SORIA\,grandmaster,1,,euw
DahVysx#woof\,grandmaster,1,,euw
Sukruu#sukru\,grandmaster,1,,euw
Maki Otsuki#0511\,grandmaster,1,,euw
Thermal Sights#EUW\,grandmaster,1,,euw
EkkoSuna#SUNA\,grandmaster,1,,euw
The Real Coach#Lulu\,grandmaster,1,,euw
mike tyzoune#IRON\,grandmaster,1,,euw
TwTv ImErubin#2807\,grandmaster,1,,euw
ay mi gatito#m1au\,grandmaster,1,,euw
jahazeb#EUW\,grandmaster,1,,euw
Maaaark#1010\,grandmaster,1,,euw
TwitchTVxKenzuke#EUW\,grandmaster,1,,euw
Numandiel#EUW\,grandmaster,1,,euw
Blaauw#ice\,grandmaster,1,,euw
Silk#110\,grandmaster,1,,euw
Kenal#EUW\,grandmaster,1,,euw
ANTOS#SOTNA\,grandmaster,1,,euw
BIG iKrez#EUW12\,grandmaster,1,,euw
TheFlyingPotato#EUW\,grandmaster,1,,euw
Jaxres#JXRS\,grandmaster,1,,euw
Lerax#URGOT\,grandmaster,1,,euw
Thorfinn#22032\,grandmaster,1,,euw
Burnt Ivory King#Soul\,grandmaster,1,,euw
januaryneverends#blasf\,grandmaster,1,,euw
Puno Ciscenje#bmk\,grandmaster,1,,euw
ttv pumpTM#1070\,grandmaster,1,,euw
Palco Granko#split,grandmaster,500,,euw
xrx#eevee,grandmaster,500,41%,euw
Präiser#5958,grandmaster,500,48%,euw
开花了#CHN1,grandmaster,500,48%,euw
Geishu#TTV,grandmaster,500,44%,euw
Ag0nyPain#666,grandmaster,666,46%,euw
김수환#PEYZZ,grandmaster,500,48%,euw
Hide XD#EXILE,grandmaster,500,42%,euw
3XA#2809,grandmaster,500,40%,euw
Pinki#PPPPP,grandmaster,500,46%,euw
tonzaya#kneel,grandmaster,500,49%,euw
Krun#Jaab,grandmaster,500,44%,euw
zivy#EUW,grandmaster,500,43%,euw
Cyhyraeth#EUW,grandmaster,500,43%,euw
Max Holloway#Cem,grandmaster,500,43%,euw
ƒłash#EUW,grandmaster,500,45%,euw
Nonox#BDM,grandmaster,500,46%,euw
Roi DΣMON#EUW,grandmaster,500,45%,euw
ROI DES GOLEMS#CRACK,grandmaster,500,45%,euw
IvanDragovic#2002,grandmaster,500,37%,euw
Varin#RANK1,grandmaster,500,100%,euw
ＳＴＡＲ#333x,grandmaster,500,44%,euw
AUXXENCE CHALLXD#0000,grandmaster,00,46%,euw
Hakuna Matata#4402,grandmaster,500,44%,euw
Siwy MuteAll#meow,grandmaster,500,35%,euw
NUR LIEBE#LIEBE,grandmaster,500,48%,euw
Μπρολλυ#ζαναξ,grandmaster,500,46%,euw
Michael Jackson#MJWIN,grandmaster,500,44%,euw
reformedfemboy#Word,grandmaster,500,38%,euw
ΓΙΟΛΟΤΕΛΗΣ#GRE,grandmaster,500,48%,euw
qldurtms#NSCG6,grandmaster,500,43%,euw
I S0ny I#EUW,grandmaster,500,44%,euw
Gottes Sohn#Teo,grandmaster,500,44%,euw
imthatngga#hot,grandmaster,500,44%,euw
PREGNANT GOBLIN#66666,grandmaster,666,39%,euw
Am i Dreaming#00000,grandmaster,500,43%,euw
Evaan#Golem,grandmaster,500,46%,euw
Mercia#000,grandmaster,000,44%,euw
BIG Labubu#5454,grandmaster,500,34%,euw
Rasadurai#EUW,grandmaster,500,43%,euw
777#real7,grandmaster,500,44%,euw
qwewqrsad2w#1701,grandmaster,500,49%,euw
fading echoes#julia,grandmaster,500,32%,euw
euw player#supp,grandmaster,500,49%,euw
Jeyrus#Jey,grandmaster,500,30%,euw
Cohle Rust#1230,grandmaster,500,46%,euw
48843#BNS,grandmaster,500,39%,euw
Spear Shot#1111,grandmaster,500,38%,euw
Gusuo#EUW,grandmaster,500,46%,euw
Lunariα#EUW,grandmaster,500,33%,euw
Peaker#Kind,grandmaster,500,42%,euw
Ivama#PAPI,grandmaster,500,49%,euw
TomTakko#EUW,grandmaster,500,42%,euw
hollow#mage,grandmaster,500,42%,euw
TTVGwenWannaBe#EUW,grandmaster,500,39%,euw
Ersin#643,grandmaster,643,36%,euw
ardaffler#EUW,grandmaster,500,48%,euw
Klaus grillt#69696,grandmaster,500,47%,euw
Dark Aura#1Kayn,grandmaster,500,46%,euw
IvernGod#God,grandmaster,500,44%,euw
Salgueiro#2004,grandmaster,500,42%,euw
Truman#42069,grandmaster,500,41%,euw
Smile on face#Smile,grandmaster,500,44%,euw
ezergeçer31#ezer,grandmaster,500,53%,euw
BACKSHOTS PSYCHO#PUPPY,grandmaster,500,47%,euw
Angela D Merkel#EUW,grandmaster,500,47%,euw
스쿠터 사망#0000,grandmaster,500,42%,euw
die kluft ruft#Coffe,grandmaster,500,35%,euw
Hey You#11111,grandmaster,500,44%,euw
Machú#EUW,grandmaster,500,47%,euw
16 lineς#11111,grandmaster,500,44%,euw
dideli papai#bielk,grandmaster,500,47%,euw
Backslicer#KekW,grandmaster,500,42%,euw
ataraxia#7z7,grandmaster,500,53%,euw
darkchri99#EUW,grandmaster,500,43%,euw
JDG Ruler Arabe#GOAT,grandmaster,500,45%,euw
badlyga nie dyga#BMTY0,grandmaster,500,49%,euw
Phoenix29LP#EUW,grandmaster,29,42%,euw
Misanthiel#MIAOU,grandmaster,500,43%,euw
TwitchTv Tsigas#LIVE,grandmaster,500,40%,euw
WHITE MONSTER#M69,grandmaster,500,42%,euw
luisito comunica#pillo,grandmaster,500,47%,euw
Klöppi#765,grandmaster,765,44%,euw
tumay1x198#EUW,grandmaster,500,44%,euw
Expedition 28#WHITE,grandmaster,5,41%,euw
LeChase#EUW,grandmaster,500,47%,euw
WhOMp wHOmP#CHOMP,grandmaster,500,43%,euw
Clyde#Swain,grandmaster,500,46%,euw
PmK#Smile,grandmaster,500,46%,euw
afkdoks#3101,grandmaster,500,39%,euw
TTV GoblinEUW#Jeff,grandmaster,500,25%,euw
whitearmor#0001,grandmaster,500,46%,euw
Zherathor#feo,grandmaster,500,41%,euw
lastaccfinalv123#frfr9,grandmaster,500,42%,euw
Eitva#EUW,grandmaster,500,45%,euw
KalistaK#025,grandmaster,025,46%,euw
kero ü nehar#EUW,grandmaster,500,44%,euw
Peto#bald,grandmaster,500,43%,euw
예산 한국인#SP4,grandmaster,500,43%,euw
Reve#0001,grandmaster,500,44%,euw
Palco Granko#split\,grandmaster,8,48%,euw
xrx#eevee\,grandmaster,1,,euw
Präiser#5958\,grandmaster,1,3%,euw
开花了#CHN1\,grandmaster,1,5%,euw
Geishu#TTV\,grandmaster,1,,euw
Ag0nyPain#666\,grandmaster,1,,euw
김수환#PEYZZ\,grandmaster,1,9%,euw
Hide XD#EXILE\,grandmaster,1,,euw
3XA#2809\,grandmaster,1,,euw
Pinki#PPPPP\,grandmaster,1,,euw
tonzaya#kneel\,grandmaster,1,,euw
Krun#Jaab\,grandmaster,1,,euw
zivy#EUW\,grandmaster,1,,euw
Cyhyraeth#EUW\,grandmaster,1,,euw
Max Holloway#Cem\,grandmaster,1,,euw
ƒłash#EUW\,grandmaster,1,6%,euw
Nonox#BDM\,grandmaster,1,,euw
Roi DΣMON#EUW\,grandmaster,1,,euw
ROI DES GOLEMS#CRACK\,grandmaster,1,,euw
IvanDragovic#2002\,grandmaster,1,,euw
Varin#RANK1\,grandmaster,1,,euw
ＳＴＡＲ#333x\,grandmaster,1,3%,euw
AUXXENCE CHALLXD#0000\,grandmaster,1,,euw
Hakuna Matata#4402\,grandmaster,1,,euw
Siwy MuteAll#meow\,grandmaster,1,,euw
NUR LIEBE#LIEBE\,grandmaster,1,,euw
Μπρολλυ#ζαναξ\,grandmaster,1,80%,euw
Michael Jackson#MJWIN\,grandmaster,1,,euw
reformedfemboy#Word\,grandmaster,1,,euw
ΓΙΟΛΟΤΕΛΗΣ#GRE\,grandmaster,1,93%,euw
qldurtms#NSCG6\,grandmaster,1,,euw
I S0ny I#EUW\,grandmaster,1,,euw
Gottes Sohn#Teo\,grandmaster,1,,euw
imthatngga#hot\,grandmaster,1,,euw
PREGNANT GOBLIN#66666\,grandmaster,1,,euw
Am i Dreaming#00000\,grandmaster,1,,euw
Evaan#Golem\,grandmaster,1,,euw
Mercia#000\,grandmaster,1,,euw
BIG Labubu#5454\,grandmaster,1,,euw
Rasadurai#EUW\,grandmaster,1,,euw
777#real7\,grandmaster,1,,euw
qwewqrsad2w#1701\,grandmaster,1,,euw
fading echoes#julia\,grandmaster,1,,euw
euw player#supp\,grandmaster,1,,euw
Jeyrus#Jey\,grandmaster,1,,euw
Cohle Rust#1230\,grandmaster,1,,euw
48843#BNS\,grandmaster,1,,euw
Spear Shot#1111\,grandmaster,1,,euw
Gusuo#EUW\,grandmaster,1,,euw
Lunariα#EUW\,grandmaster,1,,euw
Peaker#Kind\,grandmaster,1,,euw
Ivama#PAPI\,grandmaster,1,,euw
TomTakko#EUW\,grandmaster,1,,euw
hollow#mage\,grandmaster,1,,euw
TTVGwenWannaBe#EUW\,grandmaster,1,,euw
Ersin#643\,grandmaster,1,,euw
ardaffler#EUW\,grandmaster,1,,euw
Klaus grillt#69696\,grandmaster,1,,euw
Dark Aura#1Kayn\,grandmaster,1,,euw
IvernGod#God\,grandmaster,1,,euw
Salgueiro#2004\,grandmaster,1,,euw
Truman#42069\,grandmaster,1,,euw
Smile on face#Smile\,grandmaster,1,,euw
ezergeçer31#ezer\,grandmaster,1,3%,euw
BACKSHOTS PSYCHO#PUPPY\,grandmaster,1,,euw
Angela D Merkel#EUW\,grandmaster,1,,euw
스쿠터 사망#0000\,grandmaster,1,4%,euw
die kluft ruft#Coffe\,grandmaster,1,,euw
Hey You#11111\,grandmaster,1,,euw
Machú#EUW\,grandmaster,1,3%,euw
16 lineς#11111\,grandmaster,1,16%,euw
dideli papai#bielk\,grandmaster,1,,euw
Backslicer#KekW\,grandmaster,1,,euw
ataraxia#7z7\,grandmaster,1,,euw
darkchri99#EUW\,grandmaster,1,,euw
JDG Ruler Arabe#GOAT\,grandmaster,1,,euw
badlyga nie dyga#BMTY0\,grandmaster,1,,euw
Phoenix29LP#EUW\,grandmaster,29,,euw
Misanthiel#MIAOU\,grandmaster,1,,euw
TwitchTv Tsigas#LIVE\,grandmaster,1,,euw
WHITE MONSTER#M69\,grandmaster,1,,euw
luisito comunica#pillo\,grandmaster,1,,euw
Klöppi#765\,grandmaster,1,3%,euw
tumay1x198#EUW\,grandmaster,1,,euw
Expedition 28#WHITE\,grandmaster,1,,euw
LeChase#EUW\,grandmaster,1,,euw
WhOMp wHOmP#CHOMP\,grandmaster,1,,euw
Clyde#Swain\,grandmaster,1,,euw
PmK#Smile\,grandmaster,1,,euw
afkdoks#3101\,grandmaster,1,,euw
TTV GoblinEUW#Jeff\,grandmaster,1,,euw
whitearmor#0001\,grandmaster,1,,euw
Zherathor#feo\,grandmaster,1,,euw
lastaccfinalv123#frfr9\,grandmaster,1,,euw
Eitva#EUW\,grandmaster,1,,euw
KalistaK#025\,grandmaster,1,,euw
kero ü nehar#EUW\,grandmaster,1,20%,euw
Peto#bald\,grandmaster,1,,euw
예산 한국인#SP4\,grandmaster,1,98%,euw
Reve#0001\,grandmaster,1,,euw
weasel#azim,grandmaster,500,,euw
BACKSHOT LANDER#TWINK,grandmaster,500,45%,euw
191Fiora#5678,grandmaster,500,43%,euw
Monster SSS YT#111,grandmaster,111,43%,euw
StrØngest mental#EUW,grandmaster,500,45%,euw
ｇｏｈｉｔｒｏｙｐｉｙｏｇｕｐｉ#ｖｓｍｃｆ,grandmaster,500,45%,euw
Mondfinsternis#cold,grandmaster,500,29%,euw
STB#EUW,grandmaster,500,43%,euw
deadliest weapon#EUW,grandmaster,500,43%,euw
mayd#zzz,grandmaster,500,45%,euw
Oscure#PLAY,grandmaster,500,34%,euw
RS7#vroom,grandmaster,500,34%,euw
Shenoxyr#EUW,grandmaster,500,33%,euw
Tears of blοod#EUW,grandmaster,500,48%,euw
Kos Subin#Beiu,grandmaster,500,47%,euw
Rhobalas#2309,grandmaster,500,45%,euw
Aitlade#Roxas,grandmaster,500,43%,euw
Green#EUW01,grandmaster,500,45%,euw
mershak#happy,grandmaster,500,32%,euw
Ulbinus#EUW,grandmaster,500,48%,euw
darpgasptecavuz9#baba,grandmaster,500,100%,euw
FungoAmungo#FUNGI,grandmaster,500,43%,euw
xicor#369,grandmaster,369,48%,euw
silence#EUW7,grandmaster,500,44%,euw
Mecki#001,grandmaster,001,41%,euw
Harry Callahan#1337,grandmaster,500,46%,euw
M4K3R MONEY#EUW,grandmaster,500,37%,euw
TTV REDZirius#TTV,grandmaster,500,37%,euw
twtv taru641#01赎回,grandmaster,500,45%,euw
Davyyyy#EUW,grandmaster,500,39%,euw
FireAscept#1310,grandmaster,500,45%,euw
Freddo#SKETO,grandmaster,500,48%,euw
rivers and roads#rarrr,grandmaster,500,47%,euw
Nuno Mendes#2171,grandmaster,500,46%,euw
19helforca03#smurf,grandmaster,500,48%,euw
Isougui Youchi#real1,grandmaster,500,48%,euw
tr1cky#xoxo,grandmaster,500,46%,euw
Splash#0 1,grandmaster,1,39%,euw
Rilski#SAINT,grandmaster,500,48%,euw
sfvcxz#2612,grandmaster,500,43%,euw
Dhoni#EUW26,grandmaster,500,45%,euw
jin#dopa,grandmaster,500,36%,euw
Copycat#fou,grandmaster,500,47%,euw
WannaBeHappy#Birki,grandmaster,500,40%,euw
WO DIUUUUUUUUU#1026,grandmaster,500,47%,euw
Tr3zk#Lee,grandmaster,500,45%,euw
OrthoZero#Zac,grandmaster,500,45%,euw
Vertigo#4810,grandmaster,500,45%,euw
mursobaby#9999,grandmaster,500,45%,euw
KC PANDA#KCWIN,grandmaster,500,43%,euw
Shoei Barou#Asta,grandmaster,500,51%,euw
獾佐伊#11111,grandmaster,500,47%,euw
DREILIX#000,grandmaster,000,41%,euw
Night Calls#4571,grandmaster,500,43%,euw
BADGER ZZ #EUW,grandmaster,500,41%,euw
AliveShadow#snus,grandmaster,500,34%,euw
Shane Walsh#EU1,grandmaster,500,45%,euw
Warner#9928,grandmaster,500,49%,euw
WTF AM I PLAYING#cnszn,grandmaster,500,40%,euw
Eren Yeager#777z,grandmaster,500,49%,euw
rato#EUWE,grandmaster,500,36%,euw
Pamtroll#EUW,grandmaster,500,49%,euw
KANG LE CONQUE#RANT,grandmaster,500,44%,euw
SUNBURZ#ADC,grandmaster,500,48%,euw
Shaunna#CYP,grandmaster,500,41%,euw
Marty Hart#TD1,grandmaster,500,44%,euw
Prince Nunu#Nunu,grandmaster,500,46%,euw
Shinso#miaou,grandmaster,500,47%,euw
Bartoh#EUW,grandmaster,500,43%,euw
impressive#Μαζοη,grandmaster,500,42%,euw
Aeon Of Destruct#Ion,grandmaster,500,43%,euw
Skyrock007#ETHAN,grandmaster,500,27%,euw
Rexfleuch#EUW,grandmaster,500,49%,euw
Delightful Derek#2687,grandmaster,500,45%,euw
qaxzqaxzaqaxcvcx#EUW,grandmaster,500,31%,euw
Karlos#gnome,grandmaster,500,46%,euw
appaJx#WUE,grandmaster,500,45%,euw
Usan sama#z1v9,grandmaster,500,47%,euw
mrm#strgy,grandmaster,500,47%,euw
star zall#twtv,grandmaster,500,48%,euw
Rocks D Xebec#Rago,grandmaster,5,42%,euw
Sinmivak#777,grandmaster,777,40%,euw
Antoniopica05#TORTA,grandmaster,500,50%,euw
SSP sEnNy#1603,grandmaster,500,42%,euw
Хиневич#ведаю,grandmaster,500,44%,euw
Vaynix#JGL,grandmaster,500,40%,euw
luzak czilerman#maro,grandmaster,500,44%,euw
Goshuujinn#DOER,grandmaster,500,41%,euw
yep#222,grandmaster,222,42%,euw
oivallus#owa,grandmaster,500,39%,euw
FIZZKING#111,grandmaster,111,48%,euw
Ozziee#EUW,grandmaster,500,47%,euw
Eberechi Eze#COYGB,grandmaster,500,43%,euw
Lostboy#M31,grandmaster,500,46%,euw
Kekseres#tnjun,grandmaster,500,46%,euw
Jajaminagniata#Zgńot,grandmaster,500,27%,euw
Elix1r#ego,grandmaster,500,43%,euw
Clover#4242,grandmaster,500,51%,euw
Krystall#Keria,grandmaster,500,48%,euw
edru#asdf,grandmaster,500,46%,euw
Pun1sher Reborn#EUW,challenger,1,,euw
Phanta#107,challenger,1,42%,euw
Closer#kral,challenger,1,38%,euw
Dagestan#2or3,challenger,1,37%,euw
G2 BrokenBlade#1918,challenger,1,34%,euw
JOHN WICK#BRKN,challenger,1,32%,euw
RaiderGO#TWTV3,challenger,500,30%,euw
Kaori#EUW33,challenger,5,39%,euw
JG top boy#lync1,challenger,500,43%,euw
Expedition 28#0211,challenger,5,35%,euw
G2 SkewMond#3327,challenger,500,36%,euw
Expedition 28#BLACK,challenger,500,38%,euw
5imay#1409,challenger,500,36%,euw
2026erltemp0002#RIOT,challenger,500,40%,euw
GX Monkey#XDD,challenger,500,33%,euw
zwaker#T1WIN,challenger,500,34%,euw
眠いな#2323,challenger,500,42%,euw
Thayger#SOUL,challenger,500,34%,euw
Agurin#DND,challenger,5,39%,euw
 Nothing much#EUW,challenger,500,43%,euw
Left Hand#korea,challenger,500,100%,euw
2026erltemp0001#RIOT,challenger,500,24%,euw
indoor fish#EUW,challenger,500,31%,euw
Fawkes#4321,challenger,500,39%,euw
KC Yiken#1111,challenger,500,43%,euw
CHALL BTW#EUW,challenger,500,33%,euw
Odysseus#131,challenger,131,43%,euw
J1HUIV#000,challenger,000,48%,euw
Thumbs Down#4847,challenger,500,43%,euw
stardewvalley67#EUW,challenger,500,41%,euw
Numb#2036,challenger,500,38%,euw
MISA Way#MISA,challenger,500,46%,euw
Yami Sukehiro#3309,challenger,500,37%,euw
SMRADOCH ZICSSI#EUW,challenger,500,40%,euw
Tissue1#EUW,challenger,500,35%,euw
G2 Hans Sama#12838,challenger,5,42%,euw
Theocacs#EUW,challenger,500,38%,euw
Navi SamD#2026,challenger,500,44%,euw
G2 Labrov#8085,challenger,5,38%,euw
SHJY#Lure,challenger,500,33%,euw
Patrick Jane#Tea,challenger,500,37%,euw
STREYITO#EUW,challenger,500,41%,euw
Azzapp#31415,challenger,500,37%,euw
Agurin#SKT,challenger,500,44%,euw
EINS seaz#0000,challenger,500,47%,euw
FEBIVEN#EUWW,challenger,5,35%,euw
Jonathan Bailey#zzz,challenger,5,48%,euw
NattyNatt#2005,challenger,500,49%,euw
he is god#71300,challenger,500,38%,euw
everafter#sorry,challenger,500,45%,euw
João#FREAK,challenger,500,41%,euw
Stendinho 10#lrd,challenger,500,44%,euw
goroncywir62#rank1,challenger,500,36%,euw
LR Rekkles#LRAT,challenger,5,41%,euw
fubgun#exile,challenger,500,49%,euw
Drututt#MAKS,challenger,500,44%,euw
Secret#6994,challenger,500,39%,euw
ESCIK#EU2,challenger,500,42%,euw
2026#KR11,challenger,500,38%,euw
B O O S H I#STAR,challenger,500,45%,euw
Michiel deRuyter#NLNLN,challenger,5,47%,euw
XnS#XnS,challenger,500,43%,euw
alvarooo#000,challenger,000,40%,euw
ismααα#EUW,challenger,500,42%,euw
Yakkey#PRIME,challenger,500,41%,euw
ObiDagsYTB#EUW,challenger,500,41%,euw
Po Gap#EUW,challenger,500,44%,euw
Lonely Silence#UPGRD,challenger,500,45%,euw
JONH DO#KISS,challenger,500,44%,euw
TwTv BZ EUW#INSHL,challenger,500,41%,euw
bedoes2115#SMOKI,challenger,500,43%,euw
Decay0#EUW,challenger,500,45%,euw
lpl dna#12103,challenger,500,44%,euw
wawek#malek,challenger,500,44%,euw
Soldier#0710,challenger,500,43%,euw
Cheburashka#Ace,challenger,500,47%,euw
Ekko the Neeko#EUW,challenger,500,45%,euw
AloisNL#EUW,challenger,5,46%,euw
ZYB CANYON#KR01,challenger,500,38%,euw
fiddleberg#rylai,challenger,500,43%,euw
raiko#KM10,challenger,500,42%,euw
Glorpmeister#Jenax,challenger,500,46%,euw
laabuk YouTube#0124,challenger,500,43%,euw
Shadow#EUW2,challenger,500,45%,euw
tukaan#tukan,challenger,500,43%,euw
Alex Consani#EUW3,challenger,5,42%,euw
Peak Level#444,challenger,444,43%,euw
twtv Six10lol#v222,challenger,500,40%,euw
TwTv LadicusVibe#Vayne,challenger,500,50%,euw
WizzAir#pilot,challenger,500,46%,euw
bro#han,challenger,500,42%,euw
jweithsro#jwei,challenger,500,45%,euw
Razørk Activoo#razzz,challenger,5,39%,euw
turkish taliyah#EUW,challenger,500,28%,euw
G2 Caps#1323,challenger,5,40%,euw
twtv Peng04#NMIXX,challenger,500,42%,euw
blitza weapon#EUW,challenger,500,44%,euw
xhtao#3100,challenger,500,42%,euw
HF OMON#FUEGO,challenger,500,44%,euw
Ginz#WRLD,challenger,500,40%,euw
Pun1sher Reborn#EUW\,challenger,2,38%,euw
Phanta#107\,challenger,2,,euw
Closer#kral\,challenger,7,,euw
Dagestan#2or3\,challenger,7,,euw
G2 BrokenBlade#1918\,challenger,7,2%,euw
JOHN WICK#BRKN\,challenger,2,,euw
RaiderGO#TWTV3\,challenger,1,,euw
Kaori#EUW33\,challenger,1,,euw
JG top boy#lync1\,challenger,1,,euw
Expedition 28#0211\,challenger,1,,euw
G2 SkewMond#3327\,challenger,1,2%,euw
Expedition 28#BLACK\,challenger,1,,euw
5imay#1409\,challenger,1,,euw
2026erltemp0002#RIOT\,challenger,1,,euw
GX Monkey#XDD\,challenger,1,,euw
zwaker#T1WIN\,challenger,1,,euw
眠いな#2323\,challenger,1,7%,euw
Thayger#SOUL\,challenger,1,,euw
Agurin#DND\,challenger,1,,euw
 Nothing much#EUW\,challenger,1,,euw
Left Hand#korea\,challenger,1,,euw
2026erltemp0001#RIOT\,challenger,1,,euw
indoor fish#EUW\,challenger,1,,euw
Fawkes#4321\,challenger,1,,euw
KC Yiken#1111\,challenger,1,,euw
CHALL BTW#EUW\,challenger,1,,euw
Odysseus#131\,challenger,1,,euw
J1HUIV#000\,challenger,1,,euw
Thumbs Down#4847\,challenger,1,,euw
stardewvalley67#EUW\,challenger,1,,euw
Numb#2036\,challenger,1,,euw
MISA Way#MISA\,challenger,1,,euw
Yami Sukehiro#3309\,challenger,1,,euw
SMRADOCH ZICSSI#EUW\,challenger,1,,euw
Tissue1#EUW\,challenger,1,,euw
G2 Hans Sama#12838\,challenger,1,2%,euw
Theocacs#EUW\,challenger,1,,euw
Navi SamD#2026\,challenger,1,,euw
G2 Labrov#8085\,challenger,1,2%,euw
SHJY#Lure\,challenger,1,,euw
Patrick Jane#Tea\,challenger,1,,euw
STREYITO#EUW\,challenger,1,,euw
Azzapp#31415\,challenger,1,,euw
Agurin#SKT\,challenger,1,,euw
EINS seaz#0000\,challenger,1,,euw
FEBIVEN#EUWW\,challenger,1,,euw
Jonathan Bailey#zzz\,challenger,1,,euw
NattyNatt#2005\,challenger,1,,euw
he is god#71300\,challenger,1,,euw
everafter#sorry\,challenger,1,,euw
João#FREAK\,challenger,1,3%,euw
Stendinho 10#lrd\,challenger,1,,euw
goroncywir62#rank1\,challenger,1,,euw
LR Rekkles#LRAT\,challenger,1,,euw
fubgun#exile\,challenger,1,,euw
Drututt#MAKS\,challenger,1,,euw
Secret#6994\,challenger,1,,euw
ESCIK#EU2\,challenger,1,,euw
2026#KR11\,challenger,1,,euw
B O O S H I#STAR\,challenger,1,,euw
Michiel deRuyter#NLNLN\,challenger,1,,euw
XnS#XnS\,challenger,1,,euw
alvarooo#000\,challenger,1,,euw
ismααα#EUW\,challenger,1,1%,euw
Yakkey#PRIME\,challenger,1,,euw
ObiDagsYTB#EUW\,challenger,1,,euw
Po Gap#EUW\,challenger,1,,euw
Lonely Silence#UPGRD\,challenger,1,,euw
JONH DO#KISS\,challenger,1,,euw
TwTv BZ EUW#INSHL\,challenger,1,,euw
bedoes2115#SMOKI\,challenger,1,,euw
Decay0#EUW\,challenger,1,,euw
lpl dna#12103\,challenger,1,,euw
wawek#malek\,challenger,1,,euw
Soldier#0710\,challenger,1,,euw
Cheburashka#Ace\,challenger,1,,euw
Ekko the Neeko#EUW\,challenger,1,,euw
AloisNL#EUW\,challenger,1,,euw
ZYB CANYON#KR01\,challenger,1,,euw
fiddleberg#rylai\,challenger,1,,euw
raiko#KM10\,challenger,1,,euw
Glorpmeister#Jenax\,challenger,1,,euw
laabuk YouTube#0124\,challenger,1,,euw
Shadow#EUW2\,challenger,1,,euw
tukaan#tukan\,challenger,1,,euw
Alex Consani#EUW3\,challenger,1,,euw
Peak Level#444\,challenger,1,,euw
twtv Six10lol#v222\,challenger,1,,euw
TwTv LadicusVibe#Vayne\,challenger,1,,euw
WizzAir#pilot\,challenger,1,,euw
bro#han\,challenger,1,,euw
jweithsro#jwei\,challenger,1,,euw
Razørk Activoo#razzz\,challenger,1,3%,euw
turkish taliyah#EUW\,challenger,1,,euw
G2 Caps#1323\,challenger,1,2%,euw
twtv Peng04#NMIXX\,challenger,1,,euw
blitza weapon#EUW\,challenger,1,,euw
xhtao#3100\,challenger,1,,euw
HF OMON#FUEGO\,challenger,1,,euw
Ginz#WRLD\,challenger,1,,euw
Elite500#E500,challenger,500,,euw
KED1111111#1310,challenger,500,47%,euw
KC NEXT ADKING#EUW,challenger,5,43%,euw
So life goes on#Aimer,challenger,500,38%,euw
marlοn#EUW,challenger,500,43%,euw
Foutriquet#FOU,challenger,500,42%,euw
XYZ#m1a,challenger,500,41%,euw
Fishhero1#Fizz,challenger,500,44%,euw
SlayderW#EUWW,challenger,500,40%,euw
happy game#qwer,challenger,500,36%,euw
SU ZYZZ#0311,challenger,500,41%,euw
Right Hand#korea,challenger,500,42%,euw
Sinerias#EUW,challenger,500,40%,euw
John Cena#19634,challenger,500,43%,euw
zzzzzzzzzzzz#1158,challenger,500,46%,euw
DubstepFly7331#5326,challenger,500,41%,euw
Kaboom#EUW1a,challenger,500,46%,euw
IWILLMAKEIT1#2509,challenger,5,46%,euw
VIT Fleshy#EU1,challenger,500,45%,euw
노즈2케이#2210,challenger,500,46%,euw
Felony For Abuse#EUW,challenger,500,100%,euw
ALBANIAN#iLevi,challenger,500,41%,euw
Acheron IX#K405,challenger,500,43%,euw
chenzelot#LOT,challenger,500,43%,euw
Kitanø#EUW,challenger,500,42%,euw
JırenMid#EUW,challenger,500,44%,euw
Maxibillion#PGS,challenger,500,37%,euw
NOTH#Sus,challenger,500,41%,euw
nvid#4PIGS,challenger,500,39%,euw
Hallohihi#EUW,challenger,500,40%,euw
HARPOON#goat,challenger,500,43%,euw
NAAYIL#S67,challenger,500,38%,euw
skygge kriger#EUV,challenger,500,47%,euw
Qin Shi Huang#Hăo49,challenger,500,45%,euw
OLEG INSEC#OLEG,challenger,500,46%,euw
iphelia#123,challenger,123,43%,euw
TheSpiralKnight#EUW,challenger,500,43%,euw
maciek11#joker,challenger,500,46%,euw
DesperateNasus#TWTV,challenger,500,44%,euw
The Oogster#DV1,challenger,500,46%,euw
snKarma#EUW,challenger,500,39%,euw
Targamas#5555,challenger,5,41%,euw
HRTS MIDKING#HRTS,challenger,500,48%,euw
Curling Captain#EUW,challenger,5,44%,euw
Yen is my Wife#EUW,challenger,500,44%,euw
Rhobalas Booster#SAD,challenger,500,46%,euw
Spoodersussi#1352,challenger,500,44%,euw
fallen angel#fox,challenger,500,45%,euw
Ryuk#adc,challenger,500,48%,euw
Queen#Zoe,challenger,500,43%,euw
Madres Enjoyer#MILK,challenger,5,47%,euw
Daddygun#EUW,challenger,500,44%,euw
euphoria#shoo,challenger,500,38%,euw
Red block#999,challenger,999,41%,euw
Heroic#Herc,challenger,500,48%,euw
eLS Louis#atlas,challenger,500,45%,euw
Dekap#EUW,challenger,500,48%,euw
El Matador#VIT,challenger,500,47%,euw
Maynter#EUW,challenger,500,36%,euw
KiRakshan#TTV,challenger,500,45%,euw
rawrben7#TwTv,challenger,500,40%,euw
unforgiven#12321,challenger,5,38%,euw
lft lekcyc#111,challenger,5,47%,euw
darpgasptecavuz9#316,challenger,316,37%,euw
Curvus Credence#zero,challenger,500,43%,euw
noobsuppp#noob,challenger,500,48%,euw
Smietanek#2137,challenger,500,40%,euw
Rhilech#15105,challenger,500,40%,euw
Fizzus Christ#999,challenger,999,43%,euw
Legatus#000,challenger,000,44%,euw
LR Nemesis#LRAT,challenger,5,40%,euw
Walid Georgey#EUW,challenger,500,42%,euw
bg2ru#EUW,challenger,500,36%,euw
Javier#RITO,challenger,500,41%,euw
SHFT Rooster#0428,challenger,500,37%,euw
PCS Moule frite#MIAM,challenger,500,39%,euw
elegance#222,challenger,222,47%,euw
pt4#000,challenger,000,38%,euw
Alice Cullen#DUSK,challenger,500,43%,euw
wishful thinking#Densi,challenger,500,47%,euw
Scorth#EUW,challenger,500,44%,euw
Sertuss#2312,challenger,5,47%,euw
Malevolence#HAZE,challenger,500,49%,euw
NocturneNexus#2888,challenger,500,46%,euw
LordOfBuz#Clan7,challenger,500,50%,euw
slendoooo#pure,challenger,500,41%,euw
wx PaoPaoPW#EUW,challenger,500,46%,euw
ovine hall#777,challenger,777,45%,euw
Peter Bergmann#unkwn,challenger,500,46%,euw
In God I Trust#AMEN,challenger,500,47%,euw
Afroboi#depu,challenger,500,46%,euw
CaporiFakeTepki#3131,challenger,313,46%,euw
Quixeth#EUW01,challenger,500,43%,euw
Polish Prodigyヅ#dylu,challenger,500,45%,euw
joeli#doss,challenger,500,42%,euw
happy voices#EUW,challenger,500,43%,euw
HLE Kanavi#DE1,challenger,500,46%,euw
regate#EUW3,challenger,500,46%,euw
ludwik#winaQ,challenger,500,39%,euw
Hiraeth#99sq,challenger,500,33%,euw
