match_id,team_id,team_won,rank_diff
EUW1_7308734106,100,1,0.0
EUW1_7308734106,200,0,0.0
EUW1_7325575527,100,1,0.0
EUW1_7325575527,200,0,0.0
EUW1_7376306420,100,1,0.0
EUW1_7376306420,200,0,0.0
EUW1_7580339110,100,0,1.0
EUW1_7580339110,200,1,-1.0
EUW1_7589681681,100,0,0.0
EUW1_7589681681,200,1,0.0
EUW1_7592105798,100,1,0.0
EUW1_7592105798,200,0,0.0
EUW1_7596019844,100,0,0.0
EUW1_7596019844,200,1,0.0
EUW1_7596626580,100,1,0.0
EUW1_7596626580,200,0,0.0
EUW1_7600369560,100,0,0.0
EUW1_7600369560,200,1,0.0
EUW1_7607598032,100,1,0.0
EUW1_7607598032,200,0,0.0
EUW1_7611619331,100,0,0.0
EUW1_7611619331,200,1,0.0
EUW1_7621190876,100,1,0.0
EUW1_7621190876,200,0,0.0
EUW1_7622060136,100,0,0.0
EUW1_7622060136,200,1,0.0
EUW1_7622657109,100,1,0.0
EUW1_7622657109,200,0,0.0
EUW1_7625621629,100,1,1.0
EUW1_7625621629,200,0,-1.0
EUW1_7647111702,100,1,1.0
EUW1_7647111702,200,0,-1.0
EUW1_7649043183,100,1,0.0
EUW1_7649043183,200,0,0.0
EUW1_7652113316,100,1,0.0
EUW1_7652113316,200,0,0.0
EUW1_7662096064,100,0,0.0
EUW1_7662096064,200,1,0.0
EUW1_7662198641,100,1,0.0
EUW1_7662198641,200,0,0.0
EUW1_7667182631,100,0,0.0
EUW1_7667182631,200,1,0.0
EUW1_7667375211,100,1,0.0
EUW1_7667375211,200,0,0.0
EUW1_7669216555,100,1,1.0
EUW1_7669216555,200,0,-1.0
EUW1_7671745129,100,1,0.0
EUW1_7671745129,200,0,0.0
EUW1_7673999568,100,0,0.0
EUW1_7673999568,200,1,0.0
EUW1_7676167336,100,1,1.0
EUW1_7676167336,200,0,-1.0
EUW1_7677530670,100,1,0.0
EUW1_7677530670,200,0,0.0
EUW1_7678523234,100,1,0.0
EUW1_7678523234,200,0,0.0
EUW1_7678997755,100,0,-1.0
EUW1_7678997755,200,1,1.0
EUW1_7679578240,100,0,1.0
EUW1_7679578240,200,1,-1.0
EUW1_7680210504,100,1,1.0
EUW1_7680210504,200,0,-1.0
EUW1_7680427942,100,1,0.0
EUW1_7680427942,200,0,0.0
EUW1_7680996529,100,0,-1.0
EUW1_7680996529,200,1,1.0
EUW1_7681138620,100,1,1.0
EUW1_7681138620,200,0,-1.0
EUW1_7682088204,100,1,0.0
EUW1_7682088204,200,0,0.0
EUW1_7682928630,100,1,0.0
EUW1_7682928630,200,0,0.0
EUW1_7683456605,100,0,0.0
EUW1_7683456605,200,1,0.0
EUW1_7683756810,100,1,0.0
EUW1_7683756810,200,0,0.0
EUW1_7684817723,100,0,1.0
EUW1_7684817723,200,1,-1.0
EUW1_7685311321,100,0,0.0
EUW1_7685311321,200,1,0.0
EUW1_7685312540,100,0,0.0
EUW1_7685312540,200,1,0.0
EUW1_7686564826,100,1,-1.0
EUW1_7686564826,200,0,1.0
EUW1_7686689457,100,1,-1.0
EUW1_7686689457,200,0,1.0
EUW1_7687234782,100,1,0.0
EUW1_7687234782,200,0,0.0
EUW1_7687431867,100,1,1.0
EUW1_7687431867,200,0,-1.0
EUW1_7687706875,100,1,1.0
EUW1_7687706875,200,0,-1.0
EUW1_7688120863,100,1,0.0
EUW1_7688120863,200,0,0.0
EUW1_7688314917,100,0,0.0
EUW1_7688314917,200,1,0.0
EUW1_7688443693,100,0,0.0
EUW1_7688443693,200,1,0.0
EUW1_7688645022,100,0,0.0
EUW1_7688645022,200,1,0.0
EUW1_7688769349,100,0,0.0
EUW1_7688769349,200,1,0.0
EUW1_7688893140,100,1,-2.0
EUW1_7688893140,200,0,2.0
EUW1_7689054230,100,0,0.0
EUW1_7689054230,200,1,0.0
EUW1_7689155238,100,1,0.0
EUW1_7689155238,200,0,0.0
EUW1_7689311598,100,1,0.0
EUW1_7689311598,200,0,0.0
EUW1_7689343633,100,1,2.0
EUW1_7689343633,200,0,-2.0
EUW1_7689421876,100,0,0.0
EUW1_7689421876,200,1,0.0
EUW1_7689471713,100,0,0.0
EUW1_7689471713,200,1,0.0
EUW1_7689574953,100,0,0.0
EUW1_7689574953,200,1,0.0
EUW1_7689586239,100,0,0.0
EUW1_7689586239,200,1,0.0
EUW1_7689797612,100,0,0.0
EUW1_7689797612,200,1,0.0
EUW1_7689885323,100,1,2.0
EUW1_7689885323,200,0,-2.0
EUW1_7689968753,100,1,-2.0
EUW1_7689968753,200,0,2.0
EUW1_7690038339,100,1,2.0
EUW1_7690038339,200,0,-2.0
EUW1_7690061426,100,1,0.0
EUW1_7690061426,200,0,0.0
EUW1_7690091321,100,0,1.0
EUW1_7690091321,200,1,-1.0
EUW1_7690093409,100,0,0.0
EUW1_7690093409,200,1,0.0
EUW1_7690149942,100,0,0.0
EUW1_7690149942,200,1,0.0
EUW1_7690246652,100,1,0.0
EUW1_7690246652,200,0,0.0
EUW1_7690290978,100,0,-2.0
EUW1_7690290978,200,1,2.0
EUW1_7690308680,100,0,0.0
EUW1_7690308680,200,1,0.0
EUW1_7690318468,100,1,2.0
EUW1_7690318468,200,0,-2.0
EUW1_7690415517,100,1,-2.0
EUW1_7690415517,200,0,2.0
EUW1_7690468687,100,0,-2.0
EUW1_7690468687,200,1,2.0
EUW1_7690604431,100,1,0.0
EUW1_7690604431,200,0,0.0
EUW1_7690692122,100,0,1.0
EUW1_7690692122,200,1,-1.0
EUW1_7690753070,100,0,-1.0
EUW1_7690753070,200,1,1.0
EUW1_7690768151,100,0,0.0
EUW1_7690768151,200,1,0.0
EUW1_7690825878,100,0,0.0
EUW1_7690825878,200,1,0.0
EUW1_7690841051,100,0,0.0
EUW1_7690841051,200,1,0.0
EUW1_7690887148,100,0,0.0
EUW1_7690887148,200,1,0.0
EUW1_7690889076,100,0,0.0
EUW1_7690889076,200,1,0.0
EUW1_7690957433,100,0,1.0
EUW1_7690957433,200,1,-1.0
EUW1_7690958213,100,0,0.0
EUW1_7690958213,200,1,0.0
EUW1_7690979780,100,0,0.0
EUW1_7690979780,200,1,0.0
EUW1_7691078276,100,1,0.0
EUW1_7691078276,200,0,0.0
EUW1_7691144749,100,1,0.0
EUW1_7691144749,200,0,0.0
EUW1_7691219650,100,0,0.0
EUW1_7691219650,200,1,0.0
EUW1_7691231887,100,1,0.0
EUW1_7691231887,200,0,0.0
EUW1_7691244145,100,1,0.0
EUW1_7691244145,200,0,0.0
EUW1_7691257372,100,0,0.0
EUW1_7691257372,200,1,0.0
EUW1_7691276162,100,0,1.0
EUW1_7691276162,200,1,-1.0
EUW1_7691308236,100,0,0.0
EUW1_7691308236,200,1,0.0
EUW1_7691308982,100,0,0.0
EUW1_7691308982,200,1,0.0
EUW1_7691310854,100,1,0.0
EUW1_7691310854,200,0,0.0
EUW1_7691340648,100,0,2.0
EUW1_7691340648,200,1,-2.0
EUW1_7691474633,100,0,-2.0
EUW1_7691474633,200,1,2.0
EUW1_7691518535,100,0,2.0
EUW1_7691518535,200,1,-2.0
EUW1_7691652628,100,1,0.0
EUW1_7691652628,200,0,0.0
EUW1_7691662982,100,1,0.0
EUW1_7691662982,200,0,0.0
EUW1_7691674600,100,1,0.0
EUW1_7691674600,200,0,0.0
EUW1_7691736597,100,1,2.0
EUW1_7691736597,200,0,-2.0
EUW1_7691805680,100,1,0.0
EUW1_7691805680,200,0,0.0
EUW1_7691833872,100,1,0.0
EUW1_7691833872,200,0,0.0
EUW1_7691893176,100,1,0.0
EUW1_7691893176,200,0,0.0
EUW1_7691901343,100,0,-2.0
EUW1_7691901343,200,1,2.0
EUW1_7691926850,100,1,0.0
EUW1_7691926850,200,0,0.0
EUW1_7691942691,100,1,-2.0
EUW1_7691942691,200,0,2.0
EUW1_7691957563,100,0,0.0
EUW1_7691957563,200,1,0.0
EUW1_7691971997,100,0,0.0
EUW1_7691971997,200,1,0.0
EUW1_7691988710,100,1,0.0
EUW1_7691988710,200,0,0.0
EUW1_7692025207,100,0,0.0
EUW1_7692025207,200,1,0.0
EUW1_7692030014,100,1,0.0
EUW1_7692030014,200,0,0.0
EUW1_7692060574,100,1,0.0
EUW1_7692060574,200,0,0.0
EUW1_7692083276,100,1,0.0
EUW1_7692083276,200,0,0.0
EUW1_7692108918,100,0,0.0
EUW1_7692108918,200,1,0.0
EUW1_7692138813,100,1,1.0
EUW1_7692138813,200,0,-1.0
EUW1_7692172746,100,1,0.0
EUW1_7692172746,200,0,0.0
EUW1_7692196947,100,0,-1.0
EUW1_7692196947,200,1,1.0
EUW1_7692244574,100,0,0.0
EUW1_7692244574,200,1,0.0
EUW1_7692263882,100,0,0.0
EUW1_7692263882,200,1,0.0
EUW1_7692271995,100,0,-2.0
EUW1_7692271995,200,1,2.0
EUW1_7692297231,100,0,0.0
EUW1_7692297231,200,1,0.0
EUW1_7692303458,100,1,0.0
EUW1_7692303458,200,0,0.0
EUW1_7692311853,100,1,0.0
EUW1_7692311853,200,0,0.0
EUW1_7692443221,100,0,1.0
EUW1_7692443221,200,1,-1.0
EUW1_7692491660,100,0,0.0
EUW1_7692491660,200,1,0.0
EUW1_7692556337,100,0,-1.0
EUW1_7692556337,200,1,1.0
EUW1_7692567239,100,1,0.0
EUW1_7692567239,200,0,0.0
EUW1_7692594466,100,0,0.0
EUW1_7692594466,200,1,0.0
EUW1_7692610492,100,0,-2.0
EUW1_7692610492,200,1,2.0
EUW1_7692622114,100,0,0.0
EUW1_7692622114,200,1,0.0
EUW1_7692701244,100,0,0.0
EUW1_7692701244,200,1,0.0
EUW1_7692756303,100,0,0.0
EUW1_7692756303,200,1,0.0
EUW1_7692828693,100,0,0.0
EUW1_7692828693,200,1,0.0
EUW1_7692900643,100,1,0.0
EUW1_7692900643,200,0,0.0
EUW1_7692923913,100,0,0.0
EUW1_7692923913,200,1,0.0
EUW1_7692966342,100,1,0.0
EUW1_7692966342,200,0,0.0
EUW1_7692983923,100,1,0.0
EUW1_7692983923,200,0,0.0
EUW1_7692987084,100,0,1.0
EUW1_7692987084,200,1,-1.0
EUW1_7693033443,100,0,0.0
EUW1_7693033443,200,1,0.0
EUW1_7693199411,100,1,-2.0
EUW1_7693199411,200,0,2.0
EUW1_7693212300,100,0,0.0
EUW1_7693212300,200,1,0.0
EUW1_7693293534,100,1,0.0
EUW1_7693293534,200,0,0.0
EUW1_7693304666,100,1,2.0
EUW1_7693304666,200,0,-2.0
EUW1_7693465768,100,1,0.0
EUW1_7693465768,200,0,0.0
EUW1_7693513514,100,1,0.0
EUW1_7693513514,200,0,0.0
EUW1_7693513943,100,1,-0.5
EUW1_7693513943,200,0,0.5
EUW1_7693531125,100,0,0.0
EUW1_7693531125,200,1,0.0
EUW1_7693538199,100,1,0.0
EUW1_7693538199,200,0,0.0
EUW1_7693562851,100,0,2.0
EUW1_7693562851,200,1,-2.0
EUW1_7693580406,100,0,-0.6666666666666661
EUW1_7693580406,200,1,0.6666666666666661
EUW1_7693596188,100,1,-0.6666666666666661
EUW1_7693596188,200,0,0.6666666666666661
EUW1_7693660575,100,0,0.0
EUW1_7693660575,200,1,0.0
EUW1_7693668984,100,0,2.0
EUW1_7693668984,200,1,-2.0
EUW1_7693686784,100,0,0.0
EUW1_7693686784,200,1,0.0
EUW1_7693720058,100,1,0.0
EUW1_7693720058,200,0,0.0
EUW1_7693732450,100,0,0.0
EUW1_7693732450,200,1,0.0
EUW1_7693735789,100,0,0.0
EUW1_7693735789,200,1,0.0
EUW1_7693748120,100,1,2.0
EUW1_7693748120,200,0,-2.0
EUW1_7693812924,100,0,0.0
EUW1_7693812924,200,1,0.0
EUW1_7693895333,100,1,0.0
EUW1_7693895333,200,0,0.0
EUW1_7694029916,100,0,0.0
EUW1_7694029916,200,1,0.0
EUW1_7694118997,100,1,-1.0
EUW1_7694118997,200,0,1.0
EUW1_7694180636,100,1,0.0
EUW1_7694180636,200,0,0.0
EUW1_7694197535,100,1,0.0
EUW1_7694197535,200,0,0.0
EUW1_7694247590,100,0,0.0
EUW1_7694247590,200,1,0.0
EUW1_7694294864,100,1,2.0
EUW1_7694294864,200,0,-2.0
EUW1_7694361410,100,1,0.0
EUW1_7694361410,200,0,0.0
EUW1_7694498662,100,0,0.0
EUW1_7694498662,200,1,0.0
EUW1_7694504867,100,0,0.0
EUW1_7694504867,200,1,0.0
EUW1_7694520967,100,0,0.0
EUW1_7694520967,200,1,0.0
EUW1_7694535054,100,1,0.0
EUW1_7694535054,200,0,0.0
EUW1_7694539554,100,0,0.0
EUW1_7694539554,200,1,0.0
EUW1_7694598103,100,0,2.0
EUW1_7694598103,200,1,-2.0
EUW1_7694598540,100,1,0.0
EUW1_7694598540,200,0,0.0
EUW1_7694617760,100,1,2.0
EUW1_7694617760,200,0,-2.0
EUW1_7694626250,100,1,0.0
EUW1_7694626250,200,0,0.0
EUW1_7694690390,100,0,0.0
EUW1_7694690390,200,1,0.0
EUW1_7694707943,100,0,0.0
EUW1_7694707943,200,1,0.0
EUW1_7694758704,100,0,-2.0
EUW1_7694758704,200,1,2.0
EUW1_7694800162,100,0,0.0
EUW1_7694800162,200,1,0.0
EUW1_7694804196,100,0,0.0
EUW1_7694804196,200,1,0.0
EUW1_7694815726,100,0,0.0
EUW1_7694815726,200,1,0.0
EUW1_7694815841,100,0,0.0
EUW1_7694815841,200,1,0.0
EUW1_7694831203,100,0,0.0
EUW1_7694831203,200,1,0.0
EUW1_7694884549,100,0,0.0
EUW1_7694884549,200,1,0.0
EUW1_7694895035,100,1,2.0
EUW1_7694895035,200,0,-2.0
EUW1_7694911036,100,1,0.0
EUW1_7694911036,200,0,0.0
EUW1_7694913050,100,1,0.0
EUW1_7694913050,200,0,0.0
EUW1_7694937082,100,0,0.0
EUW1_7694937082,200,1,0.0
EUW1_7694938724,100,0,1.0
EUW1_7694938724,200,1,-1.0
EUW1_7694948645,100,1,2.0
EUW1_7694948645,200,0,-2.0
EUW1_7694966834,100,0,0.0
EUW1_7694966834,200,1,0.0
EUW1_7694980076,100,1,0.0
EUW1_7694980076,200,0,0.0
EUW1_7695009715,100,0,1.0
EUW1_7695009715,200,1,-1.0
EUW1_7695023442,100,0,0.0
EUW1_7695023442,200,1,0.0
EUW1_7695052136,100,1,-1.0
EUW1_7695052136,200,0,1.0
EUW1_7695071220,100,1,0.0
EUW1_7695071220,200,0,0.0
EUW1_7695074215,100,1,-1.0
EUW1_7695074215,200,0,1.0
EUW1_7695092305,100,0,0.0
EUW1_7695092305,200,1,0.0
EUW1_7695118491,100,1,1.0
EUW1_7695118491,200,0,-1.0
EUW1_7695123286,100,0,0.0
EUW1_7695123286,200,1,0.0
EUW1_7695180725,100,0,1.0
EUW1_7695180725,200,1,-1.0
EUW1_7695230625,100,0,1.0
EUW1_7695230625,200,1,-1.0
EUW1_7695231693,100,0,0.0
EUW1_7695231693,200,1,0.0
EUW1_7695281451,100,0,0.0
EUW1_7695281451,200,1,0.0
EUW1_7695299799,100,0,0.0
EUW1_7695299799,200,1,0.0
EUW1_7695313144,100,0,2.0
EUW1_7695313144,200,1,-2.0
EUW1_7695354358,100,1,0.0
EUW1_7695354358,200,0,0.0
EUW1_7695395935,100,0,1.0
EUW1_7695395935,200,1,-1.0
EUW1_7695502763,100,0,0.0
EUW1_7695502763,200,1,0.0
EUW1_7695503795,100,0,0.0
EUW1_7695503795,200,1,0.0
EUW1_7695523325,100,0,-1.0
EUW1_7695523325,200,1,1.0
EUW1_7695553250,100,0,1.0
EUW1_7695553250,200,1,-1.0
EUW1_7695591897,100,0,0.0
EUW1_7695591897,200,1,0.0
EUW1_7695595490,100,1,0.0
EUW1_7695595490,200,0,0.0
EUW1_7695695215,100,0,0.0
EUW1_7695695215,200,1,0.0
EUW1_7695700491,100,1,0.0
EUW1_7695700491,200,0,0.0
EUW1_7695723622,100,0,0.0
EUW1_7695723622,200,1,0.0
EUW1_7695737870,100,0,-1.0
EUW1_7695737870,200,1,1.0
EUW1_7695775912,100,0,-1.0
EUW1_7695775912,200,1,1.0
EUW1_7695809169,100,0,1.0
EUW1_7695809169,200,1,-1.0
EUW1_7695873654,100,0,-2.0
EUW1_7695873654,200,1,2.0
EUW1_7695892818,100,0,0.0
EUW1_7695892818,200,1,0.0
EUW1_7695893804,100,0,-2.0
EUW1_7695893804,200,1,2.0
EUW1_7695905007,100,1,2.0
EUW1_7695905007,200,0,-2.0
EUW1_7695974454,100,0,-1.0
EUW1_7695974454,200,1,1.0
EUW1_7695991733,100,0,2.0
EUW1_7695991733,200,1,-2.0
EUW1_7695994069,100,1,0.0
EUW1_7695994069,200,0,0.0
EUW1_7696026143,100,0,0.0
EUW1_7696026143,200,1,0.0
EUW1_7696035026,100,0,0.0
EUW1_7696035026,200,1,0.0
EUW1_7696044390,100,1,0.0
EUW1_7696044390,200,0,0.0
EUW1_7696193390,100,1,0.0
EUW1_7696193390,200,0,0.0
EUW1_7696226097,100,0,0.0
EUW1_7696226097,200,1,0.0
EUW1_7696237196,100,1,0.0
EUW1_7696237196,200,0,0.0
EUW1_7696250435,100,0,0.0
EUW1_7696250435,200,1,0.0
EUW1_7696284865,100,1,0.0
EUW1_7696284865,200,0,0.0
EUW1_7696308845,100,0,0.0
EUW1_7696308845,200,1,0.0
EUW1_7696316102,100,0,0.0
EUW1_7696316102,200,1,0.0
EUW1_7696359427,100,1,0.0
EUW1_7696359427,200,0,0.0
EUW1_7696378457,100,1,0.0
EUW1_7696378457,200,0,0.0
EUW1_7696398612,100,1,0.0
EUW1_7696398612,200,0,0.0
EUW1_7696412378,100,0,0.0
EUW1_7696412378,200,1,0.0
EUW1_7696422655,100,1,0.0
EUW1_7696422655,200,0,0.0
EUW1_7696429370,100,0,0.0
EUW1_7696429370,200,1,0.0
EUW1_7696442399,100,0,0.0
EUW1_7696442399,200,1,0.0
EUW1_7696445045,100,1,0.0
EUW1_7696445045,200,0,0.0
EUW1_7696463452,100,1,0.0
EUW1_7696463452,200,0,0.0
EUW1_7696495398,100,1,0.0
EUW1_7696495398,200,0,0.0
EUW1_7696506000,100,0,0.0
EUW1_7696506000,200,1,0.0
EUW1_7696534973,100,1,2.0
EUW1_7696534973,200,0,-2.0
EUW1_7696535846,100,1,1.0
EUW1_7696535846,200,0,-1.0
EUW1_7696553641,100,0,0.0
EUW1_7696553641,200,1,0.0
EUW1_7696555963,100,1,0.0
EUW1_7696555963,200,0,0.0
EUW1_7696559468,100,0,0.0
EUW1_7696559468,200,1,0.0
EUW1_7696579373,100,0,0.0
EUW1_7696579373,200,1,0.0
EUW1_7696589295,100,1,0.0
EUW1_7696589295,200,0,0.0
EUW1_7696593153,100,0,0.0
EUW1_7696593153,200,1,0.0
EUW1_7696595239,100,1,0.6666666666666661
EUW1_7696595239,200,0,-0.6666666666666661
EUW1_7696597306,100,1,0.0
EUW1_7696597306,200,0,0.0
EUW1_7696601499,100,0,-1.0
EUW1_7696601499,200,1,1.0
EUW1_7696624283,100,1,0.0
EUW1_7696624283,200,0,0.0
EUW1_7696630516,100,1,-1.0
EUW1_7696630516,200,0,1.0
EUW1_7696636448,100,1,0.0
EUW1_7696636448,200,0,0.0
EUW1_7696639597,100,0,2.0
EUW1_7696639597,200,1,-2.0
EUW1_7696656096,100,0,-1.0
EUW1_7696656096,200,1,1.0
EUW1_7696664093,100,1,0.0
EUW1_7696664093,200,0,0.0
EUW1_7696664830,100,1,0.0
EUW1_7696664830,200,0,0.0
EUW1_7696677050,100,1,-2.0
EUW1_7696677050,200,0,2.0
EUW1_7696682597,100,0,0.0
EUW1_7696682597,200,1,0.0
EUW1_7696701285,100,1,2.0
EUW1_7696701285,200,0,-2.0
EUW1_7696712439,100,1,0.0
EUW1_7696712439,200,0,0.0
EUW1_7696723538,100,1,0.0
EUW1_7696723538,200,0,0.0
EUW1_7696745083,100,0,0.0
EUW1_7696745083,200,1,0.0
EUW1_7696750348,100,0,0.0
EUW1_7696750348,200,1,0.0
EUW1_7696786064,100,0,0.0
EUW1_7696786064,200,1,0.0
EUW1_7696794016,100,1,1.0
EUW1_7696794016,200,0,-1.0
EUW1_7696806655,100,0,0.0
EUW1_7696806655,200,1,0.0
EUW1_7696809170,100,1,0.0
EUW1_7696809170,200,0,0.0
EUW1_7696814428,100,0,0.0
EUW1_7696814428,200,1,0.0
EUW1_7696825686,100,1,0.0
EUW1_7696825686,200,0,0.0
EUW1_7696853185,100,1,1.333333333333334
EUW1_7696853185,200,0,-1.333333333333334
EUW1_7696870067,100,1,0.0
EUW1_7696870067,200,0,0.0
EUW1_7696884498,100,0,0.0
EUW1_7696884498,200,1,0.0
EUW1_7696936866,100,1,1.333333333333334
EUW1_7696936866,200,0,-1.333333333333334
EUW1_7697032500,100,1,0.0
EUW1_7697032500,200,0,0.0
EUW1_7697062627,100,0,1.0
EUW1_7697062627,200,1,-1.0
EUW1_7697098831,100,1,0.0
EUW1_7697098831,200,0,0.0
EUW1_7697152402,100,0,0.0
EUW1_7697152402,200,1,0.0
EUW1_7697187251,100,0,0.0
EUW1_7697187251,200,1,0.0
EUW1_7697247440,100,1,0.0
EUW1_7697247440,200,0,0.0
EUW1_7697314931,100,0,0.0
EUW1_7697314931,200,1,0.0
EUW1_7697322584,100,1,0.0
EUW1_7697322584,200,0,0.0
EUW1_7697354590,100,1,0.0
EUW1_7697354590,200,0,0.0
EUW1_7697383841,100,0,0.0
EUW1_7697383841,200,1,0.0
EUW1_7697459904,100,0,-2.0
EUW1_7697459904,200,1,2.0
EUW1_7697461088,100,1,0.0
EUW1_7697461088,200,0,0.0
EUW1_7697479557,100,1,2.0
EUW1_7697479557,200,0,-2.0
EUW1_7697493224,100,1,-1.0
EUW1_7697493224,200,0,1.0
EUW1_7697503647,100,0,0.0
EUW1_7697503647,200,1,0.0
EUW1_7697509061,100,1,0.0
EUW1_7697509061,200,0,0.0
EUW1_7697516456,100,1,0.0
EUW1_7697516456,200,0,0.0
EUW1_7697518014,100,0,0.0
EUW1_7697518014,200,1,0.0
EUW1_7697522715,100,1,0.0
EUW1_7697522715,200,0,0.0
EUW1_7697532938,100,0,0.0
EUW1_7697532938,200,1,0.0
EUW1_7697545722,100,1,0.0
EUW1_7697545722,200,0,0.0
EUW1_7697549132,100,0,0.0
EUW1_7697549132,200,1,0.0
EUW1_7697556188,100,0,0.0
EUW1_7697556188,200,1,0.0
EUW1_7697584192,100,1,0.0
EUW1_7697584192,200,0,0.0
EUW1_7697597587,100,0,0.0
EUW1_7697597587,200,1,0.0
EUW1_7697600910,100,1,0.0
EUW1_7697600910,200,0,0.0
EUW1_7697624562,100,1,0.0
EUW1_7697624562,200,0,0.0
EUW1_7697630859,100,0,0.0
EUW1_7697630859,200,1,0.0
EUW1_7697657067,100,1,-2.0
EUW1_7697657067,200,0,2.0
EUW1_7697742315,100,0,0.0
EUW1_7697742315,200,1,0.0
EUW1_7697747959,100,1,0.0
EUW1_7697747959,200,0,0.0
EUW1_7697758248,100,1,0.0
EUW1_7697758248,200,0,0.0
EUW1_7697763453,100,0,0.0
EUW1_7697763453,200,1,0.0
EUW1_7697776672,100,0,-1.0
EUW1_7697776672,200,1,1.0
EUW1_7697793933,100,0,0.0
EUW1_7697793933,200,1,0.0
EUW1_7697801820,100,1,0.0
EUW1_7697801820,200,0,0.0
EUW1_7697858085,100,1,0.0
EUW1_7697858085,200,0,0.0
EUW1_7697873327,100,1,0.0
EUW1_7697873327,200,0,0.0
EUW1_7697890929,100,1,0.0
EUW1_7697890929,200,0,0.0
EUW1_7697900535,100,1,0.0
EUW1_7697900535,200,0,0.0
EUW1_7697903158,100,1,0.0
EUW1_7697903158,200,0,0.0
EUW1_7697919554,100,1,0.0
EUW1_7697919554,200,0,0.0
EUW1_7697929679,100,0,0.0
EUW1_7697929679,200,1,0.0
EUW1_7697930651,100,0,0.0
EUW1_7697930651,200,1,0.0
EUW1_7697954747,100,0,0.0
EUW1_7697954747,200,1,0.0
EUW1_7697954804,100,0,0.0
EUW1_7697954804,200,1,0.0
EUW1_7697978720,100,0,1.0
EUW1_7697978720,200,1,-1.0
EUW1_7697986418,100,0,0.0
EUW1_7697986418,200,1,0.0
EUW1_7698003583,100,0,-1.0
EUW1_7698003583,200,1,1.0
EUW1_7698048212,100,0,0.0
EUW1_7698048212,200,1,0.0
EUW1_7698121660,100,1,0.0
EUW1_7698121660,200,0,0.0
EUW1_7698125197,100,0,0.0
EUW1_7698125197,200,1,0.0
EUW1_7698139378,100,1,1.0
EUW1_7698139378,200,0,-1.0
EUW1_7698141644,100,1,0.0
EUW1_7698141644,200,0,0.0
EUW1_7698155014,100,0,0.0
EUW1_7698155014,200,1,0.0
EUW1_7698159767,100,0,0.0
EUW1_7698159767,200,1,0.0
EUW1_7698162770,100,1,0.0
EUW1_7698162770,200,0,0.0
EUW1_7698168068,100,0,0.0
EUW1_7698168068,200,1,0.0
EUW1_7698169937,100,1,0.0
EUW1_7698169937,200,0,0.0
EUW1_7698172469,100,1,0.0
EUW1_7698172469,200,0,0.0
EUW1_7698184627,100,1,0.0
EUW1_7698184627,200,0,0.0
EUW1_7698193322,100,0,0.0
EUW1_7698193322,200,1,0.0
EUW1_7698193681,100,1,0.0
EUW1_7698193681,200,0,0.0
EUW1_7698217770,100,1,0.0
EUW1_7698217770,200,0,0.0
EUW1_7698222419,100,1,0.0
EUW1_7698222419,200,0,0.0
EUW1_7698227371,100,0,0.0
EUW1_7698227371,200,1,0.0
EUW1_7698241598,100,0,-1.333333333333334
EUW1_7698241598,200,1,1.333333333333334
EUW1_7698253602,100,0,-1.0
EUW1_7698253602,200,1,1.0
EUW1_7698262528,100,0,0.0
EUW1_7698262528,200,1,0.0
EUW1_7698279933,100,1,0.0
EUW1_7698279933,200,0,0.0
EUW1_7698287431,100,0,0.0
EUW1_7698287431,200,1,0.0
EUW1_7698288275,100,1,0.0
EUW1_7698288275,200,0,0.0
EUW1_7698289586,100,0,-2.0
EUW1_7698289586,200,1,2.0
EUW1_7698297690,100,1,0.3333333333333339
EUW1_7698297690,200,0,-0.3333333333333339
EUW1_7698305060,100,0,0.0
EUW1_7698305060,200,1,0.0
EUW1_7698329905,100,0,0.0
EUW1_7698329905,200,1,0.0
EUW1_7698334459,100,0,0.6666666666666661
EUW1_7698334459,200,1,-0.6666666666666661
EUW1_7698338825,100,0,-2.0
EUW1_7698338825,200,1,2.0
EUW1_7698345185,100,1,2.0
EUW1_7698345185,200,0,-2.0
EUW1_7698345680,100,1,0.0
EUW1_7698345680,200,0,0.0
EUW1_7698355947,100,0,0.0
EUW1_7698355947,200,1,0.0
EUW1_7698357434,100,1,0.0
EUW1_7698357434,200,0,0.0
EUW1_7698359752,100,0,0.0
EUW1_7698359752,200,1,0.0
EUW1_7698367591,100,0,0.0
EUW1_7698367591,200,1,0.0
EUW1_7698392974,100,1,0.0
EUW1_7698392974,200,0,0.0
EUW1_7698396794,100,1,1.0
EUW1_7698396794,200,0,-1.0
EUW1_7698401208,100,0,-2.0
EUW1_7698401208,200,1,2.0
EUW1_7698406369,100,1,0.0
EUW1_7698406369,200,0,0.0
EUW1_7698407735,100,1,1.0
EUW1_7698407735,200,0,-1.0
EUW1_7698419161,100,1,0.0
EUW1_7698419161,200,0,0.0
EUW1_7698420408,100,1,0.0
EUW1_7698420408,200,0,0.0
EUW1_7698421692,100,1,2.0
EUW1_7698421692,200,0,-2.0
EUW1_7698434190,100,0,0.0
EUW1_7698434190,200,1,0.0
EUW1_7698437056,100,0,0.0
EUW1_7698437056,200,1,0.0
EUW1_7698456049,100,0,2.0
EUW1_7698456049,200,1,-2.0
EUW1_7698460701,100,0,0.0
EUW1_7698460701,200,1,0.0
EUW1_7698475576,100,0,0.0
EUW1_7698475576,200,1,0.0
EUW1_7698486117,100,0,0.0
EUW1_7698486117,200,1,0.0
EUW1_7698486565,100,0,0.0
EUW1_7698486565,200,1,0.0
EUW1_7698520543,100,1,-2.0
EUW1_7698520543,200,0,2.0
EUW1_7698526902,100,0,0.0
EUW1_7698526902,200,1,0.0
EUW1_7698545442,100,1,0.0
EUW1_7698545442,200,0,0.0
EUW1_7698555385,100,1,2.0
EUW1_7698555385,200,0,-2.0
EUW1_7698559438,100,1,0.0
EUW1_7698559438,200,0,0.0
EUW1_7698566120,100,0,0.0
EUW1_7698566120,200,1,0.0
EUW1_7698574474,100,1,0.0
EUW1_7698574474,200,0,0.0
EUW1_7698579731,100,1,0.0
EUW1_7698579731,200,0,0.0
EUW1_7698589695,100,1,0.0
EUW1_7698589695,200,0,0.0
EUW1_7698592128,100,0,0.0
EUW1_7698592128,200,1,0.0
EUW1_7698593156,100,1,0.0
EUW1_7698593156,200,0,0.0
EUW1_7698621644,100,1,0.0
EUW1_7698621644,200,0,0.0
EUW1_7698628783,100,0,0.0
EUW1_7698628783,200,1,0.0
EUW1_7698635004,100,0,0.0
EUW1_7698635004,200,1,0.0
EUW1_7698662986,100,1,-2.0
EUW1_7698662986,200,0,2.0
EUW1_7698673673,100,0,-1.0
EUW1_7698673673,200,1,1.0
EUW1_7698690297,100,1,0.0
EUW1_7698690297,200,0,0.0
EUW1_7698690807,100,1,0.0
EUW1_7698690807,200,0,0.0
EUW1_7698690959,100,0,0.0
EUW1_7698690959,200,1,0.0
EUW1_7698704356,100,1,0.0
EUW1_7698704356,200,0,0.0
EUW1_7698709431,100,0,0.0
EUW1_7698709431,200,1,0.0
EUW1_7698714725,100,1,0.0
EUW1_7698714725,200,0,0.0
EUW1_7698717139,100,1,2.0
EUW1_7698717139,200,0,-2.0
EUW1_7698721654,100,1,0.0
EUW1_7698721654,200,0,0.0
EUW1_7698721997,100,0,0.0
EUW1_7698721997,200,1,0.0
EUW1_7698770626,100,1,0.0
EUW1_7698770626,200,0,0.0
EUW1_7698773309,100,1,2.0
EUW1_7698773309,200,0,-2.0
EUW1_7698777609,100,0,0.0
EUW1_7698777609,200,1,0.0
EUW1_7698785867,100,0,-1.0
EUW1_7698785867,200,1,1.0
EUW1_7698826091,100,0,0.0
EUW1_7698826091,200,1,0.0
EUW1_7698845242,100,1,0.0
EUW1_7698845242,200,0,0.0
EUW1_7698849129,100,0,0.0
EUW1_7698849129,200,1,0.0
EUW1_7698883610,100,1,0.0
EUW1_7698883610,200,0,0.0
EUW1_7698909025,100,1,0.0
EUW1_7698909025,200,0,0.0
EUW1_7698939086,100,1,0.0
EUW1_7698939086,200,0,0.0
EUW1_7698953912,100,1,0.0
EUW1_7698953912,200,0,0.0
EUW1_7698962628,100,0,0.0
EUW1_7698962628,200,1,0.0
EUW1_7698966801,100,1,0.0
EUW1_7698966801,200,0,0.0
EUW1_7698976478,100,1,0.0
EUW1_7698976478,200,0,0.0
EUW1_7699008817,100,0,0.0
EUW1_7699008817,200,1,0.0
EUW1_7699014213,100,0,0.0
EUW1_7699014213,200,1,0.0
EUW1_7699026097,100,0,0.0
EUW1_7699026097,200,1,0.0
EUW1_7699049157,100,1,0.0
EUW1_7699049157,200,0,0.0
EUW1_7699049549,100,1,0.0
EUW1_7699049549,200,0,0.0
EUW1_7699049978,100,1,0.0
EUW1_7699049978,200,0,0.0
EUW1_7699084811,100,0,0.0
EUW1_7699084811,200,1,0.0
EUW1_7699086332,100,0,0.0
EUW1_7699086332,200,1,0.0
EUW1_7699088015,100,0,0.0
EUW1_7699088015,200,1,0.0
EUW1_7699102721,100,1,-2.0
EUW1_7699102721,200,0,2.0
EUW1_7699104707,100,1,0.0
EUW1_7699104707,200,0,0.0
EUW1_7699114128,100,1,0.0
EUW1_7699114128,200,0,0.0
EUW1_7699127445,100,1,0.0
EUW1_7699127445,200,0,0.0
EUW1_7699146795,100,1,0.0
EUW1_7699146795,200,0,0.0
EUW1_7699159763,100,0,-2.0
EUW1_7699159763,200,1,2.0
EUW1_7699165912,100,1,-1.0
EUW1_7699165912,200,0,1.0
EUW1_7699169754,100,0,0.0
EUW1_7699169754,200,1,0.0
EUW1_7699182469,100,1,0.0
EUW1_7699182469,200,0,0.0
EUW1_7699212204,100,1,0.0
EUW1_7699212204,200,0,0.0
EUW1_7699221382,100,0,0.0
EUW1_7699221382,200,1,0.0
EUW1_7699225214,100,1,2.0
EUW1_7699225214,200,0,-2.0
EUW1_7699258700,100,1,2.0
EUW1_7699258700,200,0,-2.0
EUW1_7699263305,100,1,0.0
EUW1_7699263305,200,0,0.0
EUW1_7699272005,100,1,0.0
EUW1_7699272005,200,0,0.0
EUW1_7699287963,100,1,0.0
EUW1_7699287963,200,0,0.0
EUW1_7699294823,100,0,1.0
EUW1_7699294823,200,1,-1.0
EUW1_7699310431,100,1,0.0
EUW1_7699310431,200,0,0.0
EUW1_7699310891,100,1,0.0
EUW1_7699310891,200,0,0.0
EUW1_7699364562,100,1,3.0
EUW1_7699364562,200,0,-3.0
EUW1_7699373651,100,1,0.0
EUW1_7699373651,200,0,0.0
EUW1_7699380842,100,1,0.0
EUW1_7699380842,200,0,0.0
EUW1_7699385570,100,0,0.0
EUW1_7699385570,200,1,0.0
EUW1_7699394686,100,0,0.0
EUW1_7699394686,200,1,0.0
EUW1_7699404913,100,0,-1.0
EUW1_7699404913,200,1,1.0
EUW1_7699416488,100,1,0.0
EUW1_7699416488,200,0,0.0
EUW1_7699429224,100,0,0.0
EUW1_7699429224,200,1,0.0
EUW1_7699444191,100,1,0.0
EUW1_7699444191,200,0,0.0
EUW1_7699469071,100,0,0.0
EUW1_7699469071,200,1,0.0
EUW1_7699484275,100,0,-2.0
EUW1_7699484275,200,1,2.0
EUW1_7699507629,100,1,1.0
EUW1_7699507629,200,0,-1.0
EUW1_7699510552,100,1,0.0
EUW1_7699510552,200,0,0.0
EUW1_7699555896,100,1,0.0
EUW1_7699555896,200,0,0.0
EUW1_7699583411,100,0,-2.0
EUW1_7699583411,200,1,2.0
EUW1_7699594922,100,1,0.0
EUW1_7699594922,200,0,0.0
EUW1_7699606614,100,1,0.0
EUW1_7699606614,200,0,0.0
EUW1_7699627306,100,1,0.0
EUW1_7699627306,200,0,0.0
EUW1_7699638906,100,1,0.0
EUW1_7699638906,200,0,0.0
EUW1_7699640503,100,1,0.0
EUW1_7699640503,200,0,0.0
EUW1_7699663495,100,0,1.0
EUW1_7699663495,200,1,-1.0
EUW1_7699669620,100,1,0.0
EUW1_7699669620,200,0,0.0
EUW1_7699673384,100,1,0.0
EUW1_7699673384,200,0,0.0
EUW1_7699678378,100,0,0.0
EUW1_7699678378,200,1,0.0
EUW1_7699680774,100,1,0.0
EUW1_7699680774,200,0,0.0
EUW1_7699701268,100,1,0.0
EUW1_7699701268,200,0,0.0
EUW1_7699708974,100,0,-2.0
EUW1_7699708974,200,1,2.0
EUW1_7699711766,100,0,-2.0
EUW1_7699711766,200,1,2.0
EUW1_7699717718,100,1,0.0
EUW1_7699717718,200,0,0.0
EUW1_7699734014,100,0,0.0
EUW1_7699734014,200,1,0.0
EUW1_7699750716,100,1,-1.0
EUW1_7699750716,200,0,1.0
EUW1_7699754008,100,1,0.0
EUW1_7699754008,200,0,0.0
EUW1_7699759517,100,0,1.333333333333334
EUW1_7699759517,200,1,-1.333333333333334
EUW1_7699761856,100,1,0.0
EUW1_7699761856,200,0,0.0
EUW1_7699784311,100,0,0.0
EUW1_7699784311,200,1,0.0
EUW1_7699789616,100,0,0.0
EUW1_7699789616,200,1,0.0
EUW1_7699791454,100,1,0.0
EUW1_7699791454,200,0,0.0
EUW1_7699796448,100,1,0.0
EUW1_7699796448,200,0,0.0
EUW1_7699804957,100,1,0.0
EUW1_7699804957,200,0,0.0
EUW1_7699813935,100,0,0.0
EUW1_7699813935,200,1,0.0
EUW1_7699831112,100,1,0.0
EUW1_7699831112,200,0,0.0
EUW1_7699832430,100,0,0.0
EUW1_7699832430,200,1,0.0
EUW1_7699836135,100,0,2.0
EUW1_7699836135,200,1,-2.0
EUW1_7699837875,100,0,0.0
EUW1_7699837875,200,1,0.0
EUW1_7699848750,100,1,0.0
EUW1_7699848750,200,0,0.0
EUW1_7699849264,100,1,0.0
EUW1_7699849264,200,0,0.0
EUW1_7699859141,100,0,0.0
EUW1_7699859141,200,1,0.0
EUW1_7699870100,100,0,0.0
EUW1_7699870100,200,1,0.0
EUW1_7699896232,100,0,0.0
EUW1_7699896232,200,1,0.0
EUW1_7699897025,100,0,0.0
EUW1_7699897025,200,1,0.0
EUW1_7699897840,100,1,0.0
EUW1_7699897840,200,0,0.0
EUW1_7699903685,100,1,-2.0
EUW1_7699903685,200,0,2.0
EUW1_7699908937,100,0,-2.0
EUW1_7699908937,200,1,2.0
EUW1_7699913605,100,0,0.0
EUW1_7699913605,200,1,0.0
EUW1_7699927130,100,1,0.0
EUW1_7699927130,200,0,0.0
EUW1_7699951493,100,1,0.0
EUW1_7699951493,200,0,0.0
EUW1_7699952376,100,0,0.0
EUW1_7699952376,200,1,0.0
EUW1_7699954751,100,1,0.0
EUW1_7699954751,200,0,0.0
EUW1_7699962431,100,1,-2.0
EUW1_7699962431,200,0,2.0
EUW1_7699975832,100,1,0.0
EUW1_7699975832,200,0,0.0
EUW1_7699986946,100,0,0.0
EUW1_7699986946,200,1,0.0
EUW1_7699988775,100,1,0.0
EUW1_7699988775,200,0,0.0
EUW1_7700006291,100,1,0.0
EUW1_7700006291,200,0,0.0
EUW1_7700009126,100,1,-2.0
EUW1_7700009126,200,0,2.0
EUW1_7700023237,100,1,0.0
EUW1_7700023237,200,0,0.0
EUW1_7700023510,100,0,0.0
EUW1_7700023510,200,1,0.0
EUW1_7700033648,100,1,-2.0
EUW1_7700033648,200,0,2.0
EUW1_7700033803,100,0,0.0
EUW1_7700033803,200,1,0.0
EUW1_7700034189,100,0,0.0
EUW1_7700034189,200,1,0.0
EUW1_7700036068,100,0,0.0
EUW1_7700036068,200,1,0.0
EUW1_7700042929,100,1,0.0
EUW1_7700042929,200,0,0.0
EUW1_7700046215,100,0,-1.0
EUW1_7700046215,200,1,1.0
EUW1_7700051319,100,0,0.0
EUW1_7700051319,200,1,0.0
EUW1_7700074579,100,1,0.0
EUW1_7700074579,200,0,0.0
EUW1_7700083001,100,1,0.0
EUW1_7700083001,200,0,0.0
EUW1_7700104546,100,1,0.0
EUW1_7700104546,200,0,0.0
EUW1_7700109481,100,1,0.0
EUW1_7700109481,200,0,0.0
EUW1_7700134216,100,0,0.0
EUW1_7700134216,200,1,0.0
EUW1_7700151490,100,0,-2.0
EUW1_7700151490,200,1,2.0
EUW1_7700161004,100,1,0.0
EUW1_7700161004,200,0,0.0
EUW1_7700165426,100,0,2.0
EUW1_7700165426,200,1,-2.0
EUW1_7700193428,100,0,0.0
EUW1_7700193428,200,1,0.0
EUW1_7700208907,100,1,0.0
EUW1_7700208907,200,0,0.0
EUW1_7700209356,100,0,0.0
EUW1_7700209356,200,1,0.0
EUW1_7700253040,100,1,-2.0
EUW1_7700253040,200,0,2.0
EUW1_7700259738,100,0,0.0
EUW1_7700259738,200,1,0.0
EUW1_7700263550,100,0,0.0
EUW1_7700263550,200,1,0.0
EUW1_7700266290,100,0,0.0
EUW1_7700266290,200,1,0.0
EUW1_7700271441,100,1,0.0
EUW1_7700271441,200,0,0.0
EUW1_7700277535,100,1,2.0
EUW1_7700277535,200,0,-2.0
EUW1_7700293807,100,1,0.0
EUW1_7700293807,200,0,0.0
EUW1_7700328463,100,0,0.0
EUW1_7700328463,200,1,0.0
EUW1_7700342286,100,0,-1.0
EUW1_7700342286,200,1,1.0
EUW1_7700350344,100,1,2.0
EUW1_7700350344,200,0,-2.0
EUW1_7700360537,100,1,0.0
EUW1_7700360537,200,0,0.0
EUW1_7700389369,100,0,0.0
EUW1_7700389369,200,1,0.0
EUW1_7700407965,100,0,0.0
EUW1_7700407965,200,1,0.0
EUW1_7700440314,100,0,0.0
EUW1_7700440314,200,1,0.0
EUW1_7700464022,100,1,0.0
EUW1_7700464022,200,0,0.0
EUW1_7700467932,100,1,0.0
EUW1_7700467932,200,0,0.0
EUW1_7700595366,100,1,0.0
EUW1_7700595366,200,0,0.0
EUW1_7700681469,100,0,0.0
EUW1_7700681469,200,1,0.0
EUW1_7700700649,100,0,0.0
EUW1_7700700649,200,1,0.0
EUW1_7700704906,100,1,0.0
EUW1_7700704906,200,0,0.0
EUW1_7700713333,100,0,0.0
EUW1_7700713333,200,1,0.0
EUW1_7700742023,100,1,2.0
EUW1_7700742023,200,0,-2.0
EUW1_7700743617,100,0,2.0
EUW1_7700743617,200,1,-2.0
EUW1_7700756590,100,1,2.0
EUW1_7700756590,200,0,-2.0
EUW1_7700774567,100,0,0.0
EUW1_7700774567,200,1,0.0
EUW1_7700785416,100,1,-2.0
EUW1_7700785416,200,0,2.0
EUW1_7700802632,100,0,0.0
EUW1_7700802632,200,1,0.0
EUW1_7700810146,100,0,-2.0
EUW1_7700810146,200,1,2.0
EUW1_7700825342,100,0,-2.0
EUW1_7700825342,200,1,2.0
EUW1_7700851390,100,1,0.0
EUW1_7700851390,200,0,0.0
EUW1_7700858365,100,1,-2.0
EUW1_7700858365,200,0,2.0
EUW1_7700859053,100,0,-2.0
EUW1_7700859053,200,1,2.0
EUW1_7700861113,100,1,0.0
EUW1_7700861113,200,0,0.0
EUW1_7700868331,100,0,0.0
EUW1_7700868331,200,1,0.0
EUW1_7700874722,100,0,0.0
EUW1_7700874722,200,1,0.0
EUW1_7700877646,100,0,0.0
EUW1_7700877646,200,1,0.0
EUW1_7700881361,100,1,1.0
EUW1_7700881361,200,0,-1.0
EUW1_7700889490,100,0,0.0
EUW1_7700889490,200,1,0.0
EUW1_7700892680,100,1,-2.0
EUW1_7700892680,200,0,2.0
EUW1_7700908832,100,0,-1.0
EUW1_7700908832,200,1,1.0
EUW1_7700911674,100,1,0.0
EUW1_7700911674,200,0,0.0
EUW1_7700914457,100,1,0.0
EUW1_7700914457,200,0,0.0
EUW1_7700915513,100,1,2.0
EUW1_7700915513,200,0,-2.0
EUW1_7700929616,100,0,0.0
EUW1_7700929616,200,1,0.0
EUW1_7700938248,100,0,0.0
EUW1_7700938248,200,1,0.0
EUW1_7700939886,100,0,0.0
EUW1_7700939886,200,1,0.0
EUW1_7700953361,100,1,0.0
EUW1_7700953361,200,0,0.0
EUW1_7700956567,100,1,2.0
EUW1_7700956567,200,0,-2.0
EUW1_7700958678,100,1,-2.0
EUW1_7700958678,200,0,2.0
EUW1_7700965133,100,0,-2.0
EUW1_7700965133,200,1,2.0
EUW1_7700974446,100,1,0.0
EUW1_7700974446,200,0,0.0
EUW1_7700984811,100,0,0.0
EUW1_7700984811,200,1,0.0
EUW1_7700986979,100,1,0.0
EUW1_7700986979,200,0,0.0
EUW1_7700998295,100,1,2.0
EUW1_7700998295,200,0,-2.0
EUW1_7701004682,100,1,0.0
EUW1_7701004682,200,0,0.0
EUW1_7701005156,100,0,-1.0
EUW1_7701005156,200,1,1.0
EUW1_7701014758,100,0,-1.0
EUW1_7701014758,200,1,1.0
EUW1_7701017798,100,1,-2.0
EUW1_7701017798,200,0,2.0
EUW1_7701024244,100,1,0.0
EUW1_7701024244,200,0,0.0
EUW1_7701032657,100,1,0.0
EUW1_7701032657,200,0,0.0
EUW1_7701032842,100,1,0.0
EUW1_7701032842,200,0,0.0
EUW1_7701039681,100,1,0.0
EUW1_7701039681,200,0,0.0
EUW1_7701048818,100,1,0.0
EUW1_7701048818,200,0,0.0
EUW1_7701050223,100,1,-1.333333333333334
EUW1_7701050223,200,0,1.333333333333334
EUW1_7701067419,100,1,1.0
EUW1_7701067419,200,0,-1.0
EUW1_7701069882,100,1,2.0
EUW1_7701069882,200,0,-2.0
EUW1_7701083634,100,1,-0.6666666666666661
EUW1_7701083634,200,0,0.6666666666666661
EUW1_7701084090,100,1,1.0
EUW1_7701084090,200,0,-1.0
EUW1_7701084410,100,1,0.0
EUW1_7701084410,200,0,0.0
EUW1_7701087778,100,1,0.0
EUW1_7701087778,200,0,0.0
EUW1_7701089528,100,0,0.0
EUW1_7701089528,200,1,0.0
EUW1_7701111664,100,1,0.0
EUW1_7701111664,200,0,0.0
EUW1_7701116107,100,1,0.0
EUW1_7701116107,200,0,0.0
EUW1_7701118538,100,0,-2.0
EUW1_7701118538,200,1,2.0
EUW1_7701122786,100,0,0.0
EUW1_7701122786,200,1,0.0
EUW1_7701123078,100,1,2.0
EUW1_7701123078,200,0,-2.0
EUW1_7701125288,100,0,0.0
EUW1_7701125288,200,1,0.0
EUW1_7701135034,100,1,-0.6666666666666661
EUW1_7701135034,200,0,0.6666666666666661
EUW1_7701151930,100,1,0.0
EUW1_7701151930,200,0,0.0
EUW1_7701160511,100,0,0.0
EUW1_7701160511,200,1,0.0
EUW1_7701160609,100,1,-1.0
EUW1_7701160609,200,0,1.0
EUW1_7701165199,100,1,0.0
EUW1_7701165199,200,0,0.0
EUW1_7701168432,100,0,0.0
EUW1_7701168432,200,1,0.0
EUW1_7701170575,100,1,-1.0
EUW1_7701170575,200,0,1.0
EUW1_7701189767,100,0,0.0
EUW1_7701189767,200,1,0.0
EUW1_7701206508,100,1,0.0
EUW1_7701206508,200,0,0.0
EUW1_7701208493,100,0,-1.0
EUW1_7701208493,200,1,1.0
EUW1_7701209454,100,1,0.0
EUW1_7701209454,200,0,0.0
EUW1_7701210892,100,0,0.0
EUW1_7701210892,200,1,0.0
EUW1_7701214208,100,1,1.0
EUW1_7701214208,200,0,-1.0
EUW1_7701215304,100,1,-2.0
EUW1_7701215304,200,0,2.0
EUW1_7701228947,100,0,0.0
EUW1_7701228947,200,1,0.0
EUW1_7701231850,100,0,0.6666666666666661
EUW1_7701231850,200,1,-0.6666666666666661
EUW1_7701232988,100,0,-1.0
EUW1_7701232988,200,1,1.0
EUW1_7701238469,100,0,0.0
EUW1_7701238469,200,1,0.0
EUW1_7701245725,100,0,0.0
EUW1_7701245725,200,1,0.0
EUW1_7701253767,100,1,0.0
EUW1_7701253767,200,0,0.0
EUW1_7701262246,100,1,0.0
EUW1_7701262246,200,0,0.0
EUW1_7701264484,100,0,0.0
EUW1_7701264484,200,1,0.0
EUW1_7701266835,100,1,0.0
EUW1_7701266835,200,0,0.0
EUW1_7701269681,100,0,2.0
EUW1_7701269681,200,1,-2.0
EUW1_7701284450,100,0,-2.0
EUW1_7701284450,200,1,2.0
EUW1_7701285151,100,1,0.0
EUW1_7701285151,200,0,0.0
EUW1_7701286627,100,0,0.6666666666666661
EUW1_7701286627,200,1,-0.6666666666666661
EUW1_7701296548,100,0,-2.0
EUW1_7701296548,200,1,2.0
EUW1_7701327218,100,1,0.0
EUW1_7701327218,200,0,0.0
EUW1_7701329186,100,1,0.0
EUW1_7701329186,200,0,0.0
EUW1_7701335690,100,0,-1.0
EUW1_7701335690,200,1,1.0
EUW1_7701341393,100,0,0.0
EUW1_7701341393,200,1,0.0
EUW1_7701342530,100,0,0.0
EUW1_7701342530,200,1,0.0
EUW1_7701354400,100,1,0.0
EUW1_7701354400,200,0,0.0
EUW1_7701375090,100,0,0.0
EUW1_7701375090,200,1,0.0
EUW1_7701377796,100,1,0.0
EUW1_7701377796,200,0,0.0
EUW1_7701393183,100,1,0.0
EUW1_7701393183,200,0,0.0
EUW1_7701395607,100,0,-2.0
EUW1_7701395607,200,1,2.0
EUW1_7701400096,100,0,-1.0
EUW1_7701400096,200,1,1.0
EUW1_7701430097,100,0,0.0
EUW1_7701430097,200,1,0.0
EUW1_7701455358,100,1,-0.6666666666666661
EUW1_7701455358,200,0,0.6666666666666661
EUW1_7701484686,100,0,0.0
EUW1_7701484686,200,1,0.0
EUW1_7701489079,100,0,0.0
EUW1_7701489079,200,1,0.0
EUW1_7701518008,100,1,-0.5
EUW1_7701518008,200,0,0.5
EUW1_7701529382,100,0,0.0
EUW1_7701529382,200,1,0.0
EUW1_7701537939,100,1,0.0
EUW1_7701537939,200,0,0.0
EUW1_7701559635,100,0,-1.0
EUW1_7701559635,200,1,1.0
EUW1_7701560358,100,0,0.0
EUW1_7701560358,200,1,0.0
EUW1_7701560887,100,1,-1.0
EUW1_7701560887,200,0,1.0
EUW1_7701563725,100,1,0.0
EUW1_7701563725,200,0,0.0
EUW1_7701570580,100,1,0.0
EUW1_7701570580,200,0,0.0
EUW1_7701575481,100,1,1.0
EUW1_7701575481,200,0,-1.0
EUW1_7701577949,100,1,0.0
EUW1_7701577949,200,0,0.0
EUW1_7701578079,100,1,0.0
EUW1_7701578079,200,0,0.0
EUW1_7701599251,100,1,-1.0
EUW1_7701599251,200,0,1.0
EUW1_7701604422,100,0,2.0
EUW1_7701604422,200,1,-2.0
EUW1_7701617676,100,0,0.0
EUW1_7701617676,200,1,0.0
EUW1_7701620906,100,1,-0.6666666666666661
EUW1_7701620906,200,0,0.6666666666666661
EUW1_7701624820,100,0,1.0
EUW1_7701624820,200,1,-1.0
EUW1_7701664952,100,1,0.0
EUW1_7701664952,200,0,0.0
EUW1_7701668143,100,0,2.0
EUW1_7701668143,200,1,-2.0
EUW1_7701685289,100,1,1.333333333333334
EUW1_7701685289,200,0,-1.333333333333334
EUW1_7701688722,100,1,0.0
EUW1_7701688722,200,0,0.0
EUW1_7701702637,100,1,0.0
EUW1_7701702637,200,0,0.0
EUW1_7701710645,100,0,2.0
EUW1_7701710645,200,1,-2.0
EUW1_7701725371,100,1,0.0
EUW1_7701725371,200,0,0.0
EUW1_7701725828,100,0,0.0
EUW1_7701725828,200,1,0.0
EUW1_7701729878,100,0,0.0
EUW1_7701729878,200,1,0.0
EUW1_7701735713,100,0,0.0
EUW1_7701735713,200,1,0.0
EUW1_7701737095,100,1,0.0
EUW1_7701737095,200,0,0.0
EUW1_7701741511,100,0,1.0
EUW1_7701741511,200,1,-1.0
EUW1_7701752356,100,0,1.0
EUW1_7701752356,200,1,-1.0
EUW1_7701778087,100,1,2.0
EUW1_7701778087,200,0,-2.0
EUW1_7701796439,100,0,0.0
EUW1_7701796439,200,1,0.0
EUW1_7701797838,100,1,0.0
EUW1_7701797838,200,0,0.0
EUW1_7701813507,100,0,-1.333333333333334
EUW1_7701813507,200,1,1.333333333333334
EUW1_7701819847,100,0,0.0
EUW1_7701819847,200,1,0.0
EUW1_7701825104,100,1,0.8333333333333339
EUW1_7701825104,200,0,-0.8333333333333339
EUW1_7701852867,100,0,0.0
EUW1_7701852867,200,1,0.0
EUW1_7701858294,100,1,0.0
EUW1_7701858294,200,0,0.0
EUW1_7701868226,100,1,0.0
EUW1_7701868226,200,0,0.0
EUW1_7701870401,100,0,0.0
EUW1_7701870401,200,1,0.0
EUW1_7701878291,100,1,1.333333333333334
EUW1_7701878291,200,0,-1.333333333333334
EUW1_7701884946,100,0,0.0
EUW1_7701884946,200,1,0.0
EUW1_7701895720,100,1,-2.0
EUW1_7701895720,200,0,2.0
EUW1_7701896690,100,1,0.0
EUW1_7701896690,200,0,0.0
EUW1_7701905958,100,1,0.0
EUW1_7701905958,200,0,0.0
EUW1_7701908999,100,0,-1.0
EUW1_7701908999,200,1,1.0
EUW1_7701911124,100,1,1.0
EUW1_7701911124,200,0,-1.0
EUW1_7701913894,100,0,2.0
EUW1_7701913894,200,1,-2.0
EUW1_7701919305,100,0,-2.0
EUW1_7701919305,200,1,2.0
EUW1_7701940824,100,1,0.0
EUW1_7701940824,200,0,0.0
EUW1_7701944672,100,0,-2.0
EUW1_7701944672,200,1,2.0
EUW1_7701980864,100,1,0.0
EUW1_7701980864,200,0,0.0
EUW1_7701985268,100,0,0.0
EUW1_7701985268,200,1,0.0
EUW1_7701988452,100,1,0.6666666666666661
EUW1_7701988452,200,0,-0.6666666666666661
EUW1_7702003661,100,0,0.0
EUW1_7702003661,200,1,0.0
EUW1_7702031974,100,1,0.0
EUW1_7702031974,200,0,0.0
EUW1_7702034504,100,1,0.0
EUW1_7702034504,200,0,0.0
EUW1_7702034899,100,1,0.0
EUW1_7702034899,200,0,0.0
EUW1_7702045498,100,1,0.0
EUW1_7702045498,200,0,0.0
EUW1_7702058903,100,0,0.0
EUW1_7702058903,200,1,0.0
EUW1_7702061802,100,1,0.0
EUW1_7702061802,200,0,0.0
EUW1_7702064738,100,0,0.0
EUW1_7702064738,200,1,0.0
EUW1_7702071327,100,1,0.0
EUW1_7702071327,200,0,0.0
EUW1_7702088619,100,0,-0.6666666666666661
EUW1_7702088619,200,1,0.6666666666666661
EUW1_7702095055,100,1,0.0
EUW1_7702095055,200,0,0.0
EUW1_7702099382,100,0,0.0
EUW1_7702099382,200,1,0.0
EUW1_7702103330,100,0,-1.0
EUW1_7702103330,200,1,1.0
EUW1_7702107581,100,0,0.0
EUW1_7702107581,200,1,0.0
EUW1_7702110722,100,0,0.0
EUW1_7702110722,200,1,0.0
EUW1_7702130371,100,1,2.0
EUW1_7702130371,200,0,-2.0
EUW1_7702134394,100,0,0.0
EUW1_7702134394,200,1,0.0
EUW1_7702143064,100,0,0.0
EUW1_7702143064,200,1,0.0
EUW1_7702144510,100,0,-2.0
EUW1_7702144510,200,1,2.0
EUW1_7702162211,100,1,0.0
EUW1_7702162211,200,0,0.0
EUW1_7702164426,100,0,0.0
EUW1_7702164426,200,1,0.0
EUW1_7702173197,100,1,0.0
EUW1_7702173197,200,0,0.0
EUW1_7702177619,100,0,0.0
EUW1_7702177619,200,1,0.0
EUW1_7702182917,100,1,0.0
EUW1_7702182917,200,0,0.0
EUW1_7702195981,100,1,0.0
EUW1_7702195981,200,0,0.0
EUW1_7702204089,100,1,0.0
EUW1_7702204089,200,0,0.0
EUW1_7702206052,100,0,0.0
EUW1_7702206052,200,1,0.0
EUW1_7702206827,100,0,0.0
EUW1_7702206827,200,1,0.0
EUW1_7702213180,100,0,2.0
EUW1_7702213180,200,1,-2.0
EUW1_7702218692,100,0,0.0
EUW1_7702218692,200,1,0.0
EUW1_7702230451,100,0,0.0
EUW1_7702230451,200,1,0.0
EUW1_7702231319,100,0,0.0
EUW1_7702231319,200,1,0.0
EUW1_7702232797,100,0,0.0
EUW1_7702232797,200,1,0.0
EUW1_7702262527,100,0,-2.0
EUW1_7702262527,200,1,2.0
EUW1_7702278061,100,0,0.0
EUW1_7702278061,200,1,0.0
EUW1_7702299849,100,1,0.0
EUW1_7702299849,200,0,0.0
EUW1_7702309530,100,0,0.0
EUW1_7702309530,200,1,0.0
EUW1_7702320853,100,0,0.0
EUW1_7702320853,200,1,0.0
EUW1_7702327616,100,0,0.0
EUW1_7702327616,200,1,0.0
EUW1_7702330784,100,1,-1.0
EUW1_7702330784,200,0,1.0
EUW1_7702339216,100,0,0.0
EUW1_7702339216,200,1,0.0
EUW1_7702339423,100,0,-2.0
EUW1_7702339423,200,1,2.0
EUW1_7702366711,100,0,0.3333333333333339
EUW1_7702366711,200,1,-0.3333333333333339
EUW1_7702367002,100,1,0.0
EUW1_7702367002,200,0,0.0
EUW1_7702367508,100,0,-2.0
EUW1_7702367508,200,1,2.0
EUW1_7702368656,100,1,0.0
EUW1_7702368656,200,0,0.0
EUW1_7702368913,100,0,2.0
EUW1_7702368913,200,1,-2.0
EUW1_7702370734,100,0,2.0
EUW1_7702370734,200,1,-2.0
EUW1_7702379668,100,0,2.0
EUW1_7702379668,200,1,-2.0
EUW1_7702385805,100,1,2.0
EUW1_7702385805,200,0,-2.0
EUW1_7702387136,100,1,0.0
EUW1_7702387136,200,0,0.0
EUW1_7702390561,100,0,-0.3333333333333339
EUW1_7702390561,200,1,0.3333333333333339
EUW1_7702397916,100,1,0.0
EUW1_7702397916,200,0,0.0
EUW1_7702401550,100,0,0.0
EUW1_7702401550,200,1,0.0
EUW1_7702402138,100,1,0.0
EUW1_7702402138,200,0,0.0
EUW1_7702403260,100,1,-1.333333333333334
EUW1_7702403260,200,0,1.333333333333334
EUW1_7702403397,100,0,-1.0
EUW1_7702403397,200,1,1.0
EUW1_7702406760,100,1,0.6666666666666661
EUW1_7702406760,200,0,-0.6666666666666661
EUW1_7702420737,100,0,0.0
EUW1_7702420737,200,1,0.0
EUW1_7702421354,100,0,0.0
EUW1_7702421354,200,1,0.0
EUW1_7702423265,100,1,0.6666666666666661
EUW1_7702423265,200,0,-0.6666666666666661
EUW1_7702425039,100,0,1.0
EUW1_7702425039,200,1,-1.0
EUW1_7702431620,100,0,0.0
EUW1_7702431620,200,1,0.0
EUW1_7702433636,100,0,2.0
EUW1_7702433636,200,1,-2.0
EUW1_7702435655,100,1,0.0
EUW1_7702435655,200,0,0.0
EUW1_7702437548,100,1,0.0
EUW1_7702437548,200,0,0.0
EUW1_7702438434,100,0,1.0
EUW1_7702438434,200,1,-1.0
EUW1_7702453760,100,1,0.0
EUW1_7702453760,200,0,0.0
EUW1_7702471499,100,0,-2.0
EUW1_7702471499,200,1,2.0
EUW1_7702472858,100,0,0.0
EUW1_7702472858,200,1,0.0
EUW1_7702474883,100,1,-1.0
EUW1_7702474883,200,0,1.0
EUW1_7702480328,100,0,0.0
EUW1_7702480328,200,1,0.0
EUW1_7702481111,100,1,0.0
EUW1_7702481111,200,0,0.0
EUW1_7702483256,100,1,2.0
EUW1_7702483256,200,0,-2.0
EUW1_7702492321,100,0,1.0
EUW1_7702492321,200,1,-1.0
EUW1_7702502779,100,1,-0.3333333333333339
EUW1_7702502779,200,0,0.3333333333333339
EUW1_7702508129,100,0,0.0
EUW1_7702508129,200,1,0.0
EUW1_7702519480,100,1,0.0
EUW1_7702519480,200,0,0.0
EUW1_7702520481,100,1,0.0
EUW1_7702520481,200,0,0.0
EUW1_7702523490,100,1,0.0
EUW1_7702523490,200,0,0.0
EUW1_7702529251,100,1,-1.0
EUW1_7702529251,200,0,1.0
EUW1_7702529783,100,0,0.0
EUW1_7702529783,200,1,0.0
EUW1_7702539754,100,1,0.0
EUW1_7702539754,200,0,0.0
EUW1_7702543292,100,0,0.0
EUW1_7702543292,200,1,0.0
EUW1_7702549982,100,1,0.0
EUW1_7702549982,200,0,0.0
EUW1_7702550615,100,1,1.0
EUW1_7702550615,200,0,-1.0
EUW1_7702552667,100,1,0.0
EUW1_7702552667,200,0,0.0
EUW1_7702554225,100,0,-2.0
EUW1_7702554225,200,1,2.0
EUW1_7702557174,100,0,0.0
EUW1_7702557174,200,1,0.0
EUW1_7702586343,100,0,2.0
EUW1_7702586343,200,1,-2.0
EUW1_7702588456,100,1,0.0
EUW1_7702588456,200,0,0.0
EUW1_7702589098,100,1,0.0
EUW1_7702589098,200,0,0.0
EUW1_7702591527,100,0,0.0
EUW1_7702591527,200,1,0.0
EUW1_7702592418,100,0,0.0
EUW1_7702592418,200,1,0.0
EUW1_7702598885,100,0,0.6666666666666661
EUW1_7702598885,200,1,-0.6666666666666661
EUW1_7702602291,100,0,2.0
EUW1_7702602291,200,1,-2.0
EUW1_7702611645,100,1,0.0
EUW1_7702611645,200,0,0.0
EUW1_7702614465,100,1,1.0
EUW1_7702614465,200,0,-1.0
EUW1_7702618947,100,1,0.0
EUW1_7702618947,200,0,0.0
EUW1_7702619195,100,1,0.0
EUW1_7702619195,200,0,0.0
EUW1_7702626490,100,0,0.0
EUW1_7702626490,200,1,0.0
EUW1_7702627080,100,1,0.0
EUW1_7702627080,200,0,0.0
EUW1_7702627633,100,0,-2.0
EUW1_7702627633,200,1,2.0
EUW1_7702640758,100,0,0.0
EUW1_7702640758,200,1,0.0
EUW1_7702645460,100,0,0.0
EUW1_7702645460,200,1,0.0
EUW1_7702649428,100,0,0.0
EUW1_7702649428,200,1,0.0
EUW1_7702649949,100,0,0.0
EUW1_7702649949,200,1,0.0
EUW1_7702651164,100,1,0.6666666666666661
EUW1_7702651164,200,0,-0.6666666666666661
EUW1_7702654389,100,1,0.0
EUW1_7702654389,200,0,0.0
EUW1_7702661128,100,0,0.0
EUW1_7702661128,200,1,0.0
EUW1_7702665468,100,0,0.0
EUW1_7702665468,200,1,0.0
EUW1_7702669173,100,1,2.0
EUW1_7702669173,200,0,-2.0
EUW1_7702670494,100,0,0.0
EUW1_7702670494,200,1,0.0
EUW1_7702678223,100,1,0.0
EUW1_7702678223,200,0,0.0
EUW1_7702685142,100,0,0.0
EUW1_7702685142,200,1,0.0
EUW1_7702690497,100,0,0.0
EUW1_7702690497,200,1,0.0
EUW1_7702700233,100,1,0.0
EUW1_7702700233,200,0,0.0
EUW1_7702707114,100,1,-1.0
EUW1_7702707114,200,0,1.0
EUW1_7702707178,100,0,-2.0
EUW1_7702707178,200,1,2.0
EUW1_7702707968,100,0,0.0
EUW1_7702707968,200,1,0.0
EUW1_7702718549,100,0,0.0
EUW1_7702718549,200,1,0.0
EUW1_7702722746,100,0,0.0
EUW1_7702722746,200,1,0.0
EUW1_7702726850,100,1,2.0
EUW1_7702726850,200,0,-2.0
EUW1_7702727942,100,0,1.0
EUW1_7702727942,200,1,-1.0
EUW1_7702728168,100,1,0.0
EUW1_7702728168,200,0,0.0
EUW1_7702752210,100,1,1.0
EUW1_7702752210,200,0,-1.0
EUW1_7702759590,100,0,1.0
EUW1_7702759590,200,1,-1.0
EUW1_7702766423,100,1,0.0
EUW1_7702766423,200,0,0.0
EUW1_7702771539,100,1,0.0
EUW1_7702771539,200,0,0.0
EUW1_7702776199,100,0,0.0
EUW1_7702776199,200,1,0.0
EUW1_7702778206,100,1,1.0
EUW1_7702778206,200,0,-1.0
EUW1_7702782169,100,1,0.0
EUW1_7702782169,200,0,0.0
EUW1_7702785767,100,0,-1.0
EUW1_7702785767,200,1,1.0
EUW1_7702790238,100,0,0.0
EUW1_7702790238,200,1,0.0
EUW1_7702799155,100,0,0.0
EUW1_7702799155,200,1,0.0
EUW1_7702807058,100,0,0.0
EUW1_7702807058,200,1,0.0
EUW1_7702813902,100,1,1.0
EUW1_7702813902,200,0,-1.0
EUW1_7702823148,100,0,0.0
EUW1_7702823148,200,1,0.0
EUW1_7702832435,100,0,0.0
EUW1_7702832435,200,1,0.0
EUW1_7702847900,100,1,2.0
EUW1_7702847900,200,0,-2.0
EUW1_7702851490,100,0,2.0
EUW1_7702851490,200,1,-2.0
EUW1_7702855445,100,1,0.0
EUW1_7702855445,200,0,0.0
EUW1_7702863170,100,0,0.0
EUW1_7702863170,200,1,0.0
EUW1_7702871391,100,1,2.0
EUW1_7702871391,200,0,-2.0
EUW1_7702874611,100,0,0.0
EUW1_7702874611,200,1,0.0
EUW1_7702876026,100,0,0.0
EUW1_7702876026,200,1,0.0
EUW1_7702883414,100,0,0.0
EUW1_7702883414,200,1,0.0
EUW1_7702885875,100,1,0.0
EUW1_7702885875,200,0,0.0
EUW1_7702907978,100,0,2.0
EUW1_7702907978,200,1,-2.0
EUW1_7702915203,100,1,0.0
EUW1_7702915203,200,0,0.0
EUW1_7702943109,100,0,0.0
EUW1_7702943109,200,1,0.0
EUW1_7702952409,100,1,2.0
EUW1_7702952409,200,0,-2.0
EUW1_7702967908,100,0,-1.0
EUW1_7702967908,200,1,1.0
EUW1_7702974612,100,1,0.0
EUW1_7702974612,200,0,0.0
EUW1_7702992046,100,1,0.0
EUW1_7702992046,200,0,0.0
EUW1_7702995134,100,1,0.0
EUW1_7702995134,200,0,0.0
EUW1_7703015483,100,0,0.0
EUW1_7703015483,200,1,0.0
EUW1_7703028340,100,0,0.0
EUW1_7703028340,200,1,0.0
EUW1_7703037205,100,0,0.0
EUW1_7703037205,200,1,0.0
EUW1_7703054984,100,1,0.0
EUW1_7703054984,200,0,0.0
EUW1_7703059559,100,0,0.0
EUW1_7703059559,200,1,0.0
EUW1_7703070554,100,1,-2.0
EUW1_7703070554,200,0,2.0
EUW1_7703075748,100,1,0.0
EUW1_7703075748,200,0,0.0
EUW1_7703082654,100,0,0.0
EUW1_7703082654,200,1,0.0
EUW1_7703096029,100,1,2.0
EUW1_7703096029,200,0,-2.0
EUW1_7703108701,100,1,0.0
EUW1_7703108701,200,0,0.0
EUW1_7703112351,100,1,0.0
EUW1_7703112351,200,0,0.0
EUW1_7703112744,100,0,0.0
EUW1_7703112744,200,1,0.0
EUW1_7703116779,100,0,-2.0
EUW1_7703116779,200,1,2.0
EUW1_7703116967,100,0,0.0
EUW1_7703116967,200,1,0.0
EUW1_7703131164,100,1,-1.333333333333334
EUW1_7703131164,200,0,1.333333333333334
EUW1_7703140122,100,1,1.0
EUW1_7703140122,200,0,-1.0
EUW1_7703153579,100,1,0.0
EUW1_7703153579,200,0,0.0
EUW1_7703170482,100,0,0.0
EUW1_7703170482,200,1,0.0
EUW1_7703189334,100,1,2.0
EUW1_7703189334,200,0,-2.0
EUW1_7703194427,100,1,0.0
EUW1_7703194427,200,0,0.0
EUW1_7703203451,100,1,2.0
EUW1_7703203451,200,0,-2.0
EUW1_7703212529,100,1,0.0
EUW1_7703212529,200,0,0.0
EUW1_7703214787,100,0,0.0
EUW1_7703214787,200,1,0.0
EUW1_7703228489,100,0,0.0
EUW1_7703228489,200,1,0.0
EUW1_7703229595,100,0,-1.0
EUW1_7703229595,200,1,1.0
EUW1_7703234869,100,1,1.0
EUW1_7703234869,200,0,-1.0
EUW1_7703238326,100,0,0.0
EUW1_7703238326,200,1,0.0
EUW1_7703238669,100,0,0.0
EUW1_7703238669,200,1,0.0
EUW1_7703257642,100,0,0.0
EUW1_7703257642,200,1,0.0
EUW1_7703259670,100,1,0.0
EUW1_7703259670,200,0,0.0
EUW1_7703267228,100,1,0.0
EUW1_7703267228,200,0,0.0
EUW1_7703276990,100,0,0.0
EUW1_7703276990,200,1,0.0
EUW1_7703281434,100,1,0.0
EUW1_7703281434,200,0,0.0
EUW1_7703287975,100,1,0.0
EUW1_7703287975,200,0,0.0
EUW1_7703303336,100,0,0.0
EUW1_7703303336,200,1,0.0
EUW1_7703317894,100,1,0.0
EUW1_7703317894,200,0,0.0
EUW1_7703321721,100,0,0.0
EUW1_7703321721,200,1,0.0
EUW1_7703333578,100,0,0.0
EUW1_7703333578,200,1,0.0
EUW1_7703338463,100,1,0.0
EUW1_7703338463,200,0,0.0
EUW1_7703340121,100,1,0.0
EUW1_7703340121,200,0,0.0
EUW1_7703344759,100,0,0.0
EUW1_7703344759,200,1,0.0
EUW1_7703351586,100,1,-1.0
EUW1_7703351586,200,0,1.0
EUW1_7703365930,100,1,0.0
EUW1_7703365930,200,0,0.0
EUW1_7703368121,100,0,0.0
EUW1_7703368121,200,1,0.0
EUW1_7703377492,100,0,2.0
EUW1_7703377492,200,1,-2.0
EUW1_7703379784,100,0,0.0
EUW1_7703379784,200,1,0.0
EUW1_7703379886,100,1,2.0
EUW1_7703379886,200,0,-2.0
EUW1_7703385008,100,1,0.0
EUW1_7703385008,200,0,0.0
EUW1_7703394309,100,1,2.0
EUW1_7703394309,200,0,-2.0
EUW1_7703396019,100,0,0.0
EUW1_7703396019,200,1,0.0
EUW1_7703400360,100,0,1.0
EUW1_7703400360,200,1,-1.0
EUW1_7703408334,100,0,0.0
EUW1_7703408334,200,1,0.0
EUW1_7703409293,100,1,0.0
EUW1_7703409293,200,0,0.0
EUW1_7703430471,100,1,0.0
EUW1_7703430471,200,0,0.0
EUW1_7703431141,100,1,1.0
EUW1_7703431141,200,0,-1.0
EUW1_7703431606,100,0,0.5
EUW1_7703431606,200,1,-0.5
EUW1_7703447059,100,0,0.0
EUW1_7703447059,200,1,0.0
EUW1_7703452553,100,1,0.0
EUW1_7703452553,200,0,0.0
EUW1_7703455134,100,0,0.0
EUW1_7703455134,200,1,0.0
EUW1_7703463826,100,0,0.0
EUW1_7703463826,200,1,0.0
EUW1_7703467238,100,1,-2.0
EUW1_7703467238,200,0,2.0
EUW1_7703467819,100,1,0.0
EUW1_7703467819,200,0,0.0
EUW1_7703474991,100,1,-1.0
EUW1_7703474991,200,0,1.0
EUW1_7703482683,100,1,0.0
EUW1_7703482683,200,0,0.0
EUW1_7703482936,100,0,0.0
EUW1_7703482936,200,1,0.0
EUW1_7703482965,100,0,0.0
EUW1_7703482965,200,1,0.0
EUW1_7703484797,100,0,2.0
EUW1_7703484797,200,1,-2.0
EUW1_7703492552,100,1,-1.0
EUW1_7703492552,200,0,1.0
EUW1_7703497655,100,0,0.0
EUW1_7703497655,200,1,0.0
EUW1_7703498804,100,1,0.0
EUW1_7703498804,200,0,0.0
EUW1_7703499504,100,0,0.0
EUW1_7703499504,200,1,0.0
EUW1_7703507932,100,0,0.0
EUW1_7703507932,200,1,0.0
EUW1_7703509591,100,1,-2.0
EUW1_7703509591,200,0,2.0
EUW1_7703513995,100,0,-2.0
EUW1_7703513995,200,1,2.0
EUW1_7703515197,100,0,0.0
EUW1_7703515197,200,1,0.0
EUW1_7703516310,100,1,0.0
EUW1_7703516310,200,0,0.0
EUW1_7703518666,100,0,-2.0
EUW1_7703518666,200,1,2.0
EUW1_7703521613,100,0,-1.0
EUW1_7703521613,200,1,1.0
EUW1_7703524109,100,1,-2.0
EUW1_7703524109,200,0,2.0
EUW1_7703526156,100,1,0.0
EUW1_7703526156,200,0,0.0
EUW1_7703529642,100,1,0.0
EUW1_7703529642,200,0,0.0
EUW1_7703534517,100,0,0.0
EUW1_7703534517,200,1,0.0
EUW1_7703538132,100,1,0.0
EUW1_7703538132,200,0,0.0
EUW1_7703543620,100,0,-1.0
EUW1_7703543620,200,1,1.0
EUW1_7703545218,100,1,-2.0
EUW1_7703545218,200,0,2.0
EUW1_7703548257,100,0,0.0
EUW1_7703548257,200,1,0.0
EUW1_7703549494,100,0,0.0
EUW1_7703549494,200,1,0.0
EUW1_7703559939,100,1,0.0
EUW1_7703559939,200,0,0.0
EUW1_7703560156,100,1,2.0
EUW1_7703560156,200,0,-2.0
EUW1_7703567841,100,0,1.0
EUW1_7703567841,200,1,-1.0
EUW1_7703568607,100,0,0.0
EUW1_7703568607,200,1,0.0
EUW1_7703574794,100,0,-1.0
EUW1_7703574794,200,1,1.0
EUW1_7703576128,100,1,1.0
EUW1_7703576128,200,0,-1.0
EUW1_7703576293,100,1,0.33333333333333304
EUW1_7703576293,200,0,-0.33333333333333304
EUW1_7703577083,100,1,0.0
EUW1_7703577083,200,0,0.0
EUW1_7703591422,100,1,0.0
EUW1_7703591422,200,0,0.0
EUW1_7703592442,100,0,0.0
EUW1_7703592442,200,1,0.0
EUW1_7703595617,100,0,0.0
EUW1_7703595617,200,1,0.0
EUW1_7703606582,100,0,0.0
EUW1_7703606582,200,1,0.0
EUW1_7703609925,100,0,1.0
EUW1_7703609925,200,1,-1.0
EUW1_7703613594,100,1,0.0
EUW1_7703613594,200,0,0.0
EUW1_7703623994,100,0,0.0
EUW1_7703623994,200,1,0.0
EUW1_7703624716,100,0,0.0
EUW1_7703624716,200,1,0.0
EUW1_7703640236,100,1,0.0
EUW1_7703640236,200,0,0.0
EUW1_7703642789,100,0,0.0
EUW1_7703642789,200,1,0.0
EUW1_7703643520,100,0,0.0
EUW1_7703643520,200,1,0.0
EUW1_7703647317,100,0,0.0
EUW1_7703647317,200,1,0.0
EUW1_7703648551,100,1,-1.0
EUW1_7703648551,200,0,1.0
EUW1_7703651784,100,1,0.0
EUW1_7703651784,200,0,0.0
EUW1_7703656365,100,1,1.0
EUW1_7703656365,200,0,-1.0
EUW1_7703657732,100,0,-0.6666666666666661
EUW1_7703657732,200,1,0.6666666666666661
EUW1_7703670770,100,1,0.0
EUW1_7703670770,200,0,0.0
EUW1_7703674193,100,1,0.0
EUW1_7703674193,200,0,0.0
EUW1_7703675190,100,0,0.0
EUW1_7703675190,200,1,0.0
EUW1_7703677513,100,0,0.0
EUW1_7703677513,200,1,0.0
EUW1_7703688757,100,1,0.0
EUW1_7703688757,200,0,0.0
EUW1_7703693464,100,0,-2.0
EUW1_7703693464,200,1,2.0
EUW1_7703698468,100,0,0.0
EUW1_7703698468,200,1,0.0
EUW1_7703702772,100,0,0.0
EUW1_7703702772,200,1,0.0
EUW1_7703703068,100,1,0.0
EUW1_7703703068,200,0,0.0
EUW1_7703706658,100,1,0.0
EUW1_7703706658,200,0,0.0
EUW1_7703712899,100,1,0.0
EUW1_7703712899,200,0,0.0
EUW1_7703714064,100,1,0.0
EUW1_7703714064,200,0,0.0
EUW1_7703720615,100,0,0.0
EUW1_7703720615,200,1,0.0
EUW1_7703735273,100,1,0.0
EUW1_7703735273,200,0,0.0
EUW1_7703756617,100,0,0.0
EUW1_7703756617,200,1,0.0
EUW1_7703758766,100,1,-2.0
EUW1_7703758766,200,0,2.0
EUW1_7703761633,100,0,-2.0
EUW1_7703761633,200,1,2.0
EUW1_7703764791,100,0,-2.0
EUW1_7703764791,200,1,2.0
EUW1_7703767237,100,1,0.0
EUW1_7703767237,200,0,0.0
EUW1_7703768939,100,0,0.0
EUW1_7703768939,200,1,0.0
EUW1_7703775791,100,1,1.0
EUW1_7703775791,200,0,-1.0
EUW1_7703776019,100,0,2.0
EUW1_7703776019,200,1,-2.0
EUW1_7703780225,100,1,-1.0
EUW1_7703780225,200,0,1.0
EUW1_7703783786,100,1,0.0
EUW1_7703783786,200,0,0.0
EUW1_7703789185,100,1,0.0
EUW1_7703789185,200,0,0.0
EUW1_7703790945,100,1,2.0
EUW1_7703790945,200,0,-2.0
EUW1_7703791047,100,0,0.0
EUW1_7703791047,200,1,0.0
EUW1_7703791587,100,1,0.0
EUW1_7703791587,200,0,0.0
EUW1_7703795399,100,1,0.0
EUW1_7703795399,200,0,0.0
EUW1_7703800905,100,0,-1.0
EUW1_7703800905,200,1,1.0
EUW1_7703812068,100,1,0.0
EUW1_7703812068,200,0,0.0
EUW1_7703816159,100,0,0.0
EUW1_7703816159,200,1,0.0
EUW1_7703816381,100,1,0.3333333333333339
EUW1_7703816381,200,0,-0.3333333333333339
EUW1_7703818506,100,0,0.0
EUW1_7703818506,200,1,0.0
EUW1_7703818593,100,0,0.0
EUW1_7703818593,200,1,0.0
EUW1_7703819064,100,0,0.0
EUW1_7703819064,200,1,0.0
EUW1_7703825276,100,1,2.0
EUW1_7703825276,200,0,-2.0
EUW1_7703826012,100,1,0.0
EUW1_7703826012,200,0,0.0
EUW1_7703832083,100,0,0.0
EUW1_7703832083,200,1,0.0
EUW1_7703833433,100,0,1.0
EUW1_7703833433,200,1,-1.0
EUW1_7703836386,100,0,0.0
EUW1_7703836386,200,1,0.0
EUW1_7703841871,100,1,-2.0
EUW1_7703841871,200,0,2.0
EUW1_7703846456,100,0,0.0
EUW1_7703846456,200,1,0.0
EUW1_7703848463,100,0,0.6666666666666661
EUW1_7703848463,200,1,-0.6666666666666661
EUW1_7703850190,100,1,-2.0
EUW1_7703850190,200,0,2.0
EUW1_7703854039,100,1,0.0
EUW1_7703854039,200,0,0.0
EUW1_7703859775,100,0,-2.0
EUW1_7703859775,200,1,2.0
EUW1_7703861190,100,1,-2.0
EUW1_7703861190,200,0,2.0
EUW1_7703864618,100,0,-2.0
EUW1_7703864618,200,1,2.0
EUW1_7703867925,100,1,0.0
EUW1_7703867925,200,0,0.0
EUW1_7703874860,100,0,-2.0
EUW1_7703874860,200,1,2.0
EUW1_7703875219,100,1,0.6666666666666661
EUW1_7703875219,200,0,-0.6666666666666661
EUW1_7703880753,100,0,-1.5
EUW1_7703880753,200,1,1.5
EUW1_7703889948,100,0,0.0
EUW1_7703889948,200,1,0.0
EUW1_7703890349,100,0,0.0
EUW1_7703890349,200,1,0.0
EUW1_7703894133,100,1,0.0
EUW1_7703894133,200,0,0.0
EUW1_7703895353,100,0,0.0
EUW1_7703895353,200,1,0.0
EUW1_7703900315,100,1,0.5
EUW1_7703900315,200,0,-0.5
EUW1_7703904084,100,1,0.0
EUW1_7703904084,200,0,0.0
EUW1_7703909596,100,0,2.0
EUW1_7703909596,200,1,-2.0
EUW1_7703910072,100,0,-2.0
EUW1_7703910072,200,1,2.0
EUW1_7703910631,100,0,-2.0
EUW1_7703910631,200,1,2.0
EUW1_7703916573,100,1,0.0
EUW1_7703916573,200,0,0.0
EUW1_7703917638,100,0,0.0
EUW1_7703917638,200,1,0.0
EUW1_7703919382,100,1,-1.0
EUW1_7703919382,200,0,1.0
EUW1_7703922598,100,1,0.0
EUW1_7703922598,200,0,0.0
EUW1_7703924059,100,0,0.0
EUW1_7703924059,200,1,0.0
EUW1_7703941494,100,1,0.0
EUW1_7703941494,200,0,0.0
EUW1_7703943906,100,0,0.0
EUW1_7703943906,200,1,0.0
EUW1_7703946524,100,1,0.0
EUW1_7703946524,200,0,0.0
EUW1_7703948363,100,0,0.0
EUW1_7703948363,200,1,0.0
EUW1_7703955302,100,1,0.0
EUW1_7703955302,200,0,0.0
EUW1_7703961547,100,1,-2.0
EUW1_7703961547,200,0,2.0
EUW1_7703964807,100,1,0.0
EUW1_7703964807,200,0,0.0
EUW1_7703975337,100,1,0.0
EUW1_7703975337,200,0,0.0
EUW1_7703979140,100,0,-2.0
EUW1_7703979140,200,1,2.0
EUW1_7703979617,100,1,0.0
EUW1_7703979617,200,0,0.0
EUW1_7703980417,100,1,0.0
EUW1_7703980417,200,0,0.0
EUW1_7703981009,100,0,0.0
EUW1_7703981009,200,1,0.0
EUW1_7703984587,100,0,0.0
EUW1_7703984587,200,1,0.0
EUW1_7703985629,100,0,0.0
EUW1_7703985629,200,1,0.0
EUW1_7703994016,100,0,2.0
EUW1_7703994016,200,1,-2.0
EUW1_7703996793,100,0,0.0
EUW1_7703996793,200,1,0.0
EUW1_7703999827,100,1,0.0
EUW1_7703999827,200,0,0.0
EUW1_7704003470,100,0,0.0
EUW1_7704003470,200,1,0.0
EUW1_7704008054,100,1,0.0
EUW1_7704008054,200,0,0.0
EUW1_7704012924,100,0,-2.0
EUW1_7704012924,200,1,2.0
EUW1_7704019481,100,1,1.0
EUW1_7704019481,200,0,-1.0
EUW1_7704019767,100,0,2.0
EUW1_7704019767,200,1,-2.0
EUW1_7704024144,100,0,1.0
EUW1_7704024144,200,1,-1.0
EUW1_7704026342,100,1,1.0
EUW1_7704026342,200,0,-1.0
EUW1_7704037127,100,1,0.0
EUW1_7704037127,200,0,0.0
EUW1_7704041768,100,1,0.0
EUW1_7704041768,200,0,0.0
EUW1_7704045246,100,1,0.0
EUW1_7704045246,200,0,0.0
EUW1_7704047019,100,1,0.0
EUW1_7704047019,200,0,0.0
EUW1_7704052782,100,0,-2.0
EUW1_7704052782,200,1,2.0
EUW1_7704056917,100,1,0.0
EUW1_7704056917,200,0,0.0
EUW1_7704060609,100,1,1.0
EUW1_7704060609,200,0,-1.0
EUW1_7704063946,100,0,-1.0
EUW1_7704063946,200,1,1.0
EUW1_7704067556,100,1,0.0
EUW1_7704067556,200,0,0.0
EUW1_7704075891,100,0,1.0
EUW1_7704075891,200,1,-1.0
EUW1_7704076488,100,1,0.0
EUW1_7704076488,200,0,0.0
EUW1_7704078309,100,1,0.0
EUW1_7704078309,200,0,0.0
EUW1_7704080596,100,1,2.0
EUW1_7704080596,200,0,-2.0
EUW1_7704088499,100,1,0.0
EUW1_7704088499,200,0,0.0
EUW1_7704090278,100,1,0.13333333333333464
EUW1_7704090278,200,0,-0.13333333333333464
EUW1_7704091572,100,1,0.0
EUW1_7704091572,200,0,0.0
EUW1_7704097324,100,1,0.0
EUW1_7704097324,200,0,0.0
EUW1_7704098264,100,1,0.0
EUW1_7704098264,200,0,0.0
EUW1_7704106395,100,1,0.0
EUW1_7704106395,200,0,0.0
EUW1_7704116089,100,0,1.0
EUW1_7704116089,200,1,-1.0
EUW1_7704116392,100,0,0.0
EUW1_7704116392,200,1,0.0
EUW1_7704118885,100,0,0.0
EUW1_7704118885,200,1,0.0
EUW1_7704123218,100,0,0.0
EUW1_7704123218,200,1,0.0
EUW1_7704129986,100,1,0.0
EUW1_7704129986,200,0,0.0
EUW1_7704133732,100,1,0.0
EUW1_7704133732,200,0,0.0
EUW1_7704140127,100,1,1.0
EUW1_7704140127,200,0,-1.0
EUW1_7704140336,100,0,-2.0
EUW1_7704140336,200,1,2.0
EUW1_7704142611,100,1,0.0
EUW1_7704142611,200,0,0.0
EUW1_7704146964,100,0,0.0
EUW1_7704146964,200,1,0.0
EUW1_7704148494,100,0,1.0
EUW1_7704148494,200,1,-1.0
EUW1_7704148551,100,1,0.0
EUW1_7704148551,200,0,0.0
EUW1_7704148565,100,1,0.0
EUW1_7704148565,200,0,0.0
EUW1_7704149604,100,0,0.0
EUW1_7704149604,200,1,0.0
EUW1_7704154899,100,1,0.0
EUW1_7704154899,200,0,0.0
EUW1_7704159278,100,1,1.333333333333334
EUW1_7704159278,200,0,-1.333333333333334
EUW1_7704170491,100,1,0.0
EUW1_7704170491,200,0,0.0
EUW1_7704171961,100,0,0.0
EUW1_7704171961,200,1,0.0
EUW1_7704174320,100,1,0.0
EUW1_7704174320,200,0,0.0
EUW1_7704174971,100,1,0.0
EUW1_7704174971,200,0,0.0
EUW1_7704176314,100,0,0.0
EUW1_7704176314,200,1,0.0
EUW1_7704185068,100,0,0.0
EUW1_7704185068,200,1,0.0
EUW1_7704187644,100,0,0.0
EUW1_7704187644,200,1,0.0
EUW1_7704188690,100,0,-1.0
EUW1_7704188690,200,1,1.0
EUW1_7704188922,100,1,0.6666666666666679
EUW1_7704188922,200,0,-0.6666666666666679
EUW1_7704197405,100,0,0.0
EUW1_7704197405,200,1,0.0
EUW1_7704199128,100,0,0.0
EUW1_7704199128,200,1,0.0
EUW1_7704203478,100,0,0.0
EUW1_7704203478,200,1,0.0
EUW1_7704205478,100,0,0.0
EUW1_7704205478,200,1,0.0
EUW1_7704206747,100,1,0.6666666666666661
EUW1_7704206747,200,0,-0.6666666666666661
EUW1_7704207172,100,0,0.0
EUW1_7704207172,200,1,0.0
EUW1_7704212476,100,1,0.0
EUW1_7704212476,200,0,0.0
EUW1_7704217368,100,1,0.6666666666666661
EUW1_7704217368,200,0,-0.6666666666666661
EUW1_7704222639,100,0,0.0
EUW1_7704222639,200,1,0.0
EUW1_7704227626,100,0,0.0
EUW1_7704227626,200,1,0.0
EUW1_7704234380,100,1,0.0
EUW1_7704234380,200,0,0.0
EUW1_7704238736,100,0,2.0
EUW1_7704238736,200,1,-2.0
EUW1_7704240803,100,1,-0.3333333333333339
EUW1_7704240803,200,0,0.3333333333333339
EUW1_7704252910,100,1,-1.0
EUW1_7704252910,200,0,1.0
EUW1_7704258206,100,0,0.0
EUW1_7704258206,200,1,0.0
EUW1_7704268039,100,1,0.0
EUW1_7704268039,200,0,0.0
EUW1_7704275779,100,0,-1.0
EUW1_7704275779,200,1,1.0
EUW1_7704281119,100,1,2.0
EUW1_7704281119,200,0,-2.0
EUW1_7704288693,100,0,2.0
EUW1_7704288693,200,1,-2.0
EUW1_7704293140,100,1,1.0
EUW1_7704293140,200,0,-1.0
EUW1_7704293845,100,1,0.0
EUW1_7704293845,200,0,0.0
EUW1_7704296272,100,0,0.0
EUW1_7704296272,200,1,0.0
EUW1_7704300955,100,1,0.0
EUW1_7704300955,200,0,0.0
EUW1_7704305343,100,1,0.6666666666666661
EUW1_7704305343,200,0,-0.6666666666666661
EUW1_7704310331,100,0,0.0
EUW1_7704310331,200,1,0.0
EUW1_7704321825,100,0,1.0
EUW1_7704321825,200,1,-1.0
EUW1_7704322154,100,0,0.0
EUW1_7704322154,200,1,0.0
EUW1_7704324304,100,1,0.0
EUW1_7704324304,200,0,0.0
EUW1_7704326494,100,0,0.0
EUW1_7704326494,200,1,0.0
EUW1_7704334716,100,1,0.0
EUW1_7704334716,200,0,0.0
EUW1_7704335737,100,0,0.0
EUW1_7704335737,200,1,0.0
EUW1_7704336796,100,0,0.0
EUW1_7704336796,200,1,0.0
EUW1_7704340655,100,0,0.0
EUW1_7704340655,200,1,0.0
EUW1_7704347248,100,0,-1.0
EUW1_7704347248,200,1,1.0
EUW1_7704347725,100,1,1.0
EUW1_7704347725,200,0,-1.0
EUW1_7704352588,100,1,1.0
EUW1_7704352588,200,0,-1.0
EUW1_7704354385,100,1,0.0
EUW1_7704354385,200,0,0.0
EUW1_7704360194,100,1,0.0
EUW1_7704360194,200,0,0.0
EUW1_7704361291,100,1,0.0
EUW1_7704361291,200,0,0.0
EUW1_7704370151,100,1,0.0
EUW1_7704370151,200,0,0.0
EUW1_7704382521,100,1,-0.6666666666666661
EUW1_7704382521,200,0,0.6666666666666661
EUW1_7704385016,100,0,-2.0
EUW1_7704385016,200,1,2.0
EUW1_7704398623,100,0,0.0
EUW1_7704398623,200,1,0.0
EUW1_7704399302,100,1,-1.0
EUW1_7704399302,200,0,1.0
EUW1_7704399367,100,1,0.0
EUW1_7704399367,200,0,0.0
EUW1_7704402260,100,0,0.0
EUW1_7704402260,200,1,0.0
EUW1_7704408918,100,0,0.0
EUW1_7704408918,200,1,0.0
EUW1_7704414135,100,1,2.0
EUW1_7704414135,200,0,-2.0
EUW1_7704415486,100,1,1.0
EUW1_7704415486,200,0,-1.0
EUW1_7704417567,100,0,-1.0
EUW1_7704417567,200,1,1.0
EUW1_7704426040,100,0,-2.0
EUW1_7704426040,200,1,2.0
EUW1_7704426864,100,0,0.0
EUW1_7704426864,200,1,0.0
EUW1_7704433116,100,0,-1.0
EUW1_7704433116,200,1,1.0
EUW1_7704435709,100,0,0.0
EUW1_7704435709,200,1,0.0
EUW1_7704451849,100,0,2.0
EUW1_7704451849,200,1,-2.0
EUW1_7704454452,100,0,0.0
EUW1_7704454452,200,1,0.0
EUW1_7704454655,100,1,0.0
EUW1_7704454655,200,0,0.0
EUW1_7704460701,100,1,0.0
EUW1_7704460701,200,0,0.0
EUW1_7704471253,100,0,2.0
EUW1_7704471253,200,1,-2.0
EUW1_7704473441,100,1,2.0
EUW1_7704473441,200,0,-2.0
EUW1_7704480746,100,0,-1.0
EUW1_7704480746,200,1,1.0
EUW1_7704483824,100,0,0.0
EUW1_7704483824,200,1,0.0
EUW1_7704485649,100,0,1.0
EUW1_7704485649,200,1,-1.0
EUW1_7704488138,100,1,-1.0
EUW1_7704488138,200,0,1.0
EUW1_7704491248,100,1,-1.0
EUW1_7704491248,200,0,1.0
EUW1_7704491308,100,0,0.0
EUW1_7704491308,200,1,0.0
EUW1_7704505265,100,0,2.0
EUW1_7704505265,200,1,-2.0
EUW1_7704518137,100,0,0.0
EUW1_7704518137,200,1,0.0
EUW1_7704518636,100,0,-1.0
EUW1_7704518636,200,1,1.0
EUW1_7704519829,100,0,0.0
EUW1_7704519829,200,1,0.0
EUW1_7704521616,100,0,0.0
EUW1_7704521616,200,1,0.0
EUW1_7704522586,100,0,0.0
EUW1_7704522586,200,1,0.0
EUW1_7704523342,100,1,2.0
EUW1_7704523342,200,0,-2.0
EUW1_7704529605,100,0,-2.0
EUW1_7704529605,200,1,2.0
EUW1_7704539090,100,1,-1.333333333333334
EUW1_7704539090,200,0,1.333333333333334
EUW1_7704553133,100,0,0.0
EUW1_7704553133,200,1,0.0
EUW1_7704563486,100,1,-2.0
EUW1_7704563486,200,0,2.0
EUW1_7704567810,100,0,-2.0
EUW1_7704567810,200,1,2.0
EUW1_7704568510,100,1,0.0
EUW1_7704568510,200,0,0.0
EUW1_7704570829,100,1,0.0
EUW1_7704570829,200,0,0.0
EUW1_7704571067,100,1,1.0
EUW1_7704571067,200,0,-1.0
EUW1_7704578412,100,1,1.0
EUW1_7704578412,200,0,-1.0
EUW1_7704578911,100,1,0.0
EUW1_7704578911,200,0,0.0
EUW1_7704581152,100,1,0.0
EUW1_7704581152,200,0,0.0
EUW1_7704582969,100,0,0.0
EUW1_7704582969,200,1,0.0
EUW1_7704591389,100,0,0.0
EUW1_7704591389,200,1,0.0
EUW1_7704601327,100,0,0.0
EUW1_7704601327,200,1,0.0
EUW1_7704602573,100,1,0.0
EUW1_7704602573,200,0,0.0
EUW1_7704604842,100,0,0.0
EUW1_7704604842,200,1,0.0
EUW1_7704608700,100,1,0.0
EUW1_7704608700,200,0,0.0
EUW1_7704619005,100,1,0.0
EUW1_7704619005,200,0,0.0
EUW1_7704637856,100,0,0.0
EUW1_7704637856,200,1,0.0
EUW1_7704638835,100,1,0.0
EUW1_7704638835,200,0,0.0
EUW1_7704640578,100,0,0.0
EUW1_7704640578,200,1,0.0
EUW1_7704640653,100,0,0.0
EUW1_7704640653,200,1,0.0
EUW1_7704641818,100,0,1.0
EUW1_7704641818,200,1,-1.0
EUW1_7704644208,100,0,1.0
EUW1_7704644208,200,1,-1.0
EUW1_7704644955,100,1,0.0
EUW1_7704644955,200,0,0.0
EUW1_7704646718,100,0,0.0
EUW1_7704646718,200,1,0.0
EUW1_7704650458,100,0,0.0
EUW1_7704650458,200,1,0.0
EUW1_7704651088,100,0,0.0
EUW1_7704651088,200,1,0.0
EUW1_7704657169,100,0,1.0
EUW1_7704657169,200,1,-1.0
EUW1_7704667131,100,0,-2.0
EUW1_7704667131,200,1,2.0
EUW1_7704688655,100,0,2.0
EUW1_7704688655,200,1,-2.0
EUW1_7704695900,100,0,0.0
EUW1_7704695900,200,1,0.0
EUW1_7704695908,100,1,0.0
EUW1_7704695908,200,0,0.0
EUW1_7704698128,100,1,0.0
EUW1_7704698128,200,0,0.0
EUW1_7704701081,100,0,2.0
EUW1_7704701081,200,1,-2.0
EUW1_7704705952,100,0,-2.0
EUW1_7704705952,200,1,2.0
EUW1_7704709155,100,0,0.6666666666666661
EUW1_7704709155,200,1,-0.6666666666666661
EUW1_7704709590,100,0,0.0
EUW1_7704709590,200,1,0.0
EUW1_7704712284,100,1,0.0
EUW1_7704712284,200,0,0.0
EUW1_7704724137,100,0,0.0
EUW1_7704724137,200,1,0.0
EUW1_7704725916,100,1,1.0
EUW1_7704725916,200,0,-1.0
EUW1_7704733783,100,0,0.0
EUW1_7704733783,200,1,0.0
EUW1_7704737730,100,0,2.0
EUW1_7704737730,200,1,-2.0
EUW1_7704749371,100,0,0.0
EUW1_7704749371,200,1,0.0
EUW1_7704753054,100,0,0.0
EUW1_7704753054,200,1,0.0
EUW1_7704756719,100,1,2.0
EUW1_7704756719,200,0,-2.0
EUW1_7704763521,100,0,0.0
EUW1_7704763521,200,1,0.0
EUW1_7704766766,100,1,0.0
EUW1_7704766766,200,0,0.0
EUW1_7704770803,100,1,-1.333333333333334
EUW1_7704770803,200,0,1.333333333333334
EUW1_7704775132,100,0,-2.0
EUW1_7704775132,200,1,2.0
EUW1_7704779444,100,0,0.0
EUW1_7704779444,200,1,0.0
EUW1_7704780343,100,0,0.0
EUW1_7704780343,200,1,0.0
EUW1_7704782784,100,0,0.6666666666666661
EUW1_7704782784,200,1,-0.6666666666666661
EUW1_7704784218,100,0,-1.0
EUW1_7704784218,200,1,1.0
EUW1_7704785079,100,1,0.0
EUW1_7704785079,200,0,0.0
EUW1_7704787013,100,0,0.0
EUW1_7704787013,200,1,0.0
EUW1_7704794769,100,1,0.0
EUW1_7704794769,200,0,0.0
EUW1_7704801710,100,1,0.0
EUW1_7704801710,200,0,0.0
EUW1_7704805363,100,0,0.0
EUW1_7704805363,200,1,0.0
EUW1_7704812292,100,0,-1.0
EUW1_7704812292,200,1,1.0
EUW1_7704815339,100,0,0.0
EUW1_7704815339,200,1,0.0
EUW1_7704823433,100,0,0.0
EUW1_7704823433,200,1,0.0
EUW1_7704826779,100,0,-2.0
EUW1_7704826779,200,1,2.0
EUW1_7704838642,100,1,0.0
EUW1_7704838642,200,0,0.0
EUW1_7704840847,100,1,1.0
EUW1_7704840847,200,0,-1.0
EUW1_7704846259,100,0,0.0
EUW1_7704846259,200,1,0.0
EUW1_7704847721,100,1,0.0
EUW1_7704847721,200,0,0.0
EUW1_7704848549,100,0,-2.0
EUW1_7704848549,200,1,2.0
EUW1_7704854992,100,0,0.0
EUW1_7704854992,200,1,0.0
EUW1_7704857230,100,0,0.0
EUW1_7704857230,200,1,0.0
EUW1_7704858639,100,0,0.0
EUW1_7704858639,200,1,0.0
EUW1_7704860479,100,0,0.0
EUW1_7704860479,200,1,0.0
EUW1_7704861245,100,1,0.0
EUW1_7704861245,200,0,0.0
EUW1_7704869181,100,1,0.0
EUW1_7704869181,200,0,0.0
EUW1_7704871230,100,0,0.0
EUW1_7704871230,200,1,0.0
EUW1_7704881017,100,1,0.0
EUW1_7704881017,200,0,0.0
EUW1_7704883075,100,1,0.0
EUW1_7704883075,200,0,0.0
EUW1_7704894340,100,1,1.333333333333334
EUW1_7704894340,200,0,-1.333333333333334
EUW1_7704900484,100,0,0.0
EUW1_7704900484,200,1,0.0
EUW1_7704902175,100,0,0.0
EUW1_7704902175,200,1,0.0
EUW1_7704906954,100,0,0.0
EUW1_7704906954,200,1,0.0
EUW1_7704907874,100,1,-1.0
EUW1_7704907874,200,0,1.0
EUW1_7704908335,100,0,0.0
EUW1_7704908335,200,1,0.0
EUW1_7704921743,100,1,2.0
EUW1_7704921743,200,0,-2.0
EUW1_7704923090,100,1,0.0
EUW1_7704923090,200,0,0.0
EUW1_7704924894,100,1,1.0
EUW1_7704924894,200,0,-1.0
EUW1_7704945030,100,1,0.0
EUW1_7704945030,200,0,0.0
EUW1_7704945741,100,1,2.0
EUW1_7704945741,200,0,-2.0
EUW1_7704947478,100,0,0.0
EUW1_7704947478,200,1,0.0
EUW1_7704949209,100,1,2.0
EUW1_7704949209,200,0,-2.0
EUW1_7704951210,100,0,2.0
EUW1_7704951210,200,1,-2.0
EUW1_7704956352,100,0,0.0
EUW1_7704956352,200,1,0.0
EUW1_7704967620,100,1,1.0
EUW1_7704967620,200,0,-1.0
EUW1_7704968866,100,1,0.0
EUW1_7704968866,200,0,0.0
EUW1_7704971940,100,0,-1.0
EUW1_7704971940,200,1,1.0
EUW1_7704973246,100,1,0.0
EUW1_7704973246,200,0,0.0
EUW1_7704975230,100,1,0.0
EUW1_7704975230,200,0,0.0
EUW1_7704976429,100,1,0.0
EUW1_7704976429,200,0,0.0
EUW1_7704980830,100,0,0.0
EUW1_7704980830,200,1,0.0
EUW1_7704991916,100,1,-1.0
EUW1_7704991916,200,0,1.0
EUW1_7704992524,100,1,2.0
EUW1_7704992524,200,0,-2.0
EUW1_7704998690,100,0,0.0
EUW1_7704998690,200,1,0.0
EUW1_7704999498,100,1,0.0
EUW1_7704999498,200,0,0.0
EUW1_7705003212,100,0,0.0
EUW1_7705003212,200,1,0.0
EUW1_7705005383,100,1,0.0
EUW1_7705005383,200,0,0.0
EUW1_7705013315,100,0,0.0
EUW1_7705013315,200,1,0.0
EUW1_7705025577,100,0,0.0
EUW1_7705025577,200,1,0.0
EUW1_7705027298,100,0,0.0
EUW1_7705027298,200,1,0.0
EUW1_7705036848,100,0,0.0
EUW1_7705036848,200,1,0.0
EUW1_7705042446,100,1,0.0
EUW1_7705042446,200,0,0.0
EUW1_7705043455,100,1,1.0
EUW1_7705043455,200,0,-1.0
EUW1_7705052839,100,1,2.0
EUW1_7705052839,200,0,-2.0
EUW1_7705056297,100,1,0.0
EUW1_7705056297,200,0,0.0
EUW1_7705066702,100,0,0.0
EUW1_7705066702,200,1,0.0
EUW1_7705067239,100,0,-0.6666666666666661
EUW1_7705067239,200,1,0.6666666666666661
EUW1_7705081388,100,1,-2.0
EUW1_7705081388,200,0,2.0
EUW1_7705082703,100,0,0.0
EUW1_7705082703,200,1,0.0
EUW1_7705086793,100,1,0.0
EUW1_7705086793,200,0,0.0
EUW1_7705094849,100,1,0.0
EUW1_7705094849,200,0,0.0
EUW1_7705102235,100,0,0.0
EUW1_7705102235,200,1,0.0
EUW1_7705104222,100,0,0.0
EUW1_7705104222,200,1,0.0
EUW1_7705105417,100,0,-0.5
EUW1_7705105417,200,1,0.5
EUW1_7705106649,100,1,2.0
EUW1_7705106649,200,0,-2.0
EUW1_7705117187,100,1,0.0
EUW1_7705117187,200,0,0.0
EUW1_7705119848,100,0,-1.0
EUW1_7705119848,200,1,1.0
EUW1_7705122362,100,1,0.0
EUW1_7705122362,200,0,0.0
EUW1_7705125741,100,0,1.0
EUW1_7705125741,200,1,-1.0
EUW1_7705129159,100,1,0.0
EUW1_7705129159,200,0,0.0
EUW1_7705134820,100,1,0.0
EUW1_7705134820,200,0,0.0
EUW1_7705137170,100,0,0.0
EUW1_7705137170,200,1,0.0
EUW1_7705144605,100,0,0.0
EUW1_7705144605,200,1,0.0
EUW1_7705151977,100,0,-2.0
EUW1_7705151977,200,1,2.0
EUW1_7705155455,100,1,0.0
EUW1_7705155455,200,0,0.0
EUW1_7705155916,100,1,1.0
EUW1_7705155916,200,0,-1.0
EUW1_7705156572,100,1,0.0
EUW1_7705156572,200,0,0.0
EUW1_7705160335,100,0,0.0
EUW1_7705160335,200,1,0.0
EUW1_7705160687,100,1,1.0
EUW1_7705160687,200,0,-1.0
EUW1_7705163828,100,0,0.0
EUW1_7705163828,200,1,0.0
EUW1_7705165330,100,1,0.0
EUW1_7705165330,200,0,0.0
EUW1_7705172033,100,0,0.0
EUW1_7705172033,200,1,0.0
EUW1_7705174866,100,0,-1.0
EUW1_7705174866,200,1,1.0
EUW1_7705176379,100,0,-1.0
EUW1_7705176379,200,1,1.0
EUW1_7705179686,100,1,0.0
EUW1_7705179686,200,0,0.0
EUW1_7705180450,100,1,0.0
EUW1_7705180450,200,0,0.0
EUW1_7705186091,100,0,0.0
EUW1_7705186091,200,1,0.0
EUW1_7705192515,100,0,0.0
EUW1_7705192515,200,1,0.0
EUW1_7705192666,100,0,2.0
EUW1_7705192666,200,1,-2.0
EUW1_7705193191,100,0,-2.0
EUW1_7705193191,200,1,2.0
EUW1_7705200560,100,1,0.0
EUW1_7705200560,200,0,0.0
EUW1_7705201070,100,0,0.0
EUW1_7705201070,200,1,0.0
EUW1_7705203208,100,0,-2.0
EUW1_7705203208,200,1,2.0
EUW1_7705204366,100,0,0.0
EUW1_7705204366,200,1,0.0
EUW1_7705219798,100,1,0.0
EUW1_7705219798,200,0,0.0
EUW1_7705232640,100,1,-2.0
EUW1_7705232640,200,0,2.0
EUW1_7705234369,100,1,0.0
EUW1_7705234369,200,0,0.0
EUW1_7705234754,100,0,0.0
EUW1_7705234754,200,1,0.0
EUW1_7705238755,100,1,0.0
EUW1_7705238755,200,0,0.0
EUW1_7705241422,100,0,-1.0
EUW1_7705241422,200,1,1.0
EUW1_7705242580,100,0,0.0
EUW1_7705242580,200,1,0.0
EUW1_7705246675,100,1,-2.0
EUW1_7705246675,200,0,2.0
EUW1_7705248022,100,1,0.0
EUW1_7705248022,200,0,0.0
EUW1_7705249588,100,0,0.0
EUW1_7705249588,200,1,0.0
EUW1_7705250963,100,0,0.0
EUW1_7705250963,200,1,0.0
EUW1_7705251209,100,0,-1.0
EUW1_7705251209,200,1,1.0
EUW1_7705257209,100,0,0.0
EUW1_7705257209,200,1,0.0
EUW1_7705257674,100,1,1.0
EUW1_7705257674,200,0,-1.0
EUW1_7705259040,100,1,0.0
EUW1_7705259040,200,0,0.0
EUW1_7705262954,100,1,0.0
EUW1_7705262954,200,0,0.0
EUW1_7705267405,100,1,-2.0
EUW1_7705267405,200,0,2.0
EUW1_7705267837,100,0,0.0
EUW1_7705267837,200,1,0.0
EUW1_7705269001,100,0,0.0
EUW1_7705269001,200,1,0.0
EUW1_7705270083,100,0,0.0
EUW1_7705270083,200,1,0.0
EUW1_7705272150,100,1,0.0
EUW1_7705272150,200,0,0.0
EUW1_7705272521,100,0,0.6666666666666661
EUW1_7705272521,200,1,-0.6666666666666661
EUW1_7705276098,100,1,0.6666666666666661
EUW1_7705276098,200,0,-0.6666666666666661
EUW1_7705276667,100,1,0.0
EUW1_7705276667,200,0,0.0
EUW1_7705277517,100,0,-2.0
EUW1_7705277517,200,1,2.0
EUW1_7705279480,100,0,0.6666666666666661
EUW1_7705279480,200,1,-0.6666666666666661
EUW1_7705284634,100,1,2.0
EUW1_7705284634,200,0,-2.0
EUW1_7705284854,100,0,-0.6666666666666661
EUW1_7705284854,200,1,0.6666666666666661
EUW1_7705292394,100,1,0.0
EUW1_7705292394,200,0,0.0
EUW1_7705292532,100,0,0.0
EUW1_7705292532,200,1,0.0
EUW1_7705294038,100,0,0.0
EUW1_7705294038,200,1,0.0
EUW1_7705295844,100,0,0.0
EUW1_7705295844,200,1,0.0
EUW1_7705299500,100,1,0.0
EUW1_7705299500,200,0,0.0
EUW1_7705299991,100,1,-0.6666666666666661
EUW1_7705299991,200,0,0.6666666666666661
EUW1_7705300399,100,0,0.0
EUW1_7705300399,200,1,0.0
EUW1_7705308920,100,0,0.0
EUW1_7705308920,200,1,0.0
EUW1_7705309990,100,0,-0.6666666666666661
EUW1_7705309990,200,1,0.6666666666666661
EUW1_7705312115,100,0,0.0
EUW1_7705312115,200,1,0.0
EUW1_7705316149,100,1,0.0
EUW1_7705316149,200,0,0.0
EUW1_7705325189,100,1,1.0
EUW1_7705325189,200,0,-1.0
EUW1_7705325240,100,0,0.0
EUW1_7705325240,200,1,0.0
EUW1_7705329274,100,1,2.0
EUW1_7705329274,200,0,-2.0
EUW1_7705333754,100,0,0.0
EUW1_7705333754,200,1,0.0
EUW1_7705336019,100,1,1.0
EUW1_7705336019,200,0,-1.0
EUW1_7705337239,100,0,0.0
EUW1_7705337239,200,1,0.0
EUW1_7705339368,100,1,0.5
EUW1_7705339368,200,0,-0.5
EUW1_7705341560,100,1,2.0
EUW1_7705341560,200,0,-2.0
EUW1_7705345280,100,0,-1.0
EUW1_7705345280,200,1,1.0
EUW1_7705345783,100,0,-2.0
EUW1_7705345783,200,1,2.0
EUW1_7705350295,100,0,-2.0
EUW1_7705350295,200,1,2.0
EUW1_7705351841,100,1,0.0
EUW1_7705351841,200,0,0.0
EUW1_7705352949,100,1,2.0
EUW1_7705352949,200,0,-2.0
EUW1_7705355874,100,1,0.0
EUW1_7705355874,200,0,0.0
EUW1_7705357783,100,1,0.0
EUW1_7705357783,200,0,0.0
EUW1_7705361843,100,0,0.0
EUW1_7705361843,200,1,0.0
EUW1_7705363176,100,1,-2.0
EUW1_7705363176,200,0,2.0
EUW1_7705365271,100,1,0.0
EUW1_7705365271,200,0,0.0
EUW1_7705368237,100,0,1.0
EUW1_7705368237,200,1,-1.0
EUW1_7705369853,100,1,-1.0
EUW1_7705369853,200,0,1.0
EUW1_7705371371,100,0,-0.3333333333333339
EUW1_7705371371,200,1,0.3333333333333339
EUW1_7705371492,100,1,0.0
EUW1_7705371492,200,0,0.0
EUW1_7705373937,100,0,0.0
EUW1_7705373937,200,1,0.0
EUW1_7705374182,100,1,1.0
EUW1_7705374182,200,0,-1.0
EUW1_7705376580,100,0,0.0
EUW1_7705376580,200,1,0.0
EUW1_7705376625,100,0,0.0
EUW1_7705376625,200,1,0.0
EUW1_7705384947,100,0,0.0
EUW1_7705384947,200,1,0.0
EUW1_7705386260,100,0,-2.0
EUW1_7705386260,200,1,2.0
EUW1_7705390089,100,0,-1.0
EUW1_7705390089,200,1,1.0
EUW1_7705391343,100,1,1.0
EUW1_7705391343,200,0,-1.0
EUW1_7705392153,100,0,0.0
EUW1_7705392153,200,1,0.0
EUW1_7705392886,100,1,2.0
EUW1_7705392886,200,0,-2.0
EUW1_7705395440,100,1,0.6666666666666661
EUW1_7705395440,200,0,-0.6666666666666661
EUW1_7705396030,100,0,0.0
EUW1_7705396030,200,1,0.0
EUW1_7705398142,100,1,2.0
EUW1_7705398142,200,0,-2.0
EUW1_7705403466,100,0,0.0
EUW1_7705403466,200,1,0.0
EUW1_7705412412,100,0,0.0
EUW1_7705412412,200,1,0.0
EUW1_7705416496,100,0,0.0
EUW1_7705416496,200,1,0.0
EUW1_7705416930,100,0,0.0
EUW1_7705416930,200,1,0.0
EUW1_7705418164,100,1,0.0
EUW1_7705418164,200,0,0.0
EUW1_7705420695,100,0,0.0
EUW1_7705420695,200,1,0.0
EUW1_7705421811,100,0,-2.0
EUW1_7705421811,200,1,2.0
EUW1_7705422726,100,0,-1.0
EUW1_7705422726,200,1,1.0
EUW1_7705423310,100,1,0.0
EUW1_7705423310,200,0,0.0
EUW1_7705423739,100,1,0.0
EUW1_7705423739,200,0,0.0
EUW1_7705426618,100,0,-1.0
EUW1_7705426618,200,1,1.0
EUW1_7705429550,100,1,1.0
EUW1_7705429550,200,0,-1.0
EUW1_7705434538,100,1,2.0
EUW1_7705434538,200,0,-2.0
EUW1_7705436859,100,0,0.0
EUW1_7705436859,200,1,0.0
EUW1_7705440837,100,1,0.0
EUW1_7705440837,200,0,0.0
EUW1_7705443277,100,0,0.0
EUW1_7705443277,200,1,0.0
EUW1_7705444464,100,1,2.0
EUW1_7705444464,200,0,-2.0
EUW1_7705445605,100,1,0.0
EUW1_7705445605,200,0,0.0
EUW1_7705449055,100,0,-1.0
EUW1_7705449055,200,1,1.0
EUW1_7705449237,100,1,1.0
EUW1_7705449237,200,0,-1.0
EUW1_7705450292,100,1,0.0
EUW1_7705450292,200,0,0.0
EUW1_7705452353,100,0,0.0
EUW1_7705452353,200,1,0.0
EUW1_7705454690,100,1,0.0
EUW1_7705454690,200,0,0.0
EUW1_7705456586,100,0,-1.333333333333334
EUW1_7705456586,200,1,1.333333333333334
EUW1_7705458616,100,0,0.0
EUW1_7705458616,200,1,0.0
EUW1_7705460276,100,0,0.0
EUW1_7705460276,200,1,0.0
EUW1_7705460887,100,1,-1.0
EUW1_7705460887,200,0,1.0
EUW1_7705462377,100,1,0.0
EUW1_7705462377,200,0,0.0
EUW1_7705463692,100,1,0.0
EUW1_7705463692,200,0,0.0
EUW1_7705464704,100,1,0.0
EUW1_7705464704,200,0,0.0
EUW1_7705465458,100,0,-2.0
EUW1_7705465458,200,1,2.0
EUW1_7705467070,100,1,0.0
EUW1_7705467070,200,0,0.0
EUW1_7705468117,100,0,1.0
EUW1_7705468117,200,1,-1.0
EUW1_7705473682,100,0,0.0
EUW1_7705473682,200,1,0.0
EUW1_7705475526,100,0,2.0
EUW1_7705475526,200,1,-2.0
EUW1_7705477680,100,0,0.0
EUW1_7705477680,200,1,0.0
EUW1_7705479254,100,1,0.0
EUW1_7705479254,200,0,0.0
EUW1_7705481524,100,0,0.3333333333333339
EUW1_7705481524,200,1,-0.3333333333333339
EUW1_7705484018,100,0,0.0
EUW1_7705484018,200,1,0.0
EUW1_7705485013,100,0,0.0
EUW1_7705485013,200,1,0.0
EUW1_7705485500,100,1,-2.0
EUW1_7705485500,200,0,2.0
EUW1_7705488189,100,0,0.0
EUW1_7705488189,200,1,0.0
EUW1_7705490739,100,1,0.0
EUW1_7705490739,200,0,0.0
EUW1_7705494091,100,1,0.0
EUW1_7705494091,200,0,0.0
EUW1_7705494467,100,1,1.0
EUW1_7705494467,200,0,-1.0
EUW1_7705494683,100,0,-1.333333333333334
EUW1_7705494683,200,1,1.333333333333334
EUW1_7705496101,100,0,0.0
EUW1_7705496101,200,1,0.0
EUW1_7705498504,100,0,0.0
EUW1_7705498504,200,1,0.0
EUW1_7705499600,100,0,0.0
EUW1_7705499600,200,1,0.0
EUW1_7705499798,100,1,0.0
EUW1_7705499798,200,0,0.0
EUW1_7705502074,100,1,2.0
EUW1_7705502074,200,0,-2.0
EUW1_7705502903,100,0,0.0
EUW1_7705502903,200,1,0.0
EUW1_7705503389,100,1,-1.0
EUW1_7705503389,200,0,1.0
EUW1_7705506666,100,1,0.0
EUW1_7705506666,200,0,0.0
EUW1_7705510540,100,0,-2.0
EUW1_7705510540,200,1,2.0
EUW1_7705516911,100,1,0.0
EUW1_7705516911,200,0,0.0
EUW1_7705518999,100,1,1.0
EUW1_7705518999,200,0,-1.0
EUW1_7705520487,100,0,0.0
EUW1_7705520487,200,1,0.0
EUW1_7705520841,100,1,0.0
EUW1_7705520841,200,0,0.0
EUW1_7705525597,100,0,2.0
EUW1_7705525597,200,1,-2.0
EUW1_7705527720,100,0,0.0
EUW1_7705527720,200,1,0.0
EUW1_7705531099,100,1,0.0
EUW1_7705531099,200,0,0.0
EUW1_7705535350,100,0,1.0
EUW1_7705535350,200,1,-1.0
EUW1_7705535906,100,0,2.0
EUW1_7705535906,200,1,-2.0
EUW1_7705537922,100,1,0.0
EUW1_7705537922,200,0,0.0
EUW1_7705538282,100,1,0.0
EUW1_7705538282,200,0,0.0
EUW1_7705538860,100,1,-1.0
EUW1_7705538860,200,0,1.0
EUW1_7705542098,100,0,1.333333333333334
EUW1_7705542098,200,1,-1.333333333333334
EUW1_7705544631,100,1,0.0
EUW1_7705544631,200,0,0.0
EUW1_7705544772,100,1,0.0
EUW1_7705544772,200,0,0.0
EUW1_7705546153,100,0,0.0
EUW1_7705546153,200,1,0.0
EUW1_7705546384,100,1,0.0
EUW1_7705546384,200,0,0.0
EUW1_7705550880,100,0,1.333333333333334
EUW1_7705550880,200,1,-1.333333333333334
EUW1_7705551050,100,0,1.0
EUW1_7705551050,200,1,-1.0
EUW1_7705551496,100,1,0.0
EUW1_7705551496,200,0,0.0
EUW1_7705555845,100,1,0.0
EUW1_7705555845,200,0,0.0
EUW1_7705557972,100,0,0.0
EUW1_7705557972,200,1,0.0
EUW1_7705561536,100,0,1.0
EUW1_7705561536,200,1,-1.0
EUW1_7705564876,100,1,2.0
EUW1_7705564876,200,0,-2.0
EUW1_7705566177,100,0,0.0
EUW1_7705566177,200,1,0.0
EUW1_7705566871,100,0,0.0
EUW1_7705566871,200,1,0.0
EUW1_7705568147,100,1,0.0
EUW1_7705568147,200,0,0.0
EUW1_7705572282,100,0,-0.6666666666666661
EUW1_7705572282,200,1,0.6666666666666661
EUW1_7705573373,100,1,1.0
EUW1_7705573373,200,0,-1.0
EUW1_7705575729,100,1,0.0
EUW1_7705575729,200,0,0.0
EUW1_7705581076,100,0,0.0
EUW1_7705581076,200,1,0.0
EUW1_7705581528,100,1,2.0
EUW1_7705581528,200,0,-2.0
EUW1_7705581856,100,1,0.0
EUW1_7705581856,200,0,0.0
EUW1_7705583246,100,1,0.0
EUW1_7705583246,200,0,0.0
EUW1_7705583340,100,1,0.0
EUW1_7705583340,200,0,0.0
EUW1_7705585772,100,0,0.0
EUW1_7705585772,200,1,0.0
EUW1_7705590169,100,1,0.0
EUW1_7705590169,200,0,0.0
EUW1_7705594954,100,0,-0.6666666666666661
EUW1_7705594954,200,1,0.6666666666666661
EUW1_7705596917,100,1,0.0
EUW1_7705596917,200,0,0.0
EUW1_7705597452,100,1,0.0
EUW1_7705597452,200,0,0.0
EUW1_7705600063,100,1,0.0
EUW1_7705600063,200,0,0.0
EUW1_7705605966,100,0,-0.3333333333333339
EUW1_7705605966,200,1,0.3333333333333339
EUW1_7705609071,100,0,0.0
EUW1_7705609071,200,1,0.0
EUW1_7705610607,100,0,-1.0
EUW1_7705610607,200,1,1.0
EUW1_7705611429,100,0,0.0
EUW1_7705611429,200,1,0.0
EUW1_7705613190,100,1,0.0
EUW1_7705613190,200,0,0.0
EUW1_7705613308,100,0,0.0
EUW1_7705613308,200,1,0.0
EUW1_7705618666,100,0,-2.0
EUW1_7705618666,200,1,2.0
EUW1_7705620015,100,0,0.6666666666666661
EUW1_7705620015,200,1,-0.6666666666666661
EUW1_7705623298,100,1,2.0
EUW1_7705623298,200,0,-2.0
EUW1_7705624065,100,0,0.0
EUW1_7705624065,200,1,0.0
EUW1_7705646261,100,0,0.0
EUW1_7705646261,200,1,0.0
EUW1_7705647310,100,0,1.0
EUW1_7705647310,200,1,-1.0
EUW1_7705647952,100,0,-0.5
EUW1_7705647952,200,1,0.5
EUW1_7705654897,100,1,0.0
EUW1_7705654897,200,0,0.0
EUW1_7705662491,100,1,0.0
EUW1_7705662491,200,0,0.0
EUW1_7705662939,100,0,-2.0
EUW1_7705662939,200,1,2.0
EUW1_7705662970,100,0,0.0
EUW1_7705662970,200,1,0.0
EUW1_7705665169,100,0,-0.5
EUW1_7705665169,200,1,0.5
EUW1_7705666999,100,1,1.0
EUW1_7705666999,200,0,-1.0
EUW1_7705669371,100,0,0.0
EUW1_7705669371,200,1,0.0
EUW1_7705672902,100,1,0.0
EUW1_7705672902,200,0,0.0
EUW1_7705679604,100,0,1.333333333333334
EUW1_7705679604,200,1,-1.333333333333334
EUW1_7705693112,100,0,0.0
EUW1_7705693112,200,1,0.0
EUW1_7705700955,100,0,1.0
EUW1_7705700955,200,1,-1.0
EUW1_7705701588,100,0,0.0
EUW1_7705701588,200,1,0.0
EUW1_7705702940,100,1,-1.0
EUW1_7705702940,200,0,1.0
EUW1_7705703155,100,1,0.0
EUW1_7705703155,200,0,0.0
EUW1_7705705031,100,1,0.0
EUW1_7705705031,200,0,0.0
EUW1_7705705145,100,1,0.0
EUW1_7705705145,200,0,0.0
EUW1_7705711215,100,0,0.0
EUW1_7705711215,200,1,0.0
EUW1_7705719085,100,0,0.0
EUW1_7705719085,200,1,0.0
EUW1_7705722335,100,0,0.0
EUW1_7705722335,200,1,0.0
EUW1_7705724731,100,1,-2.0
EUW1_7705724731,200,0,2.0
EUW1_7705726275,100,1,2.0
EUW1_7705726275,200,0,-2.0
EUW1_7705729519,100,0,0.0
EUW1_7705729519,200,1,0.0
EUW1_7705736868,100,0,0.0
EUW1_7705736868,200,1,0.0
EUW1_7705741107,100,0,-1.333333333333334
EUW1_7705741107,200,1,1.333333333333334
EUW1_7705741788,100,0,0.0
EUW1_7705741788,200,1,0.0
EUW1_7705741820,100,1,2.0
EUW1_7705741820,200,0,-2.0
EUW1_7705744974,100,0,0.0
EUW1_7705744974,200,1,0.0
EUW1_7705751381,100,1,0.0
EUW1_7705751381,200,0,0.0
EUW1_7705751401,100,1,0.0
EUW1_7705751401,200,0,0.0
EUW1_7705763591,100,1,2.0
EUW1_7705763591,200,0,-2.0
EUW1_7705765909,100,0,0.0
EUW1_7705765909,200,1,0.0
EUW1_7705768520,100,1,0.0
EUW1_7705768520,200,0,0.0
EUW1_7705769546,100,0,0.0
EUW1_7705769546,200,1,0.0
EUW1_7705769695,100,0,2.0
EUW1_7705769695,200,1,-2.0
EUW1_7705770113,100,0,0.0
EUW1_7705770113,200,1,0.0
EUW1_7705770408,100,1,1.0
EUW1_7705770408,200,0,-1.0
EUW1_7705771956,100,0,0.6666666666666661
EUW1_7705771956,200,1,-0.6666666666666661
EUW1_7705773004,100,1,0.0
EUW1_7705773004,200,0,0.0
EUW1_7705782038,100,1,-2.0
EUW1_7705782038,200,0,2.0
EUW1_7705785900,100,0,1.0
EUW1_7705785900,200,1,-1.0
EUW1_7705790050,100,0,0.3333333333333339
EUW1_7705790050,200,1,-0.3333333333333339
EUW1_7705790631,100,1,0.5
EUW1_7705790631,200,0,-0.5
EUW1_7705791740,100,0,0.0
EUW1_7705791740,200,1,0.0
EUW1_7705798044,100,1,2.0
EUW1_7705798044,200,0,-2.0
EUW1_7705799086,100,1,0.0
EUW1_7705799086,200,0,0.0
EUW1_7705800307,100,0,0.0
EUW1_7705800307,200,1,0.0
EUW1_7705801286,100,1,2.0
EUW1_7705801286,200,0,-2.0
EUW1_7705807997,100,1,0.0
EUW1_7705807997,200,0,0.0
EUW1_7705808471,100,0,0.0
EUW1_7705808471,200,1,0.0
EUW1_7705809926,100,0,-1.0
EUW1_7705809926,200,1,1.0
EUW1_7705812723,100,0,0.0
EUW1_7705812723,200,1,0.0
EUW1_7705818963,100,1,-1.0
EUW1_7705818963,200,0,1.0
EUW1_7705819226,100,1,0.0
EUW1_7705819226,200,0,0.0
EUW1_7705822282,100,1,1.0
EUW1_7705822282,200,0,-1.0
EUW1_7705825436,100,1,0.0
EUW1_7705825436,200,0,0.0
EUW1_7705827204,100,0,0.0
EUW1_7705827204,200,1,0.0
EUW1_7705829972,100,0,0.0
EUW1_7705829972,200,1,0.0
EUW1_7705832249,100,0,0.0
EUW1_7705832249,200,1,0.0
EUW1_7705844046,100,1,0.0
EUW1_7705844046,200,0,0.0
EUW1_7705846388,100,1,0.0
EUW1_7705846388,200,0,0.0
EUW1_7705846750,100,0,1.0
EUW1_7705846750,200,1,-1.0
EUW1_7705850866,100,1,0.0
EUW1_7705850866,200,0,0.0
EUW1_7705854927,100,1,0.0
EUW1_7705854927,200,0,0.0
EUW1_7705861623,100,1,-0.3333333333333339
EUW1_7705861623,200,0,0.3333333333333339
EUW1_7705863135,100,0,0.0
EUW1_7705863135,200,1,0.0
EUW1_7705864161,100,0,1.0
EUW1_7705864161,200,1,-1.0
EUW1_7705868649,100,1,0.0
EUW1_7705868649,200,0,0.0
EUW1_7705869184,100,0,0.0
EUW1_7705869184,200,1,0.0
EUW1_7705871169,100,1,1.0
EUW1_7705871169,200,0,-1.0
EUW1_7705877988,100,1,0.0
EUW1_7705877988,200,0,0.0
EUW1_7705883006,100,1,0.0
EUW1_7705883006,200,0,0.0
EUW1_7705883888,100,0,0.0
EUW1_7705883888,200,1,0.0
EUW1_7705884259,100,1,0.0
EUW1_7705884259,200,0,0.0
EUW1_7705895747,100,0,0.0
EUW1_7705895747,200,1,0.0
EUW1_7705896096,100,1,0.0
EUW1_7705896096,200,0,0.0
EUW1_7705907532,100,1,0.0
EUW1_7705907532,200,0,0.0
EUW1_7705920801,100,1,1.0
EUW1_7705920801,200,0,-1.0
EUW1_7705923865,100,0,-0.6666666666666661
EUW1_7705923865,200,1,0.6666666666666661
EUW1_7705925095,100,0,0.0
EUW1_7705925095,200,1,0.0
EUW1_7705927323,100,1,0.0
EUW1_7705927323,200,0,0.0
EUW1_7705931415,100,0,2.0
EUW1_7705931415,200,1,-2.0
EUW1_7705934448,100,1,-1.0
EUW1_7705934448,200,0,1.0
EUW1_7705941281,100,0,0.0
EUW1_7705941281,200,1,0.0
EUW1_7705951736,100,0,0.0
EUW1_7705951736,200,1,0.0
EUW1_7705952368,100,1,1.0
EUW1_7705952368,200,0,-1.0
EUW1_7705957873,100,1,0.0
EUW1_7705957873,200,0,0.0
EUW1_7705958978,100,1,0.6666666666666661
EUW1_7705958978,200,0,-0.6666666666666661
EUW1_7705959191,100,0,0.0
EUW1_7705959191,200,1,0.0
EUW1_7705960595,100,1,-1.0
EUW1_7705960595,200,0,1.0
EUW1_7705966967,100,1,0.0
EUW1_7705966967,200,0,0.0
EUW1_7705969073,100,1,0.0
EUW1_7705969073,200,0,0.0
EUW1_7705973479,100,0,0.0
EUW1_7705973479,200,1,0.0
EUW1_7705974836,100,1,0.0
EUW1_7705974836,200,0,0.0
EUW1_7705978121,100,1,-0.6666666666666661
EUW1_7705978121,200,0,0.6666666666666661
EUW1_7705978594,100,1,0.0
EUW1_7705978594,200,0,0.0
EUW1_7705987093,100,1,-0.6666666666666661
EUW1_7705987093,200,0,0.6666666666666661
EUW1_7705990134,100,0,0.0
EUW1_7705990134,200,1,0.0
EUW1_7705993318,100,0,0.0
EUW1_7705993318,200,1,0.0
EUW1_7706001155,100,1,0.0
EUW1_7706001155,200,0,0.0
EUW1_7706001813,100,1,0.0
EUW1_7706001813,200,0,0.0
EUW1_7706008760,100,1,0.0
EUW1_7706008760,200,0,0.0
EUW1_7706016681,100,0,0.0
EUW1_7706016681,200,1,0.0
EUW1_7706021591,100,1,0.3333333333333339
EUW1_7706021591,200,0,-0.3333333333333339
EUW1_7706026619,100,0,0.0
EUW1_7706026619,200,1,0.0
EUW1_7706027212,100,1,0.0
EUW1_7706027212,200,0,0.0
EUW1_7706034196,100,1,0.0
EUW1_7706034196,200,0,0.0
EUW1_7706034280,100,1,0.0
EUW1_7706034280,200,0,0.0
EUW1_7706037438,100,1,0.0
EUW1_7706037438,200,0,0.0
EUW1_7706039663,100,0,-2.0
EUW1_7706039663,200,1,2.0
EUW1_7706041836,100,1,0.0
EUW1_7706041836,200,0,0.0
EUW1_7706043940,100,0,0.0
EUW1_7706043940,200,1,0.0
EUW1_7706045592,100,1,0.0
EUW1_7706045592,200,0,0.0
EUW1_7706047342,100,1,0.0
EUW1_7706047342,200,0,0.0
EUW1_7706051761,100,1,0.0
EUW1_7706051761,200,0,0.0
EUW1_7706055306,100,1,0.0
EUW1_7706055306,200,0,0.0
EUW1_7706061281,100,1,-2.0
EUW1_7706061281,200,0,2.0
EUW1_7706064173,100,0,0.0
EUW1_7706064173,200,1,0.0
EUW1_7706065009,100,0,-2.0
EUW1_7706065009,200,1,2.0
EUW1_7706066988,100,1,1.0
EUW1_7706066988,200,0,-1.0
EUW1_7706070381,100,0,0.0
EUW1_7706070381,200,1,0.0
EUW1_7706072657,100,1,0.0
EUW1_7706072657,200,0,0.0
EUW1_7706072794,100,1,0.3333333333333339
EUW1_7706072794,200,0,-0.3333333333333339
EUW1_7706076469,100,0,0.0
EUW1_7706076469,200,1,0.0
EUW1_7706079552,100,0,0.0
EUW1_7706079552,200,1,0.0
EUW1_7706082394,100,1,0.0
EUW1_7706082394,200,0,0.0
EUW1_7706089214,100,1,0.0
EUW1_7706089214,200,0,0.0
EUW1_7706090170,100,0,0.0
EUW1_7706090170,200,1,0.0
EUW1_7706091960,100,0,0.0
EUW1_7706091960,200,1,0.0
EUW1_7706094384,100,1,0.0
EUW1_7706094384,200,0,0.0
EUW1_7706100119,100,1,-1.0
EUW1_7706100119,200,0,1.0
EUW1_7706100788,100,1,-0.3333333333333339
EUW1_7706100788,200,0,0.3333333333333339
EUW1_7706108296,100,1,0.0
EUW1_7706108296,200,0,0.0
EUW1_7706108939,100,0,0.0
EUW1_7706108939,200,1,0.0
EUW1_7706115969,100,0,0.0
EUW1_7706115969,200,1,0.0
EUW1_7706116908,100,0,0.0
EUW1_7706116908,200,1,0.0
EUW1_7706120797,100,0,-1.5
EUW1_7706120797,200,1,1.5
EUW1_7706129710,100,0,-1.0
EUW1_7706129710,200,1,1.0
EUW1_7706131196,100,0,0.0
EUW1_7706131196,200,1,0.0
EUW1_7706131323,100,1,-0.6666666666666661
EUW1_7706131323,200,0,0.6666666666666661
EUW1_7706136032,100,1,0.0
EUW1_7706136032,200,0,0.0
EUW1_7706143381,100,0,1.0
EUW1_7706143381,200,1,-1.0
EUW1_7706143515,100,0,0.0
EUW1_7706143515,200,1,0.0
EUW1_7706146460,100,1,-1.0
EUW1_7706146460,200,0,1.0
EUW1_7706156240,100,1,0.6666666666666661
EUW1_7706156240,200,0,-0.6666666666666661
EUW1_7706159637,100,1,0.0
EUW1_7706159637,200,0,0.0
EUW1_7706164030,100,1,0.0
EUW1_7706164030,200,0,0.0
EUW1_7706166680,100,1,0.6666666666666661
EUW1_7706166680,200,0,-0.6666666666666661
EUW1_7706173712,100,0,0.0
EUW1_7706173712,200,1,0.0
EUW1_7706174785,100,1,0.0
EUW1_7706174785,200,0,0.0
EUW1_7706174854,100,1,-0.6666666666666661
EUW1_7706174854,200,0,0.6666666666666661
EUW1_7706175386,100,1,0.0
EUW1_7706175386,200,0,0.0
EUW1_7706180646,100,0,0.0
EUW1_7706180646,200,1,0.0
EUW1_7706180693,100,0,0.0
EUW1_7706180693,200,1,0.0
EUW1_7706189228,100,0,0.0
EUW1_7706189228,200,1,0.0
EUW1_7706196860,100,1,0.0
EUW1_7706196860,200,0,0.0
EUW1_7706200524,100,1,0.0
EUW1_7706200524,200,0,0.0
EUW1_7706202941,100,1,0.0
EUW1_7706202941,200,0,0.0
EUW1_7706205727,100,1,-1.0
EUW1_7706205727,200,0,1.0
EUW1_7706206277,100,1,0.0
EUW1_7706206277,200,0,0.0
EUW1_7706207526,100,1,0.0
EUW1_7706207526,200,0,0.0
EUW1_7706210392,100,1,-2.0
EUW1_7706210392,200,0,2.0
EUW1_7706213465,100,1,0.0
EUW1_7706213465,200,0,0.0
EUW1_7706214671,100,0,0.0
EUW1_7706214671,200,1,0.0
EUW1_7706222028,100,1,0.0
EUW1_7706222028,200,0,0.0
EUW1_7706224854,100,0,-0.6666666666666661
EUW1_7706224854,200,1,0.6666666666666661
EUW1_7706235443,100,1,0.0
EUW1_7706235443,200,0,0.0
EUW1_7706242471,100,1,0.0
EUW1_7706242471,200,0,0.0
EUW1_7706244174,100,0,1.0
EUW1_7706244174,200,1,-1.0
EUW1_7706245397,100,1,-2.0
EUW1_7706245397,200,0,2.0
EUW1_7706254238,100,0,0.0
EUW1_7706254238,200,1,0.0
EUW1_7706256960,100,1,-0.09999999999999964
EUW1_7706256960,200,0,0.09999999999999964
EUW1_7706257041,100,0,0.0
EUW1_7706257041,200,1,0.0
EUW1_7706263410,100,0,0.0
EUW1_7706263410,200,1,0.0
EUW1_7706267666,100,0,1.333333333333334
EUW1_7706267666,200,1,-1.333333333333334
EUW1_7706273154,100,0,-0.6666666666666661
EUW1_7706273154,200,1,0.6666666666666661
EUW1_7706273316,100,1,0.6666666666666661
EUW1_7706273316,200,0,-0.6666666666666661
EUW1_7706281181,100,1,2.0
EUW1_7706281181,200,0,-2.0
EUW1_7706285159,100,1,0.0
EUW1_7706285159,200,0,0.0
EUW1_7706285853,100,1,0.0
EUW1_7706285853,200,0,0.0
EUW1_7706292244,100,0,0.0
EUW1_7706292244,200,1,0.0
EUW1_7706294425,100,0,0.0
EUW1_7706294425,200,1,0.0
EUW1_7706297395,100,1,0.0
EUW1_7706297395,200,0,0.0
EUW1_7706300674,100,1,-1.333333333333334
EUW1_7706300674,200,0,1.333333333333334
EUW1_7706304694,100,1,0.0
EUW1_7706304694,200,0,0.0
EUW1_7706309697,100,1,0.0
EUW1_7706309697,200,0,0.0
EUW1_7706311586,100,0,-0.6666666666666661
EUW1_7706311586,200,1,0.6666666666666661
EUW1_7706312229,100,0,1.0
EUW1_7706312229,200,1,-1.0
EUW1_7706314446,100,0,1.0
EUW1_7706314446,200,1,-1.0
EUW1_7706320361,100,1,0.0
EUW1_7706320361,200,0,0.0
EUW1_7706331942,100,0,0.0
EUW1_7706331942,200,1,0.0
EUW1_7706333992,100,1,0.0
EUW1_7706333992,200,0,0.0
EUW1_7706334874,100,1,0.0
EUW1_7706334874,200,0,0.0
EUW1_7706336213,100,0,0.40000000000000036
EUW1_7706336213,200,1,-0.40000000000000036
EUW1_7706349342,100,0,-1.0
EUW1_7706349342,200,1,1.0
EUW1_7706351906,100,1,1.0
EUW1_7706351906,200,0,-1.0
EUW1_7706355852,100,1,0.0
EUW1_7706355852,200,0,0.0
EUW1_7706367682,100,1,1.0
EUW1_7706367682,200,0,-1.0
EUW1_7706372558,100,1,1.0
EUW1_7706372558,200,0,-1.0
EUW1_7706373409,100,1,0.0
EUW1_7706373409,200,0,0.0
EUW1_7706376922,100,0,0.5
EUW1_7706376922,200,1,-0.5
EUW1_7706385994,100,1,0.0
EUW1_7706385994,200,0,0.0
EUW1_7706391793,100,0,0.0
EUW1_7706391793,200,1,0.0
EUW1_7706392042,100,0,0.0
EUW1_7706392042,200,1,0.0
EUW1_7706395603,100,0,0.0
EUW1_7706395603,200,1,0.0
EUW1_7706395605,100,0,0.0
EUW1_7706395605,200,1,0.0
EUW1_7706395728,100,1,0.0
EUW1_7706395728,200,0,0.0
EUW1_7706399513,100,1,-2.0
EUW1_7706399513,200,0,2.0
EUW1_7706401719,100,1,-0.3333333333333339
EUW1_7706401719,200,0,0.3333333333333339
EUW1_7706406583,100,0,0.0
EUW1_7706406583,200,1,0.0
EUW1_7706413853,100,1,2.0
EUW1_7706413853,200,0,-2.0
EUW1_7706416203,100,1,-2.0
EUW1_7706416203,200,0,2.0
EUW1_7706421211,100,1,0.0
EUW1_7706421211,200,0,0.0
EUW1_7706425810,100,1,0.0
EUW1_7706425810,200,0,0.0
EUW1_7706433461,100,0,2.0
EUW1_7706433461,200,1,-2.0
EUW1_7706434369,100,1,0.0
EUW1_7706434369,200,0,0.0
EUW1_7706438548,100,1,2.0
EUW1_7706438548,200,0,-2.0
EUW1_7706439225,100,1,-1.0
EUW1_7706439225,200,0,1.0
EUW1_7706439421,100,1,0.0
EUW1_7706439421,200,0,0.0
EUW1_7706440939,100,0,2.0
EUW1_7706440939,200,1,-2.0
EUW1_7706448638,100,0,2.0
EUW1_7706448638,200,1,-2.0
EUW1_7706448922,100,0,0.0
EUW1_7706448922,200,1,0.0
EUW1_7706451287,100,1,0.0
EUW1_7706451287,200,0,0.0
EUW1_7706451779,100,1,0.0
EUW1_7706451779,200,0,0.0
EUW1_7706453130,100,0,0.0
EUW1_7706453130,200,1,0.0
EUW1_7706456700,100,0,0.0
EUW1_7706456700,200,1,0.0
EUW1_7706461078,100,0,-2.0
EUW1_7706461078,200,1,2.0
EUW1_7706461132,100,0,-1.0
EUW1_7706461132,200,1,1.0
EUW1_7706461678,100,0,-0.6666666666666661
EUW1_7706461678,200,1,0.6666666666666661
EUW1_7706463209,100,1,-2.0
EUW1_7706463209,200,0,2.0
EUW1_7706469993,100,0,0.0
EUW1_7706469993,200,1,0.0
EUW1_7706474045,100,1,0.0
EUW1_7706474045,200,0,0.0
EUW1_7706480160,100,1,0.0
EUW1_7706480160,200,0,0.0
EUW1_7706484047,100,1,-2.0
EUW1_7706484047,200,0,2.0
EUW1_7706486265,100,1,0.0
EUW1_7706486265,200,0,0.0
EUW1_7706488050,100,0,1.0
EUW1_7706488050,200,1,-1.0
EUW1_7706488270,100,1,1.0
EUW1_7706488270,200,0,-1.0
EUW1_7706488786,100,0,0.0
EUW1_7706488786,200,1,0.0
EUW1_7706489110,100,1,0.0
EUW1_7706489110,200,0,0.0
EUW1_7706489427,100,1,0.0
EUW1_7706489427,200,0,0.0
EUW1_7706492568,100,0,2.0
EUW1_7706492568,200,1,-2.0
EUW1_7706493087,100,1,0.0
EUW1_7706493087,200,0,0.0
EUW1_7706497650,100,1,0.0
EUW1_7706497650,200,0,0.0
EUW1_7706505302,100,1,1.0
EUW1_7706505302,200,0,-1.0
EUW1_7706510262,100,1,0.0
EUW1_7706510262,200,0,0.0
EUW1_7706510399,100,1,-1.0
EUW1_7706510399,200,0,1.0
EUW1_7706511173,100,0,2.0
EUW1_7706511173,200,1,-2.0
EUW1_7706514950,100,1,1.0
EUW1_7706514950,200,0,-1.0
EUW1_7706516108,100,1,-0.5
EUW1_7706516108,200,0,0.5
EUW1_7706517270,100,1,2.0
EUW1_7706517270,200,0,-2.0
EUW1_7706522010,100,0,1.0
EUW1_7706522010,200,1,-1.0
EUW1_7706526664,100,1,0.0
EUW1_7706526664,200,0,0.0
EUW1_7706534295,100,1,-2.0
EUW1_7706534295,200,0,2.0
EUW1_7706535603,100,0,-2.0
EUW1_7706535603,200,1,2.0
EUW1_7706537307,100,0,2.0
EUW1_7706537307,200,1,-2.0
EUW1_7706537673,100,1,-2.0
EUW1_7706537673,200,0,2.0
EUW1_7706539583,100,0,0.0
EUW1_7706539583,200,1,0.0
EUW1_7706542924,100,1,-2.0
EUW1_7706542924,200,0,2.0
EUW1_7706544778,100,1,-1.333333333333334
EUW1_7706544778,200,0,1.333333333333334
EUW1_7706550781,100,0,-1.0
EUW1_7706550781,200,1,1.0
EUW1_7706551313,100,0,2.0
EUW1_7706551313,200,1,-2.0
EUW1_7706552933,100,1,0.0
EUW1_7706552933,200,0,0.0
EUW1_7706552939,100,1,0.0
EUW1_7706552939,200,0,0.0
EUW1_7706558249,100,1,2.0
EUW1_7706558249,200,0,-2.0
EUW1_7706558321,100,0,0.0
EUW1_7706558321,200,1,0.0
EUW1_7706559099,100,1,0.0
EUW1_7706559099,200,0,0.0
EUW1_7706564902,100,1,2.0
EUW1_7706564902,200,0,-2.0
EUW1_7706567173,100,0,-1.0
EUW1_7706567173,200,1,1.0
EUW1_7706568809,100,1,0.0
EUW1_7706568809,200,0,0.0
EUW1_7706570386,100,1,0.0
EUW1_7706570386,200,0,0.0
EUW1_7706571411,100,1,-2.0
EUW1_7706571411,200,0,2.0
EUW1_7706581848,100,0,-2.0
EUW1_7706581848,200,1,2.0
EUW1_7706585856,100,1,0.0
EUW1_7706585856,200,0,0.0
EUW1_7706593683,100,1,0.0
EUW1_7706593683,200,0,0.0
EUW1_7706595469,100,1,0.0
EUW1_7706595469,200,0,0.0
EUW1_7706595824,100,1,2.0
EUW1_7706595824,200,0,-2.0
EUW1_7706598877,100,0,0.0
EUW1_7706598877,200,1,0.0
EUW1_7706599364,100,0,0.0
EUW1_7706599364,200,1,0.0
EUW1_7706600969,100,1,0.0
EUW1_7706600969,200,0,0.0
EUW1_7706601577,100,0,0.0
EUW1_7706601577,200,1,0.0
EUW1_7706601984,100,0,0.0
EUW1_7706601984,200,1,0.0
EUW1_7706608774,100,0,0.0
EUW1_7706608774,200,1,0.0
EUW1_7706611009,100,1,2.0
EUW1_7706611009,200,0,-2.0
EUW1_7706612252,100,0,2.0
EUW1_7706612252,200,1,-2.0
EUW1_7706612385,100,1,-1.333333333333334
EUW1_7706612385,200,0,1.333333333333334
EUW1_7706612762,100,0,2.0
EUW1_7706612762,200,1,-2.0
EUW1_7706613876,100,0,0.0
EUW1_7706613876,200,1,0.0
EUW1_7706618940,100,1,2.0
EUW1_7706618940,200,0,-2.0
EUW1_7706623726,100,1,1.0
EUW1_7706623726,200,0,-1.0
EUW1_7706624424,100,1,0.0
EUW1_7706624424,200,0,0.0
EUW1_7706630039,100,1,0.0
EUW1_7706630039,200,0,0.0
EUW1_7706635451,100,1,-2.0
EUW1_7706635451,200,0,2.0
EUW1_7706635888,100,1,0.0
EUW1_7706635888,200,0,0.0
EUW1_7706639553,100,0,1.0
EUW1_7706639553,200,1,-1.0
EUW1_7706640000,100,1,0.0
EUW1_7706640000,200,0,0.0
EUW1_7706640388,100,1,-2.0
EUW1_7706640388,200,0,2.0
EUW1_7706643947,100,0,0.0
EUW1_7706643947,200,1,0.0
EUW1_7706645214,100,1,0.0
EUW1_7706645214,200,0,0.0
EUW1_7706650276,100,1,0.0
EUW1_7706650276,200,0,0.0
EUW1_7706650779,100,0,0.0
EUW1_7706650779,200,1,0.0
EUW1_7706650925,100,0,0.0
EUW1_7706650925,200,1,0.0
EUW1_7706652011,100,1,2.0
EUW1_7706652011,200,0,-2.0
EUW1_7706652803,100,1,0.0
EUW1_7706652803,200,0,0.0
EUW1_7706655434,100,1,0.0
EUW1_7706655434,200,0,0.0
EUW1_7706658809,100,1,0.0
EUW1_7706658809,200,0,0.0
EUW1_7706662550,100,1,-1.0
EUW1_7706662550,200,0,1.0
EUW1_7706664699,100,0,1.0
EUW1_7706664699,200,1,-1.0
EUW1_7706673327,100,0,0.0
EUW1_7706673327,200,1,0.0
EUW1_7706674822,100,0,0.0
EUW1_7706674822,200,1,0.0
EUW1_7706675748,100,1,0.6666666666666661
EUW1_7706675748,200,0,-0.6666666666666661
EUW1_7706676845,100,1,-1.0
EUW1_7706676845,200,0,1.0
EUW1_7706678327,100,1,1.0
EUW1_7706678327,200,0,-1.0
EUW1_7706681069,100,1,2.0
EUW1_7706681069,200,0,-2.0
EUW1_7706682235,100,1,2.0
EUW1_7706682235,200,0,-2.0
EUW1_7706682375,100,1,1.0
EUW1_7706682375,200,0,-1.0
EUW1_7706683445,100,1,0.0
EUW1_7706683445,200,0,0.0
EUW1_7706686308,100,0,-2.0
EUW1_7706686308,200,1,2.0
EUW1_7706688496,100,0,1.0
EUW1_7706688496,200,1,-1.0
EUW1_7706690034,100,0,0.0
EUW1_7706690034,200,1,0.0
EUW1_7706693957,100,0,0.0
EUW1_7706693957,200,1,0.0
EUW1_7706697130,100,1,-1.0
EUW1_7706697130,200,0,1.0
EUW1_7706699555,100,1,-1.0
EUW1_7706699555,200,0,1.0
EUW1_7706701323,100,0,2.0
EUW1_7706701323,200,1,-2.0
EUW1_7706702626,100,1,0.0
EUW1_7706702626,200,0,0.0
EUW1_7706702689,100,1,0.0
EUW1_7706702689,200,0,0.0
EUW1_7706703581,100,0,0.6666666666666661
EUW1_7706703581,200,1,-0.6666666666666661
EUW1_7706705930,100,0,0.0
EUW1_7706705930,200,1,0.0
EUW1_7706706653,100,1,0.6666666666666661
EUW1_7706706653,200,0,-0.6666666666666661
EUW1_7706707379,100,0,-2.0
EUW1_7706707379,200,1,2.0
EUW1_7706709734,100,1,0.0
EUW1_7706709734,200,0,0.0
EUW1_7706709789,100,0,0.6666666666666661
EUW1_7706709789,200,1,-0.6666666666666661
EUW1_7706712145,100,0,0.0
EUW1_7706712145,200,1,0.0
EUW1_7706713728,100,1,0.0
EUW1_7706713728,200,0,0.0
EUW1_7706713832,100,0,-1.333333333333334
EUW1_7706713832,200,1,1.333333333333334
EUW1_7706715000,100,1,0.0
EUW1_7706715000,200,0,0.0
EUW1_7706719902,100,0,-2.0
EUW1_7706719902,200,1,2.0
EUW1_7706723797,100,0,1.0
EUW1_7706723797,200,1,-1.0
EUW1_7706724994,100,0,0.0
EUW1_7706724994,200,1,0.0
EUW1_7706725176,100,1,0.0
EUW1_7706725176,200,0,0.0
EUW1_7706725857,100,1,0.0
EUW1_7706725857,200,0,0.0
EUW1_7706728229,100,1,2.0
EUW1_7706728229,200,0,-2.0
EUW1_7706728943,100,0,2.0
EUW1_7706728943,200,1,-2.0
EUW1_7706729125,100,1,0.0
EUW1_7706729125,200,0,0.0
EUW1_7706729438,100,0,-0.6666666666666661
EUW1_7706729438,200,1,0.6666666666666661
EUW1_7706730407,100,0,0.0
EUW1_7706730407,200,1,0.0
EUW1_7706731349,100,1,0.0
EUW1_7706731349,200,0,0.0
EUW1_7706731688,100,0,-1.0
EUW1_7706731688,200,1,1.0
EUW1_7706732205,100,0,0.0
EUW1_7706732205,200,1,0.0
EUW1_7706735708,100,1,0.0
EUW1_7706735708,200,0,0.0
EUW1_7706736121,100,0,1.0
EUW1_7706736121,200,1,-1.0
EUW1_7706741266,100,1,0.0
EUW1_7706741266,200,0,0.0
EUW1_7706743844,100,1,-2.0
EUW1_7706743844,200,0,2.0
EUW1_7706746288,100,0,1.0
EUW1_7706746288,200,1,-1.0
EUW1_7706746575,100,0,0.6666666666666661
EUW1_7706746575,200,1,-0.6666666666666661
EUW1_7706750460,100,1,0.0
EUW1_7706750460,200,0,0.0
EUW1_7706752553,100,0,0.0
EUW1_7706752553,200,1,0.0
EUW1_7706753855,100,1,0.0
EUW1_7706753855,200,0,0.0
EUW1_7706756997,100,1,0.6666666666666661
EUW1_7706756997,200,0,-0.6666666666666661
EUW1_7706761278,100,1,0.0
EUW1_7706761278,200,0,0.0
EUW1_7706765461,100,0,2.0
EUW1_7706765461,200,1,-2.0
EUW1_7706766440,100,0,0.0
EUW1_7706766440,200,1,0.0
EUW1_7706766768,100,0,-2.0
EUW1_7706766768,200,1,2.0
EUW1_7706767510,100,1,0.0
EUW1_7706767510,200,0,0.0
EUW1_7706769121,100,1,1.5
EUW1_7706769121,200,0,-1.5
EUW1_7706770526,100,0,0.0
EUW1_7706770526,200,1,0.0
EUW1_7706770648,100,1,0.0
EUW1_7706770648,200,0,0.0
EUW1_7706776895,100,1,0.0
EUW1_7706776895,200,0,0.0
EUW1_7706778325,100,1,1.0
EUW1_7706778325,200,0,-1.0
EUW1_7706778955,100,1,0.0
EUW1_7706778955,200,0,0.0
EUW1_7706779100,100,1,0.0
EUW1_7706779100,200,0,0.0
EUW1_7706780521,100,0,0.0
EUW1_7706780521,200,1,0.0
EUW1_7706780858,100,0,1.0
EUW1_7706780858,200,1,-1.0
EUW1_7706781513,100,1,1.0
EUW1_7706781513,200,0,-1.0
EUW1_7706781995,100,1,1.0
EUW1_7706781995,200,0,-1.0
EUW1_7706784681,100,1,0.0
EUW1_7706784681,200,0,0.0
EUW1_7706785131,100,0,2.0
EUW1_7706785131,200,1,-2.0
EUW1_7706785380,100,1,0.0
EUW1_7706785380,200,0,0.0
EUW1_7706785800,100,1,0.0
EUW1_7706785800,200,0,0.0
EUW1_7706788864,100,1,0.0
EUW1_7706788864,200,0,0.0
EUW1_7706790273,100,1,1.0
EUW1_7706790273,200,0,-1.0
EUW1_7706790752,100,0,1.0
EUW1_7706790752,200,1,-1.0
EUW1_7706792210,100,1,0.0
EUW1_7706792210,200,0,0.0
EUW1_7706793122,100,0,2.0
EUW1_7706793122,200,1,-2.0
EUW1_7706801428,100,0,0.0
EUW1_7706801428,200,1,0.0
EUW1_7706803603,100,1,1.333333333333334
EUW1_7706803603,200,0,-1.333333333333334
EUW1_7706805713,100,0,0.0
EUW1_7706805713,200,1,0.0
EUW1_7706808729,100,0,0.6666666666666661
EUW1_7706808729,200,1,-0.6666666666666661
EUW1_7706809134,100,1,0.0
EUW1_7706809134,200,0,0.0
EUW1_7706810670,100,0,-2.0
EUW1_7706810670,200,1,2.0
EUW1_7706811964,100,1,0.0
EUW1_7706811964,200,0,0.0
EUW1_7706817132,100,1,0.0
EUW1_7706817132,200,0,0.0
EUW1_7706817833,100,1,0.0
EUW1_7706817833,200,0,0.0
EUW1_7706817913,100,0,-2.0
EUW1_7706817913,200,1,2.0
EUW1_7706818608,100,0,-1.0
EUW1_7706818608,200,1,1.0
EUW1_7706820935,100,0,0.0
EUW1_7706820935,200,1,0.0
EUW1_7706823994,100,1,0.0
EUW1_7706823994,200,0,0.0
EUW1_7706826139,100,0,0.0
EUW1_7706826139,200,1,0.0
EUW1_7706827793,100,0,2.0
EUW1_7706827793,200,1,-2.0
EUW1_7706828026,100,1,2.0
EUW1_7706828026,200,0,-2.0
EUW1_7706831171,100,1,-2.0
EUW1_7706831171,200,0,2.0
EUW1_7706833432,100,0,1.0
EUW1_7706833432,200,1,-1.0
EUW1_7706834666,100,0,-2.0
EUW1_7706834666,200,1,2.0
EUW1_7706834724,100,0,0.0
EUW1_7706834724,200,1,0.0
EUW1_7706835115,100,1,-2.0
EUW1_7706835115,200,0,2.0
EUW1_7706838144,100,1,0.0
EUW1_7706838144,200,0,0.0
EUW1_7706838774,100,0,0.5
EUW1_7706838774,200,1,-0.5
EUW1_7706841584,100,0,0.0
EUW1_7706841584,200,1,0.0
EUW1_7706844674,100,0,0.0
EUW1_7706844674,200,1,0.0
EUW1_7706844972,100,1,0.0
EUW1_7706844972,200,0,0.0
EUW1_7706845833,100,1,2.0
EUW1_7706845833,200,0,-2.0
EUW1_7706846960,100,1,-2.0
EUW1_7706846960,200,0,2.0
EUW1_7706851940,100,1,0.0
EUW1_7706851940,200,0,0.0
EUW1_7706851985,100,1,-1.0
EUW1_7706851985,200,0,1.0
EUW1_7706854316,100,0,1.0
EUW1_7706854316,200,1,-1.0
EUW1_7706856311,100,1,0.0
EUW1_7706856311,200,0,0.0
EUW1_7706858657,100,0,0.0
EUW1_7706858657,200,1,0.0
EUW1_7706862778,100,1,1.0
EUW1_7706862778,200,0,-1.0
EUW1_7706862885,100,0,0.0
EUW1_7706862885,200,1,0.0
EUW1_7706864333,100,1,0.0
EUW1_7706864333,200,0,0.0
EUW1_7706867102,100,0,-0.3333333333333339
EUW1_7706867102,200,1,0.3333333333333339
EUW1_7706868761,100,1,0.0
EUW1_7706868761,200,0,0.0
EUW1_7706871091,100,1,0.0
EUW1_7706871091,200,0,0.0
EUW1_7706873222,100,1,0.0
EUW1_7706873222,200,0,0.0
EUW1_7706878695,100,1,0.5
EUW1_7706878695,200,0,-0.5
EUW1_7706880235,100,1,-0.6666666666666661
EUW1_7706880235,200,0,0.6666666666666661
EUW1_7706881972,100,0,0.3333333333333339
EUW1_7706881972,200,1,-0.3333333333333339
EUW1_7706882482,100,1,0.0
EUW1_7706882482,200,0,0.0
EUW1_7706884257,100,1,0.0
EUW1_7706884257,200,0,0.0
EUW1_7706887293,100,1,1.0
EUW1_7706887293,200,0,-1.0
EUW1_7706893448,100,1,0.0
EUW1_7706893448,200,0,0.0
EUW1_7706894231,100,0,-1.0
EUW1_7706894231,200,1,1.0
EUW1_7706895647,100,0,0.0
EUW1_7706895647,200,1,0.0
EUW1_7706898467,100,0,0.0
EUW1_7706898467,200,1,0.0
EUW1_7706900684,100,1,1.0
EUW1_7706900684,200,0,-1.0
EUW1_7706900790,100,0,0.0
EUW1_7706900790,200,1,0.0
EUW1_7706902716,100,0,0.0
EUW1_7706902716,200,1,0.0
EUW1_7706903005,100,1,0.0
EUW1_7706903005,200,0,0.0
EUW1_7706905993,100,0,0.0
EUW1_7706905993,200,1,0.0
EUW1_7706909309,100,0,0.0
EUW1_7706909309,200,1,0.0
EUW1_7706911495,100,0,0.0
EUW1_7706911495,200,1,0.0
EUW1_7706912713,100,1,0.0
EUW1_7706912713,200,0,0.0
EUW1_7706914181,100,1,-1.0
EUW1_7706914181,200,0,1.0
EUW1_7706914208,100,1,0.0
EUW1_7706914208,200,0,0.0
EUW1_7706915527,100,0,0.0
EUW1_7706915527,200,1,0.0
EUW1_7706920214,100,0,2.0
EUW1_7706920214,200,1,-2.0
EUW1_7706921496,100,0,2.0
EUW1_7706921496,200,1,-2.0
EUW1_7706921845,100,0,0.0
EUW1_7706921845,200,1,0.0
EUW1_7706924746,100,1,-0.6666666666666661
EUW1_7706924746,200,0,0.6666666666666661
EUW1_7706930513,100,0,-2.0
EUW1_7706930513,200,1,2.0
EUW1_7706930616,100,1,0.0
EUW1_7706930616,200,0,0.0
EUW1_7706934747,100,1,1.333333333333334
EUW1_7706934747,200,0,-1.333333333333334
EUW1_7706936478,100,0,0.0
EUW1_7706936478,200,1,0.0
EUW1_7706936759,100,0,0.0
EUW1_7706936759,200,1,0.0
EUW1_7706938328,100,0,0.0
EUW1_7706938328,200,1,0.0
EUW1_7706942094,100,1,0.0
EUW1_7706942094,200,0,0.0
EUW1_7706942519,100,0,0.0
EUW1_7706942519,200,1,0.0
EUW1_7706946009,100,0,2.0
EUW1_7706946009,200,1,-2.0
EUW1_7706949074,100,0,0.0
EUW1_7706949074,200,1,0.0
EUW1_7706949801,100,1,0.0
EUW1_7706949801,200,0,0.0
EUW1_7706952509,100,0,-2.0
EUW1_7706952509,200,1,2.0
EUW1_7706953481,100,1,0.0
EUW1_7706953481,200,0,0.0
EUW1_7706953784,100,0,0.0
EUW1_7706953784,200,1,0.0
EUW1_7706953999,100,1,0.0
EUW1_7706953999,200,0,0.0
EUW1_7706962817,100,0,-1.333333333333334
EUW1_7706962817,200,1,1.333333333333334
EUW1_7706965022,100,1,0.0
EUW1_7706965022,200,0,0.0
EUW1_7706965952,100,1,-2.0
EUW1_7706965952,200,0,2.0
EUW1_7706972450,100,0,0.0
EUW1_7706972450,200,1,0.0
EUW1_7706973510,100,1,0.0
EUW1_7706973510,200,0,0.0
EUW1_7706974182,100,0,2.0
EUW1_7706974182,200,1,-2.0
EUW1_7706974701,100,0,0.0
EUW1_7706974701,200,1,0.0
EUW1_7706975102,100,0,-2.0
EUW1_7706975102,200,1,2.0
EUW1_7706975517,100,1,0.0
EUW1_7706975517,200,0,0.0
EUW1_7706979430,100,1,0.0
EUW1_7706979430,200,0,0.0
EUW1_7706980881,100,0,-1.0
EUW1_7706980881,200,1,1.0
EUW1_7706980928,100,0,0.0
EUW1_7706980928,200,1,0.0
EUW1_7706981261,100,0,0.0
EUW1_7706981261,200,1,0.0
EUW1_7706984619,100,0,-2.0
EUW1_7706984619,200,1,2.0
EUW1_7706985261,100,1,0.0
EUW1_7706985261,200,0,0.0
EUW1_7706990125,100,1,2.0
EUW1_7706990125,200,0,-2.0
EUW1_7706992580,100,0,0.0
EUW1_7706992580,200,1,0.0
EUW1_7706992710,100,1,0.0
EUW1_7706992710,200,0,0.0
EUW1_7706994152,100,0,0.0
EUW1_7706994152,200,1,0.0
EUW1_7706998062,100,1,2.0
EUW1_7706998062,200,0,-2.0
EUW1_7706998349,100,0,0.0
EUW1_7706998349,200,1,0.0
EUW1_7706999730,100,0,0.0
EUW1_7706999730,200,1,0.0
EUW1_7707000983,100,0,0.0
EUW1_7707000983,200,1,0.0
EUW1_7707001418,100,1,-2.0
EUW1_7707001418,200,0,2.0
EUW1_7707004780,100,1,1.333333333333334
EUW1_7707004780,200,0,-1.333333333333334
EUW1_7707005138,100,0,0.0
EUW1_7707005138,200,1,0.0
EUW1_7707006889,100,1,0.0
EUW1_7707006889,200,0,0.0
EUW1_7707010869,100,1,0.0
EUW1_7707010869,200,0,0.0
EUW1_7707014081,100,0,1.0
EUW1_7707014081,200,1,-1.0
EUW1_7707017859,100,0,0.0
EUW1_7707017859,200,1,0.0
EUW1_7707025051,100,1,0.0
EUW1_7707025051,200,0,0.0
EUW1_7707025917,100,0,0.0
EUW1_7707025917,200,1,0.0
EUW1_7707030946,100,1,0.6666666666666661
EUW1_7707030946,200,0,-0.6666666666666661
EUW1_7707030951,100,1,0.0
EUW1_7707030951,200,0,0.0
EUW1_7707032857,100,0,0.0
EUW1_7707032857,200,1,0.0
EUW1_7707033018,100,0,0.0
EUW1_7707033018,200,1,0.0
EUW1_7707034737,100,1,1.0
EUW1_7707034737,200,0,-1.0
EUW1_7707035255,100,0,0.0
EUW1_7707035255,200,1,0.0
EUW1_7707037617,100,1,-1.0
EUW1_7707037617,200,0,1.0
EUW1_7707037816,100,0,0.0
EUW1_7707037816,200,1,0.0
EUW1_7707046272,100,1,0.0
EUW1_7707046272,200,0,0.0
EUW1_7707046402,100,0,-2.0
EUW1_7707046402,200,1,2.0
EUW1_7707046847,100,1,0.0
EUW1_7707046847,200,0,0.0
EUW1_7707049178,100,1,0.0
EUW1_7707049178,200,0,0.0
EUW1_7707049562,100,0,0.0
EUW1_7707049562,200,1,0.0
EUW1_7707049840,100,0,0.0
EUW1_7707049840,200,1,0.0
EUW1_7707051496,100,1,-2.0
EUW1_7707051496,200,0,2.0
EUW1_7707055838,100,0,0.0
EUW1_7707055838,200,1,0.0
EUW1_7707056528,100,0,0.0
EUW1_7707056528,200,1,0.0
EUW1_7707057249,100,1,1.0
EUW1_7707057249,200,0,-1.0
EUW1_7707058986,100,0,0.0
EUW1_7707058986,200,1,0.0
EUW1_7707058988,100,0,0.0
EUW1_7707058988,200,1,0.0
EUW1_7707061593,100,1,0.0
EUW1_7707061593,200,0,0.0
EUW1_7707062118,100,0,0.0
EUW1_7707062118,200,1,0.0
EUW1_7707064075,100,0,0.0
EUW1_7707064075,200,1,0.0
EUW1_7707064287,100,1,0.0
EUW1_7707064287,200,0,0.0
EUW1_7707064371,100,1,0.0
EUW1_7707064371,200,0,0.0
EUW1_7707067832,100,0,0.0
EUW1_7707067832,200,1,0.0
EUW1_7707072385,100,0,0.0
EUW1_7707072385,200,1,0.0
EUW1_7707072963,100,0,0.0
EUW1_7707072963,200,1,0.0
EUW1_7707073519,100,0,-1.0
EUW1_7707073519,200,1,1.0
EUW1_7707075144,100,1,1.0
EUW1_7707075144,200,0,-1.0
EUW1_7707077033,100,1,0.0
EUW1_7707077033,200,0,0.0
EUW1_7707080329,100,0,0.0
EUW1_7707080329,200,1,0.0
EUW1_7707082802,100,0,0.0
EUW1_7707082802,200,1,0.0
EUW1_7707085411,100,0,0.0
EUW1_7707085411,200,1,0.0
EUW1_7707088120,100,1,0.0
EUW1_7707088120,200,0,0.0
EUW1_7707088255,100,0,-2.0
EUW1_7707088255,200,1,2.0
EUW1_7707096317,100,0,0.0
EUW1_7707096317,200,1,0.0
EUW1_7707097491,100,1,-2.0
EUW1_7707097491,200,0,2.0
EUW1_7707099048,100,1,0.0
EUW1_7707099048,200,0,0.0
EUW1_7707102722,100,1,0.0
EUW1_7707102722,200,0,0.0
EUW1_7707102813,100,1,0.0
EUW1_7707102813,200,0,0.0
EUW1_7707103427,100,1,0.0
EUW1_7707103427,200,0,0.0
EUW1_7707104023,100,1,0.0
EUW1_7707104023,200,0,0.0
EUW1_7707108607,100,1,0.0
EUW1_7707108607,200,0,0.0
EUW1_7707109237,100,0,-2.0
EUW1_7707109237,200,1,2.0
EUW1_7707112227,100,1,0.0
EUW1_7707112227,200,0,0.0
EUW1_7707112534,100,0,0.0
EUW1_7707112534,200,1,0.0
EUW1_7707120236,100,0,0.0
EUW1_7707120236,200,1,0.0
EUW1_7707121316,100,1,0.0
EUW1_7707121316,200,0,0.0
EUW1_7707121603,100,1,0.0
EUW1_7707121603,200,0,0.0
EUW1_7707121946,100,0,0.0
EUW1_7707121946,200,1,0.0
EUW1_7707122120,100,1,0.0
EUW1_7707122120,200,0,0.0
EUW1_7707124258,100,0,0.0
EUW1_7707124258,200,1,0.0
EUW1_7707125209,100,1,0.0
EUW1_7707125209,200,0,0.0
EUW1_7707128358,100,0,0.0
EUW1_7707128358,200,1,0.0
EUW1_7707129092,100,0,-1.0
EUW1_7707129092,200,1,1.0
EUW1_7707129520,100,1,0.0
EUW1_7707129520,200,0,0.0
EUW1_7707132851,100,1,-0.6666666666666661
EUW1_7707132851,200,0,0.6666666666666661
EUW1_7707133526,100,1,0.0
EUW1_7707133526,200,0,0.0
EUW1_7707139926,100,1,0.0
EUW1_7707139926,200,0,0.0
EUW1_7707142175,100,1,0.0
EUW1_7707142175,200,0,0.0
EUW1_7707142506,100,0,0.0
EUW1_7707142506,200,1,0.0
EUW1_7707144760,100,0,-1.0
EUW1_7707144760,200,1,1.0
EUW1_7707145377,100,0,0.0
EUW1_7707145377,200,1,0.0
EUW1_7707145994,100,0,0.0
EUW1_7707145994,200,1,0.0
EUW1_7707148434,100,1,2.0
EUW1_7707148434,200,0,-2.0
EUW1_7707152977,100,0,0.0
EUW1_7707152977,200,1,0.0
EUW1_7707153451,100,0,2.0
EUW1_7707153451,200,1,-2.0
EUW1_7707153578,100,0,0.0
EUW1_7707153578,200,1,0.0
EUW1_7707161141,100,1,0.0
EUW1_7707161141,200,0,0.0
EUW1_7707167567,100,0,0.0
EUW1_7707167567,200,1,0.0
EUW1_7707171265,100,1,0.0
EUW1_7707171265,200,0,0.0
EUW1_7707171548,100,0,0.0
EUW1_7707171548,200,1,0.0
EUW1_7707174580,100,0,2.0
EUW1_7707174580,200,1,-2.0
EUW1_7707175232,100,1,1.0
EUW1_7707175232,200,0,-1.0
EUW1_7707180315,100,1,0.0
EUW1_7707180315,200,0,0.0
EUW1_7707186711,100,1,0.0
EUW1_7707186711,200,0,0.0
EUW1_7707193679,100,1,-1.0
EUW1_7707193679,200,0,1.0
EUW1_7707194138,100,0,1.0
EUW1_7707194138,200,1,-1.0
EUW1_7707201028,100,0,-2.0
EUW1_7707201028,200,1,2.0
EUW1_7707203948,100,1,0.0
EUW1_7707203948,200,0,0.0
EUW1_7707210315,100,0,-2.0
EUW1_7707210315,200,1,2.0
EUW1_7707217745,100,0,1.0
EUW1_7707217745,200,1,-1.0
EUW1_7707218616,100,1,-2.0
EUW1_7707218616,200,0,2.0
EUW1_7707219166,100,0,0.0
EUW1_7707219166,200,1,0.0
EUW1_7707222246,100,1,-2.0
EUW1_7707222246,200,0,2.0
EUW1_7707222535,100,1,2.0
EUW1_7707222535,200,0,-2.0
EUW1_7707225596,100,1,0.0
EUW1_7707225596,200,0,0.0
EUW1_7707228215,100,1,1.0
EUW1_7707228215,200,0,-1.0
EUW1_7707230367,100,1,0.0
EUW1_7707230367,200,0,0.0
EUW1_7707233547,100,0,0.0
EUW1_7707233547,200,1,0.0
EUW1_7707236804,100,0,0.0
EUW1_7707236804,200,1,0.0
EUW1_7707241487,100,1,-1.0
EUW1_7707241487,200,0,1.0
EUW1_7707242998,100,1,0.0
EUW1_7707242998,200,0,0.0
EUW1_7707244103,100,0,-1.0
EUW1_7707244103,200,1,1.0
EUW1_7707247413,100,1,2.0
EUW1_7707247413,200,0,-2.0
EUW1_7707256515,100,1,0.0
EUW1_7707256515,200,0,0.0
EUW1_7707257179,100,0,-2.0
EUW1_7707257179,200,1,2.0
EUW1_7707261226,100,1,2.0
EUW1_7707261226,200,0,-2.0
EUW1_7707261263,100,0,0.0
EUW1_7707261263,200,1,0.0
EUW1_7707275681,100,1,0.0
EUW1_7707275681,200,0,0.0
EUW1_7707277561,100,0,0.5
EUW1_7707277561,200,1,-0.5
EUW1_7707281091,100,1,0.0
EUW1_7707281091,200,0,0.0
EUW1_7707282330,100,1,-1.0
EUW1_7707282330,200,0,1.0
EUW1_7707282553,100,1,0.0
EUW1_7707282553,200,0,0.0
EUW1_7707286265,100,1,0.0
EUW1_7707286265,200,0,0.0
EUW1_7707290482,100,0,0.0
EUW1_7707290482,200,1,0.0
EUW1_7707293033,100,1,-2.0
EUW1_7707293033,200,0,2.0
EUW1_7707294424,100,1,0.0
EUW1_7707294424,200,0,0.0
EUW1_7707294681,100,0,0.0
EUW1_7707294681,200,1,0.0
EUW1_7707294903,100,1,0.0
EUW1_7707294903,200,0,0.0
EUW1_7707298539,100,0,0.0
EUW1_7707298539,200,1,0.0
EUW1_7707300274,100,1,0.0
EUW1_7707300274,200,0,0.0
EUW1_7707300779,100,1,-1.0
EUW1_7707300779,200,0,1.0
EUW1_7707300995,100,0,0.0
EUW1_7707300995,200,1,0.0
EUW1_7707301543,100,0,0.5
EUW1_7707301543,200,1,-0.5
EUW1_7707306422,100,0,2.0
EUW1_7707306422,200,1,-2.0
EUW1_7707309235,100,0,0.0
EUW1_7707309235,200,1,0.0
EUW1_7707316207,100,1,0.0
EUW1_7707316207,200,0,0.0
EUW1_7707318948,100,1,0.0
EUW1_7707318948,200,0,0.0
EUW1_7707319637,100,1,0.0
EUW1_7707319637,200,0,0.0
EUW1_7707320264,100,0,1.0
EUW1_7707320264,200,1,-1.0
EUW1_7707326091,100,0,0.0
EUW1_7707326091,200,1,0.0
EUW1_7707328960,100,0,0.0
EUW1_7707328960,200,1,0.0
EUW1_7707329413,100,1,0.0
EUW1_7707329413,200,0,0.0
EUW1_7707332326,100,1,0.0
EUW1_7707332326,200,0,0.0
EUW1_7707335657,100,0,-0.6666666666666661
EUW1_7707335657,200,1,0.6666666666666661
EUW1_7707341282,100,0,-1.333333333333334
EUW1_7707341282,200,1,1.333333333333334
EUW1_7707341916,100,1,0.0
EUW1_7707341916,200,0,0.0
EUW1_7707349139,100,0,0.0
EUW1_7707349139,200,1,0.0
EUW1_7707351567,100,1,0.0
EUW1_7707351567,200,0,0.0
EUW1_7707353685,100,1,0.0
EUW1_7707353685,200,0,0.0
EUW1_7707357690,100,1,0.0
EUW1_7707357690,200,0,0.0
EUW1_7707360361,100,1,-2.0
EUW1_7707360361,200,0,2.0
EUW1_7707362889,100,0,0.0
EUW1_7707362889,200,1,0.0
EUW1_7707363223,100,1,-1.0
EUW1_7707363223,200,0,1.0
EUW1_7707371559,100,1,2.0
EUW1_7707371559,200,0,-2.0
EUW1_7707371624,100,0,0.0
EUW1_7707371624,200,1,0.0
EUW1_7707372162,100,1,0.0
EUW1_7707372162,200,0,0.0
EUW1_7707375042,100,0,-0.5
EUW1_7707375042,200,1,0.5
EUW1_7707376494,100,0,-2.0
EUW1_7707376494,200,1,2.0
EUW1_7707377120,100,0,0.0
EUW1_7707377120,200,1,0.0
EUW1_7707377805,100,1,0.0
EUW1_7707377805,200,0,0.0
EUW1_7707380624,100,1,0.0
EUW1_7707380624,200,0,0.0
EUW1_7707385446,100,1,-0.6666666666666661
EUW1_7707385446,200,0,0.6666666666666661
EUW1_7707387389,100,0,0.0
EUW1_7707387389,200,1,0.0
EUW1_7707390154,100,1,0.0
EUW1_7707390154,200,0,0.0
EUW1_7707390189,100,0,-2.0
EUW1_7707390189,200,1,2.0
EUW1_7707391144,100,1,2.0
EUW1_7707391144,200,0,-2.0
EUW1_7707393907,100,0,-1.0
EUW1_7707393907,200,1,1.0
EUW1_7707394984,100,1,-1.0
EUW1_7707394984,200,0,1.0
EUW1_7707394988,100,1,0.0
EUW1_7707394988,200,0,0.0
EUW1_7707399977,100,0,-2.0
EUW1_7707399977,200,1,2.0
EUW1_7707403269,100,0,0.0
EUW1_7707403269,200,1,0.0
EUW1_7707405785,100,1,0.0
EUW1_7707405785,200,0,0.0
EUW1_7707409506,100,1,0.0
EUW1_7707409506,200,0,0.0
EUW1_7707411990,100,1,0.6666666666666661
EUW1_7707411990,200,0,-0.6666666666666661
EUW1_7707416901,100,1,1.333333333333334
EUW1_7707416901,200,0,-1.333333333333334
EUW1_7707417005,100,0,-1.0
EUW1_7707417005,200,1,1.0
EUW1_7707417715,100,1,2.0
EUW1_7707417715,200,0,-2.0
EUW1_7707420221,100,0,0.0
EUW1_7707420221,200,1,0.0
EUW1_7707421028,100,1,1.0
EUW1_7707421028,200,0,-1.0
EUW1_7707428292,100,0,0.0
EUW1_7707428292,200,1,0.0
EUW1_7707429542,100,0,0.0
EUW1_7707429542,200,1,0.0
EUW1_7707431534,100,0,0.0
EUW1_7707431534,200,1,0.0
EUW1_7707434276,100,0,0.0
EUW1_7707434276,200,1,0.0
EUW1_7707435024,100,1,0.0
EUW1_7707435024,200,0,0.0
EUW1_7707438372,100,1,0.0
EUW1_7707438372,200,0,0.0
EUW1_7707441551,100,1,0.0
EUW1_7707441551,200,0,0.0
EUW1_7707442171,100,1,0.0
EUW1_7707442171,200,0,0.0
EUW1_7707446554,100,1,-0.3333333333333339
EUW1_7707446554,200,0,0.3333333333333339
EUW1_7707449779,100,1,0.0
EUW1_7707449779,200,0,0.0
EUW1_7707451828,100,0,0.0
EUW1_7707451828,200,1,0.0
EUW1_7707456479,100,0,0.6666666666666661
EUW1_7707456479,200,1,-0.6666666666666661
EUW1_7707457888,100,0,2.0
EUW1_7707457888,200,1,-2.0
EUW1_7707460969,100,1,-2.0
EUW1_7707460969,200,0,2.0
EUW1_7707462352,100,1,0.0
EUW1_7707462352,200,0,0.0
EUW1_7707466406,100,0,0.0
EUW1_7707466406,200,1,0.0
EUW1_7707466621,100,1,2.0
EUW1_7707466621,200,0,-2.0
EUW1_7707468505,100,1,0.0
EUW1_7707468505,200,0,0.0
EUW1_7707472931,100,0,0.0
EUW1_7707472931,200,1,0.0
EUW1_7707473609,100,1,-1.0
EUW1_7707473609,200,0,1.0
EUW1_7707482852,100,1,0.5
EUW1_7707482852,200,0,-0.5
EUW1_7707485616,100,1,1.0
EUW1_7707485616,200,0,-1.0
EUW1_7707491036,100,1,-1.0
EUW1_7707491036,200,0,1.0
EUW1_7707493523,100,0,0.0
EUW1_7707493523,200,1,0.0
EUW1_7707494050,100,0,0.0
EUW1_7707494050,200,1,0.0
EUW1_7707495460,100,1,0.0
EUW1_7707495460,200,0,0.0
EUW1_7707496591,100,0,0.0
EUW1_7707496591,200,1,0.0
EUW1_7707499330,100,0,0.0
EUW1_7707499330,200,1,0.0
EUW1_7707504157,100,0,-0.6666666666666661
EUW1_7707504157,200,1,0.6666666666666661
EUW1_7707505713,100,1,0.0
EUW1_7707505713,200,0,0.0
EUW1_7707507231,100,1,1.0
EUW1_7707507231,200,0,-1.0
EUW1_7707510298,100,1,-2.0
EUW1_7707510298,200,0,2.0
EUW1_7707511067,100,1,1.0
EUW1_7707511067,200,0,-1.0
EUW1_7707511687,100,1,0.0
EUW1_7707511687,200,0,0.0
EUW1_7707519675,100,0,2.0
EUW1_7707519675,200,1,-2.0
EUW1_7707520890,100,1,-2.0
EUW1_7707520890,200,0,2.0
EUW1_7707522562,100,1,0.0
EUW1_7707522562,200,0,0.0
EUW1_7707524353,100,0,0.0
EUW1_7707524353,200,1,0.0
EUW1_7707528274,100,1,0.0
EUW1_7707528274,200,0,0.0
EUW1_7707533980,100,0,0.0
EUW1_7707533980,200,1,0.0
EUW1_7707539972,100,0,1.0
EUW1_7707539972,200,1,-1.0
EUW1_7707540833,100,1,2.0
EUW1_7707540833,200,0,-2.0
EUW1_7707545763,100,1,0.0
EUW1_7707545763,200,0,0.0
EUW1_7707549825,100,0,2.0
EUW1_7707549825,200,1,-2.0
EUW1_7707553134,100,1,2.0
EUW1_7707553134,200,0,-2.0
EUW1_7707553311,100,0,1.0
EUW1_7707553311,200,1,-1.0
EUW1_7707556975,100,0,1.0
EUW1_7707556975,200,1,-1.0
EUW1_7707557734,100,1,-0.5
EUW1_7707557734,200,0,0.5
EUW1_7707560761,100,0,-2.0
EUW1_7707560761,200,1,2.0
EUW1_7707568685,100,1,0.0
EUW1_7707568685,200,0,0.0
EUW1_7707571706,100,1,-1.0
EUW1_7707571706,200,0,1.0
EUW1_7707574318,100,1,0.0
EUW1_7707574318,200,0,0.0
EUW1_7707579592,100,1,-1.333333333333334
EUW1_7707579592,200,0,1.333333333333334
EUW1_7707579974,100,0,0.0
EUW1_7707579974,200,1,0.0
EUW1_7707586905,100,0,0.0
EUW1_7707586905,200,1,0.0
EUW1_7707587333,100,0,0.0
EUW1_7707587333,200,1,0.0
EUW1_7707591725,100,1,0.0
EUW1_7707591725,200,0,0.0
EUW1_7707592688,100,0,0.0
EUW1_7707592688,200,1,0.0
EUW1_7707596788,100,0,1.333333333333334
EUW1_7707596788,200,1,-1.333333333333334
EUW1_7707599668,100,0,0.0
EUW1_7707599668,200,1,0.0
EUW1_7707601022,100,0,0.0
EUW1_7707601022,200,1,0.0
EUW1_7707602425,100,1,0.0
EUW1_7707602425,200,0,0.0
EUW1_7707603296,100,1,0.0
EUW1_7707603296,200,0,0.0
EUW1_7707608261,100,1,-1.0
EUW1_7707608261,200,0,1.0
EUW1_7707609440,100,0,0.0
EUW1_7707609440,200,1,0.0
EUW1_7707611568,100,1,0.0
EUW1_7707611568,200,0,0.0
EUW1_7707619765,100,0,-2.0
EUW1_7707619765,200,1,2.0
EUW1_7707620056,100,0,0.0
EUW1_7707620056,200,1,0.0
EUW1_7707621483,100,1,0.6666666666666661
EUW1_7707621483,200,0,-0.6666666666666661
EUW1_7707623216,100,0,1.333333333333334
EUW1_7707623216,200,1,-1.333333333333334
EUW1_7707624876,100,0,-2.0
EUW1_7707624876,200,1,2.0
EUW1_7707625099,100,1,0.0
EUW1_7707625099,200,0,0.0
EUW1_7707626059,100,1,2.0
EUW1_7707626059,200,0,-2.0
EUW1_7707629081,100,0,0.0
EUW1_7707629081,200,1,0.0
EUW1_7707630617,100,1,0.0
EUW1_7707630617,200,0,0.0
EUW1_7707635554,100,0,0.0
EUW1_7707635554,200,1,0.0
EUW1_7707635654,100,1,0.0
EUW1_7707635654,200,0,0.0
EUW1_7707635913,100,0,2.0
EUW1_7707635913,200,1,-2.0
EUW1_7707639663,100,0,0.0
EUW1_7707639663,200,1,0.0
EUW1_7707641774,100,1,0.0
EUW1_7707641774,200,0,0.0
EUW1_7707642751,100,0,0.0
EUW1_7707642751,200,1,0.0
EUW1_7707643284,100,1,0.0
EUW1_7707643284,200,0,0.0
EUW1_7707649765,100,1,0.0
EUW1_7707649765,200,0,0.0
EUW1_7707652066,100,1,-0.6666666666666661
EUW1_7707652066,200,0,0.6666666666666661
EUW1_7707654019,100,1,0.0
EUW1_7707654019,200,0,0.0
EUW1_7707655344,100,1,0.0
EUW1_7707655344,200,0,0.0
EUW1_7707657952,100,0,0.0
EUW1_7707657952,200,1,0.0
EUW1_7707659271,100,0,0.3333333333333339
EUW1_7707659271,200,1,-0.3333333333333339
EUW1_7707665116,100,0,1.333333333333334
EUW1_7707665116,200,1,-1.333333333333334
EUW1_7707666060,100,0,0.0
EUW1_7707666060,200,1,0.0
EUW1_7707667566,100,1,0.0
EUW1_7707667566,200,0,0.0
EUW1_7707668238,100,0,0.0
EUW1_7707668238,200,1,0.0
EUW1_7707668661,100,0,0.0
EUW1_7707668661,200,1,0.0
EUW1_7707672403,100,0,0.0
EUW1_7707672403,200,1,0.0
EUW1_7707677512,100,0,0.0
EUW1_7707677512,200,1,0.0
EUW1_7707678193,100,0,0.0
EUW1_7707678193,200,1,0.0
EUW1_7707679558,100,0,-1.5
EUW1_7707679558,200,1,1.5
EUW1_7707680123,100,0,0.0
EUW1_7707680123,200,1,0.0
EUW1_7707681833,100,1,0.0
EUW1_7707681833,200,0,0.0
EUW1_7707685308,100,1,0.0
EUW1_7707685308,200,0,0.0
EUW1_7707687167,100,0,1.333333333333334
EUW1_7707687167,200,1,-1.333333333333334
EUW1_7707694348,100,0,0.0
EUW1_7707694348,200,1,0.0
EUW1_7707696154,100,1,2.0
EUW1_7707696154,200,0,-2.0
EUW1_7707696758,100,0,-2.0
EUW1_7707696758,200,1,2.0
EUW1_7707698736,100,1,0.0
EUW1_7707698736,200,0,0.0
EUW1_7707700908,100,1,-1.0
EUW1_7707700908,200,0,1.0
EUW1_7707703580,100,1,0.0
EUW1_7707703580,200,0,0.0
EUW1_7707705650,100,1,-1.333333333333334
EUW1_7707705650,200,0,1.333333333333334
EUW1_7707706387,100,0,0.0
EUW1_7707706387,200,1,0.0
EUW1_7707707041,100,0,0.0
EUW1_7707707041,200,1,0.0
EUW1_7707707308,100,0,0.0
EUW1_7707707308,200,1,0.0
EUW1_7707708339,100,0,0.0
EUW1_7707708339,200,1,0.0
EUW1_7707709900,100,0,-1.0
EUW1_7707709900,200,1,1.0
EUW1_7707719345,100,1,0.0
EUW1_7707719345,200,0,0.0
EUW1_7707722029,100,0,-2.0
EUW1_7707722029,200,1,2.0
EUW1_7707724223,100,1,0.0
EUW1_7707724223,200,0,0.0
EUW1_7707727300,100,0,0.0
EUW1_7707727300,200,1,0.0
EUW1_7707729071,100,1,0.0
EUW1_7707729071,200,0,0.0
EUW1_7707729338,100,0,0.0
EUW1_7707729338,200,1,0.0
EUW1_7707734100,100,1,-2.0
EUW1_7707734100,200,0,2.0
EUW1_7707737121,100,1,2.0
EUW1_7707737121,200,0,-2.0
EUW1_7707739336,100,1,-1.0
EUW1_7707739336,200,0,1.0
EUW1_7707739426,100,1,0.0
EUW1_7707739426,200,0,0.0
EUW1_7707741144,100,1,0.0
EUW1_7707741144,200,0,0.0
EUW1_7707744208,100,1,0.0
EUW1_7707744208,200,0,0.0
EUW1_7707746749,100,0,-0.3333333333333339
EUW1_7707746749,200,1,0.3333333333333339
EUW1_7707750032,100,1,0.0
EUW1_7707750032,200,0,0.0
EUW1_7707750492,100,1,0.0
EUW1_7707750492,200,0,0.0
EUW1_7707751421,100,1,0.0
EUW1_7707751421,200,0,0.0
EUW1_7707753655,100,1,0.0
EUW1_7707753655,200,0,0.0
EUW1_7707760160,100,0,0.0
EUW1_7707760160,200,1,0.0
EUW1_7707764650,100,1,0.0
EUW1_7707764650,200,0,0.0
EUW1_7707773008,100,0,0.0
EUW1_7707773008,200,1,0.0
EUW1_7707773814,100,0,-0.3333333333333339
EUW1_7707773814,200,1,0.3333333333333339
EUW1_7707778727,100,1,0.6666666666666661
EUW1_7707778727,200,0,-0.6666666666666661
EUW1_7707778938,100,0,1.0
EUW1_7707778938,200,1,-1.0
EUW1_7707784160,100,1,0.0
EUW1_7707784160,200,0,0.0
EUW1_7707788644,100,1,-2.0
EUW1_7707788644,200,0,2.0
EUW1_7707789584,100,1,0.0
EUW1_7707789584,200,0,0.0
EUW1_7707793576,100,0,0.0
EUW1_7707793576,200,1,0.0
EUW1_7707794030,100,0,1.0
EUW1_7707794030,200,1,-1.0
EUW1_7707799501,100,0,0.0
EUW1_7707799501,200,1,0.0
EUW1_7707801243,100,0,0.0
EUW1_7707801243,200,1,0.0
EUW1_7707801670,100,1,0.0
EUW1_7707801670,200,0,0.0
EUW1_7707802680,100,1,1.0
EUW1_7707802680,200,0,-1.0
EUW1_7707803020,100,1,1.0
EUW1_7707803020,200,0,-1.0
EUW1_7707812885,100,0,-0.5
EUW1_7707812885,200,1,0.5
EUW1_7707817693,100,0,0.0
EUW1_7707817693,200,1,0.0
EUW1_7707818803,100,0,2.0
EUW1_7707818803,200,1,-2.0
EUW1_7707824352,100,1,0.0
EUW1_7707824352,200,0,0.0
EUW1_7707825020,100,0,0.0
EUW1_7707825020,200,1,0.0
EUW1_7707826925,100,1,-1.0
EUW1_7707826925,200,0,1.0
EUW1_7707827458,100,1,2.0
EUW1_7707827458,200,0,-2.0
EUW1_7707828922,100,1,-1.333333333333334
EUW1_7707828922,200,0,1.333333333333334
EUW1_7707831100,100,1,2.0
EUW1_7707831100,200,0,-2.0
EUW1_7707834296,100,0,-1.0
EUW1_7707834296,200,1,1.0
EUW1_7707836616,100,0,-1.0
EUW1_7707836616,200,1,1.0
EUW1_7707836649,100,1,0.0
EUW1_7707836649,200,0,0.0
EUW1_7707841022,100,0,0.0
EUW1_7707841022,200,1,0.0
EUW1_7707843664,100,0,-2.0
EUW1_7707843664,200,1,2.0
EUW1_7707844441,100,1,-1.0
EUW1_7707844441,200,0,1.0
EUW1_7707846028,100,0,0.0
EUW1_7707846028,200,1,0.0
EUW1_7707850285,100,0,0.0
EUW1_7707850285,200,1,0.0
EUW1_7707852210,100,0,0.0
EUW1_7707852210,200,1,0.0
EUW1_7707855656,100,1,0.0
EUW1_7707855656,200,0,0.0
EUW1_7707856786,100,0,0.0
EUW1_7707856786,200,1,0.0
EUW1_7707858443,100,0,0.0
EUW1_7707858443,200,1,0.0
EUW1_7707859826,100,0,0.0
EUW1_7707859826,200,1,0.0
EUW1_7707863007,100,1,1.0
EUW1_7707863007,200,0,-1.0
EUW1_7707866031,100,0,0.0
EUW1_7707866031,200,1,0.0
EUW1_7707869601,100,1,0.0
EUW1_7707869601,200,0,0.0
EUW1_7707876001,100,1,-1.0
EUW1_7707876001,200,0,1.0
EUW1_7707878884,100,1,-1.0
EUW1_7707878884,200,0,1.0
EUW1_7707880763,100,0,0.0
EUW1_7707880763,200,1,0.0
EUW1_7707889914,100,1,0.0
EUW1_7707889914,200,0,0.0
EUW1_7707894085,100,0,0.0
EUW1_7707894085,200,1,0.0
EUW1_7707894157,100,1,-0.6666666666666661
EUW1_7707894157,200,0,0.6666666666666661
EUW1_7707897776,100,0,0.0
EUW1_7707897776,200,1,0.0
EUW1_7707903695,100,1,2.0
EUW1_7707903695,200,0,-2.0
EUW1_7707904779,100,0,2.0
EUW1_7707904779,200,1,-2.0
EUW1_7707905068,100,0,1.0
EUW1_7707905068,200,1,-1.0
EUW1_7707908521,100,0,2.0
EUW1_7707908521,200,1,-2.0
EUW1_7707909078,100,1,0.0
EUW1_7707909078,200,0,0.0
EUW1_7707913078,100,1,0.0
EUW1_7707913078,200,0,0.0
EUW1_7707913292,100,1,0.0
EUW1_7707913292,200,0,0.0
EUW1_7707915749,100,1,0.0
EUW1_7707915749,200,0,0.0
EUW1_7707919230,100,0,1.333333333333334
EUW1_7707919230,200,1,-1.333333333333334
EUW1_7707919522,100,0,-2.0
EUW1_7707919522,200,1,2.0
EUW1_7707920248,100,1,2.0
EUW1_7707920248,200,0,-2.0
EUW1_7707929682,100,1,0.0
EUW1_7707929682,200,0,0.0
EUW1_7707930817,100,1,0.0
EUW1_7707930817,200,0,0.0
EUW1_7707931168,100,0,0.0
EUW1_7707931168,200,1,0.0
EUW1_7707937161,100,1,-1.0
EUW1_7707937161,200,0,1.0
EUW1_7707939884,100,0,0.0
EUW1_7707939884,200,1,0.0
EUW1_7707940407,100,0,-2.0
EUW1_7707940407,200,1,2.0
EUW1_7707940650,100,1,0.0
EUW1_7707940650,200,0,0.0
EUW1_7707941090,100,0,1.0
EUW1_7707941090,200,1,-1.0
EUW1_7707941656,100,1,2.0
EUW1_7707941656,200,0,-2.0
EUW1_7707948356,100,0,1.0
EUW1_7707948356,200,1,-1.0
EUW1_7707949810,100,1,0.0
EUW1_7707949810,200,0,0.0
EUW1_7707950485,100,1,0.0
EUW1_7707950485,200,0,0.0
EUW1_7707952454,100,0,-2.0
EUW1_7707952454,200,1,2.0
EUW1_7707954396,100,0,0.0
EUW1_7707954396,200,1,0.0
EUW1_7707954604,100,1,0.0
EUW1_7707954604,200,0,0.0
EUW1_7707955256,100,0,0.0
EUW1_7707955256,200,1,0.0
EUW1_7707955299,100,1,0.0
EUW1_7707955299,200,0,0.0
EUW1_7707955724,100,1,0.0
EUW1_7707955724,200,0,0.0
EUW1_7707955837,100,1,0.0
EUW1_7707955837,200,0,0.0
EUW1_7707965993,100,1,1.0
EUW1_7707965993,200,0,-1.0
EUW1_7707968980,100,1,0.0
EUW1_7707968980,200,0,0.0
EUW1_7707970390,100,1,0.0
EUW1_7707970390,200,0,0.0
EUW1_7707971936,100,0,0.0
EUW1_7707971936,200,1,0.0
EUW1_7707973862,100,1,-0.3333333333333339
EUW1_7707973862,200,0,0.3333333333333339
EUW1_7707974047,100,1,1.0
EUW1_7707974047,200,0,-1.0
EUW1_7707976639,100,1,0.0
EUW1_7707976639,200,0,0.0
EUW1_7707976921,100,0,0.0
EUW1_7707976921,200,1,0.0
EUW1_7707977205,100,0,0.0
EUW1_7707977205,200,1,0.0
EUW1_7707977794,100,1,2.0
EUW1_7707977794,200,0,-2.0
EUW1_7707978125,100,1,0.0
EUW1_7707978125,200,0,0.0
EUW1_7707981475,100,0,0.0
EUW1_7707981475,200,1,0.0
EUW1_7707983930,100,1,2.0
EUW1_7707983930,200,0,-2.0
EUW1_7707986403,100,1,0.0
EUW1_7707986403,200,0,0.0
EUW1_7707989916,100,1,0.0
EUW1_7707989916,200,0,0.0
EUW1_7707990187,100,1,0.0
EUW1_7707990187,200,0,0.0
EUW1_7707993290,100,1,1.333333333333334
EUW1_7707993290,200,0,-1.333333333333334
EUW1_7707996216,100,0,0.0
EUW1_7707996216,200,1,0.0
EUW1_7708000724,100,0,0.0
EUW1_7708000724,200,1,0.0
EUW1_7708001769,100,1,0.0
EUW1_7708001769,200,0,0.0
EUW1_7708002129,100,0,0.0
EUW1_7708002129,200,1,0.0
EUW1_7708003586,100,1,0.0
EUW1_7708003586,200,0,0.0
EUW1_7708004990,100,1,-2.0
EUW1_7708004990,200,0,2.0
EUW1_7708005992,100,0,2.0
EUW1_7708005992,200,1,-2.0
EUW1_7708006542,100,0,0.0
EUW1_7708006542,200,1,0.0
EUW1_7708008478,100,1,0.0
EUW1_7708008478,200,0,0.0
EUW1_7708010308,100,1,2.0
EUW1_7708010308,200,0,-2.0
EUW1_7708011043,100,1,-1.0
EUW1_7708011043,200,0,1.0
EUW1_7708011713,100,1,2.0
EUW1_7708011713,200,0,-2.0
EUW1_7708011813,100,1,0.0
EUW1_7708011813,200,0,0.0
EUW1_7708011912,100,0,0.0
EUW1_7708011912,200,1,0.0
EUW1_7708013663,100,0,0.0
EUW1_7708013663,200,1,0.0
EUW1_7708014864,100,1,0.0
EUW1_7708014864,200,0,0.0
EUW1_7708020906,100,1,-2.0
EUW1_7708020906,200,0,2.0
EUW1_7708023255,100,1,0.0
EUW1_7708023255,200,0,0.0
EUW1_7708023345,100,0,-1.0
EUW1_7708023345,200,1,1.0
EUW1_7708025471,100,0,0.0
EUW1_7708025471,200,1,0.0
EUW1_7708027344,100,0,1.0
EUW1_7708027344,200,1,-1.0
EUW1_7708028674,100,0,0.0
EUW1_7708028674,200,1,0.0
EUW1_7708029563,100,0,0.0
EUW1_7708029563,200,1,0.0
EUW1_7708030210,100,0,0.0
EUW1_7708030210,200,1,0.0
EUW1_7708033466,100,1,2.0
EUW1_7708033466,200,0,-2.0
EUW1_7708037972,100,0,0.0
EUW1_7708037972,200,1,0.0
EUW1_7708038292,100,1,0.0
EUW1_7708038292,200,0,0.0
EUW1_7708039704,100,0,2.0
EUW1_7708039704,200,1,-2.0
EUW1_7708042478,100,0,0.0
EUW1_7708042478,200,1,0.0
EUW1_7708043273,100,1,2.0
EUW1_7708043273,200,0,-2.0
EUW1_7708044516,100,1,0.0
EUW1_7708044516,200,0,0.0
EUW1_7708047907,100,1,0.0
EUW1_7708047907,200,0,0.0
EUW1_7708052517,100,1,0.0
EUW1_7708052517,200,0,0.0
EUW1_7708052922,100,0,0.0
EUW1_7708052922,200,1,0.0
EUW1_7708054576,100,0,-1.0
EUW1_7708054576,200,1,1.0
EUW1_7708058553,100,0,0.3333333333333339
EUW1_7708058553,200,1,-0.3333333333333339
EUW1_7708063087,100,1,0.0
EUW1_7708063087,200,0,0.0
EUW1_7708064530,100,0,0.0
EUW1_7708064530,200,1,0.0
EUW1_7708065268,100,0,0.0
EUW1_7708065268,200,1,0.0
EUW1_7708065527,100,1,1.0
EUW1_7708065527,200,0,-1.0
EUW1_7708066425,100,1,0.0
EUW1_7708066425,200,0,0.0
EUW1_7708067397,100,0,-1.0
EUW1_7708067397,200,1,1.0
EUW1_7708074799,100,1,-1.0
EUW1_7708074799,200,0,1.0
EUW1_7708075668,100,1,0.0
EUW1_7708075668,200,0,0.0
EUW1_7708076980,100,0,0.0
EUW1_7708076980,200,1,0.0
EUW1_7708077247,100,0,-1.0
EUW1_7708077247,200,1,1.0
EUW1_7708077702,100,0,0.0
EUW1_7708077702,200,1,0.0
EUW1_7708084112,100,1,0.0
EUW1_7708084112,200,0,0.0
EUW1_7708086409,100,1,0.0
EUW1_7708086409,200,0,0.0
EUW1_7708087193,100,0,0.0
EUW1_7708087193,200,1,0.0
EUW1_7708089630,100,1,0.0
EUW1_7708089630,200,0,0.0
EUW1_7708094817,100,0,1.0
EUW1_7708094817,200,1,-1.0
EUW1_7708101679,100,1,-2.0
EUW1_7708101679,200,0,2.0
EUW1_7708102369,100,0,0.6666666666666661
EUW1_7708102369,200,1,-0.6666666666666661
EUW1_7708102918,100,0,-2.0
EUW1_7708102918,200,1,2.0
EUW1_7708103463,100,0,-2.0
EUW1_7708103463,200,1,2.0
EUW1_7708104485,100,0,0.0
EUW1_7708104485,200,1,0.0
EUW1_7708106711,100,0,0.0
EUW1_7708106711,200,1,0.0
EUW1_7708107750,100,0,-1.0
EUW1_7708107750,200,1,1.0
EUW1_7708108356,100,0,0.6666666666666661
EUW1_7708108356,200,1,-0.6666666666666661
EUW1_7708110554,100,1,1.0
EUW1_7708110554,200,0,-1.0
EUW1_7708113501,100,1,1.0
EUW1_7708113501,200,0,-1.0
EUW1_7708114057,100,0,0.6666666666666661
EUW1_7708114057,200,1,-0.6666666666666661
EUW1_7708116791,100,0,0.0
EUW1_7708116791,200,1,0.0
EUW1_7708117122,100,1,-2.0
EUW1_7708117122,200,0,2.0
EUW1_7708119242,100,1,0.0
EUW1_7708119242,200,0,0.0
EUW1_7708119918,100,1,-1.0
EUW1_7708119918,200,0,1.0
EUW1_7708121017,100,0,0.6666666666666661
EUW1_7708121017,200,1,-0.6666666666666661
EUW1_7708122578,100,1,0.0
EUW1_7708122578,200,0,0.0
EUW1_7708123599,100,0,2.0
EUW1_7708123599,200,1,-2.0
EUW1_7708124632,100,1,0.0
EUW1_7708124632,200,0,0.0
EUW1_7708125121,100,1,0.0
EUW1_7708125121,200,0,0.0
EUW1_7708126020,100,1,0.0
EUW1_7708126020,200,0,0.0
EUW1_7708128679,100,1,0.0
EUW1_7708128679,200,0,0.0
EUW1_7708131662,100,0,0.0
EUW1_7708131662,200,1,0.0
EUW1_7708132200,100,0,-1.0
EUW1_7708132200,200,1,1.0
EUW1_7708132594,100,1,-0.3333333333333339
EUW1_7708132594,200,0,0.3333333333333339
EUW1_7708133937,100,1,0.3333333333333339
EUW1_7708133937,200,0,-0.3333333333333339
EUW1_7708135904,100,0,-1.0
EUW1_7708135904,200,1,1.0
EUW1_7708136715,100,1,0.0
EUW1_7708136715,200,0,0.0
EUW1_7708139266,100,1,1.0
EUW1_7708139266,200,0,-1.0
EUW1_7708139764,100,1,-1.0
EUW1_7708139764,200,0,1.0
EUW1_7708140506,100,1,0.0
EUW1_7708140506,200,0,0.0
EUW1_7708140791,100,1,-0.3333333333333339
EUW1_7708140791,200,0,0.3333333333333339
EUW1_7708141242,100,1,0.0
EUW1_7708141242,200,0,0.0
EUW1_7708143258,100,0,0.0
EUW1_7708143258,200,1,0.0
EUW1_7708143827,100,0,0.8333333333333339
EUW1_7708143827,200,1,-0.8333333333333339
EUW1_7708146057,100,1,0.0
EUW1_7708146057,200,0,0.0
EUW1_7708148218,100,0,0.0
EUW1_7708148218,200,1,0.0
EUW1_7708148860,100,0,0.0
EUW1_7708148860,200,1,0.0
EUW1_7708150426,100,0,0.0
EUW1_7708150426,200,1,0.0
EUW1_7708150954,100,0,0.0
EUW1_7708150954,200,1,0.0
EUW1_7708152231,100,0,0.0
EUW1_7708152231,200,1,0.0
EUW1_7708152338,100,1,0.0
EUW1_7708152338,200,0,0.0
EUW1_7708156385,100,0,0.0
EUW1_7708156385,200,1,0.0
EUW1_7708156846,100,0,0.0
EUW1_7708156846,200,1,0.0
EUW1_7708157449,100,0,-2.0
EUW1_7708157449,200,1,2.0
EUW1_7708160231,100,1,1.333333333333334
EUW1_7708160231,200,0,-1.333333333333334
EUW1_7708160433,100,0,-0.5
EUW1_7708160433,200,1,0.5
EUW1_7708162970,100,1,1.333333333333334
EUW1_7708162970,200,0,-1.333333333333334
EUW1_7708164735,100,1,-2.0
EUW1_7708164735,200,0,2.0
EUW1_7708167758,100,0,0.0
EUW1_7708167758,200,1,0.0
EUW1_7708170222,100,0,0.0
EUW1_7708170222,200,1,0.0
EUW1_7708170732,100,0,1.0
EUW1_7708170732,200,1,-1.0
EUW1_7708172615,100,0,0.0
EUW1_7708172615,200,1,0.0
EUW1_7708172834,100,1,0.0
EUW1_7708172834,200,0,0.0
EUW1_7708173982,100,0,0.0
EUW1_7708173982,200,1,0.0
EUW1_7708176451,100,1,0.0
EUW1_7708176451,200,0,0.0
EUW1_7708179421,100,1,0.6666666666666661
EUW1_7708179421,200,0,-0.6666666666666661
EUW1_7708179713,100,1,0.0
EUW1_7708179713,200,0,0.0
EUW1_7708179714,100,0,-1.0
EUW1_7708179714,200,1,1.0
EUW1_7708181102,100,1,1.0
EUW1_7708181102,200,0,-1.0
EUW1_7708184161,100,1,0.0
EUW1_7708184161,200,0,0.0
EUW1_7708184336,100,0,0.0
EUW1_7708184336,200,1,0.0
EUW1_7708190450,100,1,0.0
EUW1_7708190450,200,0,0.0
EUW1_7708190568,100,0,-0.8333333333333339
EUW1_7708190568,200,1,0.8333333333333339
EUW1_7708195535,100,1,-1.333333333333334
EUW1_7708195535,200,0,1.333333333333334
EUW1_7708197088,100,0,0.0
EUW1_7708197088,200,1,0.0
EUW1_7708199045,100,0,0.0
EUW1_7708199045,200,1,0.0
EUW1_7708199455,100,0,0.0
EUW1_7708199455,200,1,0.0
EUW1_7708201253,100,0,0.0
EUW1_7708201253,200,1,0.0
EUW1_7708202089,100,0,0.0
EUW1_7708202089,200,1,0.0
EUW1_7708204111,100,0,0.0
EUW1_7708204111,200,1,0.0
EUW1_7708204112,100,1,1.0
EUW1_7708204112,200,0,-1.0
EUW1_7708207101,100,1,0.0
EUW1_7708207101,200,0,0.0
EUW1_7708208430,100,0,1.0
EUW1_7708208430,200,1,-1.0
EUW1_7708211568,100,0,0.0
EUW1_7708211568,200,1,0.0
EUW1_7708211645,100,1,-1.0
EUW1_7708211645,200,0,1.0
EUW1_7708212426,100,0,0.0
EUW1_7708212426,200,1,0.0
EUW1_7708214528,100,0,1.0
EUW1_7708214528,200,1,-1.0
EUW1_7708215115,100,0,2.0
EUW1_7708215115,200,1,-2.0
EUW1_7708215941,100,0,0.0
EUW1_7708215941,200,1,0.0
EUW1_7708217657,100,0,-2.0
EUW1_7708217657,200,1,2.0
EUW1_7708220059,100,1,0.0
EUW1_7708220059,200,0,0.0
EUW1_7708223779,100,0,1.5
EUW1_7708223779,200,1,-1.5
EUW1_7708224913,100,0,0.0
EUW1_7708224913,200,1,0.0
EUW1_7708225762,100,1,0.0
EUW1_7708225762,200,0,0.0
EUW1_7708226093,100,1,0.0
EUW1_7708226093,200,0,0.0
EUW1_7708226218,100,1,0.6666666666666661
EUW1_7708226218,200,0,-0.6666666666666661
EUW1_7708229276,100,1,0.0
EUW1_7708229276,200,0,0.0
EUW1_7708229515,100,0,-2.0
EUW1_7708229515,200,1,2.0
EUW1_7708230790,100,1,0.0
EUW1_7708230790,200,0,0.0
EUW1_7708231575,100,1,0.0
EUW1_7708231575,200,0,0.0
EUW1_7708233241,100,1,0.0
EUW1_7708233241,200,0,0.0
EUW1_7708236234,100,0,-1.0
EUW1_7708236234,200,1,1.0
EUW1_7708238669,100,0,0.0
EUW1_7708238669,200,1,0.0
EUW1_7708241730,100,1,0.0
EUW1_7708241730,200,0,0.0
EUW1_7708249205,100,1,0.0
EUW1_7708249205,200,0,0.0
EUW1_7708249815,100,1,-1.0
EUW1_7708249815,200,0,1.0
EUW1_7708250942,100,1,0.0
EUW1_7708250942,200,0,0.0
EUW1_7708251131,100,1,0.0
EUW1_7708251131,200,0,0.0
EUW1_7708251251,100,1,-2.0
EUW1_7708251251,200,0,2.0
EUW1_7708252081,100,1,0.0
EUW1_7708252081,200,0,0.0
EUW1_7708256317,100,0,0.0
EUW1_7708256317,200,1,0.0
EUW1_7708256446,100,1,0.0
EUW1_7708256446,200,0,0.0
EUW1_7708256552,100,0,0.0
EUW1_7708256552,200,1,0.0
EUW1_7708257203,100,1,-2.0
EUW1_7708257203,200,0,2.0
EUW1_7708258036,100,0,-2.0
EUW1_7708258036,200,1,2.0
EUW1_7708259849,100,0,0.0
EUW1_7708259849,200,1,0.0
EUW1_7708262918,100,1,-1.0
EUW1_7708262918,200,0,1.0
EUW1_7708267959,100,0,-1.0
EUW1_7708267959,200,1,1.0
EUW1_7708269047,100,0,0.0
EUW1_7708269047,200,1,0.0
EUW1_7708269775,100,0,0.0
EUW1_7708269775,200,1,0.0
EUW1_7708269833,100,1,0.0
EUW1_7708269833,200,0,0.0
EUW1_7708272172,100,1,-2.0
EUW1_7708272172,200,0,2.0
EUW1_7708276549,100,0,0.6666666666666661
EUW1_7708276549,200,1,-0.6666666666666661
EUW1_7708277914,100,0,0.0
EUW1_7708277914,200,1,0.0
EUW1_7708279405,100,0,1.1999999999999993
EUW1_7708279405,200,1,-1.1999999999999993
EUW1_7708285909,100,1,0.0
EUW1_7708285909,200,0,0.0
EUW1_7708286120,100,1,1.0
EUW1_7708286120,200,0,-1.0
EUW1_7708288150,100,0,0.0
EUW1_7708288150,200,1,0.0
EUW1_7708288677,100,1,0.0
EUW1_7708288677,200,0,0.0
EUW1_7708289833,100,1,0.0
EUW1_7708289833,200,0,0.0
EUW1_7708291003,100,1,0.0
EUW1_7708291003,200,0,0.0
EUW1_7708291101,100,1,0.0
EUW1_7708291101,200,0,0.0
EUW1_7708291556,100,0,-1.0
EUW1_7708291556,200,1,1.0
EUW1_7708293626,100,0,0.0
EUW1_7708293626,200,1,0.0
EUW1_7708295733,100,1,0.0
EUW1_7708295733,200,0,0.0
EUW1_7708295938,100,1,0.0
EUW1_7708295938,200,0,0.0
EUW1_7708299110,100,0,0.0
EUW1_7708299110,200,1,0.0
EUW1_7708300076,100,1,0.0
EUW1_7708300076,200,0,0.0
EUW1_7708302089,100,0,0.0
EUW1_7708302089,200,1,0.0
EUW1_7708306548,100,0,1.0
EUW1_7708306548,200,1,-1.0
EUW1_7708307879,100,1,0.0
EUW1_7708307879,200,0,0.0
EUW1_7708311986,100,1,2.0
EUW1_7708311986,200,0,-2.0
EUW1_7708312615,100,1,0.0
EUW1_7708312615,200,0,0.0
EUW1_7708316314,100,1,0.0
EUW1_7708316314,200,0,0.0
EUW1_7708316530,100,0,1.0
EUW1_7708316530,200,1,-1.0
EUW1_7708316834,100,1,0.0
EUW1_7708316834,200,0,0.0
EUW1_7708317989,100,1,0.0
EUW1_7708317989,200,0,0.0
EUW1_7708320295,100,0,0.0
EUW1_7708320295,200,1,0.0
EUW1_7708321018,100,1,0.0
EUW1_7708321018,200,0,0.0
EUW1_7708321750,100,1,0.0
EUW1_7708321750,200,0,0.0
EUW1_7708330125,100,1,0.0
EUW1_7708330125,200,0,0.0
EUW1_7708330434,100,1,0.0
EUW1_7708330434,200,0,0.0
EUW1_7708333994,100,1,0.0
EUW1_7708333994,200,0,0.0
EUW1_7708334999,100,0,0.0
EUW1_7708334999,200,1,0.0
EUW1_7708335140,100,1,0.0
EUW1_7708335140,200,0,0.0
EUW1_7708335712,100,1,0.0
EUW1_7708335712,200,0,0.0
EUW1_7708335755,100,1,0.0
EUW1_7708335755,200,0,0.0
EUW1_7708335844,100,1,0.0
EUW1_7708335844,200,0,0.0
EUW1_7708339219,100,0,0.0
EUW1_7708339219,200,1,0.0
EUW1_7708339387,100,0,0.0
EUW1_7708339387,200,1,0.0
EUW1_7708341705,100,0,0.0
EUW1_7708341705,200,1,0.0
EUW1_7708342098,100,1,1.0
EUW1_7708342098,200,0,-1.0
EUW1_7708342157,100,1,-2.0
EUW1_7708342157,200,0,2.0
EUW1_7708344580,100,1,0.0
EUW1_7708344580,200,0,0.0
EUW1_7708353694,100,0,1.0
EUW1_7708353694,200,1,-1.0
EUW1_7708353873,100,1,-1.333333333333334
EUW1_7708353873,200,0,1.333333333333334
EUW1_7708354790,100,0,0.0
EUW1_7708354790,200,1,0.0
EUW1_7708356072,100,0,0.0
EUW1_7708356072,200,1,0.0
EUW1_7708357149,100,0,0.6666666666666679
EUW1_7708357149,200,1,-0.6666666666666679
EUW1_7708358637,100,1,0.0
EUW1_7708358637,200,0,0.0
EUW1_7708359278,100,0,0.0
EUW1_7708359278,200,1,0.0
EUW1_7708359349,100,0,1.0
EUW1_7708359349,200,1,-1.0
EUW1_7708359591,100,1,-1.0
EUW1_7708359591,200,0,1.0
EUW1_7708360936,100,0,0.0
EUW1_7708360936,200,1,0.0
EUW1_7708365465,100,1,0.0
EUW1_7708365465,200,0,0.0
EUW1_7708366992,100,0,0.0
EUW1_7708366992,200,1,0.0
EUW1_7708369058,100,0,-0.6666666666666679
EUW1_7708369058,200,1,0.6666666666666679
EUW1_7708372054,100,1,0.0
EUW1_7708372054,200,0,0.0
EUW1_7708372492,100,0,0.0
EUW1_7708372492,200,1,0.0
EUW1_7708374864,100,1,1.0
EUW1_7708374864,200,0,-1.0
EUW1_7708376522,100,0,0.6666666666666661
EUW1_7708376522,200,1,-0.6666666666666661
EUW1_7708379211,100,1,0.0
EUW1_7708379211,200,0,0.0
EUW1_7708380048,100,0,0.0
EUW1_7708380048,200,1,0.0
EUW1_7708382351,100,0,0.0
EUW1_7708382351,200,1,0.0
EUW1_7708387960,100,0,-1.0
EUW1_7708387960,200,1,1.0
EUW1_7708388748,100,1,0.0
EUW1_7708388748,200,0,0.0
EUW1_7708390032,100,0,2.0
EUW1_7708390032,200,1,-2.0
EUW1_7708390596,100,1,0.0
EUW1_7708390596,200,0,0.0
EUW1_7708391432,100,0,0.0
EUW1_7708391432,200,1,0.0
EUW1_7708391497,100,0,0.0
EUW1_7708391497,200,1,0.0
EUW1_7708392664,100,0,-2.0
EUW1_7708392664,200,1,2.0
EUW1_7708393805,100,1,0.0
EUW1_7708393805,200,0,0.0
EUW1_7708394954,100,1,2.0
EUW1_7708394954,200,0,-2.0
EUW1_7708395008,100,0,2.0
EUW1_7708395008,200,1,-2.0
EUW1_7708395679,100,0,0.0
EUW1_7708395679,200,1,0.0
EUW1_7708396573,100,1,0.0
EUW1_7708396573,200,0,0.0
EUW1_7708398334,100,1,1.0
EUW1_7708398334,200,0,-1.0
EUW1_7708400852,100,1,0.0
EUW1_7708400852,200,0,0.0
EUW1_7708401447,100,0,-2.0
EUW1_7708401447,200,1,2.0
EUW1_7708402562,100,1,0.3333333333333339
EUW1_7708402562,200,0,-0.3333333333333339
EUW1_7708404014,100,0,0.0
EUW1_7708404014,200,1,0.0
EUW1_7708405190,100,0,1.333333333333334
EUW1_7708405190,200,1,-1.333333333333334
EUW1_7708406202,100,1,0.0
EUW1_7708406202,200,0,0.0
EUW1_7708406993,100,1,-1.0
EUW1_7708406993,200,0,1.0
EUW1_7708408075,100,1,0.0
EUW1_7708408075,200,0,0.0
EUW1_7708409967,100,1,2.0
EUW1_7708409967,200,0,-2.0
EUW1_7708411704,100,1,1.333333333333334
EUW1_7708411704,200,0,-1.333333333333334
EUW1_7708413028,100,0,1.0
EUW1_7708413028,200,1,-1.0
EUW1_7708415643,100,1,0.0
EUW1_7708415643,200,0,0.0
EUW1_7708417445,100,1,0.0
EUW1_7708417445,200,0,0.0
EUW1_7708419251,100,0,-1.0
EUW1_7708419251,200,1,1.0
EUW1_7708420305,100,1,0.0
EUW1_7708420305,200,0,0.0
EUW1_7708420323,100,0,0.0
EUW1_7708420323,200,1,0.0
EUW1_7708420512,100,1,0.0
EUW1_7708420512,200,0,0.0
EUW1_7708420584,100,0,0.6666666666666679
EUW1_7708420584,200,1,-0.6666666666666679
EUW1_7708424321,100,0,0.0
EUW1_7708424321,200,1,0.0
EUW1_7708427076,100,1,0.0
EUW1_7708427076,200,0,0.0
EUW1_7708429349,100,0,0.0
EUW1_7708429349,200,1,0.0
EUW1_7708429585,100,0,0.0
EUW1_7708429585,200,1,0.0
EUW1_7708432371,100,1,0.0
EUW1_7708432371,200,0,0.0
EUW1_7708433222,100,0,0.0
EUW1_7708433222,200,1,0.0
EUW1_7708435414,100,0,-1.0
EUW1_7708435414,200,1,1.0
EUW1_7708436139,100,0,-1.0
EUW1_7708436139,200,1,1.0
EUW1_7708439311,100,0,0.0
EUW1_7708439311,200,1,0.0
EUW1_7708440327,100,1,0.0
EUW1_7708440327,200,0,0.0
EUW1_7708443387,100,1,0.0
EUW1_7708443387,200,0,0.0
EUW1_7708445602,100,0,0.0
EUW1_7708445602,200,1,0.0
EUW1_7708446251,100,0,0.0
EUW1_7708446251,200,1,0.0
EUW1_7708447954,100,1,-2.0
EUW1_7708447954,200,0,2.0
EUW1_7708450513,100,1,1.0
EUW1_7708450513,200,0,-1.0
EUW1_7708453737,100,1,1.0
EUW1_7708453737,200,0,-1.0
EUW1_7708458968,100,1,2.0
EUW1_7708458968,200,0,-2.0
EUW1_7708459236,100,0,-0.6666666666666661
EUW1_7708459236,200,1,0.6666666666666661
EUW1_7708460373,100,0,0.0
EUW1_7708460373,200,1,0.0
EUW1_7708462653,100,1,-1.333333333333334
EUW1_7708462653,200,0,1.333333333333334
EUW1_7708462980,100,1,0.0
EUW1_7708462980,200,0,0.0
EUW1_7708463475,100,1,0.0
EUW1_7708463475,200,0,0.0
EUW1_7708463767,100,0,0.0
EUW1_7708463767,200,1,0.0
EUW1_7708466957,100,0,0.0
EUW1_7708466957,200,1,0.0
EUW1_7708467413,100,0,-0.6666666666666661
EUW1_7708467413,200,1,0.6666666666666661
EUW1_7708468970,100,1,0.0
EUW1_7708468970,200,0,0.0
EUW1_7708472293,100,0,0.0
EUW1_7708472293,200,1,0.0
EUW1_7708474247,100,1,0.0
EUW1_7708474247,200,0,0.0
EUW1_7708475574,100,0,0.0
EUW1_7708475574,200,1,0.0
EUW1_7708475780,100,0,0.0
EUW1_7708475780,200,1,0.0
EUW1_7708476354,100,0,0.0
EUW1_7708476354,200,1,0.0
EUW1_7708476608,100,0,0.0
EUW1_7708476608,200,1,0.0
EUW1_7708477626,100,1,-2.0
EUW1_7708477626,200,0,2.0
EUW1_7708478638,100,1,0.0
EUW1_7708478638,200,0,0.0
EUW1_7708478670,100,0,0.0
EUW1_7708478670,200,1,0.0
EUW1_7708480189,100,0,-2.0
EUW1_7708480189,200,1,2.0
EUW1_7708480455,100,0,0.0
EUW1_7708480455,200,1,0.0
EUW1_7708480739,100,0,1.333333333333334
EUW1_7708480739,200,1,-1.333333333333334
EUW1_7708486312,100,0,0.0
EUW1_7708486312,200,1,0.0
EUW1_7708487191,100,1,0.0
EUW1_7708487191,200,0,0.0
EUW1_7708487515,100,0,0.0
EUW1_7708487515,200,1,0.0
EUW1_7708487707,100,0,-1.0
EUW1_7708487707,200,1,1.0
EUW1_7708487737,100,1,0.0
EUW1_7708487737,200,0,0.0
EUW1_7708488390,100,1,0.0
EUW1_7708488390,200,0,0.0
EUW1_7708490906,100,1,0.0
EUW1_7708490906,200,0,0.0
EUW1_7708492080,100,1,0.0
EUW1_7708492080,200,0,0.0
EUW1_7708495256,100,0,-0.6666666666666661
EUW1_7708495256,200,1,0.6666666666666661
EUW1_7708498379,100,1,1.0
EUW1_7708498379,200,0,-1.0
EUW1_7708504672,100,0,1.0
EUW1_7708504672,200,1,-1.0
EUW1_7708509606,100,1,0.0
EUW1_7708509606,200,0,0.0
EUW1_7708511361,100,0,0.0
EUW1_7708511361,200,1,0.0
EUW1_7708513238,100,1,0.0
EUW1_7708513238,200,0,0.0
EUW1_7708517929,100,0,0.0
EUW1_7708517929,200,1,0.0
EUW1_7708518403,100,0,0.0
EUW1_7708518403,200,1,0.0
EUW1_7708521508,100,1,-1.0
EUW1_7708521508,200,0,1.0
EUW1_7708522316,100,0,0.0
EUW1_7708522316,200,1,0.0
EUW1_7708523534,100,0,2.0
EUW1_7708523534,200,1,-2.0
EUW1_7708524194,100,0,0.0
EUW1_7708524194,200,1,0.0
EUW1_7708525951,100,0,2.0
EUW1_7708525951,200,1,-2.0
EUW1_7708526520,100,1,0.0
EUW1_7708526520,200,0,0.0
EUW1_7708530180,100,1,0.0
EUW1_7708530180,200,0,0.0
EUW1_7708531605,100,1,0.0
EUW1_7708531605,200,0,0.0
EUW1_7708535635,100,0,0.0
EUW1_7708535635,200,1,0.0
EUW1_7708535696,100,1,0.6666666666666661
EUW1_7708535696,200,0,-0.6666666666666661
EUW1_7708537954,100,1,0.0
EUW1_7708537954,200,0,0.0
EUW1_7708539648,100,1,0.0
EUW1_7708539648,200,0,0.0
EUW1_7708539777,100,1,0.0
EUW1_7708539777,200,0,0.0
EUW1_7708540388,100,1,-0.6666666666666661
EUW1_7708540388,200,0,0.6666666666666661
EUW1_7708545169,100,1,-1.0
EUW1_7708545169,200,0,1.0
EUW1_7708546567,100,0,0.0
EUW1_7708546567,200,1,0.0
EUW1_7708550824,100,1,0.0
EUW1_7708550824,200,0,0.0
EUW1_7708551938,100,0,0.0
EUW1_7708551938,200,1,0.0
EUW1_7708553000,100,0,2.0
EUW1_7708553000,200,1,-2.0
EUW1_7708553155,100,0,0.0
EUW1_7708553155,200,1,0.0
EUW1_7708554433,100,0,1.0
EUW1_7708554433,200,1,-1.0
EUW1_7708561006,100,0,0.0
EUW1_7708561006,200,1,0.0
EUW1_7708561914,100,0,-2.0
EUW1_7708561914,200,1,2.0
EUW1_7708564931,100,0,0.0
EUW1_7708564931,200,1,0.0
EUW1_7708565279,100,1,0.0
EUW1_7708565279,200,0,0.0
EUW1_7708565557,100,1,0.0
EUW1_7708565557,200,0,0.0
EUW1_7708566564,100,1,0.0
EUW1_7708566564,200,0,0.0
EUW1_7708567324,100,1,0.0
EUW1_7708567324,200,0,0.0
EUW1_7708567906,100,0,0.0
EUW1_7708567906,200,1,0.0
EUW1_7708568303,100,1,1.333333333333334
EUW1_7708568303,200,0,-1.333333333333334
EUW1_7708568748,100,0,0.0
EUW1_7708568748,200,1,0.0
EUW1_7708577129,100,0,-1.0
EUW1_7708577129,200,1,1.0
EUW1_7708577668,100,0,0.0
EUW1_7708577668,200,1,0.0
EUW1_7708579465,100,0,-1.0
EUW1_7708579465,200,1,1.0
EUW1_7708588190,100,1,0.0
EUW1_7708588190,200,0,0.0
EUW1_7708588462,100,1,0.0
EUW1_7708588462,200,0,0.0
EUW1_7708589335,100,0,0.0
EUW1_7708589335,200,1,0.0
EUW1_7708590528,100,1,0.0
EUW1_7708590528,200,0,0.0
EUW1_7708592739,100,0,-1.0
EUW1_7708592739,200,1,1.0
EUW1_7708592937,100,1,-2.0
EUW1_7708592937,200,0,2.0
EUW1_7708598914,100,1,0.0
EUW1_7708598914,200,0,0.0
EUW1_7708599557,100,1,1.0
EUW1_7708599557,200,0,-1.0
EUW1_7708602806,100,0,0.0
EUW1_7708602806,200,1,0.0
EUW1_7708604611,100,1,0.6666666666666661
EUW1_7708604611,200,0,-0.6666666666666661
EUW1_7708605746,100,0,1.0
EUW1_7708605746,200,1,-1.0
EUW1_7708609926,100,0,-0.6666666666666661
EUW1_7708609926,200,1,0.6666666666666661
EUW1_7708610028,100,1,0.6666666666666661
EUW1_7708610028,200,0,-0.6666666666666661
EUW1_7708611570,100,1,0.0
EUW1_7708611570,200,0,0.0
EUW1_7708613041,100,0,-1.0
EUW1_7708613041,200,1,1.0
EUW1_7708616205,100,1,2.0
EUW1_7708616205,200,0,-2.0
EUW1_7708619992,100,1,0.0
EUW1_7708619992,200,0,0.0
EUW1_7708620747,100,0,0.0
EUW1_7708620747,200,1,0.0
EUW1_7708622940,100,1,0.0
EUW1_7708622940,200,0,0.0
EUW1_7708624839,100,1,-1.0
EUW1_7708624839,200,0,1.0
EUW1_7708627290,100,0,0.0
EUW1_7708627290,200,1,0.0
EUW1_7708627592,100,1,0.0
EUW1_7708627592,200,0,0.0
EUW1_7708628417,100,0,-2.0
EUW1_7708628417,200,1,2.0
EUW1_7708628960,100,0,0.0
EUW1_7708628960,200,1,0.0
EUW1_7708631095,100,1,2.0
EUW1_7708631095,200,0,-2.0
EUW1_7708635800,100,1,0.0
EUW1_7708635800,200,0,0.0
EUW1_7708640122,100,0,0.0
EUW1_7708640122,200,1,0.0
EUW1_7708643211,100,1,0.0
EUW1_7708643211,200,0,0.0
EUW1_7708649714,100,0,-2.0
EUW1_7708649714,200,1,2.0
EUW1_7708649998,100,1,0.0
EUW1_7708649998,200,0,0.0
EUW1_7708657936,100,1,0.0
EUW1_7708657936,200,0,0.0
EUW1_7708661270,100,1,0.0
EUW1_7708661270,200,0,0.0
EUW1_7708661686,100,1,0.0
EUW1_7708661686,200,0,0.0
EUW1_7708661815,100,0,0.0
EUW1_7708661815,200,1,0.0
EUW1_7708663985,100,0,0.33333333333333304
EUW1_7708663985,200,1,-0.33333333333333304
EUW1_7708664966,100,1,0.0
EUW1_7708664966,200,0,0.0
EUW1_7708665401,100,1,0.0
EUW1_7708665401,200,0,0.0
EUW1_7708665880,100,0,0.0
EUW1_7708665880,200,1,0.0
EUW1_7708669678,100,0,0.0
EUW1_7708669678,200,1,0.0
EUW1_7708673099,100,0,0.0
EUW1_7708673099,200,1,0.0
EUW1_7708673573,100,1,0.6666666666666661
EUW1_7708673573,200,0,-0.6666666666666661
EUW1_7708674408,100,0,-2.0
EUW1_7708674408,200,1,2.0
EUW1_7708681499,100,1,1.0
EUW1_7708681499,200,0,-1.0
EUW1_7708681565,100,0,0.0
EUW1_7708681565,200,1,0.0
EUW1_7708681597,100,0,0.0
EUW1_7708681597,200,1,0.0
EUW1_7708683377,100,1,0.0
EUW1_7708683377,200,0,0.0
EUW1_7708683825,100,0,0.0
EUW1_7708683825,200,1,0.0
EUW1_7708687767,100,1,1.0
EUW1_7708687767,200,0,-1.0
EUW1_7708690381,100,0,0.0
EUW1_7708690381,200,1,0.0
EUW1_7708690864,100,1,-1.0
EUW1_7708690864,200,0,1.0
EUW1_7708692276,100,1,1.0
EUW1_7708692276,200,0,-1.0
EUW1_7708693440,100,1,0.0
EUW1_7708693440,200,0,0.0
EUW1_7708696743,100,0,-2.0
EUW1_7708696743,200,1,2.0
EUW1_7708697084,100,0,0.0
EUW1_7708697084,200,1,0.0
EUW1_7708705906,100,0,-0.6666666666666661
EUW1_7708705906,200,1,0.6666666666666661
EUW1_7708708075,100,1,-1.0
EUW1_7708708075,200,0,1.0
EUW1_7708712662,100,0,0.0
EUW1_7708712662,200,1,0.0
EUW1_7708713761,100,1,0.0
EUW1_7708713761,200,0,0.0
EUW1_7708715038,100,1,0.0
EUW1_7708715038,200,0,0.0
EUW1_7708716123,100,0,-1.0
EUW1_7708716123,200,1,1.0
EUW1_7708717472,100,0,0.0
EUW1_7708717472,200,1,0.0
EUW1_7708720352,100,1,0.0
EUW1_7708720352,200,0,0.0
EUW1_7708726191,100,1,0.0
EUW1_7708726191,200,0,0.0
EUW1_7708727555,100,0,-1.0
EUW1_7708727555,200,1,1.0
EUW1_7708727688,100,1,0.0
EUW1_7708727688,200,0,0.0
EUW1_7708727712,100,1,0.0
EUW1_7708727712,200,0,0.0
EUW1_7708729459,100,1,0.0
EUW1_7708729459,200,0,0.0
EUW1_7708729968,100,1,0.0
EUW1_7708729968,200,0,0.0
EUW1_7708729991,100,0,0.0
EUW1_7708729991,200,1,0.0
EUW1_7708734182,100,1,0.0
EUW1_7708734182,200,0,0.0
EUW1_7708734743,100,1,0.6666666666666661
EUW1_7708734743,200,0,-0.6666666666666661
EUW1_7708735382,100,0,0.0
EUW1_7708735382,200,1,0.0
EUW1_7708737039,100,1,0.0
EUW1_7708737039,200,0,0.0
EUW1_7708739723,100,1,0.0
EUW1_7708739723,200,0,0.0
EUW1_7708740187,100,1,0.0
EUW1_7708740187,200,0,0.0
EUW1_7708741642,100,1,0.0
EUW1_7708741642,200,0,0.0
EUW1_7708742527,100,0,0.0
EUW1_7708742527,200,1,0.0
EUW1_7708745062,100,0,0.0
EUW1_7708745062,200,1,0.0
EUW1_7708745095,100,1,0.0
EUW1_7708745095,200,0,0.0
EUW1_7708747459,100,1,0.6666666666666661
EUW1_7708747459,200,0,-0.6666666666666661
EUW1_7708748070,100,1,0.0
EUW1_7708748070,200,0,0.0
EUW1_7708751743,100,1,0.6666666666666661
EUW1_7708751743,200,0,-0.6666666666666661
EUW1_7708752392,100,0,0.0
EUW1_7708752392,200,1,0.0
EUW1_7708753821,100,0,0.5
EUW1_7708753821,200,1,-0.5
EUW1_7708762708,100,0,0.0
EUW1_7708762708,200,1,0.0
EUW1_7708763606,100,0,0.0
EUW1_7708763606,200,1,0.0
EUW1_7708763687,100,0,0.0
EUW1_7708763687,200,1,0.0
EUW1_7708770133,100,1,-1.333333333333334
EUW1_7708770133,200,0,1.333333333333334
EUW1_7708770217,100,1,0.0
EUW1_7708770217,200,0,0.0
EUW1_7708770464,100,0,-1.0
EUW1_7708770464,200,1,1.0
EUW1_7708772528,100,1,2.0
EUW1_7708772528,200,0,-2.0
EUW1_7708775112,100,1,0.0
EUW1_7708775112,200,0,0.0
EUW1_7708778680,100,1,0.0
EUW1_7708778680,200,0,0.0
EUW1_7708780695,100,1,1.0
EUW1_7708780695,200,0,-1.0
EUW1_7708784160,100,1,0.0
EUW1_7708784160,200,0,0.0
EUW1_7708785683,100,1,0.0
EUW1_7708785683,200,0,0.0
EUW1_7708788676,100,1,0.0
EUW1_7708788676,200,0,0.0
EUW1_7708791006,100,0,-2.0
EUW1_7708791006,200,1,2.0
EUW1_7708792839,100,0,0.0
EUW1_7708792839,200,1,0.0
EUW1_7708794951,100,0,1.0
EUW1_7708794951,200,1,-1.0
EUW1_7708796991,100,1,1.0
EUW1_7708796991,200,0,-1.0
EUW1_7708797730,100,1,0.0
EUW1_7708797730,200,0,0.0
EUW1_7708799216,100,1,0.0
EUW1_7708799216,200,0,0.0
EUW1_7708799420,100,1,0.0
EUW1_7708799420,200,0,0.0
EUW1_7708800874,100,0,-1.0
EUW1_7708800874,200,1,1.0
EUW1_7708802433,100,0,1.0
EUW1_7708802433,200,1,-1.0
EUW1_7708804894,100,0,0.0
EUW1_7708804894,200,1,0.0
EUW1_7708818011,100,1,0.0
EUW1_7708818011,200,0,0.0
EUW1_7708818133,100,0,0.0
EUW1_7708818133,200,1,0.0
EUW1_7708819247,100,0,-1.0
EUW1_7708819247,200,1,1.0
EUW1_7708822342,100,1,0.0
EUW1_7708822342,200,0,0.0
EUW1_7708823677,100,0,0.0
EUW1_7708823677,200,1,0.0
EUW1_7708825933,100,0,-0.16666666666666607
EUW1_7708825933,200,1,0.16666666666666607
EUW1_7708826461,100,0,-1.0
EUW1_7708826461,200,1,1.0
EUW1_7708831428,100,1,0.0
EUW1_7708831428,200,0,0.0
EUW1_7708833620,100,1,0.0
EUW1_7708833620,200,0,0.0
EUW1_7708835672,100,0,0.0
EUW1_7708835672,200,1,0.0
EUW1_7708835720,100,1,-0.5
EUW1_7708835720,200,0,0.5
EUW1_7708836962,100,0,-2.0
EUW1_7708836962,200,1,2.0
EUW1_7708837573,100,0,0.0
EUW1_7708837573,200,1,0.0
EUW1_7708841217,100,1,-1.0
EUW1_7708841217,200,0,1.0
EUW1_7708842760,100,1,-2.0
EUW1_7708842760,200,0,2.0
EUW1_7708846221,100,1,0.0
EUW1_7708846221,200,0,0.0
EUW1_7708847854,100,0,-2.0
EUW1_7708847854,200,1,2.0
EUW1_7708850602,100,0,0.0
EUW1_7708850602,200,1,0.0
EUW1_7708852140,100,0,0.0
EUW1_7708852140,200,1,0.0
EUW1_7708853981,100,0,0.0
EUW1_7708853981,200,1,0.0
EUW1_7708855763,100,0,-1.0
EUW1_7708855763,200,1,1.0
EUW1_7708863290,100,1,0.0
EUW1_7708863290,200,0,0.0
EUW1_7708864252,100,1,0.0
EUW1_7708864252,200,0,0.0
EUW1_7708864546,100,1,0.0
EUW1_7708864546,200,0,0.0
EUW1_7708865655,100,0,-1.0
EUW1_7708865655,200,1,1.0
EUW1_7708865917,100,1,-1.0
EUW1_7708865917,200,0,1.0
EUW1_7708871442,100,0,-0.6666666666666661
EUW1_7708871442,200,1,0.6666666666666661
EUW1_7708873715,100,0,0.0
EUW1_7708873715,200,1,0.0
EUW1_7708875666,100,0,0.0
EUW1_7708875666,200,1,0.0
EUW1_7708877962,100,1,0.0
EUW1_7708877962,200,0,0.0
EUW1_7708878639,100,0,1.0
EUW1_7708878639,200,1,-1.0
EUW1_7708879677,100,0,-2.0
EUW1_7708879677,200,1,2.0
EUW1_7708881058,100,1,0.0
EUW1_7708881058,200,0,0.0
EUW1_7708883162,100,1,0.0
EUW1_7708883162,200,0,0.0
EUW1_7708889260,100,0,-2.0
EUW1_7708889260,200,1,2.0
EUW1_7708890202,100,1,0.5
EUW1_7708890202,200,0,-0.5
EUW1_7708892038,100,1,0.0
EUW1_7708892038,200,0,0.0
EUW1_7708895326,100,1,0.0
EUW1_7708895326,200,0,0.0
EUW1_7708895763,100,0,-0.3333333333333339
EUW1_7708895763,200,1,0.3333333333333339
EUW1_7708897533,100,1,-2.0
EUW1_7708897533,200,0,2.0
EUW1_7708898150,100,1,0.8333333333333339
EUW1_7708898150,200,0,-0.8333333333333339
EUW1_7708899357,100,1,0.0
EUW1_7708899357,200,0,0.0
EUW1_7708901226,100,1,0.0
EUW1_7708901226,200,0,0.0
EUW1_7708904213,100,1,1.0
EUW1_7708904213,200,0,-1.0
EUW1_7708905585,100,1,0.0
EUW1_7708905585,200,0,0.0
EUW1_7708906250,100,0,-1.0
EUW1_7708906250,200,1,1.0
EUW1_7708908345,100,0,0.0
EUW1_7708908345,200,1,0.0
EUW1_7708910093,100,1,0.5
EUW1_7708910093,200,0,-0.5
EUW1_7708912288,100,1,0.0
EUW1_7708912288,200,0,0.0
EUW1_7708914078,100,1,0.0
EUW1_7708914078,200,0,0.0
EUW1_7708915024,100,1,0.0
EUW1_7708915024,200,0,0.0
EUW1_7708916420,100,1,0.0
EUW1_7708916420,200,0,0.0
EUW1_7708917367,100,1,1.333333333333334
EUW1_7708917367,200,0,-1.333333333333334
EUW1_7708917936,100,1,-0.3333333333333339
EUW1_7708917936,200,0,0.3333333333333339
EUW1_7708921584,100,0,0.0
EUW1_7708921584,200,1,0.0
EUW1_7708922660,100,0,0.0
EUW1_7708922660,200,1,0.0
EUW1_7708927698,100,0,0.0
EUW1_7708927698,200,1,0.0
EUW1_7708928612,100,1,0.0
EUW1_7708928612,200,0,0.0
EUW1_7708928888,100,1,0.0
EUW1_7708928888,200,0,0.0
EUW1_7708930224,100,1,0.0
EUW1_7708930224,200,0,0.0
EUW1_7708933763,100,1,-2.0
EUW1_7708933763,200,0,2.0
EUW1_7708934459,100,1,0.0
EUW1_7708934459,200,0,0.0
EUW1_7708938528,100,1,0.0
EUW1_7708938528,200,0,0.0
EUW1_7708940952,100,1,-1.333333333333334
EUW1_7708940952,200,0,1.333333333333334
EUW1_7708942958,100,1,0.0
EUW1_7708942958,200,0,0.0
EUW1_7708944476,100,0,0.0
EUW1_7708944476,200,1,0.0
EUW1_7708948516,100,1,1.0
EUW1_7708948516,200,0,-1.0
EUW1_7708948913,100,1,1.0
EUW1_7708948913,200,0,-1.0
EUW1_7708950338,100,1,2.0
EUW1_7708950338,200,0,-2.0
EUW1_7708956132,100,0,0.0
EUW1_7708956132,200,1,0.0
EUW1_7708957281,100,0,0.0
EUW1_7708957281,200,1,0.0
EUW1_7708960528,100,0,0.0
EUW1_7708960528,200,1,0.0
EUW1_7708962228,100,0,-2.0
EUW1_7708962228,200,1,2.0
EUW1_7708963115,100,1,0.0
EUW1_7708963115,200,0,0.0
EUW1_7708966708,100,1,0.0
EUW1_7708966708,200,0,0.0
EUW1_7708968827,100,1,1.0
EUW1_7708968827,200,0,-1.0
EUW1_7708971388,100,0,0.0
EUW1_7708971388,200,1,0.0
EUW1_7708975584,100,1,0.0
EUW1_7708975584,200,0,0.0
EUW1_7708981524,100,1,0.0
EUW1_7708981524,200,0,0.0
EUW1_7708985825,100,1,-2.0
EUW1_7708985825,200,0,2.0
EUW1_7708986075,100,1,0.0
EUW1_7708986075,200,0,0.0
EUW1_7708986157,100,0,-1.0
EUW1_7708986157,200,1,1.0
EUW1_7708987577,100,0,0.0
EUW1_7708987577,200,1,0.0
EUW1_7708987706,100,0,0.0
EUW1_7708987706,200,1,0.0
EUW1_7708989277,100,1,0.0
EUW1_7708989277,200,0,0.0
EUW1_7708989992,100,1,1.0
EUW1_7708989992,200,0,-1.0
EUW1_7708992929,100,1,1.0
EUW1_7708992929,200,0,-1.0
EUW1_7708995589,100,1,0.0
EUW1_7708995589,200,0,0.0
EUW1_7708997179,100,0,0.0
EUW1_7708997179,200,1,0.0
EUW1_7708998366,100,1,0.0
EUW1_7708998366,200,0,0.0
EUW1_7709000405,100,1,0.0
EUW1_7709000405,200,0,0.0
EUW1_7709001660,100,1,0.0
EUW1_7709001660,200,0,0.0
EUW1_7709014273,100,1,-1.0
EUW1_7709014273,200,0,1.0
EUW1_7709014434,100,0,-0.6666666666666679
EUW1_7709014434,200,1,0.6666666666666679
EUW1_7709016105,100,0,1.0
EUW1_7709016105,200,1,-1.0
EUW1_7709017833,100,1,-0.5
EUW1_7709017833,200,0,0.5
EUW1_7709020606,100,1,0.0
EUW1_7709020606,200,0,0.0
EUW1_7709022500,100,0,-1.0
EUW1_7709022500,200,1,1.0
EUW1_7709022738,100,1,0.0
EUW1_7709022738,200,0,0.0
EUW1_7709025597,100,0,0.0
EUW1_7709025597,200,1,0.0
EUW1_7709029854,100,1,-0.5
EUW1_7709029854,200,0,0.5
EUW1_7709031820,100,1,0.0
EUW1_7709031820,200,0,0.0
EUW1_7709032277,100,1,0.0
EUW1_7709032277,200,0,0.0
EUW1_7709036383,100,0,0.0
EUW1_7709036383,200,1,0.0
EUW1_7709038740,100,1,1.5
EUW1_7709038740,200,0,-1.5
EUW1_7709043185,100,1,1.5999999999999996
EUW1_7709043185,200,0,-1.5999999999999996
EUW1_7709046058,100,1,0.0
EUW1_7709046058,200,0,0.0
EUW1_7709046251,100,0,-0.6666666666666661
EUW1_7709046251,200,1,0.6666666666666661
EUW1_7709046613,100,1,0.0
EUW1_7709046613,200,0,0.0
EUW1_7709049096,100,1,0.0
EUW1_7709049096,200,0,0.0
EUW1_7709050963,100,1,0.0
EUW1_7709050963,200,0,0.0
EUW1_7709051116,100,0,1.0
EUW1_7709051116,200,1,-1.0
EUW1_7709052612,100,0,0.0
EUW1_7709052612,200,1,0.0
EUW1_7709053233,100,1,0.6666666666666661
EUW1_7709053233,200,0,-0.6666666666666661
EUW1_7709056106,100,1,0.0
EUW1_7709056106,200,0,0.0
EUW1_7709056901,100,1,-2.0
EUW1_7709056901,200,0,2.0
EUW1_7709058681,100,1,0.0
EUW1_7709058681,200,0,0.0
EUW1_7709067691,100,1,-1.0
EUW1_7709067691,200,0,1.0
EUW1_7709071261,100,1,0.3333333333333339
EUW1_7709071261,200,0,-0.3333333333333339
EUW1_7709071902,100,0,0.0
EUW1_7709071902,200,1,0.0
EUW1_7709073271,100,1,0.0
EUW1_7709073271,200,0,0.0
EUW1_7709077656,100,0,1.0
EUW1_7709077656,200,1,-1.0
EUW1_7709079438,100,0,0.0
EUW1_7709079438,200,1,0.0
EUW1_7709080566,100,0,0.0
EUW1_7709080566,200,1,0.0
EUW1_7709081049,100,0,-2.0
EUW1_7709081049,200,1,2.0
EUW1_7709083698,100,0,-1.0
EUW1_7709083698,200,1,1.0
EUW1_7709084245,100,1,1.0
EUW1_7709084245,200,0,-1.0
EUW1_7709090987,100,1,-0.6666666666666661
EUW1_7709090987,200,0,0.6666666666666661
EUW1_7709092251,100,1,1.0
EUW1_7709092251,200,0,-1.0
EUW1_7709097861,100,0,0.0
EUW1_7709097861,200,1,0.0
EUW1_7709098038,100,1,-0.5
EUW1_7709098038,200,0,0.5
EUW1_7709098389,100,1,2.0
EUW1_7709098389,200,0,-2.0
EUW1_7709100930,100,0,0.6666666666666661
EUW1_7709100930,200,1,-0.6666666666666661
EUW1_7709102970,100,1,0.0
EUW1_7709102970,200,0,0.0
EUW1_7709105012,100,0,0.5333333333333332
EUW1_7709105012,200,1,-0.5333333333333332
EUW1_7709105216,100,0,0.0
EUW1_7709105216,200,1,0.0
EUW1_7709106272,100,1,0.0
EUW1_7709106272,200,0,0.0
EUW1_7709108437,100,1,0.0
EUW1_7709108437,200,0,0.0
EUW1_7709110177,100,0,-1.333333333333334
EUW1_7709110177,200,1,1.333333333333334
EUW1_7709113232,100,0,0.0
EUW1_7709113232,200,1,0.0
EUW1_7709121403,100,1,0.0
EUW1_7709121403,200,0,0.0
EUW1_7709122351,100,1,-1.0
EUW1_7709122351,200,0,1.0
EUW1_7709127321,100,1,0.5
EUW1_7709127321,200,0,-0.5
EUW1_7709131404,100,0,-0.6666666666666661
EUW1_7709131404,200,1,0.6666666666666661
EUW1_7709131880,100,1,0.0
EUW1_7709131880,200,0,0.0
EUW1_7709135670,100,1,0.0
EUW1_7709135670,200,0,0.0
EUW1_7709135683,100,0,0.0
EUW1_7709135683,200,1,0.0
EUW1_7709136813,100,0,0.0
EUW1_7709136813,200,1,0.0
EUW1_7709139427,100,1,0.0
EUW1_7709139427,200,0,0.0
EUW1_7709141132,100,1,0.0
EUW1_7709141132,200,0,0.0
EUW1_7709142793,100,0,-2.0
EUW1_7709142793,200,1,2.0
EUW1_7709145025,100,0,2.0
EUW1_7709145025,200,1,-2.0
EUW1_7709145537,100,1,0.0
EUW1_7709145537,200,0,0.0
EUW1_7709147042,100,0,-1.0
EUW1_7709147042,200,1,1.0
EUW1_7709149334,100,0,0.0
EUW1_7709149334,200,1,0.0
EUW1_7709149469,100,0,0.0
EUW1_7709149469,200,1,0.0
EUW1_7709150082,100,1,0.0
EUW1_7709150082,200,0,0.0
EUW1_7709152923,100,1,0.0
EUW1_7709152923,200,0,0.0
EUW1_7709154421,100,1,0.0
EUW1_7709154421,200,0,0.0
EUW1_7709154750,100,0,-0.6666666666666679
EUW1_7709154750,200,1,0.6666666666666679
EUW1_7709155035,100,0,0.0
EUW1_7709155035,200,1,0.0
EUW1_7709159180,100,1,-1.0
EUW1_7709159180,200,0,1.0
EUW1_7709159688,100,0,0.0
EUW1_7709159688,200,1,0.0
EUW1_7709161243,100,0,1.333333333333334
EUW1_7709161243,200,1,-1.333333333333334
EUW1_7709162253,100,1,2.0
EUW1_7709162253,200,0,-2.0
EUW1_7709162977,100,0,0.0
EUW1_7709162977,200,1,0.0
EUW1_7709166233,100,0,0.0
EUW1_7709166233,200,1,0.0
EUW1_7709167445,100,1,0.0
EUW1_7709167445,200,0,0.0
EUW1_7709170161,100,0,0.0
EUW1_7709170161,200,1,0.0
EUW1_7709170833,100,0,1.333333333333334
EUW1_7709170833,200,1,-1.333333333333334
EUW1_7709174883,100,0,0.0
EUW1_7709174883,200,1,0.0
EUW1_7709175518,100,0,0.0
EUW1_7709175518,200,1,0.0
EUW1_7709176948,100,1,0.5
EUW1_7709176948,200,0,-0.5
EUW1_7709184836,100,1,0.0
EUW1_7709184836,200,0,0.0
EUW1_7709185697,100,0,0.0
EUW1_7709185697,200,1,0.0
EUW1_7709186977,100,1,0.0
EUW1_7709186977,200,0,0.0
EUW1_7709187294,100,0,0.0
EUW1_7709187294,200,1,0.0
EUW1_7709190826,100,0,-2.0
EUW1_7709190826,200,1,2.0
EUW1_7709191538,100,1,0.0
EUW1_7709191538,200,0,0.0
EUW1_7709193869,100,0,0.0
EUW1_7709193869,200,1,0.0
EUW1_7709194717,100,0,-2.0
EUW1_7709194717,200,1,2.0
EUW1_7709196048,100,1,-1.0
EUW1_7709196048,200,0,1.0
EUW1_7709198934,100,0,0.0
EUW1_7709198934,200,1,0.0
EUW1_7709200390,100,0,0.0
EUW1_7709200390,200,1,0.0
EUW1_7709202138,100,1,0.0
EUW1_7709202138,200,0,0.0
EUW1_7709202645,100,1,-1.333333333333334
EUW1_7709202645,200,0,1.333333333333334
EUW1_7709203838,100,0,0.0
EUW1_7709203838,200,1,0.0
EUW1_7709208241,100,0,-2.0
EUW1_7709208241,200,1,2.0
EUW1_7709212783,100,0,0.0
EUW1_7709212783,200,1,0.0
EUW1_7709215340,100,0,0.0
EUW1_7709215340,200,1,0.0
EUW1_7709216905,100,1,0.0
EUW1_7709216905,200,0,0.0
EUW1_7709220878,100,0,-0.3333333333333339
EUW1_7709220878,200,1,0.3333333333333339
EUW1_7709222384,100,0,-1.0
EUW1_7709222384,200,1,1.0
EUW1_7709222598,100,0,0.0
EUW1_7709222598,200,1,0.0
EUW1_7709224216,100,1,0.0
EUW1_7709224216,200,0,0.0
EUW1_7709225374,100,0,0.0
EUW1_7709225374,200,1,0.0
EUW1_7709229745,100,0,0.0
EUW1_7709229745,200,1,0.0
EUW1_7709230187,100,0,-1.0
EUW1_7709230187,200,1,1.0
EUW1_7709231519,100,1,1.333333333333334
EUW1_7709231519,200,0,-1.333333333333334
EUW1_7709233004,100,0,0.0
EUW1_7709233004,200,1,0.0
EUW1_7709236106,100,1,0.6666666666666661
EUW1_7709236106,200,0,-0.6666666666666661
EUW1_7709237634,100,1,0.0
EUW1_7709237634,200,0,0.0
EUW1_7709239202,100,0,2.0
EUW1_7709239202,200,1,-2.0
EUW1_7709239870,100,0,2.0
EUW1_7709239870,200,1,-2.0
EUW1_7709251943,100,0,1.0
EUW1_7709251943,200,1,-1.0
EUW1_7709254100,100,1,0.0
EUW1_7709254100,200,0,0.0
EUW1_7709254505,100,1,0.0
EUW1_7709254505,200,0,0.0
EUW1_7709254608,100,0,0.0
EUW1_7709254608,200,1,0.0
EUW1_7709255347,100,1,0.0
EUW1_7709255347,200,0,0.0
EUW1_7709256815,100,1,2.0
EUW1_7709256815,200,0,-2.0
EUW1_7709258341,100,1,2.0
EUW1_7709258341,200,0,-2.0
EUW1_7709259252,100,1,0.5
EUW1_7709259252,200,0,-0.5
EUW1_7709266207,100,1,0.0
EUW1_7709266207,200,0,0.0
EUW1_7709266382,100,0,-0.6666666666666661
EUW1_7709266382,200,1,0.6666666666666661
EUW1_7709266652,100,1,0.0
EUW1_7709266652,200,0,0.0
EUW1_7709268880,100,0,1.0
EUW1_7709268880,200,1,-1.0
EUW1_7709272024,100,0,0.0
EUW1_7709272024,200,1,0.0
EUW1_7709273058,100,0,-0.5
EUW1_7709273058,200,1,0.5
EUW1_7709273564,100,1,0.0
EUW1_7709273564,200,0,0.0
EUW1_7709275249,100,1,-0.5
EUW1_7709275249,200,0,0.5
EUW1_7709276231,100,0,0.0
EUW1_7709276231,200,1,0.0
EUW1_7709277376,100,0,0.0
EUW1_7709277376,200,1,0.0
EUW1_7709284484,100,0,-1.333333333333334
EUW1_7709284484,200,1,1.333333333333334
EUW1_7709286627,100,0,0.0
EUW1_7709286627,200,1,0.0
EUW1_7709287489,100,0,0.0
EUW1_7709287489,200,1,0.0
EUW1_7709292422,100,1,-0.6666666666666679
EUW1_7709292422,200,0,0.6666666666666679
EUW1_7709292762,100,1,-1.0
EUW1_7709292762,200,0,1.0
EUW1_7709294992,100,1,0.6666666666666661
EUW1_7709294992,200,0,-0.6666666666666661
EUW1_7709298436,100,1,0.0
EUW1_7709298436,200,0,0.0
EUW1_7709304088,100,0,2.0
EUW1_7709304088,200,1,-2.0
EUW1_7709304968,100,1,0.0
EUW1_7709304968,200,0,0.0
EUW1_7709306475,100,0,-2.0
EUW1_7709306475,200,1,2.0
EUW1_7709307240,100,0,0.0
EUW1_7709307240,200,1,0.0
EUW1_7709308464,100,0,0.0
EUW1_7709308464,200,1,0.0
EUW1_7709317826,100,0,0.0
EUW1_7709317826,200,1,0.0
EUW1_7709318933,100,0,-0.16666666666666607
EUW1_7709318933,200,1,0.16666666666666607
EUW1_7709319288,100,0,0.0
EUW1_7709319288,200,1,0.0
EUW1_7709322338,100,0,0.0
EUW1_7709322338,200,1,0.0
EUW1_7709324212,100,0,0.0
EUW1_7709324212,200,1,0.0
EUW1_7709327980,100,0,0.0
EUW1_7709327980,200,1,0.0
EUW1_7709328004,100,1,0.0
EUW1_7709328004,200,0,0.0
EUW1_7709328543,100,1,1.0
EUW1_7709328543,200,0,-1.0
EUW1_7709331664,100,0,0.0
EUW1_7709331664,200,1,0.0
EUW1_7709332004,100,0,0.0
EUW1_7709332004,200,1,0.0
EUW1_7709332132,100,0,0.0
EUW1_7709332132,200,1,0.0
EUW1_7709333806,100,1,0.0
EUW1_7709333806,200,0,0.0
EUW1_7709334011,100,0,-1.0
EUW1_7709334011,200,1,1.0
EUW1_7709335392,100,1,-2.0
EUW1_7709335392,200,0,2.0
EUW1_7709335405,100,1,0.0
EUW1_7709335405,200,0,0.0
EUW1_7709346667,100,0,-1.0
EUW1_7709346667,200,1,1.0
EUW1_7709348312,100,1,0.0
EUW1_7709348312,200,0,0.0
EUW1_7709349824,100,0,0.6666666666666661
EUW1_7709349824,200,1,-0.6666666666666661
EUW1_7709349925,100,0,0.0
EUW1_7709349925,200,1,0.0
EUW1_7709351973,100,0,1.333333333333334
EUW1_7709351973,200,1,-1.333333333333334
EUW1_7709357203,100,1,0.5
EUW1_7709357203,200,0,-0.5
EUW1_7709359187,100,1,0.0
EUW1_7709359187,200,0,0.0
EUW1_7709364311,100,0,0.0
EUW1_7709364311,200,1,0.0
EUW1_7709365815,100,1,0.0
EUW1_7709365815,200,0,0.0
EUW1_7709368171,100,0,-1.0
EUW1_7709368171,200,1,1.0
EUW1_7709370656,100,0,-2.0
EUW1_7709370656,200,1,2.0
EUW1_7709377986,100,0,0.6666666666666661
EUW1_7709377986,200,1,-0.6666666666666661
EUW1_7709379021,100,1,1.0
EUW1_7709379021,200,0,-1.0
EUW1_7709382961,100,0,0.0
EUW1_7709382961,200,1,0.0
EUW1_7709385111,100,0,-1.0
EUW1_7709385111,200,1,1.0
EUW1_7709387195,100,0,0.0
EUW1_7709387195,200,1,0.0
EUW1_7709387728,100,1,0.5
EUW1_7709387728,200,0,-0.5
EUW1_7709390416,100,0,0.0
EUW1_7709390416,200,1,0.0
EUW1_7709390495,100,1,-2.0
EUW1_7709390495,200,0,2.0
EUW1_7709393672,100,0,0.0
EUW1_7709393672,200,1,0.0
EUW1_7709393752,100,1,2.0
EUW1_7709393752,200,0,-2.0
EUW1_7709395360,100,1,-1.0
EUW1_7709395360,200,0,1.0
EUW1_7709397652,100,0,0.16666666666666607
EUW1_7709397652,200,1,-0.16666666666666607
EUW1_7709397751,100,0,0.0
EUW1_7709397751,200,1,0.0
EUW1_7709400274,100,0,0.0
EUW1_7709400274,200,1,0.0
EUW1_7709403778,100,0,0.0
EUW1_7709403778,200,1,0.0
EUW1_7709406504,100,0,0.0
EUW1_7709406504,200,1,0.0
EUW1_7709406712,100,0,0.0
EUW1_7709406712,200,1,0.0
EUW1_7709408941,100,1,0.0
EUW1_7709408941,200,0,0.0
EUW1_7709415786,100,1,-2.0
EUW1_7709415786,200,0,2.0
EUW1_7709417263,100,0,0.0
EUW1_7709417263,200,1,0.0
EUW1_7709418551,100,0,2.0
EUW1_7709418551,200,1,-2.0
EUW1_7709419578,100,1,0.0
EUW1_7709419578,200,0,0.0
EUW1_7709421708,100,0,1.1999999999999993
EUW1_7709421708,200,1,-1.1999999999999993
EUW1_7709423363,100,0,-2.0
EUW1_7709423363,200,1,2.0
EUW1_7709423408,100,0,0.0
EUW1_7709423408,200,1,0.0
EUW1_7709425920,100,1,0.0
EUW1_7709425920,200,0,0.0
EUW1_7709428541,100,1,-1.0
EUW1_7709428541,200,0,1.0
EUW1_7709430443,100,0,0.0
EUW1_7709430443,200,1,0.0
EUW1_7709432010,100,0,0.0
EUW1_7709432010,200,1,0.0
EUW1_7709434557,100,1,-2.0
EUW1_7709434557,200,0,2.0
EUW1_7709436626,100,1,0.0
EUW1_7709436626,200,0,0.0
EUW1_7709437891,100,1,-1.0
EUW1_7709437891,200,0,1.0
EUW1_7709438257,100,0,0.0
EUW1_7709438257,200,1,0.0
EUW1_7709441979,100,1,0.0
EUW1_7709441979,200,0,0.0
EUW1_7709443234,100,0,-0.6666666666666661
EUW1_7709443234,200,1,0.6666666666666661
EUW1_7709445288,100,1,0.0
EUW1_7709445288,200,0,0.0
EUW1_7709445548,100,1,0.0
EUW1_7709445548,200,0,0.0
EUW1_7709445970,100,1,0.0
EUW1_7709445970,200,0,0.0
EUW1_7709448398,100,1,0.0
EUW1_7709448398,200,0,0.0
EUW1_7709449069,100,0,0.0
EUW1_7709449069,200,1,0.0
EUW1_7709451148,100,0,-2.0
EUW1_7709451148,200,1,2.0
EUW1_7709451611,100,1,0.0
EUW1_7709451611,200,0,0.0
EUW1_7709454580,100,0,0.5
EUW1_7709454580,200,1,-0.5
EUW1_7709457735,100,0,0.0
EUW1_7709457735,200,1,0.0
EUW1_7709457943,100,0,-1.5999999999999996
EUW1_7709457943,200,1,1.5999999999999996
EUW1_7709459431,100,0,0.0
EUW1_7709459431,200,1,0.0
EUW1_7709464171,100,1,-1.0
EUW1_7709464171,200,0,1.0
EUW1_7709465635,100,1,0.0
EUW1_7709465635,200,0,0.0
EUW1_7709466696,100,1,0.0
EUW1_7709466696,200,0,0.0
EUW1_7709466890,100,1,-2.0
EUW1_7709466890,200,0,2.0
EUW1_7709469947,100,0,0.0
EUW1_7709469947,200,1,0.0
EUW1_7709471614,100,1,1.0
EUW1_7709471614,200,0,-1.0
EUW1_7709473874,100,1,0.6666666666666661
EUW1_7709473874,200,0,-0.6666666666666661
EUW1_7709478042,100,1,0.0
EUW1_7709478042,200,0,0.0
EUW1_7709478275,100,1,0.0
EUW1_7709478275,200,0,0.0
EUW1_7709480849,100,0,0.0
EUW1_7709480849,200,1,0.0
EUW1_7709485570,100,1,0.6666666666666661
EUW1_7709485570,200,0,-0.6666666666666661
EUW1_7709486855,100,0,-2.0
EUW1_7709486855,200,1,2.0
EUW1_7709487360,100,0,-1.0
EUW1_7709487360,200,1,1.0
EUW1_7709495665,100,1,0.0
EUW1_7709495665,200,0,0.0
EUW1_7709498427,100,1,0.0
EUW1_7709498427,200,0,0.0
EUW1_7709499723,100,1,0.0
EUW1_7709499723,200,0,0.0
EUW1_7709499895,100,0,0.0
EUW1_7709499895,200,1,0.0
EUW1_7709503225,100,0,0.0
EUW1_7709503225,200,1,0.0
EUW1_7709503830,100,1,0.0
EUW1_7709503830,200,0,0.0
EUW1_7709506995,100,1,0.0
EUW1_7709506995,200,0,0.0
EUW1_7709507148,100,0,0.0
EUW1_7709507148,200,1,0.0
EUW1_7709509295,100,0,-1.333333333333334
EUW1_7709509295,200,1,1.333333333333334
EUW1_7709510273,100,0,0.0
EUW1_7709510273,200,1,0.0
EUW1_7709511521,100,0,1.0
EUW1_7709511521,200,1,-1.0
EUW1_7709511731,100,0,0.0
EUW1_7709511731,200,1,0.0
EUW1_7709514622,100,1,0.0
EUW1_7709514622,200,0,0.0
EUW1_7709516214,100,1,0.0
EUW1_7709516214,200,0,0.0
EUW1_7709516351,100,1,2.0
EUW1_7709516351,200,0,-2.0
EUW1_7709520238,100,0,0.0
EUW1_7709520238,200,1,0.0
EUW1_7709523885,100,1,0.0
EUW1_7709523885,200,0,0.0
EUW1_7709524099,100,1,0.0
EUW1_7709524099,200,0,0.0
EUW1_7709524660,100,0,0.0
EUW1_7709524660,200,1,0.0
EUW1_7709526498,100,0,0.0
EUW1_7709526498,200,1,0.0
EUW1_7709527062,100,1,0.0
EUW1_7709527062,200,0,0.0
EUW1_7709529654,100,1,0.0
EUW1_7709529654,200,0,0.0
EUW1_7709532171,100,1,1.0
EUW1_7709532171,200,0,-1.0
EUW1_7709532225,100,1,0.0
EUW1_7709532225,200,0,0.0
EUW1_7709534018,100,1,0.0
EUW1_7709534018,200,0,0.0
EUW1_7709536386,100,1,0.0
EUW1_7709536386,200,0,0.0
EUW1_7709539797,100,0,0.0
EUW1_7709539797,200,1,0.0
EUW1_7709540030,100,0,-1.0
EUW1_7709540030,200,1,1.0
EUW1_7709544120,100,0,0.0
EUW1_7709544120,200,1,0.0
EUW1_7709544737,100,0,0.0
EUW1_7709544737,200,1,0.0
EUW1_7709545941,100,1,0.0
EUW1_7709545941,200,0,0.0
EUW1_7709546577,100,1,-0.3333333333333339
EUW1_7709546577,200,0,0.3333333333333339
EUW1_7709546927,100,1,0.0
EUW1_7709546927,200,0,0.0
EUW1_7709547326,100,1,0.0
EUW1_7709547326,200,0,0.0
EUW1_7709549364,100,1,-1.0
EUW1_7709549364,200,0,1.0
EUW1_7709551226,100,0,2.0
EUW1_7709551226,200,1,-2.0
EUW1_7709551867,100,0,0.0
EUW1_7709551867,200,1,0.0
EUW1_7709554158,100,1,0.0
EUW1_7709554158,200,0,0.0
EUW1_7709556081,100,1,1.0
EUW1_7709556081,200,0,-1.0
EUW1_7709556916,100,0,0.0
EUW1_7709556916,200,1,0.0
EUW1_7709558249,100,0,0.0
EUW1_7709558249,200,1,0.0
EUW1_7709559676,100,1,0.0
EUW1_7709559676,200,0,0.0
EUW1_7709563284,100,1,0.0
EUW1_7709563284,200,0,0.0
EUW1_7709563628,100,0,0.0
EUW1_7709563628,200,1,0.0
EUW1_7709564310,100,0,1.0
EUW1_7709564310,200,1,-1.0
EUW1_7709565181,100,0,0.0
EUW1_7709565181,200,1,0.0
EUW1_7709566042,100,1,0.0
EUW1_7709566042,200,0,0.0
EUW1_7709567764,100,0,-2.0
EUW1_7709567764,200,1,2.0
EUW1_7709568640,100,0,0.0
EUW1_7709568640,200,1,0.0
EUW1_7709569835,100,1,2.0
EUW1_7709569835,200,0,-2.0
EUW1_7709570180,100,0,-1.333333333333334
EUW1_7709570180,200,1,1.333333333333334
EUW1_7709570929,100,0,0.0
EUW1_7709570929,200,1,0.0
EUW1_7709573892,100,0,0.0
EUW1_7709573892,200,1,0.0
EUW1_7709578170,100,1,0.0
EUW1_7709578170,200,0,0.0
EUW1_7709579693,100,1,0.0
EUW1_7709579693,200,0,0.0
EUW1_7709581015,100,0,2.0
EUW1_7709581015,200,1,-2.0
EUW1_7709581245,100,1,0.0
EUW1_7709581245,200,0,0.0
EUW1_7709584503,100,1,1.333333333333334
EUW1_7709584503,200,0,-1.333333333333334
EUW1_7709586123,100,1,0.0
EUW1_7709586123,200,0,0.0
EUW1_7709588501,100,0,-2.0
EUW1_7709588501,200,1,2.0
EUW1_7709588631,100,1,0.0
EUW1_7709588631,200,0,0.0
EUW1_7709590722,100,1,0.0
EUW1_7709590722,200,0,0.0
EUW1_7709594369,100,1,0.0
EUW1_7709594369,200,0,0.0
EUW1_7709596375,100,1,0.0
EUW1_7709596375,200,0,0.0
EUW1_7709597838,100,1,0.6666666666666661
EUW1_7709597838,200,0,-0.6666666666666661
EUW1_7709597918,100,1,0.0
EUW1_7709597918,200,0,0.0
EUW1_7709598376,100,0,-2.0
EUW1_7709598376,200,1,2.0
EUW1_7709601964,100,1,0.0
EUW1_7709601964,200,0,0.0
EUW1_7709603134,100,0,0.0
EUW1_7709603134,200,1,0.0
EUW1_7709603160,100,1,0.0
EUW1_7709603160,200,0,0.0
EUW1_7709606898,100,0,-2.0
EUW1_7709606898,200,1,2.0
EUW1_7709606985,100,1,0.0
EUW1_7709606985,200,0,0.0
EUW1_7709609619,100,0,0.0
EUW1_7709609619,200,1,0.0
EUW1_7709610482,100,0,-1.333333333333334
EUW1_7709610482,200,1,1.333333333333334
EUW1_7709612168,100,1,-0.6666666666666661
EUW1_7709612168,200,0,0.6666666666666661
EUW1_7709621268,100,1,0.0
EUW1_7709621268,200,0,0.0
EUW1_7709622861,100,1,0.0
EUW1_7709622861,200,0,0.0
EUW1_7709623100,100,0,-2.0
EUW1_7709623100,200,1,2.0
EUW1_7709623254,100,0,1.0
EUW1_7709623254,200,1,-1.0
EUW1_7709626556,100,0,0.0
EUW1_7709626556,200,1,0.0
EUW1_7709627938,100,1,0.0
EUW1_7709627938,200,0,0.0
EUW1_7709628727,100,1,0.0
EUW1_7709628727,200,0,0.0
EUW1_7709629772,100,0,-0.3333333333333339
EUW1_7709629772,200,1,0.3333333333333339
EUW1_7709630548,100,1,0.0
EUW1_7709630548,200,0,0.0
EUW1_7709632571,100,0,-0.5
EUW1_7709632571,200,1,0.5
EUW1_7709632949,100,1,0.0
EUW1_7709632949,200,0,0.0
EUW1_7709636495,100,1,1.0
EUW1_7709636495,200,0,-1.0
EUW1_7709638131,100,0,0.0
EUW1_7709638131,200,1,0.0
EUW1_7709640934,100,0,0.0
EUW1_7709640934,200,1,0.0
EUW1_7709641436,100,0,0.0
EUW1_7709641436,200,1,0.0
EUW1_7709641599,100,0,0.0
EUW1_7709641599,200,1,0.0
EUW1_7709642437,100,0,0.0
EUW1_7709642437,200,1,0.0
EUW1_7709644571,100,0,0.0
EUW1_7709644571,200,1,0.0
EUW1_7709644713,100,0,0.0
EUW1_7709644713,200,1,0.0
EUW1_7709647165,100,1,0.6666666666666661
EUW1_7709647165,200,0,-0.6666666666666661
EUW1_7709647636,100,1,1.0
EUW1_7709647636,200,0,-1.0
EUW1_7709647924,100,1,0.0
EUW1_7709647924,200,0,0.0
EUW1_7709649871,100,1,0.0
EUW1_7709649871,200,0,0.0
EUW1_7709652258,100,1,-1.0
EUW1_7709652258,200,0,1.0
EUW1_7709657493,100,1,1.0
EUW1_7709657493,200,0,-1.0
EUW1_7709659002,100,0,-1.5999999999999996
EUW1_7709659002,200,1,1.5999999999999996
EUW1_7709660740,100,1,1.0
EUW1_7709660740,200,0,-1.0
EUW1_7709661183,100,1,1.1999999999999993
EUW1_7709661183,200,0,-1.1999999999999993
EUW1_7709662350,100,1,0.0
EUW1_7709662350,200,0,0.0
EUW1_7709664470,100,0,0.0
EUW1_7709664470,200,1,0.0
EUW1_7709664668,100,0,0.0
EUW1_7709664668,200,1,0.0
EUW1_7709669054,100,0,0.0
EUW1_7709669054,200,1,0.0
EUW1_7709669497,100,1,0.0
EUW1_7709669497,200,0,0.0
EUW1_7709672622,100,0,0.0
EUW1_7709672622,200,1,0.0
EUW1_7709674200,100,1,0.0
EUW1_7709674200,200,0,0.0
EUW1_7709674211,100,0,0.0
EUW1_7709674211,200,1,0.0
EUW1_7709674403,100,0,0.0
EUW1_7709674403,200,1,0.0
EUW1_7709675511,100,1,-0.5
EUW1_7709675511,200,0,0.5
EUW1_7709676364,100,0,0.0
EUW1_7709676364,200,1,0.0
EUW1_7709678783,100,0,-2.0
EUW1_7709678783,200,1,2.0
EUW1_7709679638,100,1,1.0
EUW1_7709679638,200,0,-1.0
EUW1_7709679767,100,1,2.0
EUW1_7709679767,200,0,-2.0
EUW1_7709679777,100,1,0.0
EUW1_7709679777,200,0,0.0
EUW1_7709679987,100,0,-0.3333333333333339
EUW1_7709679987,200,1,0.3333333333333339
EUW1_7709680820,100,0,0.0
EUW1_7709680820,200,1,0.0
EUW1_7709682514,100,0,0.0
EUW1_7709682514,200,1,0.0
EUW1_7709685387,100,0,0.0
EUW1_7709685387,200,1,0.0
EUW1_7709687303,100,1,0.0
EUW1_7709687303,200,0,0.0
EUW1_7709687500,100,0,-0.3333333333333339
EUW1_7709687500,200,1,0.3333333333333339
EUW1_7709689671,100,1,-1.0
EUW1_7709689671,200,0,1.0
EUW1_7709690075,100,1,0.0
EUW1_7709690075,200,0,0.0
EUW1_7709690253,100,0,-1.0
EUW1_7709690253,200,1,1.0
EUW1_7709690820,100,1,0.0
EUW1_7709690820,200,0,0.0
EUW1_7709693489,100,1,0.0
EUW1_7709693489,200,0,0.0
EUW1_7709696181,100,0,0.0
EUW1_7709696181,200,1,0.0
EUW1_7709696454,100,0,-0.6666666666666679
EUW1_7709696454,200,1,0.6666666666666679
EUW1_7709696506,100,0,0.0
EUW1_7709696506,200,1,0.0
EUW1_7709697810,100,0,0.8000000000000007
EUW1_7709697810,200,1,-0.8000000000000007
EUW1_7709697815,100,0,0.0
EUW1_7709697815,200,1,0.0
EUW1_7709699911,100,1,0.0
EUW1_7709699911,200,0,0.0
EUW1_7709700600,100,1,0.0
EUW1_7709700600,200,0,0.0
EUW1_7709701347,100,0,0.0
EUW1_7709701347,200,1,0.0
EUW1_7709701759,100,1,-1.333333333333334
EUW1_7709701759,200,0,1.333333333333334
EUW1_7709702571,100,1,0.0
EUW1_7709702571,200,0,0.0
EUW1_7709703883,100,0,-0.6666666666666661
EUW1_7709703883,200,1,0.6666666666666661
EUW1_7709705738,100,0,1.0
EUW1_7709705738,200,1,-1.0
EUW1_7709705758,100,0,0.0
EUW1_7709705758,200,1,0.0
EUW1_7709706955,100,0,0.0
EUW1_7709706955,200,1,0.0
EUW1_7709707223,100,0,-0.8333333333333339
EUW1_7709707223,200,1,0.8333333333333339
EUW1_7709709411,100,0,0.0
EUW1_7709709411,200,1,0.0
EUW1_7709710962,100,1,-2.0
EUW1_7709710962,200,0,2.0
EUW1_7709711170,100,0,0.0
EUW1_7709711170,200,1,0.0
EUW1_7709712347,100,0,0.0
EUW1_7709712347,200,1,0.0
EUW1_7709713276,100,0,0.0
EUW1_7709713276,200,1,0.0
EUW1_7709713464,100,1,0.0
EUW1_7709713464,200,0,0.0
EUW1_7709715576,100,0,0.0
EUW1_7709715576,200,1,0.0
EUW1_7709716351,100,0,-2.0
EUW1_7709716351,200,1,2.0
EUW1_7709720023,100,0,0.0
EUW1_7709720023,200,1,0.0
EUW1_7709720494,100,1,0.0
EUW1_7709720494,200,0,0.0
EUW1_7709721443,100,1,0.0
EUW1_7709721443,200,0,0.0
EUW1_7709722618,100,1,0.16666666666666607
EUW1_7709722618,200,0,-0.16666666666666607
EUW1_7709722688,100,0,0.0
EUW1_7709722688,200,1,0.0
EUW1_7709724608,100,0,-2.0
EUW1_7709724608,200,1,2.0
EUW1_7709726271,100,0,0.0
EUW1_7709726271,200,1,0.0
EUW1_7709727340,100,0,0.0
EUW1_7709727340,200,1,0.0
EUW1_7709727977,100,1,0.0
EUW1_7709727977,200,0,0.0
EUW1_7709728580,100,0,0.0
EUW1_7709728580,200,1,0.0
EUW1_7709733674,100,0,0.0
EUW1_7709733674,200,1,0.0
EUW1_7709735992,100,1,2.0
EUW1_7709735992,200,0,-2.0
EUW1_7709737108,100,0,0.0
EUW1_7709737108,200,1,0.0
EUW1_7709738386,100,1,0.0
EUW1_7709738386,200,0,0.0
EUW1_7709738518,100,1,2.0
EUW1_7709738518,200,0,-2.0
EUW1_7709738655,100,0,1.333333333333334
EUW1_7709738655,200,1,-1.333333333333334
EUW1_7709738656,100,1,0.0
EUW1_7709738656,200,0,0.0
EUW1_7709743363,100,0,0.0
EUW1_7709743363,200,1,0.0
EUW1_7709743404,100,0,1.333333333333334
EUW1_7709743404,200,1,-1.333333333333334
EUW1_7709743490,100,1,0.0
EUW1_7709743490,200,0,0.0
EUW1_7709748288,100,1,0.0
EUW1_7709748288,200,0,0.0
EUW1_7709750039,100,1,0.0
EUW1_7709750039,200,0,0.0
EUW1_7709750052,100,1,0.0
EUW1_7709750052,200,0,0.0
EUW1_7709751323,100,1,0.0
EUW1_7709751323,200,0,0.0
EUW1_7709752761,100,1,0.0
EUW1_7709752761,200,0,0.0
EUW1_7709755449,100,0,2.0
EUW1_7709755449,200,1,-2.0
EUW1_7709756063,100,1,2.0
EUW1_7709756063,200,0,-2.0
EUW1_7709757414,100,0,0.0
EUW1_7709757414,200,1,0.0
EUW1_7709758679,100,1,0.0
EUW1_7709758679,200,0,0.0
EUW1_7709760830,100,1,0.0
EUW1_7709760830,200,0,0.0
EUW1_7709765177,100,0,0.0
EUW1_7709765177,200,1,0.0
EUW1_7709767839,100,0,0.0
EUW1_7709767839,200,1,0.0
EUW1_7709768686,100,0,0.0
EUW1_7709768686,200,1,0.0
EUW1_7709768881,100,0,0.0
EUW1_7709768881,200,1,0.0
EUW1_7709772765,100,1,0.0
EUW1_7709772765,200,0,0.0
EUW1_7709773100,100,1,-1.0
EUW1_7709773100,200,0,1.0
EUW1_7709773636,100,1,0.0
EUW1_7709773636,200,0,0.0
EUW1_7709773689,100,0,1.0
EUW1_7709773689,200,1,-1.0
EUW1_7709776457,100,0,0.0
EUW1_7709776457,200,1,0.0
EUW1_7709777828,100,1,0.0
EUW1_7709777828,200,0,0.0
EUW1_7709779057,100,1,-2.0
EUW1_7709779057,200,0,2.0
EUW1_7709779548,100,0,0.0
EUW1_7709779548,200,1,0.0
EUW1_7709780219,100,0,-1.0
EUW1_7709780219,200,1,1.0
EUW1_7709781212,100,0,0.0
EUW1_7709781212,200,1,0.0
EUW1_7709782910,100,1,0.0
EUW1_7709782910,200,0,0.0
EUW1_7709784554,100,0,0.0
EUW1_7709784554,200,1,0.0
EUW1_7709785342,100,0,-1.0
EUW1_7709785342,200,1,1.0
EUW1_7709785535,100,1,1.0
EUW1_7709785535,200,0,-1.0
EUW1_7709786996,100,0,0.0
EUW1_7709786996,200,1,0.0
EUW1_7709789379,100,0,0.0
EUW1_7709789379,200,1,0.0
EUW1_7709789429,100,0,0.6666666666666661
EUW1_7709789429,200,1,-0.6666666666666661
EUW1_7709790225,100,1,0.0
EUW1_7709790225,200,0,0.0
EUW1_7709793380,100,1,0.0
EUW1_7709793380,200,0,0.0
EUW1_7709793632,100,0,0.0
EUW1_7709793632,200,1,0.0
EUW1_7709794688,100,0,-1.0
EUW1_7709794688,200,1,1.0
EUW1_7709798987,100,1,0.0
EUW1_7709798987,200,0,0.0
EUW1_7709801354,100,1,-1.0
EUW1_7709801354,200,0,1.0
EUW1_7709802421,100,0,-2.0
EUW1_7709802421,200,1,2.0
EUW1_7709802989,100,1,0.0
EUW1_7709802989,200,0,0.0
EUW1_7709804098,100,0,0.0
EUW1_7709804098,200,1,0.0
EUW1_7709804716,100,1,0.0
EUW1_7709804716,200,0,0.0
EUW1_7709804894,100,0,-0.3333333333333339
EUW1_7709804894,200,1,0.3333333333333339
EUW1_7709805328,100,1,0.6666666666666661
EUW1_7709805328,200,0,-0.6666666666666661
EUW1_7709806025,100,1,0.0
EUW1_7709806025,200,0,0.0
EUW1_7709808550,100,0,0.0
EUW1_7709808550,200,1,0.0
EUW1_7709808590,100,0,0.0
EUW1_7709808590,200,1,0.0
EUW1_7709809109,100,0,0.0
EUW1_7709809109,200,1,0.0
EUW1_7709810487,100,1,0.0
EUW1_7709810487,200,0,0.0
EUW1_7709811259,100,0,0.0
EUW1_7709811259,200,1,0.0
EUW1_7709812323,100,1,0.0
EUW1_7709812323,200,0,0.0
EUW1_7709812366,100,1,-2.0
EUW1_7709812366,200,0,2.0
EUW1_7709815241,100,0,-1.333333333333334
EUW1_7709815241,200,1,1.333333333333334
EUW1_7709815263,100,1,0.0
EUW1_7709815263,200,0,0.0
EUW1_7709815301,100,1,0.0
EUW1_7709815301,200,0,0.0
EUW1_7709815842,100,0,0.0
EUW1_7709815842,200,1,0.0
EUW1_7709818134,100,1,-1.0
EUW1_7709818134,200,0,1.0
EUW1_7709818528,100,1,0.0
EUW1_7709818528,200,0,0.0
EUW1_7709819207,100,1,0.0
EUW1_7709819207,200,0,0.0
EUW1_7709819693,100,1,1.0
EUW1_7709819693,200,0,-1.0
EUW1_7709820538,100,1,0.0
EUW1_7709820538,200,0,0.0
EUW1_7709820708,100,1,0.0
EUW1_7709820708,200,0,0.0
EUW1_7709823097,100,0,1.0
EUW1_7709823097,200,1,-1.0
EUW1_7709824169,100,1,0.0
EUW1_7709824169,200,0,0.0
EUW1_7709825482,100,0,0.0
EUW1_7709825482,200,1,0.0
EUW1_7709827139,100,1,0.0
EUW1_7709827139,200,0,0.0
EUW1_7709828172,100,1,0.0
EUW1_7709828172,200,0,0.0
EUW1_7709828590,100,0,-1.0
EUW1_7709828590,200,1,1.0
EUW1_7709829958,100,0,1.0
EUW1_7709829958,200,1,-1.0
EUW1_7709830077,100,1,2.0
EUW1_7709830077,200,0,-2.0
EUW1_7709833662,100,0,0.0
EUW1_7709833662,200,1,0.0
EUW1_7709836373,100,0,-1.0
EUW1_7709836373,200,1,1.0
EUW1_7709836923,100,1,0.0
EUW1_7709836923,200,0,0.0
EUW1_7709837107,100,1,0.0
EUW1_7709837107,200,0,0.0
EUW1_7709839486,100,1,-1.0
EUW1_7709839486,200,0,1.0
EUW1_7709839657,100,0,0.0
EUW1_7709839657,200,1,0.0
EUW1_7709840430,100,1,0.0
EUW1_7709840430,200,0,0.0
EUW1_7709842316,100,1,0.5
EUW1_7709842316,200,0,-0.5
EUW1_7709843189,100,0,0.0
EUW1_7709843189,200,1,0.0
EUW1_7709843520,100,0,0.0
EUW1_7709843520,200,1,0.0
EUW1_7709844441,100,0,0.0
EUW1_7709844441,200,1,0.0
EUW1_7709845615,100,0,0.0
EUW1_7709845615,200,1,0.0
EUW1_7709846986,100,1,0.0
EUW1_7709846986,200,0,0.0
EUW1_7709847227,100,1,2.0
EUW1_7709847227,200,0,-2.0
EUW1_7709848007,100,0,0.0
EUW1_7709848007,200,1,0.0
EUW1_7709850511,100,0,0.0
EUW1_7709850511,200,1,0.0
EUW1_7709851792,100,0,0.0
EUW1_7709851792,200,1,0.0
EUW1_7709856196,100,0,-0.6666666666666661
EUW1_7709856196,200,1,0.6666666666666661
EUW1_7709856419,100,0,0.0
EUW1_7709856419,200,1,0.0
EUW1_7709857827,100,0,0.0
EUW1_7709857827,200,1,0.0
EUW1_7709859339,100,0,0.0
EUW1_7709859339,200,1,0.0
EUW1_7709859853,100,0,-1.0
EUW1_7709859853,200,1,1.0
EUW1_7709861007,100,0,-1.333333333333334
EUW1_7709861007,200,1,1.333333333333334
EUW1_7709863559,100,1,0.0
EUW1_7709863559,200,0,0.0
EUW1_7709865337,100,1,-0.5
EUW1_7709865337,200,0,0.5
EUW1_7709865590,100,0,0.0
EUW1_7709865590,200,1,0.0
EUW1_7709866946,100,0,0.0
EUW1_7709866946,200,1,0.0
EUW1_7709867153,100,1,1.0
EUW1_7709867153,200,0,-1.0
EUW1_7709868400,100,0,2.0
EUW1_7709868400,200,1,-2.0
EUW1_7709868673,100,0,0.0
EUW1_7709868673,200,1,0.0
EUW1_7709872242,100,0,0.3333333333333339
EUW1_7709872242,200,1,-0.3333333333333339
EUW1_7709873996,100,0,0.0
EUW1_7709873996,200,1,0.0
EUW1_7709875773,100,1,2.0
EUW1_7709875773,200,0,-2.0
EUW1_7709876041,100,0,0.0
EUW1_7709876041,200,1,0.0
EUW1_7709876221,100,0,-0.6666666666666661
EUW1_7709876221,200,1,0.6666666666666661
EUW1_7709877120,100,0,0.0
EUW1_7709877120,200,1,0.0
EUW1_7709877280,100,0,-2.0
EUW1_7709877280,200,1,2.0
EUW1_7709881317,100,0,0.0
EUW1_7709881317,200,1,0.0
EUW1_7709881633,100,0,-0.3333333333333339
EUW1_7709881633,200,1,0.3333333333333339
EUW1_7709882500,100,1,0.0
EUW1_7709882500,200,0,0.0
EUW1_7709883171,100,1,0.0
EUW1_7709883171,200,0,0.0
EUW1_7709884151,100,0,0.0
EUW1_7709884151,200,1,0.0
EUW1_7709884425,100,1,0.0
EUW1_7709884425,200,0,0.0
EUW1_7709885277,100,1,1.5
EUW1_7709885277,200,0,-1.5
EUW1_7709885341,100,0,0.0
EUW1_7709885341,200,1,0.0
EUW1_7709889070,100,0,-1.0
EUW1_7709889070,200,1,1.0
EUW1_7709891023,100,1,0.0
EUW1_7709891023,200,0,0.0
EUW1_7709894569,100,1,-0.6666666666666661
EUW1_7709894569,200,0,0.6666666666666661
EUW1_7709895772,100,0,0.0
EUW1_7709895772,200,1,0.0
EUW1_7709896390,100,0,0.0
EUW1_7709896390,200,1,0.0
EUW1_7709900479,100,0,0.0
EUW1_7709900479,200,1,0.0
EUW1_7709900658,100,0,0.0
EUW1_7709900658,200,1,0.0
EUW1_7709902424,100,0,0.0
EUW1_7709902424,200,1,0.0
EUW1_7709904085,100,0,0.0
EUW1_7709904085,200,1,0.0
EUW1_7709906872,100,0,0.0
EUW1_7709906872,200,1,0.0
EUW1_7709907766,100,1,0.0
EUW1_7709907766,200,0,0.0
EUW1_7709907817,100,0,0.0
EUW1_7709907817,200,1,0.0
EUW1_7709908203,100,1,-0.6666666666666661
EUW1_7709908203,200,0,0.6666666666666661
EUW1_7709910815,100,0,0.0
EUW1_7709910815,200,1,0.0
EUW1_7709912865,100,0,0.0
EUW1_7709912865,200,1,0.0
EUW1_7709914372,100,1,0.0
EUW1_7709914372,200,0,0.0
EUW1_7709916882,100,1,0.0
EUW1_7709916882,200,0,0.0
EUW1_7709920309,100,0,0.0
EUW1_7709920309,200,1,0.0
EUW1_7709922641,100,0,2.0
EUW1_7709922641,200,1,-2.0
EUW1_7709923739,100,1,0.0
EUW1_7709923739,200,0,0.0
EUW1_7709928349,100,1,0.0
EUW1_7709928349,200,0,0.0
EUW1_7709930065,100,1,2.0
EUW1_7709930065,200,0,-2.0
EUW1_7709930762,100,0,0.0
EUW1_7709930762,200,1,0.0
EUW1_7709930944,100,0,-2.0
EUW1_7709930944,200,1,2.0
EUW1_7709932608,100,0,0.0
EUW1_7709932608,200,1,0.0
EUW1_7709933591,100,1,-1.333333333333334
EUW1_7709933591,200,0,1.333333333333334
EUW1_7709936553,100,1,0.3333333333333339
EUW1_7709936553,200,0,-0.3333333333333339
EUW1_7709938716,100,0,0.0
EUW1_7709938716,200,1,0.0
EUW1_7709939336,100,0,0.0
EUW1_7709939336,200,1,0.0
EUW1_7709940014,100,1,0.0
EUW1_7709940014,200,0,0.0
EUW1_7709940292,100,1,0.0
EUW1_7709940292,200,0,0.0
EUW1_7709940891,100,1,0.0
EUW1_7709940891,200,0,0.0
EUW1_7709942790,100,0,0.0
EUW1_7709942790,200,1,0.0
EUW1_7709944284,100,1,2.0
EUW1_7709944284,200,0,-2.0
EUW1_7709944752,100,1,0.0
EUW1_7709944752,200,0,0.0
EUW1_7709947597,100,0,0.0
EUW1_7709947597,200,1,0.0
EUW1_7709947689,100,0,0.0
EUW1_7709947689,200,1,0.0
EUW1_7709948742,100,1,0.0
EUW1_7709948742,200,0,0.0
EUW1_7709948857,100,0,2.0
EUW1_7709948857,200,1,-2.0
EUW1_7709952553,100,1,0.0
EUW1_7709952553,200,0,0.0
EUW1_7709952785,100,0,0.0
EUW1_7709952785,200,1,0.0
EUW1_7709953799,100,1,-2.0
EUW1_7709953799,200,0,2.0
EUW1_7709956264,100,0,0.0
EUW1_7709956264,200,1,0.0
EUW1_7709960472,100,0,0.0
EUW1_7709960472,200,1,0.0
EUW1_7709960512,100,0,0.0
EUW1_7709960512,200,1,0.0
EUW1_7709961832,100,1,0.0
EUW1_7709961832,200,0,0.0
EUW1_7709963330,100,0,0.0
EUW1_7709963330,200,1,0.0
EUW1_7709963673,100,1,0.0
EUW1_7709963673,200,0,0.0
EUW1_7709964367,100,1,0.0
EUW1_7709964367,200,0,0.0
EUW1_7709968148,100,0,-2.0
EUW1_7709968148,200,1,2.0
EUW1_7709968466,100,1,0.0
EUW1_7709968466,200,0,0.0
EUW1_7709968908,100,0,-1.0
EUW1_7709968908,200,1,1.0
EUW1_7709969704,100,0,-1.333333333333334
EUW1_7709969704,200,1,1.333333333333334
EUW1_7709971880,100,0,0.0
EUW1_7709971880,200,1,0.0
EUW1_7709973826,100,1,0.0
EUW1_7709973826,200,0,0.0
EUW1_7709974718,100,0,0.0
EUW1_7709974718,200,1,0.0
EUW1_7709976106,100,1,0.0
EUW1_7709976106,200,0,0.0
EUW1_7709977470,100,1,0.0
EUW1_7709977470,200,0,0.0
EUW1_7709977662,100,1,0.0
EUW1_7709977662,200,0,0.0
EUW1_7709977740,100,1,1.0
EUW1_7709977740,200,0,-1.0
EUW1_7709979117,100,0,0.0
EUW1_7709979117,200,1,0.0
EUW1_7709981268,100,1,0.0
EUW1_7709981268,200,0,0.0
EUW1_7709983873,100,1,0.0
EUW1_7709983873,200,0,0.0
EUW1_7709988132,100,1,0.0
EUW1_7709988132,200,0,0.0
EUW1_7709988240,100,0,1.0
EUW1_7709988240,200,1,-1.0
EUW1_7709989080,100,1,0.0
EUW1_7709989080,200,0,0.0
EUW1_7709989737,100,1,0.0
EUW1_7709989737,200,0,0.0
EUW1_7709990362,100,0,-1.0
EUW1_7709990362,200,1,1.0
EUW1_7709990489,100,0,0.0
EUW1_7709990489,200,1,0.0
EUW1_7709991635,100,0,-0.6666666666666661
EUW1_7709991635,200,1,0.6666666666666661
EUW1_7709992249,100,1,-0.6666666666666661
EUW1_7709992249,200,0,0.6666666666666661
EUW1_7709993252,100,0,0.0
EUW1_7709993252,200,1,0.0
EUW1_7709993287,100,1,0.0
EUW1_7709993287,200,0,0.0
EUW1_7709995599,100,0,0.0
EUW1_7709995599,200,1,0.0
EUW1_7709999655,100,0,-1.0
EUW1_7709999655,200,1,1.0
EUW1_7710000162,100,1,0.0
EUW1_7710000162,200,0,0.0
EUW1_7710001037,100,0,1.333333333333334
EUW1_7710001037,200,1,-1.333333333333334
EUW1_7710001710,100,0,0.0
EUW1_7710001710,200,1,0.0
EUW1_7710003014,100,0,-0.3333333333333339
EUW1_7710003014,200,1,0.3333333333333339
EUW1_7710003170,100,0,1.0
EUW1_7710003170,200,1,-1.0
EUW1_7710004363,100,0,0.0
EUW1_7710004363,200,1,0.0
EUW1_7710004429,100,0,0.0
EUW1_7710004429,200,1,0.0
EUW1_7710006369,100,1,0.0
EUW1_7710006369,200,0,0.0
EUW1_7710006848,100,1,0.0
EUW1_7710006848,200,0,0.0
EUW1_7710010486,100,0,0.0
EUW1_7710010486,200,1,0.0
EUW1_7710012602,100,0,0.0
EUW1_7710012602,200,1,0.0
EUW1_7710015250,100,0,0.0
EUW1_7710015250,200,1,0.0
EUW1_7710019663,100,1,0.0
EUW1_7710019663,200,0,0.0
EUW1_7710019725,100,1,0.0
EUW1_7710019725,200,0,0.0
EUW1_7710020681,100,1,0.6666666666666661
EUW1_7710020681,200,0,-0.6666666666666661
EUW1_7710022120,100,0,0.0
EUW1_7710022120,200,1,0.0
EUW1_7710022987,100,1,2.0
EUW1_7710022987,200,0,-2.0
EUW1_7710023820,100,1,0.0
EUW1_7710023820,200,0,0.0
EUW1_7710025075,100,1,0.0
EUW1_7710025075,200,0,0.0
EUW1_7710025748,100,0,0.0
EUW1_7710025748,200,1,0.0
EUW1_7710028029,100,0,0.0
EUW1_7710028029,200,1,0.0
EUW1_7710028281,100,1,0.0
EUW1_7710028281,200,0,0.0
EUW1_7710031061,100,0,0.0
EUW1_7710031061,200,1,0.0
EUW1_7710033295,100,1,-1.333333333333334
EUW1_7710033295,200,0,1.333333333333334
EUW1_7710036195,100,1,0.0
EUW1_7710036195,200,0,0.0
EUW1_7710036828,100,0,0.0
EUW1_7710036828,200,1,0.0
EUW1_7710038766,100,0,0.0
EUW1_7710038766,200,1,0.0
EUW1_7710039567,100,0,0.0
EUW1_7710039567,200,1,0.0
EUW1_7710039786,100,1,0.0
EUW1_7710039786,200,0,0.0
EUW1_7710044717,100,0,0.0
EUW1_7710044717,200,1,0.0
EUW1_7710045769,100,1,0.0
EUW1_7710045769,200,0,0.0
EUW1_7710047677,100,1,0.0
EUW1_7710047677,200,0,0.0
EUW1_7710047833,100,0,0.0
EUW1_7710047833,200,1,0.0
EUW1_7710048393,100,0,0.0
EUW1_7710048393,200,1,0.0
EUW1_7710052742,100,1,1.333333333333334
EUW1_7710052742,200,0,-1.333333333333334
EUW1_7710053901,100,0,0.0
EUW1_7710053901,200,1,0.0
EUW1_7710057030,100,1,0.0
EUW1_7710057030,200,0,0.0
EUW1_7710057633,100,0,1.0
EUW1_7710057633,200,1,-1.0
EUW1_7710060687,100,0,-1.0
EUW1_7710060687,200,1,1.0
EUW1_7710061280,100,1,0.0
EUW1_7710061280,200,0,0.0
EUW1_7710062888,100,1,0.0
EUW1_7710062888,200,0,0.0
EUW1_7710063071,100,1,1.333333333333334
EUW1_7710063071,200,0,-1.333333333333334
EUW1_7710063184,100,0,0.0
EUW1_7710063184,200,1,0.0
EUW1_7710064416,100,1,1.0
EUW1_7710064416,200,0,-1.0
EUW1_7710065905,100,0,-2.0
EUW1_7710065905,200,1,2.0
EUW1_7710067015,100,0,0.0
EUW1_7710067015,200,1,0.0
EUW1_7710070094,100,0,-1.333333333333334
EUW1_7710070094,200,1,1.333333333333334
EUW1_7710071698,100,1,0.0
EUW1_7710071698,200,0,0.0
EUW1_7710071905,100,0,0.0
EUW1_7710071905,200,1,0.0
EUW1_7710080436,100,0,0.0
EUW1_7710080436,200,1,0.0
EUW1_7710080895,100,0,-1.0
EUW1_7710080895,200,1,1.0
EUW1_7710081263,100,1,0.0
EUW1_7710081263,200,0,0.0
EUW1_7710084071,100,0,0.0
EUW1_7710084071,200,1,0.0
EUW1_7710084103,100,1,0.0
EUW1_7710084103,200,0,0.0
EUW1_7710084813,100,1,0.0
EUW1_7710084813,200,0,0.0
EUW1_7710088232,100,0,0.0
EUW1_7710088232,200,1,0.0
EUW1_7710090636,100,0,0.0
EUW1_7710090636,200,1,0.0
EUW1_7710091289,100,1,2.0
EUW1_7710091289,200,0,-2.0
EUW1_7710092033,100,1,0.0
EUW1_7710092033,200,0,0.0
EUW1_7710094271,100,1,0.0
EUW1_7710094271,200,0,0.0
EUW1_7710094475,100,0,0.0
EUW1_7710094475,200,1,0.0
EUW1_7710095185,100,1,0.0
EUW1_7710095185,200,0,0.0
EUW1_7710096908,100,0,0.0
EUW1_7710096908,200,1,0.0
EUW1_7710101476,100,0,0.0
EUW1_7710101476,200,1,0.0
EUW1_7710102936,100,0,0.0
EUW1_7710102936,200,1,0.0
EUW1_7710104417,100,1,0.0
EUW1_7710104417,200,0,0.0
EUW1_7710107491,100,0,0.6666666666666661
EUW1_7710107491,200,1,-0.6666666666666661
EUW1_7710109992,100,0,0.0
EUW1_7710109992,200,1,0.0
EUW1_7710111697,100,0,0.0
EUW1_7710111697,200,1,0.0
EUW1_7710112322,100,1,0.0
EUW1_7710112322,200,0,0.0
EUW1_7710112903,100,1,0.0
EUW1_7710112903,200,0,0.0
EUW1_7710116307,100,1,0.0
EUW1_7710116307,200,0,0.0
EUW1_7710117460,100,1,-1.0
EUW1_7710117460,200,0,1.0
EUW1_7710121574,100,1,-0.6666666666666661
EUW1_7710121574,200,0,0.6666666666666661
EUW1_7710123735,100,0,0.0
EUW1_7710123735,200,1,0.0
EUW1_7710124346,100,1,1.5
EUW1_7710124346,200,0,-1.5
EUW1_7710124759,100,1,1.0
EUW1_7710124759,200,0,-1.0
EUW1_7710129392,100,1,0.0
EUW1_7710129392,200,0,0.0
EUW1_7710132467,100,0,0.0
EUW1_7710132467,200,1,0.0
EUW1_7710133529,100,1,0.0
EUW1_7710133529,200,0,0.0
EUW1_7710137304,100,1,1.5
EUW1_7710137304,200,0,-1.5
EUW1_7710138481,100,1,-2.0
EUW1_7710138481,200,0,2.0
EUW1_7710139534,100,1,0.0
EUW1_7710139534,200,0,0.0
EUW1_7710140704,100,1,0.0
EUW1_7710140704,200,0,0.0
EUW1_7710140710,100,0,-2.0
EUW1_7710140710,200,1,2.0
EUW1_7710142247,100,0,-2.0
EUW1_7710142247,200,1,2.0
EUW1_7710142583,100,0,2.0
EUW1_7710142583,200,1,-2.0
EUW1_7710142684,100,0,-1.333333333333334
EUW1_7710142684,200,1,1.333333333333334
EUW1_7710143451,100,0,0.0
EUW1_7710143451,200,1,0.0
EUW1_7710146302,100,0,0.0
EUW1_7710146302,200,1,0.0
EUW1_7710147063,100,0,-2.0
EUW1_7710147063,200,1,2.0
EUW1_7710149338,100,0,0.0
EUW1_7710149338,200,1,0.0
EUW1_7710152379,100,1,0.0
EUW1_7710152379,200,0,0.0
EUW1_7710153260,100,0,-1.5
EUW1_7710153260,200,1,1.5
EUW1_7710156187,100,0,0.0
EUW1_7710156187,200,1,0.0
EUW1_7710156717,100,1,0.0
EUW1_7710156717,200,0,0.0
EUW1_7710159120,100,0,-1.5
EUW1_7710159120,200,1,1.5
EUW1_7710160017,100,1,0.0
EUW1_7710160017,200,0,0.0
EUW1_7710160133,100,1,0.0
EUW1_7710160133,200,0,0.0
EUW1_7710162090,100,1,0.0
EUW1_7710162090,200,0,0.0
EUW1_7710162624,100,1,0.0
EUW1_7710162624,200,0,0.0
EUW1_7710163538,100,0,-1.333333333333334
EUW1_7710163538,200,1,1.333333333333334
EUW1_7710164886,100,1,2.0
EUW1_7710164886,200,0,-2.0
EUW1_7710166533,100,0,0.0
EUW1_7710166533,200,1,0.0
EUW1_7710166875,100,0,0.6666666666666661
EUW1_7710166875,200,1,-0.6666666666666661
EUW1_7710170650,100,1,0.0
EUW1_7710170650,200,0,0.0
EUW1_7710171109,100,0,0.0
EUW1_7710171109,200,1,0.0
EUW1_7710171340,100,0,0.0
EUW1_7710171340,200,1,0.0
EUW1_7710172187,100,0,0.0
EUW1_7710172187,200,1,0.0
EUW1_7710173114,100,0,0.0
EUW1_7710173114,200,1,0.0
EUW1_7710177077,100,0,0.0
EUW1_7710177077,200,1,0.0
EUW1_7710177950,100,1,1.0
EUW1_7710177950,200,0,-1.0
EUW1_7710178985,100,0,-1.0
EUW1_7710178985,200,1,1.0
EUW1_7710180969,100,1,1.0
EUW1_7710180969,200,0,-1.0
EUW1_7710181213,100,1,0.0
EUW1_7710181213,200,0,0.0
EUW1_7710184269,100,1,0.0
EUW1_7710184269,200,0,0.0
EUW1_7710184872,100,0,-1.0
EUW1_7710184872,200,1,1.0
EUW1_7710186309,100,1,2.0
EUW1_7710186309,200,0,-2.0
EUW1_7710187961,100,1,0.0
EUW1_7710187961,200,0,0.0
EUW1_7710188413,100,1,0.0
EUW1_7710188413,200,0,0.0
EUW1_7710190370,100,0,0.6666666666666661
EUW1_7710190370,200,1,-0.6666666666666661
EUW1_7710191623,100,1,0.0
EUW1_7710191623,200,0,0.0
EUW1_7710195790,100,0,0.0
EUW1_7710195790,200,1,0.0
EUW1_7710196249,100,1,-1.0
EUW1_7710196249,200,0,1.0
EUW1_7710197950,100,0,-1.333333333333334
EUW1_7710197950,200,1,1.333333333333334
EUW1_7710200949,100,1,0.16666666666666607
EUW1_7710200949,200,0,-0.16666666666666607
EUW1_7710200970,100,1,0.0
EUW1_7710200970,200,0,0.0
EUW1_7710201582,100,0,0.0
EUW1_7710201582,200,1,0.0
EUW1_7710203092,100,0,0.0
EUW1_7710203092,200,1,0.0
EUW1_7710203307,100,1,0.5
EUW1_7710203307,200,0,-0.5
EUW1_7710203594,100,0,0.0
EUW1_7710203594,200,1,0.0
EUW1_7710206401,100,1,0.5
EUW1_7710206401,200,0,-0.5
EUW1_7710208320,100,0,0.0
EUW1_7710208320,200,1,0.0
EUW1_7710209242,100,0,0.0
EUW1_7710209242,200,1,0.0
EUW1_7710209801,100,0,0.0
EUW1_7710209801,200,1,0.0
EUW1_7710210505,100,1,0.0
EUW1_7710210505,200,0,0.0
EUW1_7710211830,100,0,1.0
EUW1_7710211830,200,1,-1.0
EUW1_7710213540,100,1,0.0
EUW1_7710213540,200,0,0.0
EUW1_7710215631,100,0,0.0
EUW1_7710215631,200,1,0.0
EUW1_7710215998,100,0,0.0
EUW1_7710215998,200,1,0.0
EUW1_7710216342,100,0,0.0
EUW1_7710216342,200,1,0.0
EUW1_7710218906,100,1,2.0
EUW1_7710218906,200,0,-2.0
EUW1_7710219387,100,1,0.0
EUW1_7710219387,200,0,0.0
EUW1_7710219592,100,0,-0.6666666666666679
EUW1_7710219592,200,1,0.6666666666666679
EUW1_7710221361,100,0,-1.0
EUW1_7710221361,200,1,1.0
EUW1_7710225583,100,1,-1.0
EUW1_7710225583,200,0,1.0
EUW1_7710226709,100,0,0.0
EUW1_7710226709,200,1,0.0
EUW1_7710230091,100,0,0.0
EUW1_7710230091,200,1,0.0
EUW1_7710233582,100,0,-1.0
EUW1_7710233582,200,1,1.0
EUW1_7710233656,100,0,1.0
EUW1_7710233656,200,1,-1.0
EUW1_7710234321,100,0,-2.0
EUW1_7710234321,200,1,2.0
EUW1_7710237288,100,0,0.0
EUW1_7710237288,200,1,0.0
EUW1_7710238095,100,0,-2.0
EUW1_7710238095,200,1,2.0
EUW1_7710240293,100,0,0.0
EUW1_7710240293,200,1,0.0
EUW1_7710241988,100,1,0.0
EUW1_7710241988,200,0,0.0
EUW1_7710242849,100,1,0.0
EUW1_7710242849,200,0,0.0
EUW1_7710243338,100,0,0.0
EUW1_7710243338,200,1,0.0
EUW1_7710243809,100,1,0.0
EUW1_7710243809,200,0,0.0
EUW1_7710244879,100,0,0.0
EUW1_7710244879,200,1,0.0
EUW1_7710247334,100,0,0.0
EUW1_7710247334,200,1,0.0
EUW1_7710250048,100,1,0.6666666666666661
EUW1_7710250048,200,0,-0.6666666666666661
EUW1_7710254129,100,0,-0.3333333333333339
EUW1_7710254129,200,1,0.3333333333333339
EUW1_7710254318,100,0,0.0
EUW1_7710254318,200,1,0.0
EUW1_7710254945,100,0,0.0
EUW1_7710254945,200,1,0.0
EUW1_7710256500,100,0,0.0
EUW1_7710256500,200,1,0.0
EUW1_7710257066,100,0,-0.6999999999999993
EUW1_7710257066,200,1,0.6999999999999993
EUW1_7710257239,100,0,0.0
EUW1_7710257239,200,1,0.0
EUW1_7710263976,100,1,0.0
EUW1_7710263976,200,0,0.0
EUW1_7710264293,100,0,0.0
EUW1_7710264293,200,1,0.0
EUW1_7710264867,100,0,0.0
EUW1_7710264867,200,1,0.0
EUW1_7710265277,100,1,0.0
EUW1_7710265277,200,0,0.0
EUW1_7710265302,100,1,0.0
EUW1_7710265302,200,0,0.0
EUW1_7710265706,100,0,0.0
EUW1_7710265706,200,1,0.0
EUW1_7710267205,100,1,0.0
EUW1_7710267205,200,0,0.0
EUW1_7710267475,100,1,0.8333333333333339
EUW1_7710267475,200,0,-0.8333333333333339
EUW1_7710267908,100,1,0.0
EUW1_7710267908,200,0,0.0
EUW1_7710270774,100,1,0.0
EUW1_7710270774,200,0,0.0
EUW1_7710270984,100,1,0.0
EUW1_7710270984,200,0,0.0
EUW1_7710275974,100,0,1.0
EUW1_7710275974,200,1,-1.0
EUW1_7710277168,100,0,-1.0
EUW1_7710277168,200,1,1.0
EUW1_7710277496,100,1,0.0
EUW1_7710277496,200,0,0.0
EUW1_7710279524,100,0,0.0
EUW1_7710279524,200,1,0.0
EUW1_7710284802,100,1,0.0
EUW1_7710284802,200,0,0.0
EUW1_7710287505,100,0,-1.0
EUW1_7710287505,200,1,1.0
EUW1_7710290481,100,0,-2.0
EUW1_7710290481,200,1,2.0
EUW1_7710291739,100,1,0.0
EUW1_7710291739,200,0,0.0
EUW1_7710291896,100,1,0.0
EUW1_7710291896,200,0,0.0
EUW1_7710292353,100,0,1.0
EUW1_7710292353,200,1,-1.0
EUW1_7710293116,100,1,0.0
EUW1_7710293116,200,0,0.0
EUW1_7710294407,100,1,2.0
EUW1_7710294407,200,0,-2.0
EUW1_7710295222,100,0,0.0
EUW1_7710295222,200,1,0.0
EUW1_7710297591,100,0,-1.5999999999999996
EUW1_7710297591,200,1,1.5999999999999996
EUW1_7710300740,100,1,2.0
EUW1_7710300740,200,0,-2.0
EUW1_7710301419,100,1,0.0
EUW1_7710301419,200,0,0.0
EUW1_7710303210,100,0,0.0
EUW1_7710303210,200,1,0.0
EUW1_7710304461,100,1,0.0
EUW1_7710304461,200,0,0.0
EUW1_7710309799,100,1,0.0
EUW1_7710309799,200,0,0.0
EUW1_7710313543,100,1,-1.0
EUW1_7710313543,200,0,1.0
EUW1_7710315795,100,1,0.0
EUW1_7710315795,200,0,0.0
EUW1_7710316047,100,0,0.0
EUW1_7710316047,200,1,0.0
EUW1_7710322883,100,0,0.0
EUW1_7710322883,200,1,0.0
EUW1_7710323010,100,1,-1.0
EUW1_7710323010,200,0,1.0
EUW1_7710324229,100,0,-1.333333333333334
EUW1_7710324229,200,1,1.333333333333334
EUW1_7710325861,100,1,0.0
EUW1_7710325861,200,0,0.0
EUW1_7710327139,100,1,0.6666666666666661
EUW1_7710327139,200,0,-0.6666666666666661
EUW1_7710327914,100,1,0.0
EUW1_7710327914,200,0,0.0
EUW1_7710328410,100,0,0.0
EUW1_7710328410,200,1,0.0
EUW1_7710330549,100,1,0.0
EUW1_7710330549,200,0,0.0
EUW1_7710331244,100,0,-1.333333333333334
EUW1_7710331244,200,1,1.333333333333334
EUW1_7710332283,100,1,0.0
EUW1_7710332283,200,0,0.0
EUW1_7710335692,100,0,0.0
EUW1_7710335692,200,1,0.0
EUW1_7710336562,100,0,0.0
EUW1_7710336562,200,1,0.0
EUW1_7710338405,100,0,0.0
EUW1_7710338405,200,1,0.0
EUW1_7710339626,100,0,0.0
EUW1_7710339626,200,1,0.0
EUW1_7710340505,100,1,-1.333333333333334
EUW1_7710340505,200,0,1.333333333333334
EUW1_7710343559,100,1,0.0
EUW1_7710343559,200,0,0.0
EUW1_7710347314,100,1,0.0
EUW1_7710347314,200,0,0.0
EUW1_7710348473,100,0,-1.5999999999999996
EUW1_7710348473,200,1,1.5999999999999996
EUW1_7710350585,100,1,0.0
EUW1_7710350585,200,0,0.0
EUW1_7710350736,100,0,2.0
EUW1_7710350736,200,1,-2.0
EUW1_7710350935,100,1,0.0
EUW1_7710350935,200,0,0.0
EUW1_7710351950,100,0,0.0
EUW1_7710351950,200,1,0.0
EUW1_7710352175,100,0,1.0
EUW1_7710352175,200,1,-1.0
EUW1_7710352526,100,0,0.0
EUW1_7710352526,200,1,0.0
EUW1_7710355265,100,0,0.0
EUW1_7710355265,200,1,0.0
EUW1_7710361254,100,1,0.0
EUW1_7710361254,200,0,0.0
EUW1_7710361366,100,0,0.0
EUW1_7710361366,200,1,0.0
EUW1_7710361782,100,0,-0.3333333333333339
EUW1_7710361782,200,1,0.3333333333333339
EUW1_7710361988,100,0,0.0
EUW1_7710361988,200,1,0.0
EUW1_7710362782,100,0,0.0
EUW1_7710362782,200,1,0.0
EUW1_7710364785,100,0,0.0
EUW1_7710364785,200,1,0.0
EUW1_7710369821,100,1,0.1999999999999993
EUW1_7710369821,200,0,-0.1999999999999993
EUW1_7710369894,100,1,0.0
EUW1_7710369894,200,0,0.0
EUW1_7710373660,100,1,-1.0
EUW1_7710373660,200,0,1.0
EUW1_7710373792,100,1,0.0
EUW1_7710373792,200,0,0.0
EUW1_7710375288,100,1,0.0
EUW1_7710375288,200,0,0.0
EUW1_7710375826,100,1,0.0
EUW1_7710375826,200,0,0.0
EUW1_7710379642,100,0,0.0
EUW1_7710379642,200,1,0.0
EUW1_7710379805,100,0,0.0
EUW1_7710379805,200,1,0.0
EUW1_7710381362,100,0,0.0
EUW1_7710381362,200,1,0.0
EUW1_7710386035,100,1,0.0
EUW1_7710386035,200,0,0.0
EUW1_7710388138,100,1,0.0
EUW1_7710388138,200,0,0.0
EUW1_7710391931,100,1,0.0
EUW1_7710391931,200,0,0.0
EUW1_7710394886,100,0,-1.0
EUW1_7710394886,200,1,1.0
EUW1_7710397951,100,1,-0.5
EUW1_7710397951,200,0,0.5
EUW1_7710399596,100,1,0.0
EUW1_7710399596,200,0,0.0
EUW1_7710400144,100,0,-1.0
EUW1_7710400144,200,1,1.0
EUW1_7710400692,100,0,2.0
EUW1_7710400692,200,1,-2.0
EUW1_7710401972,100,1,0.0
EUW1_7710401972,200,0,0.0
EUW1_7710402237,100,1,-1.333333333333334
EUW1_7710402237,200,0,1.333333333333334
EUW1_7710404542,100,0,1.0
EUW1_7710404542,200,1,-1.0
EUW1_7710406017,100,1,0.0
EUW1_7710406017,200,0,0.0
EUW1_7710406950,100,0,0.0
EUW1_7710406950,200,1,0.0
EUW1_7710408035,100,0,0.0
EUW1_7710408035,200,1,0.0
EUW1_7710408693,100,0,0.0
EUW1_7710408693,200,1,0.0
EUW1_7710409369,100,1,2.0
EUW1_7710409369,200,0,-2.0
EUW1_7710409524,100,1,-2.0
EUW1_7710409524,200,0,2.0
EUW1_7710411872,100,0,0.0
EUW1_7710411872,200,1,0.0
EUW1_7710413620,100,1,0.0
EUW1_7710413620,200,0,0.0
EUW1_7710413713,100,1,-1.333333333333334
EUW1_7710413713,200,0,1.333333333333334
EUW1_7710419738,100,0,0.0
EUW1_7710419738,200,1,0.0
EUW1_7710420388,100,0,0.0
EUW1_7710420388,200,1,0.0
EUW1_7710420577,100,1,-2.0
EUW1_7710420577,200,0,2.0
EUW1_7710421984,100,0,0.0
EUW1_7710421984,200,1,0.0
EUW1_7710423574,100,0,0.0
EUW1_7710423574,200,1,0.0
EUW1_7710424812,100,1,-1.0
EUW1_7710424812,200,0,1.0
EUW1_7710425144,100,1,0.0
EUW1_7710425144,200,0,0.0
EUW1_7710425474,100,1,0.0
EUW1_7710425474,200,0,0.0
EUW1_7710426586,100,0,0.0
EUW1_7710426586,200,1,0.0
EUW1_7710426920,100,1,0.5
EUW1_7710426920,200,0,-0.5
EUW1_7710431632,100,0,-2.0
EUW1_7710431632,200,1,2.0
EUW1_7710431980,100,1,0.0
EUW1_7710431980,200,0,0.0
EUW1_7710432253,100,1,1.0
EUW1_7710432253,200,0,-1.0
EUW1_7710433961,100,1,0.5
EUW1_7710433961,200,0,-0.5
EUW1_7710436120,100,1,0.0
EUW1_7710436120,200,0,0.0
EUW1_7710436401,100,0,0.0
EUW1_7710436401,200,1,0.0
EUW1_7710438520,100,1,0.0
EUW1_7710438520,200,0,0.0
EUW1_7710438710,100,1,0.0
EUW1_7710438710,200,0,0.0
EUW1_7710440290,100,0,0.0
EUW1_7710440290,200,1,0.0
EUW1_7710440388,100,0,0.0
EUW1_7710440388,200,1,0.0
EUW1_7710441816,100,1,0.0
EUW1_7710441816,200,0,0.0
EUW1_7710442311,100,1,-2.0
EUW1_7710442311,200,0,2.0
EUW1_7710442540,100,1,0.6666666666666679
EUW1_7710442540,200,0,-0.6666666666666679
EUW1_7710444234,100,1,1.0
EUW1_7710444234,200,0,-1.0
EUW1_7710447755,100,1,-1.0
EUW1_7710447755,200,0,1.0
EUW1_7710449189,100,0,0.0
EUW1_7710449189,200,1,0.0
EUW1_7710453903,100,1,0.0
EUW1_7710453903,200,0,0.0
EUW1_7710457341,100,0,0.0
EUW1_7710457341,200,1,0.0
EUW1_7710460559,100,0,0.0
EUW1_7710460559,200,1,0.0
EUW1_7710462380,100,0,0.0
EUW1_7710462380,200,1,0.0
EUW1_7710466861,100,0,-1.0
EUW1_7710466861,200,1,1.0
EUW1_7710468716,100,0,0.0
EUW1_7710468716,200,1,0.0
EUW1_7710471396,100,0,0.0
EUW1_7710471396,200,1,0.0
EUW1_7710474001,100,0,0.0
EUW1_7710474001,200,1,0.0
EUW1_7710474889,100,1,0.0
EUW1_7710474889,200,0,0.0
EUW1_7710475386,100,1,0.0
EUW1_7710475386,200,0,0.0
EUW1_7710475944,100,1,0.0
EUW1_7710475944,200,0,0.0
EUW1_7710480798,100,1,0.5
EUW1_7710480798,200,0,-0.5
EUW1_7710481103,100,0,0.0
EUW1_7710481103,200,1,0.0
EUW1_7710483508,100,1,0.0
EUW1_7710483508,200,0,0.0
EUW1_7710483936,100,0,0.0
EUW1_7710483936,200,1,0.0
EUW1_7710488973,100,0,0.0
EUW1_7710488973,200,1,0.0
EUW1_7710490526,100,0,0.0
EUW1_7710490526,200,1,0.0
EUW1_7710491570,100,1,0.0
EUW1_7710491570,200,0,0.0
EUW1_7710492615,100,1,0.0
EUW1_7710492615,200,0,0.0
EUW1_7710493629,100,0,0.0
EUW1_7710493629,200,1,0.0
EUW1_7710493668,100,1,1.0
EUW1_7710493668,200,0,-1.0
EUW1_7710493942,100,1,0.8333333333333339
EUW1_7710493942,200,0,-0.8333333333333339
EUW1_7710494336,100,1,0.0
EUW1_7710494336,200,0,0.0
EUW1_7710496502,100,1,0.0
EUW1_7710496502,200,0,0.0
EUW1_7710496758,100,1,0.0
EUW1_7710496758,200,0,0.0
EUW1_7710498315,100,0,-1.0
EUW1_7710498315,200,1,1.0
EUW1_7710499423,100,1,1.0
EUW1_7710499423,200,0,-1.0
EUW1_7710499728,100,1,2.0
EUW1_7710499728,200,0,-2.0
EUW1_7710504702,100,1,0.0
EUW1_7710504702,200,0,0.0
EUW1_7710510677,100,1,0.0
EUW1_7710510677,200,0,0.0
EUW1_7710514536,100,0,0.3333333333333339
EUW1_7710514536,200,1,-0.3333333333333339
EUW1_7710514619,100,0,1.0
EUW1_7710514619,200,1,-1.0
EUW1_7710523765,100,0,0.0
EUW1_7710523765,200,1,0.0
EUW1_7710524091,100,0,-1.0
EUW1_7710524091,200,1,1.0
EUW1_7710525955,100,1,0.0
EUW1_7710525955,200,0,0.0
EUW1_7710526728,100,1,0.0
EUW1_7710526728,200,0,0.0
EUW1_7710527165,100,0,-1.5
EUW1_7710527165,200,1,1.5
EUW1_7710527687,100,1,0.0
EUW1_7710527687,200,0,0.0
EUW1_7710528084,100,1,0.0
EUW1_7710528084,200,0,0.0
EUW1_7710529820,100,0,0.0
EUW1_7710529820,200,1,0.0
EUW1_7710534409,100,1,0.0
EUW1_7710534409,200,0,0.0
EUW1_7710534761,100,0,0.0
EUW1_7710534761,200,1,0.0
EUW1_7710535511,100,1,1.0
EUW1_7710535511,200,0,-1.0
EUW1_7710536866,100,0,0.0
EUW1_7710536866,200,1,0.0
EUW1_7710541197,100,1,0.0
EUW1_7710541197,200,0,0.0
EUW1_7710541365,100,1,0.0
EUW1_7710541365,200,0,0.0
EUW1_7710543252,100,0,0.5
EUW1_7710543252,200,1,-0.5
EUW1_7710543507,100,0,-1.0
EUW1_7710543507,200,1,1.0
EUW1_7710544782,100,0,0.0
EUW1_7710544782,200,1,0.0
EUW1_7710546217,100,0,0.0
EUW1_7710546217,200,1,0.0
EUW1_7710546751,100,0,0.0
EUW1_7710546751,200,1,0.0
EUW1_7710550970,100,0,-1.0
EUW1_7710550970,200,1,1.0
EUW1_7710551867,100,0,0.0
EUW1_7710551867,200,1,0.0
EUW1_7710553261,100,1,0.0
EUW1_7710553261,200,0,0.0
EUW1_7710554743,100,1,0.0
EUW1_7710554743,200,0,0.0
EUW1_7710559717,100,1,0.0
EUW1_7710559717,200,0,0.0
EUW1_7710559797,100,1,1.0
EUW1_7710559797,200,0,-1.0
EUW1_7710560031,100,1,0.16666666666666607
EUW1_7710560031,200,0,-0.16666666666666607
EUW1_7710565804,100,0,0.0
EUW1_7710565804,200,1,0.0
EUW1_7710566374,100,1,0.0
EUW1_7710566374,200,0,0.0
EUW1_7710566564,100,0,0.0
EUW1_7710566564,200,1,0.0
EUW1_7710567943,100,1,2.0
EUW1_7710567943,200,0,-2.0
EUW1_7710568836,100,0,2.0
EUW1_7710568836,200,1,-2.0
EUW1_7710571245,100,1,-0.5
EUW1_7710571245,200,0,0.5
EUW1_7710573273,100,0,-1.0
EUW1_7710573273,200,1,1.0
EUW1_7710573793,100,1,1.333333333333334
EUW1_7710573793,200,0,-1.333333333333334
EUW1_7710575196,100,0,0.0
EUW1_7710575196,200,1,0.0
EUW1_7710576302,100,1,0.0
EUW1_7710576302,200,0,0.0
EUW1_7710577513,100,0,0.0
EUW1_7710577513,200,1,0.0
EUW1_7710584885,100,1,0.0
EUW1_7710584885,200,0,0.0
EUW1_7710585851,100,0,-1.0
EUW1_7710585851,200,1,1.0
EUW1_7710586430,100,0,0.0
EUW1_7710586430,200,1,0.0
EUW1_7710586451,100,0,0.0
EUW1_7710586451,200,1,0.0
EUW1_7710586880,100,1,-1.0
EUW1_7710586880,200,0,1.0
EUW1_7710591067,100,1,0.0
EUW1_7710591067,200,0,0.0
EUW1_7710591325,100,0,0.0
EUW1_7710591325,200,1,0.0
EUW1_7710592448,100,1,2.0
EUW1_7710592448,200,0,-2.0
EUW1_7710594263,100,1,0.0
EUW1_7710594263,200,0,0.0
EUW1_7710594741,100,1,0.0
EUW1_7710594741,200,0,0.0
EUW1_7710598897,100,0,-1.5
EUW1_7710598897,200,1,1.5
EUW1_7710599076,100,0,0.0
EUW1_7710599076,200,1,0.0
EUW1_7710600720,100,1,0.0
EUW1_7710600720,200,0,0.0
EUW1_7710603847,100,0,1.0
EUW1_7710603847,200,1,-1.0
EUW1_7710605127,100,0,0.0
EUW1_7710605127,200,1,0.0
EUW1_7710607555,100,1,0.0
EUW1_7710607555,200,0,0.0
EUW1_7710608522,100,1,0.0
EUW1_7710608522,200,0,0.0
EUW1_7710608566,100,1,0.0
EUW1_7710608566,200,0,0.0
EUW1_7710611522,100,0,-0.6666666666666661
EUW1_7710611522,200,1,0.6666666666666661
EUW1_7710614318,100,0,0.0
EUW1_7710614318,200,1,0.0
EUW1_7710614918,100,1,-1.333333333333334
EUW1_7710614918,200,0,1.333333333333334
EUW1_7710616513,100,1,1.0
EUW1_7710616513,200,0,-1.0
EUW1_7710617671,100,1,0.0
EUW1_7710617671,200,0,0.0
EUW1_7710619066,100,1,1.0
EUW1_7710619066,200,0,-1.0
EUW1_7710620336,100,0,0.0
EUW1_7710620336,200,1,0.0
EUW1_7710626513,100,0,1.333333333333334
EUW1_7710626513,200,1,-1.333333333333334
EUW1_7710628396,100,0,-0.6666666666666661
EUW1_7710628396,200,1,0.6666666666666661
EUW1_7710629543,100,1,0.5
EUW1_7710629543,200,0,-0.5
EUW1_7710630755,100,0,-2.0
EUW1_7710630755,200,1,2.0
EUW1_7710631029,100,1,0.5
EUW1_7710631029,200,0,-0.5
EUW1_7710631891,100,1,0.0
EUW1_7710631891,200,0,0.0
EUW1_7710631979,100,0,0.6666666666666661
EUW1_7710631979,200,1,-0.6666666666666661
EUW1_7710634938,100,1,0.0
EUW1_7710634938,200,0,0.0
EUW1_7710635226,100,0,0.0
EUW1_7710635226,200,1,0.0
EUW1_7710635998,100,0,0.0
EUW1_7710635998,200,1,0.0
EUW1_7710643288,100,1,0.0
EUW1_7710643288,200,0,0.0
EUW1_7710643807,100,1,-1.0
EUW1_7710643807,200,0,1.0
EUW1_7710645876,100,1,1.0
EUW1_7710645876,200,0,-1.0
EUW1_7710645882,100,1,0.0
EUW1_7710645882,200,0,0.0
EUW1_7710647529,100,0,-1.0
EUW1_7710647529,200,1,1.0
EUW1_7710649119,100,1,0.8333333333333339
EUW1_7710649119,200,0,-0.8333333333333339
EUW1_7710650230,100,0,-0.6666666666666661
EUW1_7710650230,200,1,0.6666666666666661
EUW1_7710655101,100,1,0.0
EUW1_7710655101,200,0,0.0
EUW1_7710656007,100,0,0.0
EUW1_7710656007,200,1,0.0
EUW1_7710661407,100,1,0.0
EUW1_7710661407,200,0,0.0
EUW1_7710667054,100,1,-2.0
EUW1_7710667054,200,0,2.0
EUW1_7710667284,100,1,0.0
EUW1_7710667284,200,0,0.0
EUW1_7710667714,100,1,0.0
EUW1_7710667714,200,0,0.0
EUW1_7710669655,100,0,0.0
EUW1_7710669655,200,1,0.0
EUW1_7710670516,100,0,-2.0
EUW1_7710670516,200,1,2.0
EUW1_7710670636,100,1,0.0
EUW1_7710670636,200,0,0.0
EUW1_7710671219,100,1,0.0
EUW1_7710671219,200,0,0.0
EUW1_7710672126,100,1,0.0
EUW1_7710672126,200,0,0.0
EUW1_7710672175,100,0,0.0
EUW1_7710672175,200,1,0.0
EUW1_7710676673,100,1,0.0
EUW1_7710676673,200,0,0.0
EUW1_7710679154,100,1,0.0
EUW1_7710679154,200,0,0.0
EUW1_7710682309,100,1,0.0
EUW1_7710682309,200,0,0.0
EUW1_7710683501,100,1,-0.5
EUW1_7710683501,200,0,0.5
EUW1_7710684227,100,1,0.0
EUW1_7710684227,200,0,0.0
EUW1_7710685137,100,1,0.0
EUW1_7710685137,200,0,0.0
EUW1_7710686602,100,0,0.0
EUW1_7710686602,200,1,0.0
EUW1_7710687585,100,0,0.0
EUW1_7710687585,200,1,0.0
EUW1_7710690914,100,1,2.0
EUW1_7710690914,200,0,-2.0
EUW1_7710691397,100,1,1.0
EUW1_7710691397,200,0,-1.0
EUW1_7710691410,100,1,0.0
EUW1_7710691410,200,0,0.0
EUW1_7710691689,100,1,-1.0
EUW1_7710691689,200,0,1.0
EUW1_7710694875,100,1,1.0
EUW1_7710694875,200,0,-1.0
EUW1_7710697409,100,1,0.0
EUW1_7710697409,200,0,0.0
EUW1_7710699432,100,0,0.3333333333333339
EUW1_7710699432,200,1,-0.3333333333333339
EUW1_7710700882,100,1,0.0
EUW1_7710700882,200,0,0.0
EUW1_7710702289,100,0,0.0
EUW1_7710702289,200,1,0.0
EUW1_7710702495,100,0,0.0
EUW1_7710702495,200,1,0.0
EUW1_7710705180,100,1,2.0
EUW1_7710705180,200,0,-2.0
EUW1_7710707855,100,1,0.0
EUW1_7710707855,200,0,0.0
EUW1_7710709359,100,0,0.0
EUW1_7710709359,200,1,0.0
EUW1_7710710894,100,1,-0.6666666666666661
EUW1_7710710894,200,0,0.6666666666666661
EUW1_7710714458,100,1,0.0
EUW1_7710714458,200,0,0.0
EUW1_7710715408,100,1,0.0
EUW1_7710715408,200,0,0.0
EUW1_7710715739,100,1,-1.0
EUW1_7710715739,200,0,1.0
EUW1_7710720354,100,1,0.0
EUW1_7710720354,200,0,0.0
EUW1_7710720733,100,1,0.0
EUW1_7710720733,200,0,0.0
EUW1_7710721971,100,0,0.6666666666666661
EUW1_7710721971,200,1,-0.6666666666666661
EUW1_7710723575,100,1,0.0
EUW1_7710723575,200,0,0.0
EUW1_7710724349,100,1,0.0
EUW1_7710724349,200,0,0.0
EUW1_7710728016,100,1,1.0
EUW1_7710728016,200,0,-1.0
EUW1_7710728221,100,1,0.0
EUW1_7710728221,200,0,0.0
EUW1_7710729517,100,0,0.5
EUW1_7710729517,200,1,-0.5
EUW1_7710732572,100,1,0.0
EUW1_7710732572,200,0,0.0
EUW1_7710734665,100,1,0.0
EUW1_7710734665,200,0,0.0
EUW1_7710737976,100,1,0.0
EUW1_7710737976,200,0,0.0
EUW1_7710739169,100,1,0.0
EUW1_7710739169,200,0,0.0
EUW1_7710741974,100,0,1.333333333333334
EUW1_7710741974,200,1,-1.333333333333334
EUW1_7710744480,100,1,0.0
EUW1_7710744480,200,0,0.0
EUW1_7710744634,100,0,0.0
EUW1_7710744634,200,1,0.0
EUW1_7710748061,100,1,0.0
EUW1_7710748061,200,0,0.0
EUW1_7710749123,100,0,0.0
EUW1_7710749123,200,1,0.0
EUW1_7710750168,100,0,-2.0
EUW1_7710750168,200,1,2.0
EUW1_7710751215,100,0,-1.0
EUW1_7710751215,200,1,1.0
EUW1_7710751763,100,1,2.0
EUW1_7710751763,200,0,-2.0
EUW1_7710754278,100,0,-2.0
EUW1_7710754278,200,1,2.0
EUW1_7710756590,100,0,2.0
EUW1_7710756590,200,1,-2.0
EUW1_7710757483,100,0,0.0
EUW1_7710757483,200,1,0.0
EUW1_7710760677,100,1,0.0
EUW1_7710760677,200,0,0.0
EUW1_7710762796,100,0,0.0
EUW1_7710762796,200,1,0.0
EUW1_7710763431,100,0,-1.333333333333334
EUW1_7710763431,200,1,1.333333333333334
EUW1_7710764028,100,1,-1.0
EUW1_7710764028,200,0,1.0
EUW1_7710767953,100,1,2.0
EUW1_7710767953,200,0,-2.0
EUW1_7710769971,100,0,0.0
EUW1_7710769971,200,1,0.0
EUW1_7710776112,100,1,0.0
EUW1_7710776112,200,0,0.0
EUW1_7710776777,100,1,1.333333333333334
EUW1_7710776777,200,0,-1.333333333333334
EUW1_7710777926,100,1,0.0
EUW1_7710777926,200,0,0.0
EUW1_7710779632,100,0,0.0
EUW1_7710779632,200,1,0.0
EUW1_7710781379,100,1,1.0
EUW1_7710781379,200,0,-1.0
EUW1_7710785492,100,0,0.0
EUW1_7710785492,200,1,0.0
EUW1_7710787402,100,1,0.0
EUW1_7710787402,200,0,0.0
EUW1_7710790549,100,0,-1.5
EUW1_7710790549,200,1,1.5
EUW1_7710791148,100,1,0.3333333333333339
EUW1_7710791148,200,0,-0.3333333333333339
EUW1_7710796140,100,0,1.333333333333334
EUW1_7710796140,200,1,-1.333333333333334
EUW1_7710796353,100,0,-2.0
EUW1_7710796353,200,1,2.0
EUW1_7710798008,100,1,0.0
EUW1_7710798008,200,0,0.0
EUW1_7710798988,100,0,1.333333333333334
EUW1_7710798988,200,1,-1.333333333333334
EUW1_7710799167,100,0,0.0
EUW1_7710799167,200,1,0.0
EUW1_7710805871,100,1,0.0
EUW1_7710805871,200,0,0.0
EUW1_7710809469,100,0,0.3333333333333339
EUW1_7710809469,200,1,-0.3333333333333339
EUW1_7710812013,100,1,1.0
EUW1_7710812013,200,0,-1.0
EUW1_7710812055,100,1,0.0
EUW1_7710812055,200,0,0.0
EUW1_7710812075,100,1,0.6666666666666661
EUW1_7710812075,200,0,-0.6666666666666661
EUW1_7710820559,100,1,0.0
EUW1_7710820559,200,0,0.0
EUW1_7710821478,100,0,0.0
EUW1_7710821478,200,1,0.0
EUW1_7710826925,100,1,0.0
EUW1_7710826925,200,0,0.0
EUW1_7710829550,100,0,0.0
EUW1_7710829550,200,1,0.0
EUW1_7710830003,100,1,0.0
EUW1_7710830003,200,0,0.0
EUW1_7710830678,100,0,-1.0
EUW1_7710830678,200,1,1.0
EUW1_7710831754,100,0,-1.5
EUW1_7710831754,200,1,1.5
EUW1_7710839806,100,1,-1.0
EUW1_7710839806,200,0,1.0
EUW1_7710840468,100,0,0.0
EUW1_7710840468,200,1,0.0
EUW1_7710842431,100,0,0.3333333333333339
EUW1_7710842431,200,1,-0.3333333333333339
EUW1_7710844274,100,1,0.0
EUW1_7710844274,200,0,0.0
EUW1_7710844537,100,0,-0.6666666666666661
EUW1_7710844537,200,1,0.6666666666666661
EUW1_7710845364,100,1,0.0
EUW1_7710845364,200,0,0.0
EUW1_7710846260,100,1,1.0
EUW1_7710846260,200,0,-1.0
EUW1_7710847941,100,0,0.0
EUW1_7710847941,200,1,0.0
EUW1_7710848365,100,0,0.0
EUW1_7710848365,200,1,0.0
EUW1_7710849730,100,1,2.0
EUW1_7710849730,200,0,-2.0
EUW1_7710851156,100,0,0.0
EUW1_7710851156,200,1,0.0
EUW1_7710851952,100,0,-1.0
EUW1_7710851952,200,1,1.0
EUW1_7710856008,100,0,0.0
EUW1_7710856008,200,1,0.0
EUW1_7710857520,100,0,-0.6666666666666661
EUW1_7710857520,200,1,0.6666666666666661
EUW1_7710858055,100,0,1.333333333333334
EUW1_7710858055,200,1,-1.333333333333334
EUW1_7710858115,100,1,0.0
EUW1_7710858115,200,0,0.0
EUW1_7710859130,100,1,-1.333333333333334
EUW1_7710859130,200,0,1.333333333333334
EUW1_7710863317,100,0,0.0
EUW1_7710863317,200,1,0.0
EUW1_7710866628,100,0,0.0
EUW1_7710866628,200,1,0.0
EUW1_7710868863,100,0,0.0
EUW1_7710868863,200,1,0.0
EUW1_7710870434,100,0,-1.0
EUW1_7710870434,200,1,1.0
EUW1_7710872806,100,1,1.0
EUW1_7710872806,200,0,-1.0
EUW1_7710873252,100,0,0.0
EUW1_7710873252,200,1,0.0
EUW1_7710873550,100,0,0.6666666666666661
EUW1_7710873550,200,1,-0.6666666666666661
EUW1_7710884036,100,0,0.0
EUW1_7710884036,200,1,0.0
EUW1_7710886138,100,1,1.0
EUW1_7710886138,200,0,-1.0
EUW1_7710887819,100,0,0.3333333333333339
EUW1_7710887819,200,1,-0.3333333333333339
EUW1_7710888231,100,1,-0.1999999999999993
EUW1_7710888231,200,0,0.1999999999999993
EUW1_7710892510,100,1,-2.0
EUW1_7710892510,200,0,2.0
EUW1_7710894666,100,1,0.5
EUW1_7710894666,200,0,-0.5
EUW1_7710894703,100,0,0.0
EUW1_7710894703,200,1,0.0
EUW1_7710895223,100,0,0.0
EUW1_7710895223,200,1,0.0
EUW1_7710896389,100,0,1.0
EUW1_7710896389,200,1,-1.0
EUW1_7710897554,100,0,0.0
EUW1_7710897554,200,1,0.0
EUW1_7710899708,100,1,2.0
EUW1_7710899708,200,0,-2.0
EUW1_7710903682,100,1,0.0
EUW1_7710903682,200,0,0.0
EUW1_7710904871,100,1,-1.0
EUW1_7710904871,200,0,1.0
EUW1_7710905563,100,1,0.0
EUW1_7710905563,200,0,0.0
EUW1_7710906431,100,1,1.0
EUW1_7710906431,200,0,-1.0
EUW1_7710907611,100,1,0.0
EUW1_7710907611,200,0,0.0
EUW1_7710908898,100,1,0.0
EUW1_7710908898,200,0,0.0
EUW1_7710909621,100,1,0.0
EUW1_7710909621,200,0,0.0
EUW1_7710909898,100,1,0.0
EUW1_7710909898,200,0,0.0
EUW1_7710910961,100,1,0.5
EUW1_7710910961,200,0,-0.5
EUW1_7710911759,100,0,0.0
EUW1_7710911759,200,1,0.0
EUW1_7710917658,100,0,0.0
EUW1_7710917658,200,1,0.0
EUW1_7710919018,100,1,1.0
EUW1_7710919018,200,0,-1.0
EUW1_7710921921,100,0,0.3333333333333339
EUW1_7710921921,200,1,-0.3333333333333339
EUW1_7710927524,100,1,0.0
EUW1_7710927524,200,0,0.0
EUW1_7710928009,100,1,0.0
EUW1_7710928009,200,0,0.0
EUW1_7710930320,100,0,0.0
EUW1_7710930320,200,1,0.0
EUW1_7710932190,100,0,0.0
EUW1_7710932190,200,1,0.0
EUW1_7710932876,100,1,1.5
EUW1_7710932876,200,0,-1.5
EUW1_7710933567,100,1,0.0
EUW1_7710933567,200,0,0.0
EUW1_7710934317,100,0,-0.1999999999999993
EUW1_7710934317,200,1,0.1999999999999993
EUW1_7710934711,100,0,0.0
EUW1_7710934711,200,1,0.0
EUW1_7710935182,100,1,2.0
EUW1_7710935182,200,0,-2.0
EUW1_7710939565,100,1,1.0
EUW1_7710939565,200,0,-1.0
EUW1_7710942070,100,0,0.0
EUW1_7710942070,200,1,0.0
EUW1_7710942979,100,1,0.0
EUW1_7710942979,200,0,0.0
EUW1_7710945138,100,1,1.333333333333334
EUW1_7710945138,200,0,-1.333333333333334
EUW1_7710950904,100,0,0.0
EUW1_7710950904,200,1,0.0
EUW1_7710952034,100,0,0.0
EUW1_7710952034,200,1,0.0
EUW1_7710953624,100,1,1.0
EUW1_7710953624,200,0,-1.0
EUW1_7710957402,100,0,0.0
EUW1_7710957402,200,1,0.0
EUW1_7710961584,100,0,0.0
EUW1_7710961584,200,1,0.0
EUW1_7710961879,100,1,0.0
EUW1_7710961879,200,0,0.0
EUW1_7710962000,100,1,0.0
EUW1_7710962000,200,0,0.0
EUW1_7710962659,100,1,0.0
EUW1_7710962659,200,0,0.0
EUW1_7710966822,100,1,1.0
EUW1_7710966822,200,0,-1.0
EUW1_7710969107,100,0,-0.6666666666666661
EUW1_7710969107,200,1,0.6666666666666661
EUW1_7710969543,100,0,0.0
EUW1_7710969543,200,1,0.0
EUW1_7710969752,100,1,0.0
EUW1_7710969752,200,0,0.0
EUW1_7710975832,100,0,0.0
EUW1_7710975832,200,1,0.0
EUW1_7710977852,100,1,0.0
EUW1_7710977852,200,0,0.0
EUW1_7710979560,100,0,0.0
EUW1_7710979560,200,1,0.0
EUW1_7710981182,100,0,0.6666666666666661
EUW1_7710981182,200,1,-0.6666666666666661
EUW1_7710983481,100,0,0.0
EUW1_7710983481,200,1,0.0
EUW1_7710984428,100,0,0.0
EUW1_7710984428,200,1,0.0
EUW1_7710985176,100,0,-1.5
EUW1_7710985176,200,1,1.5
EUW1_7710985666,100,0,0.0
EUW1_7710985666,200,1,0.0
EUW1_7710986264,100,0,0.0
EUW1_7710986264,200,1,0.0
EUW1_7710987369,100,1,0.0
EUW1_7710987369,200,0,0.0
EUW1_7710990656,100,0,0.0
EUW1_7710990656,200,1,0.0
EUW1_7710991172,100,1,-2.0
EUW1_7710991172,200,0,2.0
EUW1_7710992344,100,0,0.0
EUW1_7710992344,200,1,0.0
EUW1_7711002884,100,1,2.0
EUW1_7711002884,200,0,-2.0
EUW1_7711003133,100,1,-1.666666666666667
EUW1_7711003133,200,0,1.666666666666667
EUW1_7711004827,100,0,0.0
EUW1_7711004827,200,1,0.0
EUW1_7711005143,100,0,-1.0
EUW1_7711005143,200,1,1.0
EUW1_7711007407,100,0,0.0
EUW1_7711007407,200,1,0.0
EUW1_7711007502,100,0,0.0
EUW1_7711007502,200,1,0.0
EUW1_7711008263,100,0,0.0
EUW1_7711008263,200,1,0.0
EUW1_7711008890,100,1,0.0
EUW1_7711008890,200,0,0.0
EUW1_7711012457,100,1,0.0
EUW1_7711012457,200,0,0.0
EUW1_7711015613,100,0,0.0
EUW1_7711015613,200,1,0.0
EUW1_7711019362,100,0,-1.0
EUW1_7711019362,200,1,1.0
EUW1_7711020772,100,0,0.0
EUW1_7711020772,200,1,0.0
EUW1_7711027106,100,0,-0.3333333333333339
EUW1_7711027106,200,1,0.3333333333333339
EUW1_7711027983,100,1,0.0
EUW1_7711027983,200,0,0.0
EUW1_7711028609,100,1,0.0
EUW1_7711028609,200,0,0.0
EUW1_7711031319,100,1,1.0
EUW1_7711031319,200,0,-1.0
EUW1_7711031606,100,0,0.0
EUW1_7711031606,200,1,0.0
EUW1_7711031896,100,0,0.0
EUW1_7711031896,200,1,0.0
EUW1_7711033699,100,0,0.0
EUW1_7711033699,200,1,0.0
EUW1_7711034462,100,1,1.0
EUW1_7711034462,200,0,-1.0
EUW1_7711038571,100,0,-1.0
EUW1_7711038571,200,1,1.0
EUW1_7711040187,100,0,0.0
EUW1_7711040187,200,1,0.0
EUW1_7711041144,100,1,0.0
EUW1_7711041144,200,0,0.0
EUW1_7711041813,100,1,0.0
EUW1_7711041813,200,0,0.0
EUW1_7711043315,100,1,0.0
EUW1_7711043315,200,0,0.0
EUW1_7711045034,100,1,2.0
EUW1_7711045034,200,0,-2.0
EUW1_7711045916,100,1,0.0
EUW1_7711045916,200,0,0.0
EUW1_7711047024,100,1,2.0
EUW1_7711047024,200,0,-2.0
EUW1_7711047619,100,1,0.8000000000000007
EUW1_7711047619,200,0,-0.8000000000000007
EUW1_7711048518,100,1,0.0
EUW1_7711048518,200,0,0.0
EUW1_7711048964,100,1,0.0
EUW1_7711048964,200,0,0.0
EUW1_7711053097,100,0,0.0
EUW1_7711053097,200,1,0.0
EUW1_7711054653,100,1,-0.6666666666666661
EUW1_7711054653,200,0,0.6666666666666661
EUW1_7711056757,100,1,2.0
EUW1_7711056757,200,0,-2.0
EUW1_7711056901,100,1,0.0
EUW1_7711056901,200,0,0.0
EUW1_7711057430,100,1,0.6666666666666661
EUW1_7711057430,200,0,-0.6666666666666661
EUW1_7711057971,100,1,2.0
EUW1_7711057971,200,0,-2.0
EUW1_7711058473,100,0,0.0
EUW1_7711058473,200,1,0.0
EUW1_7711059122,100,1,0.0
EUW1_7711059122,200,0,0.0
EUW1_7711060611,100,1,2.0
EUW1_7711060611,200,0,-2.0
EUW1_7711061410,100,0,1.0
EUW1_7711061410,200,1,-1.0
EUW1_7711061957,100,1,0.0
EUW1_7711061957,200,0,0.0
EUW1_7711063981,100,1,0.0
EUW1_7711063981,200,0,0.0
EUW1_7711066369,100,0,0.0
EUW1_7711066369,200,1,0.0
EUW1_7711068076,100,1,2.0
EUW1_7711068076,200,0,-2.0
EUW1_7711070330,100,0,0.0
EUW1_7711070330,200,1,0.0
EUW1_7711070400,100,1,0.0
EUW1_7711070400,200,0,0.0
EUW1_7711071145,100,0,0.0
EUW1_7711071145,200,1,0.0
EUW1_7711074163,100,1,0.0
EUW1_7711074163,200,0,0.0
EUW1_7711076042,100,1,0.6666666666666661
EUW1_7711076042,200,0,-0.6666666666666661
EUW1_7711076132,100,1,0.0
EUW1_7711076132,200,0,0.0
EUW1_7711076378,100,1,0.0
EUW1_7711076378,200,0,0.0
EUW1_7711077246,100,0,1.0
EUW1_7711077246,200,1,-1.0
EUW1_7711079162,100,0,0.0
EUW1_7711079162,200,1,0.0
EUW1_7711085804,100,0,-0.6666666666666679
EUW1_7711085804,200,1,0.6666666666666679
EUW1_7711087726,100,0,2.0
EUW1_7711087726,200,1,-2.0
EUW1_7711088908,100,0,0.0
EUW1_7711088908,200,1,0.0
EUW1_7711090062,100,0,-2.0
EUW1_7711090062,200,1,2.0
EUW1_7711091265,100,1,0.0
EUW1_7711091265,200,0,0.0
EUW1_7711094797,100,1,0.0
EUW1_7711094797,200,0,0.0
EUW1_7711096674,100,1,2.0
EUW1_7711096674,200,0,-2.0
EUW1_7711097975,100,0,-2.0
EUW1_7711097975,200,1,2.0
EUW1_7711098081,100,0,0.0
EUW1_7711098081,200,1,0.0
EUW1_7711099753,100,1,2.0
EUW1_7711099753,200,0,-2.0
EUW1_7711100251,100,0,0.0
EUW1_7711100251,200,1,0.0
EUW1_7711101362,100,0,0.0
EUW1_7711101362,200,1,0.0
EUW1_7711102085,100,0,-1.333333333333334
EUW1_7711102085,200,1,1.333333333333334
EUW1_7711103137,100,1,-0.6666666666666661
EUW1_7711103137,200,0,0.6666666666666661
EUW1_7711105563,100,1,0.0
EUW1_7711105563,200,0,0.0
EUW1_7711106629,100,1,0.0
EUW1_7711106629,200,0,0.0
EUW1_7711108495,100,0,1.0
EUW1_7711108495,200,1,-1.0
EUW1_7711109691,100,1,0.0
EUW1_7711109691,200,0,0.0
EUW1_7711111769,100,1,-0.6666666666666661
EUW1_7711111769,200,0,0.6666666666666661
EUW1_7711112967,100,1,0.0
EUW1_7711112967,200,0,0.0
EUW1_7711116558,100,1,0.0
EUW1_7711116558,200,0,0.0
EUW1_7711120555,100,0,0.0
EUW1_7711120555,200,1,0.0
EUW1_7711121357,100,0,0.0
EUW1_7711121357,200,1,0.0
EUW1_7711122118,100,1,-1.0
EUW1_7711122118,200,0,1.0
EUW1_7711124771,100,1,0.0
EUW1_7711124771,200,0,0.0
EUW1_7711124911,100,1,-1.0
EUW1_7711124911,200,0,1.0
EUW1_7711125342,100,0,1.0
EUW1_7711125342,200,1,-1.0
EUW1_7711130176,100,0,-2.0
EUW1_7711130176,200,1,2.0
EUW1_7711136064,100,1,0.0
EUW1_7711136064,200,0,0.0
EUW1_7711138542,100,1,0.3333333333333339
EUW1_7711138542,200,0,-0.3333333333333339
EUW1_7711139397,100,0,0.0
EUW1_7711139397,200,1,0.0
EUW1_7711139593,100,0,0.6666666666666661
EUW1_7711139593,200,1,-0.6666666666666661
EUW1_7711142143,100,0,0.0
EUW1_7711142143,200,1,0.0
EUW1_7711144049,100,0,0.0
EUW1_7711144049,200,1,0.0
EUW1_7711144055,100,1,1.333333333333334
EUW1_7711144055,200,0,-1.333333333333334
EUW1_7711147351,100,1,1.0
EUW1_7711147351,200,0,-1.0
EUW1_7711150360,100,0,-0.6666666666666661
EUW1_7711150360,200,1,0.6666666666666661
EUW1_7711152244,100,1,0.0
EUW1_7711152244,200,0,0.0
EUW1_7711153118,100,0,0.0
EUW1_7711153118,200,1,0.0
EUW1_7711155136,100,1,0.0
EUW1_7711155136,200,0,0.0
EUW1_7711155871,100,0,-1.0
EUW1_7711155871,200,1,1.0
EUW1_7711157381,100,1,0.0
EUW1_7711157381,200,0,0.0
EUW1_7711158124,100,0,1.0
EUW1_7711158124,200,1,-1.0
EUW1_7711159783,100,1,0.6666666666666661
EUW1_7711159783,200,0,-0.6666666666666661
EUW1_7711160901,100,1,0.0
EUW1_7711160901,200,0,0.0
EUW1_7711163027,100,1,0.0
EUW1_7711163027,200,0,0.0
EUW1_7711166174,100,1,0.0
EUW1_7711166174,200,0,0.0
EUW1_7711167677,100,0,-1.333333333333334
EUW1_7711167677,200,1,1.333333333333334
EUW1_7711170049,100,0,0.0
EUW1_7711170049,200,1,0.0
EUW1_7711170069,100,0,-0.6666666666666679
EUW1_7711170069,200,1,0.6666666666666679
EUW1_7711170151,100,1,0.0
EUW1_7711170151,200,0,0.0
EUW1_7711171539,100,1,0.0
EUW1_7711171539,200,0,0.0
EUW1_7711172217,100,1,0.6666666666666661
EUW1_7711172217,200,0,-0.6666666666666661
EUW1_7711172520,100,1,0.0
EUW1_7711172520,200,0,0.0
EUW1_7711173462,100,0,1.0
EUW1_7711173462,200,1,-1.0
EUW1_7711173956,100,1,0.0
EUW1_7711173956,200,0,0.0
EUW1_7711176115,100,1,-1.0
EUW1_7711176115,200,0,1.0
EUW1_7711180165,100,0,-1.333333333333334
EUW1_7711180165,200,1,1.333333333333334
EUW1_7711181405,100,0,0.0
EUW1_7711181405,200,1,0.0
EUW1_7711181776,100,1,0.0
EUW1_7711181776,200,0,0.0
EUW1_7711184076,100,0,0.0
EUW1_7711184076,200,1,0.0
EUW1_7711188314,100,1,0.0
EUW1_7711188314,200,0,0.0
EUW1_7711189190,100,0,0.0
EUW1_7711189190,200,1,0.0
EUW1_7711190672,100,1,0.0
EUW1_7711190672,200,0,0.0
EUW1_7711191869,100,1,0.0
EUW1_7711191869,200,0,0.0
EUW1_7711194408,100,1,0.0
EUW1_7711194408,200,0,0.0
EUW1_7711194764,100,1,-0.6666666666666661
EUW1_7711194764,200,0,0.6666666666666661
EUW1_7711195654,100,0,1.0
EUW1_7711195654,200,1,-1.0
EUW1_7711195713,100,1,0.0
EUW1_7711195713,200,0,0.0
EUW1_7711197756,100,1,0.0
EUW1_7711197756,200,0,0.0
EUW1_7711197918,100,1,0.0
EUW1_7711197918,200,0,0.0
EUW1_7711201371,100,0,0.0
EUW1_7711201371,200,1,0.0
EUW1_7711201746,100,0,-1.333333333333334
EUW1_7711201746,200,1,1.333333333333334
EUW1_7711202323,100,0,0.3333333333333339
EUW1_7711202323,200,1,-0.3333333333333339
EUW1_7711204025,100,0,0.0
EUW1_7711204025,200,1,0.0
EUW1_7711206453,100,0,0.0
EUW1_7711206453,200,1,0.0
EUW1_7711211327,100,1,-0.40000000000000036
EUW1_7711211327,200,0,0.40000000000000036
EUW1_7711211649,100,1,0.0
EUW1_7711211649,200,0,0.0
EUW1_7711213008,100,1,0.0
EUW1_7711213008,200,0,0.0
EUW1_7711213975,100,1,0.0
EUW1_7711213975,200,0,0.0
EUW1_7711214811,100,1,2.0
EUW1_7711214811,200,0,-2.0
EUW1_7711215728,100,1,1.0
EUW1_7711215728,200,0,-1.0
EUW1_7711216411,100,0,-1.333333333333334
EUW1_7711216411,200,1,1.333333333333334
EUW1_7711217004,100,0,-2.0
EUW1_7711217004,200,1,2.0
EUW1_7711217542,100,0,0.0
EUW1_7711217542,200,1,0.0
EUW1_7711218912,100,1,0.0
EUW1_7711218912,200,0,0.0
EUW1_7711220717,100,0,0.0
EUW1_7711220717,200,1,0.0
EUW1_7711221978,100,1,0.0
EUW1_7711221978,200,0,0.0
EUW1_7711222514,100,1,-0.6666666666666661
EUW1_7711222514,200,0,0.6666666666666661
EUW1_7711222921,100,1,0.0
EUW1_7711222921,200,0,0.0
EUW1_7711223620,100,1,0.0
EUW1_7711223620,200,0,0.0
EUW1_7711225175,100,0,0.0
EUW1_7711225175,200,1,0.0
EUW1_7711228651,100,0,2.0
EUW1_7711228651,200,1,-2.0
EUW1_7711229406,100,0,-1.0
EUW1_7711229406,200,1,1.0
EUW1_7711229749,100,0,0.0
EUW1_7711229749,200,1,0.0
EUW1_7711229814,100,1,0.0
EUW1_7711229814,200,0,0.0
EUW1_7711234188,100,1,0.0
EUW1_7711234188,200,0,0.0
EUW1_7711236283,100,1,0.0
EUW1_7711236283,200,0,0.0
EUW1_7711238066,100,1,0.0
EUW1_7711238066,200,0,0.0
EUW1_7711238167,100,0,0.0
EUW1_7711238167,200,1,0.0
EUW1_7711241419,100,0,0.0
EUW1_7711241419,200,1,0.0
EUW1_7711241907,100,0,0.0
EUW1_7711241907,200,1,0.0
EUW1_7711242368,100,1,0.3333333333333339
EUW1_7711242368,200,0,-0.3333333333333339
EUW1_7711242482,100,0,-0.6666666666666661
EUW1_7711242482,200,1,0.6666666666666661
EUW1_7711243119,100,1,-0.6666666666666661
EUW1_7711243119,200,0,0.6666666666666661
EUW1_7711243441,100,1,2.0
EUW1_7711243441,200,0,-2.0
EUW1_7711243584,100,0,-0.6666666666666679
EUW1_7711243584,200,1,0.6666666666666679
EUW1_7711246251,100,0,-0.16666666666666607
EUW1_7711246251,200,1,0.16666666666666607
EUW1_7711246518,100,1,0.0
EUW1_7711246518,200,0,0.0
EUW1_7711246552,100,1,-0.40000000000000036
EUW1_7711246552,200,0,0.40000000000000036
EUW1_7711247850,100,0,0.0
EUW1_7711247850,200,1,0.0
EUW1_7711250113,100,0,-1.333333333333334
EUW1_7711250113,200,1,1.333333333333334
EUW1_7711250595,100,0,0.0
EUW1_7711250595,200,1,0.0
EUW1_7711252482,100,1,0.0
EUW1_7711252482,200,0,0.0
EUW1_7711256972,100,0,0.0
EUW1_7711256972,200,1,0.0
EUW1_7711258427,100,1,0.0
EUW1_7711258427,200,0,0.0
EUW1_7711260003,100,0,0.0
EUW1_7711260003,200,1,0.0
EUW1_7711260087,100,1,0.0
EUW1_7711260087,200,0,0.0
EUW1_7711260918,100,1,0.0
EUW1_7711260918,200,0,0.0
EUW1_7711261354,100,0,0.0
EUW1_7711261354,200,1,0.0
EUW1_7711261739,100,1,0.6666666666666661
EUW1_7711261739,200,0,-0.6666666666666661
EUW1_7711262028,100,0,0.0
EUW1_7711262028,200,1,0.0
EUW1_7711264419,100,0,0.0
EUW1_7711264419,200,1,0.0
EUW1_7711264829,100,1,0.0
EUW1_7711264829,200,0,0.0
EUW1_7711265789,100,0,-1.333333333333334
EUW1_7711265789,200,1,1.333333333333334
EUW1_7711268014,100,0,0.0
EUW1_7711268014,200,1,0.0
EUW1_7711268451,100,1,0.0
EUW1_7711268451,200,0,0.0
EUW1_7711268691,100,1,2.0
EUW1_7711268691,200,0,-2.0
EUW1_7711270058,100,1,-0.3333333333333339
EUW1_7711270058,200,0,0.3333333333333339
EUW1_7711270455,100,0,0.0
EUW1_7711270455,200,1,0.0
EUW1_7711271407,100,0,0.0
EUW1_7711271407,200,1,0.0
EUW1_7711272765,100,0,0.0
EUW1_7711272765,200,1,0.0
EUW1_7711273012,100,1,0.6666666666666679
EUW1_7711273012,200,0,-0.6666666666666679
EUW1_7711273193,100,1,-2.0
EUW1_7711273193,200,0,2.0
EUW1_7711274313,100,0,0.0
EUW1_7711274313,200,1,0.0
EUW1_7711276325,100,1,0.0
EUW1_7711276325,200,0,0.0
EUW1_7711279402,100,1,0.0
EUW1_7711279402,200,0,0.0
EUW1_7711279937,100,1,0.3333333333333339
EUW1_7711279937,200,0,-0.3333333333333339
EUW1_7711282253,100,0,-2.0
EUW1_7711282253,200,1,2.0
EUW1_7711282805,100,0,-0.6666666666666661
EUW1_7711282805,200,1,0.6666666666666661
EUW1_7711283660,100,0,0.0
EUW1_7711283660,200,1,0.0
EUW1_7711285098,100,1,0.0
EUW1_7711285098,200,0,0.0
EUW1_7711286973,100,0,-0.6666666666666661
EUW1_7711286973,200,1,0.6666666666666661
EUW1_7711287169,100,1,0.0
EUW1_7711287169,200,0,0.0
EUW1_7711287687,100,0,0.0
EUW1_7711287687,200,1,0.0
EUW1_7711288362,100,1,0.0
EUW1_7711288362,200,0,0.0
EUW1_7711288696,100,1,0.6666666666666661
EUW1_7711288696,200,0,-0.6666666666666661
EUW1_7711293487,100,0,-1.0
EUW1_7711293487,200,1,1.0
EUW1_7711295676,100,1,0.0
EUW1_7711295676,200,0,0.0
EUW1_7711298552,100,1,-1.333333333333334
EUW1_7711298552,200,0,1.333333333333334
EUW1_7711299410,100,0,0.0
EUW1_7711299410,200,1,0.0
EUW1_7711299744,100,0,0.0
EUW1_7711299744,200,1,0.0
EUW1_7711302382,100,0,0.0
EUW1_7711302382,200,1,0.0
EUW1_7711303579,100,0,0.0
EUW1_7711303579,200,1,0.0
EUW1_7711303679,100,1,-0.6666666666666661
EUW1_7711303679,200,0,0.6666666666666661
EUW1_7711304291,100,1,0.0
EUW1_7711304291,200,0,0.0
EUW1_7711304314,100,1,-0.3333333333333339
EUW1_7711304314,200,0,0.3333333333333339
EUW1_7711305501,100,1,0.0
EUW1_7711305501,200,0,0.0
EUW1_7711305633,100,1,2.0
EUW1_7711305633,200,0,-2.0
EUW1_7711309163,100,0,0.0
EUW1_7711309163,200,1,0.0
EUW1_7711310126,100,1,2.0
EUW1_7711310126,200,0,-2.0
EUW1_7711311794,100,1,0.0
EUW1_7711311794,200,0,0.0
EUW1_7711311881,100,0,2.0
EUW1_7711311881,200,1,-2.0
EUW1_7711313358,100,1,0.0
EUW1_7711313358,200,0,0.0
EUW1_7711315072,100,1,0.0
EUW1_7711315072,200,0,0.0
EUW1_7711315276,100,1,-2.0
EUW1_7711315276,200,0,2.0
EUW1_7711316592,100,1,0.0
EUW1_7711316592,200,0,0.0
EUW1_7711318092,100,0,0.0
EUW1_7711318092,200,1,0.0
EUW1_7711318384,100,1,0.0
EUW1_7711318384,200,0,0.0
EUW1_7711318972,100,1,0.0
EUW1_7711318972,200,0,0.0
EUW1_7711323289,100,0,0.0
EUW1_7711323289,200,1,0.0
EUW1_7711325882,100,1,1.0
EUW1_7711325882,200,0,-1.0
EUW1_7711326290,100,0,0.0
EUW1_7711326290,200,1,0.0
EUW1_7711326561,100,1,0.0
EUW1_7711326561,200,0,0.0
EUW1_7711326881,100,1,0.0
EUW1_7711326881,200,0,0.0
EUW1_7711327127,100,1,0.0
EUW1_7711327127,200,0,0.0
EUW1_7711330264,100,0,0.0
EUW1_7711330264,200,1,0.0
EUW1_7711332816,100,0,0.0
EUW1_7711332816,200,1,0.0
EUW1_7711332933,100,0,0.0
EUW1_7711332933,200,1,0.0
EUW1_7711334692,100,0,0.0
EUW1_7711334692,200,1,0.0
EUW1_7711338481,100,0,0.0
EUW1_7711338481,200,1,0.0
EUW1_7711338756,100,1,0.0
EUW1_7711338756,200,0,0.0
EUW1_7711339206,100,0,0.0
EUW1_7711339206,200,1,0.0
EUW1_7711340135,100,0,0.0
EUW1_7711340135,200,1,0.0
EUW1_7711341640,100,1,0.0
EUW1_7711341640,200,0,0.0
EUW1_7711341944,100,1,1.0
EUW1_7711341944,200,0,-1.0
EUW1_7711343443,100,1,-0.3333333333333339
EUW1_7711343443,200,0,0.3333333333333339
EUW1_7711344254,100,0,0.0
EUW1_7711344254,200,1,0.0
EUW1_7711344386,100,1,0.0
EUW1_7711344386,200,0,0.0
EUW1_7711346836,100,0,-0.6666666666666661
EUW1_7711346836,200,1,0.6666666666666661
EUW1_7711347932,100,1,0.0
EUW1_7711347932,200,0,0.0
EUW1_7711348343,100,1,0.0
EUW1_7711348343,200,0,0.0
EUW1_7711349136,100,1,0.0
EUW1_7711349136,200,0,0.0
EUW1_7711349405,100,1,0.0
EUW1_7711349405,200,0,0.0
EUW1_7711350545,100,0,0.0
EUW1_7711350545,200,1,0.0
EUW1_7711351633,100,1,0.0
EUW1_7711351633,200,0,0.0
EUW1_7711352693,100,0,0.0
EUW1_7711352693,200,1,0.0
EUW1_7711355778,100,1,0.0
EUW1_7711355778,200,0,0.0
EUW1_7711356350,100,0,0.0
EUW1_7711356350,200,1,0.0
EUW1_7711357045,100,0,0.1999999999999993
EUW1_7711357045,200,1,-0.1999999999999993
EUW1_7711362856,100,1,1.0
EUW1_7711362856,200,0,-1.0
EUW1_7711363144,100,1,0.0
EUW1_7711363144,200,0,0.0
EUW1_7711363284,100,1,-1.0
EUW1_7711363284,200,0,1.0
EUW1_7711365375,100,1,0.0
EUW1_7711365375,200,0,0.0
EUW1_7711369135,100,0,-1.333333333333334
EUW1_7711369135,200,1,1.333333333333334
EUW1_7711370153,100,1,0.0
EUW1_7711370153,200,0,0.0
EUW1_7711376166,100,1,-0.3333333333333339
EUW1_7711376166,200,0,0.3333333333333339
EUW1_7711376590,100,0,1.0
EUW1_7711376590,200,1,-1.0
EUW1_7711380590,100,0,0.0
EUW1_7711380590,200,1,0.0
EUW1_7711383968,100,1,0.0
EUW1_7711383968,200,0,0.0
EUW1_7711384087,100,0,0.0
EUW1_7711384087,200,1,0.0
EUW1_7711385535,100,0,0.0
EUW1_7711385535,200,1,0.0
EUW1_7711386938,100,1,0.0
EUW1_7711386938,200,0,0.0
EUW1_7711387702,100,1,0.6666666666666679
EUW1_7711387702,200,0,-0.6666666666666679
EUW1_7711389295,100,0,-1.0
EUW1_7711389295,200,1,1.0
EUW1_7711389442,100,1,0.0
EUW1_7711389442,200,0,0.0
EUW1_7711390650,100,0,2.0
EUW1_7711390650,200,1,-2.0
EUW1_7711391958,100,0,-0.5
EUW1_7711391958,200,1,0.5
EUW1_7711392063,100,1,0.0
EUW1_7711392063,200,0,0.0
EUW1_7711393056,100,1,0.0
EUW1_7711393056,200,0,0.0
EUW1_7711393238,100,1,0.0
EUW1_7711393238,200,0,0.0
EUW1_7711393455,100,1,0.0
EUW1_7711393455,200,0,0.0
EUW1_7711393901,100,0,0.0
EUW1_7711393901,200,1,0.0
EUW1_7711394706,100,1,1.0
EUW1_7711394706,200,0,-1.0
EUW1_7711394807,100,1,0.0
EUW1_7711394807,200,0,0.0
EUW1_7711396291,100,0,0.0
EUW1_7711396291,200,1,0.0
EUW1_7711397342,100,0,0.0
EUW1_7711397342,200,1,0.0
EUW1_7711397534,100,0,0.0
EUW1_7711397534,200,1,0.0
EUW1_7711398385,100,1,0.0
EUW1_7711398385,200,0,0.0
EUW1_7711402650,100,1,0.0
EUW1_7711402650,200,0,0.0
EUW1_7711403267,100,1,1.0
EUW1_7711403267,200,0,-1.0
EUW1_7711403597,100,0,0.0
EUW1_7711403597,200,1,0.0
EUW1_7711405597,100,0,0.0
EUW1_7711405597,200,1,0.0
EUW1_7711405703,100,1,0.0
EUW1_7711405703,200,0,0.0
EUW1_7711406851,100,1,0.0
EUW1_7711406851,200,0,0.0
EUW1_7711408269,100,1,0.0
EUW1_7711408269,200,0,0.0
EUW1_7711408424,100,0,0.0
EUW1_7711408424,200,1,0.0
EUW1_7711408955,100,1,0.0
EUW1_7711408955,200,0,0.0
EUW1_7711409051,100,1,0.0
EUW1_7711409051,200,0,0.0
EUW1_7711411098,100,1,-0.3333333333333339
EUW1_7711411098,200,0,0.3333333333333339
EUW1_7711414314,100,1,0.0
EUW1_7711414314,200,0,0.0
EUW1_7711414864,100,1,0.5
EUW1_7711414864,200,0,-0.5
EUW1_7711417828,100,1,0.0
EUW1_7711417828,200,0,0.0
EUW1_7711418055,100,1,-0.3333333333333339
EUW1_7711418055,200,0,0.3333333333333339
EUW1_7711419847,100,0,0.0
EUW1_7711419847,200,1,0.0
EUW1_7711423784,100,1,0.0
EUW1_7711423784,200,0,0.0
EUW1_7711424300,100,0,0.0
EUW1_7711424300,200,1,0.0
EUW1_7711424750,100,1,0.6666666666666661
EUW1_7711424750,200,0,-0.6666666666666661
EUW1_7711427172,100,1,0.6666666666666661
EUW1_7711427172,200,0,-0.6666666666666661
EUW1_7711428332,100,0,0.0
EUW1_7711428332,200,1,0.0
EUW1_7711428724,100,0,-0.8333333333333339
EUW1_7711428724,200,1,0.8333333333333339
EUW1_7711430781,100,0,0.0
EUW1_7711430781,200,1,0.0
EUW1_7711435613,100,0,-1.0
EUW1_7711435613,200,1,1.0
EUW1_7711436116,100,1,0.0
EUW1_7711436116,200,0,0.0
EUW1_7711436626,100,1,0.5
EUW1_7711436626,200,0,-0.5
EUW1_7711438095,100,1,0.0
EUW1_7711438095,200,0,0.0
EUW1_7711438936,100,0,0.0
EUW1_7711438936,200,1,0.0
EUW1_7711439063,100,0,0.0
EUW1_7711439063,200,1,0.0
EUW1_7711441153,100,1,0.0
EUW1_7711441153,200,0,0.0
EUW1_7711441531,100,0,-0.3333333333333339
EUW1_7711441531,200,1,0.3333333333333339
EUW1_7711445327,100,0,0.0
EUW1_7711445327,200,1,0.0
EUW1_7711445675,100,0,0.0
EUW1_7711445675,200,1,0.0
EUW1_7711447914,100,1,0.5
EUW1_7711447914,200,0,-0.5
EUW1_7711448068,100,1,2.0
EUW1_7711448068,200,0,-2.0
EUW1_7711448123,100,0,-0.1999999999999993
EUW1_7711448123,200,1,0.1999999999999993
EUW1_7711449350,100,1,0.0
EUW1_7711449350,200,0,0.0
EUW1_7711449742,100,1,0.0
EUW1_7711449742,200,0,0.0
EUW1_7711449774,100,1,0.0
EUW1_7711449774,200,0,0.0
EUW1_7711451789,100,1,0.0
EUW1_7711451789,200,0,0.0
EUW1_7711452370,100,0,0.0
EUW1_7711452370,200,1,0.0
EUW1_7711454108,100,1,0.0
EUW1_7711454108,200,0,0.0
EUW1_7711458302,100,0,-1.0
EUW1_7711458302,200,1,1.0
EUW1_7711458501,100,0,0.0
EUW1_7711458501,200,1,0.0
EUW1_7711459305,100,0,0.0
EUW1_7711459305,200,1,0.0
EUW1_7711463344,100,0,-1.333333333333334
EUW1_7711463344,200,1,1.333333333333334
EUW1_7711464704,100,0,0.0
EUW1_7711464704,200,1,0.0
EUW1_7711467587,100,0,0.0
EUW1_7711467587,200,1,0.0
EUW1_7711470961,100,0,0.0
EUW1_7711470961,200,1,0.0
EUW1_7711476698,100,1,0.0
EUW1_7711476698,200,0,0.0
EUW1_7711477746,100,1,2.0
EUW1_7711477746,200,0,-2.0
EUW1_7711479744,100,1,0.0
EUW1_7711479744,200,0,0.0
EUW1_7711480143,100,0,0.0
EUW1_7711480143,200,1,0.0
EUW1_7711481274,100,0,0.0
EUW1_7711481274,200,1,0.0
EUW1_7711481603,100,0,0.8000000000000007
EUW1_7711481603,200,1,-0.8000000000000007
EUW1_7711482079,100,1,0.0
EUW1_7711482079,200,0,0.0
EUW1_7711482367,100,0,0.0
EUW1_7711482367,200,1,0.0
EUW1_7711484267,100,1,-0.5
EUW1_7711484267,200,0,0.5
EUW1_7711484432,100,1,0.0
EUW1_7711484432,200,0,0.0
EUW1_7711486554,100,0,0.0
EUW1_7711486554,200,1,0.0
EUW1_7711490229,100,0,0.0
EUW1_7711490229,200,1,0.0
EUW1_7711491340,100,0,0.0
EUW1_7711491340,200,1,0.0
EUW1_7711492542,100,1,-0.16666666666666607
EUW1_7711492542,200,0,0.16666666666666607
EUW1_7711492589,100,1,0.0
EUW1_7711492589,200,0,0.0
EUW1_7711492688,100,0,0.0
EUW1_7711492688,200,1,0.0
EUW1_7711494242,100,0,-0.40000000000000036
EUW1_7711494242,200,1,0.40000000000000036
EUW1_7711494308,100,1,-0.6666666666666661
EUW1_7711494308,200,0,0.6666666666666661
EUW1_7711499697,100,0,-0.6666666666666661
EUW1_7711499697,200,1,0.6666666666666661
EUW1_7711500283,100,0,0.0
EUW1_7711500283,200,1,0.0
EUW1_7711504244,100,0,0.0
EUW1_7711504244,200,1,0.0
EUW1_7711507170,100,0,0.0
EUW1_7711507170,200,1,0.0
EUW1_7711509590,100,0,-0.6666666666666661
EUW1_7711509590,200,1,0.6666666666666661
EUW1_7711510459,100,0,0.0
EUW1_7711510459,200,1,0.0
EUW1_7711512990,100,1,-1.5
EUW1_7711512990,200,0,1.5
EUW1_7711513963,100,1,-2.0
EUW1_7711513963,200,0,2.0
EUW1_7711514864,100,1,0.0
EUW1_7711514864,200,0,0.0
EUW1_7711517195,100,1,0.16666666666666607
EUW1_7711517195,200,0,-0.16666666666666607
EUW1_7711517465,100,1,0.0
EUW1_7711517465,200,0,0.0
EUW1_7711517737,100,1,0.0
EUW1_7711517737,200,0,0.0
EUW1_7711517817,100,1,0.0
EUW1_7711517817,200,0,0.0
EUW1_7711518674,100,1,0.0
EUW1_7711518674,200,0,0.0
EUW1_7711519816,100,0,0.0
EUW1_7711519816,200,1,0.0
EUW1_7711520023,100,0,-2.0
EUW1_7711520023,200,1,2.0
EUW1_7711521945,100,1,0.0
EUW1_7711521945,200,0,0.0
EUW1_7711523720,100,1,-2.0
EUW1_7711523720,200,0,2.0
EUW1_7711525380,100,0,0.0
EUW1_7711525380,200,1,0.0
EUW1_7711525566,100,0,0.0
EUW1_7711525566,200,1,0.0
EUW1_7711526627,100,1,0.5
EUW1_7711526627,200,0,-0.5
EUW1_7711527388,100,1,0.0
EUW1_7711527388,200,0,0.0
EUW1_7711530284,100,1,0.0
EUW1_7711530284,200,0,0.0
EUW1_7711531472,100,0,0.0
EUW1_7711531472,200,1,0.0
EUW1_7711531491,100,0,0.0
EUW1_7711531491,200,1,0.0
EUW1_7711532052,100,0,0.0
EUW1_7711532052,200,1,0.0
EUW1_7711532847,100,1,0.0
EUW1_7711532847,200,0,0.0
EUW1_7711535900,100,0,0.0
EUW1_7711535900,200,1,0.0
EUW1_7711538107,100,0,0.0
EUW1_7711538107,200,1,0.0
EUW1_7711538897,100,0,-0.8000000000000007
EUW1_7711538897,200,1,0.8000000000000007
EUW1_7711540463,100,1,0.0
EUW1_7711540463,200,0,0.0
EUW1_7711541359,100,0,0.0
EUW1_7711541359,200,1,0.0
EUW1_7711544042,100,1,0.0
EUW1_7711544042,200,0,0.0
EUW1_7711545445,100,0,0.3333333333333339
EUW1_7711545445,200,1,-0.3333333333333339
EUW1_7711547990,100,0,0.0
EUW1_7711547990,200,1,0.0
EUW1_7711548913,100,1,1.0
EUW1_7711548913,200,0,-1.0
EUW1_7711550437,100,1,0.0
EUW1_7711550437,200,0,0.0
EUW1_7711551187,100,1,0.0
EUW1_7711551187,200,0,0.0
EUW1_7711551316,100,1,0.0
EUW1_7711551316,200,0,0.0
EUW1_7711554962,100,0,0.6666666666666679
EUW1_7711554962,200,1,-0.6666666666666679
EUW1_7711556102,100,1,1.0
EUW1_7711556102,200,0,-1.0
EUW1_7711557061,100,1,0.0
EUW1_7711557061,200,0,0.0
EUW1_7711564789,100,1,2.0
EUW1_7711564789,200,0,-2.0
EUW1_7711568471,100,1,0.0
EUW1_7711568471,200,0,0.0
EUW1_7711573072,100,0,0.0
EUW1_7711573072,200,1,0.0
EUW1_7711573104,100,0,0.0
EUW1_7711573104,200,1,0.0
EUW1_7711573507,100,1,1.0
EUW1_7711573507,200,0,-1.0
EUW1_7711573688,100,1,0.0
EUW1_7711573688,200,0,0.0
EUW1_7711573694,100,0,0.0
EUW1_7711573694,200,1,0.0
EUW1_7711575908,100,0,0.0
EUW1_7711575908,200,1,0.0
EUW1_7711576495,100,1,0.0
EUW1_7711576495,200,0,0.0
EUW1_7711576866,100,0,0.5
EUW1_7711576866,200,1,-0.5
EUW1_7711577545,100,0,0.0
EUW1_7711577545,200,1,0.0
EUW1_7711579054,100,0,0.0
EUW1_7711579054,200,1,0.0
EUW1_7711579964,100,1,0.0
EUW1_7711579964,200,0,0.0
EUW1_7711582101,100,1,0.0
EUW1_7711582101,200,0,0.0
EUW1_7711583076,100,0,0.0
EUW1_7711583076,200,1,0.0
EUW1_7711583624,100,1,-0.6666666666666661
EUW1_7711583624,200,0,0.6666666666666661
EUW1_7711585493,100,1,0.0
EUW1_7711585493,200,0,0.0
EUW1_7711587059,100,0,0.0
EUW1_7711587059,200,1,0.0
EUW1_7711587306,100,1,-1.333333333333334
EUW1_7711587306,200,0,1.333333333333334
EUW1_7711588359,100,0,0.0
EUW1_7711588359,200,1,0.0
EUW1_7711589000,100,1,0.0
EUW1_7711589000,200,0,0.0
EUW1_7711589717,100,1,2.0
EUW1_7711589717,200,0,-2.0
EUW1_7711590104,100,1,0.0
EUW1_7711590104,200,0,0.0
EUW1_7711592732,100,1,0.0
EUW1_7711592732,200,0,0.0
EUW1_7711593736,100,1,0.0
EUW1_7711593736,200,0,0.0
EUW1_7711594853,100,1,0.0
EUW1_7711594853,200,0,0.0
EUW1_7711597011,100,1,-1.0
EUW1_7711597011,200,0,1.0
EUW1_7711597711,100,1,0.0
EUW1_7711597711,200,0,0.0
EUW1_7711598242,100,0,0.0
EUW1_7711598242,200,1,0.0
EUW1_7711598589,100,1,0.0
EUW1_7711598589,200,0,0.0
EUW1_7711600603,100,1,-0.6666666666666661
EUW1_7711600603,200,0,0.6666666666666661
EUW1_7711602651,100,1,-1.1999999999999993
EUW1_7711602651,200,0,1.1999999999999993
EUW1_7711603599,100,0,0.0
EUW1_7711603599,200,1,0.0
EUW1_7711605787,100,1,0.0
EUW1_7711605787,200,0,0.0
EUW1_7711607623,100,0,0.0
EUW1_7711607623,200,1,0.0
EUW1_7711608693,100,0,0.0
EUW1_7711608693,200,1,0.0
EUW1_7711611544,100,0,0.0
EUW1_7711611544,200,1,0.0
EUW1_7711612401,100,0,0.0
EUW1_7711612401,200,1,0.0
EUW1_7711613053,100,0,-1.333333333333334
EUW1_7711613053,200,1,1.333333333333334
EUW1_7711614571,100,0,0.0
EUW1_7711614571,200,1,0.0
EUW1_7711621299,100,0,0.0
EUW1_7711621299,200,1,0.0
EUW1_7711621495,100,1,1.0
EUW1_7711621495,200,0,-1.0
EUW1_7711624287,100,1,0.0
EUW1_7711624287,200,0,0.0
EUW1_7711625435,100,0,-2.0
EUW1_7711625435,200,1,2.0
EUW1_7711625461,100,1,1.0
EUW1_7711625461,200,0,-1.0
EUW1_7711629439,100,0,0.0
EUW1_7711629439,200,1,0.0
EUW1_7711630378,100,1,2.0
EUW1_7711630378,200,0,-2.0
EUW1_7711631134,100,1,0.0
EUW1_7711631134,200,0,0.0
EUW1_7711631683,100,1,0.0
EUW1_7711631683,200,0,0.0
EUW1_7711633841,100,1,-1.0
EUW1_7711633841,200,0,1.0
EUW1_7711634040,100,1,0.0
EUW1_7711634040,200,0,0.0
EUW1_7711639915,100,1,-1.0
EUW1_7711639915,200,0,1.0
EUW1_7711642579,100,1,0.0
EUW1_7711642579,200,0,0.0
EUW1_7711643131,100,1,0.0
EUW1_7711643131,200,0,0.0
EUW1_7711644934,100,0,0.0
EUW1_7711644934,200,1,0.0
EUW1_7711646204,100,0,-1.333333333333334
EUW1_7711646204,200,1,1.333333333333334
EUW1_7711646304,100,0,0.0
EUW1_7711646304,200,1,0.0
EUW1_7711646438,100,0,0.0
EUW1_7711646438,200,1,0.0
EUW1_7711647324,100,1,-1.333333333333334
EUW1_7711647324,200,0,1.333333333333334
EUW1_7711650700,100,0,-1.0
EUW1_7711650700,200,1,1.0
EUW1_7711653214,100,1,0.0
EUW1_7711653214,200,0,0.0
EUW1_7711654002,100,1,0.6666666666666661
EUW1_7711654002,200,0,-0.6666666666666661
EUW1_7711655122,100,0,0.0
EUW1_7711655122,200,1,0.0
EUW1_7711656419,100,0,0.0
EUW1_7711656419,200,1,0.0
EUW1_7711659168,100,1,0.0
EUW1_7711659168,200,0,0.0
EUW1_7711662439,100,1,2.0
EUW1_7711662439,200,0,-2.0
EUW1_7711663023,100,0,0.0
EUW1_7711663023,200,1,0.0
EUW1_7711663492,100,0,0.0
EUW1_7711663492,200,1,0.0
EUW1_7711665507,100,0,-0.6666666666666661
EUW1_7711665507,200,1,0.6666666666666661
EUW1_7711666496,100,0,0.0
EUW1_7711666496,200,1,0.0
EUW1_7711668436,100,0,0.0
EUW1_7711668436,200,1,0.0
EUW1_7711674558,100,1,0.0
EUW1_7711674558,200,0,0.0
EUW1_7711675361,100,0,0.0
EUW1_7711675361,200,1,0.0
EUW1_7711676420,100,0,0.0
EUW1_7711676420,200,1,0.0
EUW1_7711676971,100,0,0.0
EUW1_7711676971,200,1,0.0
EUW1_7711677738,100,0,0.0
EUW1_7711677738,200,1,0.0
EUW1_7711679163,100,1,-0.8333333333333339
EUW1_7711679163,200,0,0.8333333333333339
EUW1_7711679713,100,0,0.0
EUW1_7711679713,200,1,0.0
EUW1_7711680841,100,1,0.0
EUW1_7711680841,200,0,0.0
EUW1_7711682655,100,0,1.0
EUW1_7711682655,200,1,-1.0
EUW1_7711685637,100,0,0.0
EUW1_7711685637,200,1,0.0
EUW1_7711687879,100,1,1.0
EUW1_7711687879,200,0,-1.0
EUW1_7711690134,100,0,0.0
EUW1_7711690134,200,1,0.0
EUW1_7711695625,100,0,1.0
EUW1_7711695625,200,1,-1.0
EUW1_7711698638,100,0,0.0
EUW1_7711698638,200,1,0.0
EUW1_7711698661,100,1,0.0
EUW1_7711698661,200,0,0.0
EUW1_7711699612,100,1,0.0
EUW1_7711699612,200,0,0.0
EUW1_7711700216,100,0,-1.0
EUW1_7711700216,200,1,1.0
EUW1_7711700967,100,0,-0.40000000000000036
EUW1_7711700967,200,1,0.40000000000000036
EUW1_7711702383,100,1,-1.0
EUW1_7711702383,200,0,1.0
EUW1_7711702774,100,0,-0.6666666666666679
EUW1_7711702774,200,1,0.6666666666666679
EUW1_7711705323,100,1,-2.0
EUW1_7711705323,200,0,2.0
EUW1_7711707920,100,0,-2.0
EUW1_7711707920,200,1,2.0
EUW1_7711708103,100,0,0.0
EUW1_7711708103,200,1,0.0
EUW1_7711711133,100,0,1.0
EUW1_7711711133,200,1,-1.0
EUW1_7711711899,100,0,0.0
EUW1_7711711899,200,1,0.0
EUW1_7711717991,100,1,0.0
EUW1_7711717991,200,0,0.0
EUW1_7711719395,100,0,0.0
EUW1_7711719395,200,1,0.0
EUW1_7711719481,100,0,0.0
EUW1_7711719481,200,1,0.0
EUW1_7711719482,100,0,0.0
EUW1_7711719482,200,1,0.0
EUW1_7711719991,100,1,0.0
EUW1_7711719991,200,0,0.0
EUW1_7711721586,100,0,0.0
EUW1_7711721586,200,1,0.0
EUW1_7711724420,100,0,0.0
EUW1_7711724420,200,1,0.0
EUW1_7711725690,100,0,-2.0
EUW1_7711725690,200,1,2.0
EUW1_7711726526,100,0,0.0
EUW1_7711726526,200,1,0.0
EUW1_7711727579,100,1,0.0
EUW1_7711727579,200,0,0.0
EUW1_7711727973,100,0,0.0
EUW1_7711727973,200,1,0.0
EUW1_7711729182,100,1,0.0
EUW1_7711729182,200,0,0.0
EUW1_7711733726,100,1,0.3333333333333339
EUW1_7711733726,200,0,-0.3333333333333339
EUW1_7711734800,100,1,0.0
EUW1_7711734800,200,0,0.0
EUW1_7711735138,100,1,0.0
EUW1_7711735138,200,0,0.0
EUW1_7711735741,100,1,0.0
EUW1_7711735741,200,0,0.0
EUW1_7711735780,100,0,0.0
EUW1_7711735780,200,1,0.0
EUW1_7711735985,100,0,-0.13333333333333464
EUW1_7711735985,200,1,0.13333333333333464
EUW1_7711737764,100,1,0.0
EUW1_7711737764,200,0,0.0
EUW1_7711738132,100,1,0.0
EUW1_7711738132,200,0,0.0
EUW1_7711738678,100,1,0.5
EUW1_7711738678,200,0,-0.5
EUW1_7711740298,100,0,-1.0
EUW1_7711740298,200,1,1.0
EUW1_7711740387,100,1,0.0
EUW1_7711740387,200,0,0.0
EUW1_7711740788,100,0,0.0
EUW1_7711740788,200,1,0.0
EUW1_7711743657,100,0,1.0
EUW1_7711743657,200,1,-1.0
EUW1_7711744519,100,1,0.0
EUW1_7711744519,200,0,0.0
EUW1_7711745385,100,0,0.0
EUW1_7711745385,200,1,0.0
EUW1_7711745559,100,0,0.0
EUW1_7711745559,200,1,0.0
EUW1_7711747545,100,0,0.0
EUW1_7711747545,200,1,0.0
EUW1_7711749744,100,0,0.0
EUW1_7711749744,200,1,0.0
EUW1_7711749989,100,0,-1.0
EUW1_7711749989,200,1,1.0
EUW1_7711751583,100,1,2.0
EUW1_7711751583,200,0,-2.0
EUW1_7711753388,100,0,0.0
EUW1_7711753388,200,1,0.0
EUW1_7711754000,100,0,0.0
EUW1_7711754000,200,1,0.0
EUW1_7711762588,100,0,-1.0
EUW1_7711762588,200,1,1.0
EUW1_7711764142,100,0,-1.333333333333334
EUW1_7711764142,200,1,1.333333333333334
EUW1_7711764246,100,0,0.0
EUW1_7711764246,200,1,0.0
EUW1_7711765358,100,1,0.0
EUW1_7711765358,200,0,0.0
EUW1_7711767544,100,1,0.0
EUW1_7711767544,200,0,0.0
EUW1_7711769942,100,0,0.0
EUW1_7711769942,200,1,0.0
EUW1_7711770393,100,0,0.0
EUW1_7711770393,200,1,0.0
EUW1_7711770588,100,1,0.0
EUW1_7711770588,200,0,0.0
EUW1_7711771580,100,1,0.0
EUW1_7711771580,200,0,0.0
EUW1_7711773969,100,0,-0.6666666666666679
EUW1_7711773969,200,1,0.6666666666666679
EUW1_7711774367,100,0,0.0
EUW1_7711774367,200,1,0.0
EUW1_7711775741,100,1,0.0
EUW1_7711775741,200,0,0.0
EUW1_7711778114,100,0,0.0
EUW1_7711778114,200,1,0.0
EUW1_7711778577,100,1,0.0
EUW1_7711778577,200,0,0.0
EUW1_7711780062,100,1,0.0
EUW1_7711780062,200,0,0.0
EUW1_7711780184,100,1,0.0
EUW1_7711780184,200,0,0.0
EUW1_7711781379,100,0,0.0
EUW1_7711781379,200,1,0.0
EUW1_7711781427,100,0,1.333333333333333
EUW1_7711781427,200,1,-1.333333333333333
EUW1_7711783526,100,1,1.0
EUW1_7711783526,200,0,-1.0
EUW1_7711786034,100,1,0.0
EUW1_7711786034,200,0,0.0
EUW1_7711786490,100,0,0.0
EUW1_7711786490,200,1,0.0
EUW1_7711787152,100,1,0.0
EUW1_7711787152,200,0,0.0
EUW1_7711787315,100,1,0.0
EUW1_7711787315,200,0,0.0
EUW1_7711788574,100,1,0.0
EUW1_7711788574,200,0,0.0
EUW1_7711788738,100,0,0.3333333333333339
EUW1_7711788738,200,1,-0.3333333333333339
EUW1_7711789949,100,1,0.0
EUW1_7711789949,200,0,0.0
EUW1_7711792734,100,1,-0.5
EUW1_7711792734,200,0,0.5
EUW1_7711795635,100,1,-1.0
EUW1_7711795635,200,0,1.0
EUW1_7711795953,100,0,-0.6666666666666661
EUW1_7711795953,200,1,0.6666666666666661
EUW1_7711802052,100,1,0.0
EUW1_7711802052,200,0,0.0
EUW1_7711803171,100,1,0.0
EUW1_7711803171,200,0,0.0
EUW1_7711803581,100,1,0.0
EUW1_7711803581,200,0,0.0
EUW1_7711803708,100,0,0.0
EUW1_7711803708,200,1,0.0
EUW1_7711803860,100,1,0.0
EUW1_7711803860,200,0,0.0
EUW1_7711806232,100,0,0.0
EUW1_7711806232,200,1,0.0
EUW1_7711806245,100,0,1.5
EUW1_7711806245,200,1,-1.5
EUW1_7711806772,100,0,0.0
EUW1_7711806772,200,1,0.0
EUW1_7711808821,100,1,0.0
EUW1_7711808821,200,0,0.0
EUW1_7711810450,100,0,-0.6666666666666661
EUW1_7711810450,200,1,0.6666666666666661
EUW1_7711813169,100,0,0.0
EUW1_7711813169,200,1,0.0
EUW1_7711817425,100,0,0.6666666666666661
EUW1_7711817425,200,1,-0.6666666666666661
EUW1_7711817600,100,1,0.0
EUW1_7711817600,200,0,0.0
EUW1_7711818992,100,1,0.0
EUW1_7711818992,200,0,0.0
EUW1_7711819079,100,1,0.0
EUW1_7711819079,200,0,0.0
EUW1_7711819362,100,0,-0.5
EUW1_7711819362,200,1,0.5
EUW1_7711821271,100,0,0.0
EUW1_7711821271,200,1,0.0
EUW1_7711823428,100,0,0.0
EUW1_7711823428,200,1,0.0
EUW1_7711823581,100,1,0.0
EUW1_7711823581,200,0,0.0
EUW1_7711827705,100,0,0.0
EUW1_7711827705,200,1,0.0
EUW1_7711828752,100,1,0.0
EUW1_7711828752,200,0,0.0
EUW1_7711830009,100,0,2.0
EUW1_7711830009,200,1,-2.0
EUW1_7711830394,100,0,0.0
EUW1_7711830394,200,1,0.0
EUW1_7711830671,100,0,-2.0
EUW1_7711830671,200,1,2.0
EUW1_7711831001,100,1,0.0
EUW1_7711831001,200,0,0.0
EUW1_7711831185,100,1,0.0
EUW1_7711831185,200,0,0.0
EUW1_7711835092,100,1,-0.6666666666666661
EUW1_7711835092,200,0,0.6666666666666661
EUW1_7711838160,100,1,-1.0
EUW1_7711838160,200,0,1.0
EUW1_7711839786,100,1,0.0
EUW1_7711839786,200,0,0.0
EUW1_7711840493,100,1,0.0
EUW1_7711840493,200,0,0.0
EUW1_7711842637,100,0,-1.0
EUW1_7711842637,200,1,1.0
EUW1_7711845261,100,1,0.0
EUW1_7711845261,200,0,0.0
EUW1_7711845748,100,1,0.3333333333333339
EUW1_7711845748,200,0,-0.3333333333333339
EUW1_7711846883,100,1,0.0
EUW1_7711846883,200,0,0.0
EUW1_7711847398,100,1,0.0
EUW1_7711847398,200,0,0.0
EUW1_7711848409,100,1,0.0
EUW1_7711848409,200,0,0.0
EUW1_7711848658,100,0,0.0
EUW1_7711848658,200,1,0.0
EUW1_7711848946,100,1,0.0
EUW1_7711848946,200,0,0.0
EUW1_7711849288,100,0,0.0
EUW1_7711849288,200,1,0.0
EUW1_7711849976,100,1,-1.0
EUW1_7711849976,200,0,1.0
EUW1_7711851784,100,1,0.0
EUW1_7711851784,200,0,0.0
EUW1_7711851987,100,0,0.0
EUW1_7711851987,200,1,0.0
EUW1_7711852521,100,0,1.0
EUW1_7711852521,200,1,-1.0
EUW1_7711855080,100,1,0.3333333333333339
EUW1_7711855080,200,0,-0.3333333333333339
EUW1_7711857286,100,1,-0.3333333333333339
EUW1_7711857286,200,0,0.3333333333333339
EUW1_7711862564,100,0,-1.0
EUW1_7711862564,200,1,1.0
EUW1_7711864466,100,0,-1.0
EUW1_7711864466,200,1,1.0
EUW1_7711864598,100,1,0.0
EUW1_7711864598,200,0,0.0
EUW1_7711864780,100,0,0.0
EUW1_7711864780,200,1,0.0
EUW1_7711868302,100,0,0.6666666666666661
EUW1_7711868302,200,1,-0.6666666666666661
EUW1_7711868540,100,0,-0.16666666666666607
EUW1_7711868540,200,1,0.16666666666666607
EUW1_7711868711,100,1,0.0
EUW1_7711868711,200,0,0.0
EUW1_7711868742,100,0,0.0
EUW1_7711868742,200,1,0.0
EUW1_7711870720,100,1,0.0
EUW1_7711870720,200,0,0.0
EUW1_7711872970,100,1,0.0
EUW1_7711872970,200,0,0.0
EUW1_7711877195,100,0,-0.5
EUW1_7711877195,200,1,0.5
EUW1_7711879551,100,0,-1.0
EUW1_7711879551,200,1,1.0
EUW1_7711880613,100,1,0.0
EUW1_7711880613,200,0,0.0
EUW1_7711880874,100,0,0.0
EUW1_7711880874,200,1,0.0
EUW1_7711883937,100,0,0.0
EUW1_7711883937,200,1,0.0
EUW1_7711885266,100,1,0.0
EUW1_7711885266,200,0,0.0
EUW1_7711885284,100,0,0.0
EUW1_7711885284,200,1,0.0
EUW1_7711887834,100,1,0.0
EUW1_7711887834,200,0,0.0
EUW1_7711889928,100,1,0.0
EUW1_7711889928,200,0,0.0
EUW1_7711891100,100,0,-2.0
EUW1_7711891100,200,1,2.0
EUW1_7711896311,100,0,0.0
EUW1_7711896311,200,1,0.0
EUW1_7711896634,100,0,0.0
EUW1_7711896634,200,1,0.0
EUW1_7711897150,100,0,0.0
EUW1_7711897150,200,1,0.0
EUW1_7711898011,100,0,-0.6666666666666661
EUW1_7711898011,200,1,0.6666666666666661
EUW1_7711898815,100,1,0.0
EUW1_7711898815,200,0,0.0
EUW1_7711900995,100,0,0.0
EUW1_7711900995,200,1,0.0
EUW1_7711903329,100,0,0.0
EUW1_7711903329,200,1,0.0
EUW1_7711903881,100,0,-1.0
EUW1_7711903881,200,1,1.0
EUW1_7711904194,100,0,-0.6666666666666661
EUW1_7711904194,200,1,0.6666666666666661
EUW1_7711907391,100,0,0.0
EUW1_7711907391,200,1,0.0
EUW1_7711908773,100,1,0.6666666666666661
EUW1_7711908773,200,0,-0.6666666666666661
EUW1_7711909442,100,0,0.0
EUW1_7711909442,200,1,0.0
EUW1_7711913632,100,1,0.5
EUW1_7711913632,200,0,-0.5
EUW1_7711916131,100,1,-0.6666666666666661
EUW1_7711916131,200,0,0.6666666666666661
EUW1_7711916550,100,0,0.0
EUW1_7711916550,200,1,0.0
EUW1_7711917830,100,0,0.0
EUW1_7711917830,200,1,0.0
EUW1_7711917976,100,1,0.0
EUW1_7711917976,200,0,0.0
EUW1_7711920255,100,0,2.0
EUW1_7711920255,200,1,-2.0
EUW1_7711924278,100,0,0.0
EUW1_7711924278,200,1,0.0
EUW1_7711926839,100,1,0.3333333333333339
EUW1_7711926839,200,0,-0.3333333333333339
EUW1_7711928500,100,1,0.0
EUW1_7711928500,200,0,0.0
EUW1_7711931141,100,1,0.0
EUW1_7711931141,200,0,0.0
EUW1_7711931722,100,0,0.0
EUW1_7711931722,200,1,0.0
EUW1_7711931817,100,1,0.0
EUW1_7711931817,200,0,0.0
EUW1_7711935382,100,0,0.0
EUW1_7711935382,200,1,0.0
EUW1_7711935880,100,0,1.0
EUW1_7711935880,200,1,-1.0
EUW1_7711936092,100,1,0.0
EUW1_7711936092,200,0,0.0
EUW1_7711937266,100,1,0.0
EUW1_7711937266,200,0,0.0
EUW1_7711937512,100,1,1.333333333333334
EUW1_7711937512,200,0,-1.333333333333334
EUW1_7711937929,100,1,0.0
EUW1_7711937929,200,0,0.0
EUW1_7711938077,100,1,-0.5
EUW1_7711938077,200,0,0.5
EUW1_7711939627,100,0,0.0
EUW1_7711939627,200,1,0.0
EUW1_7711940178,100,1,-0.5
EUW1_7711940178,200,0,0.5
EUW1_7711940261,100,0,0.0
EUW1_7711940261,200,1,0.0
EUW1_7711942354,100,0,0.0
EUW1_7711942354,200,1,0.0
EUW1_7711945668,100,0,1.0
EUW1_7711945668,200,1,-1.0
EUW1_7711946448,100,0,1.333333333333334
EUW1_7711946448,200,1,-1.333333333333334
EUW1_7711947686,100,1,0.0
EUW1_7711947686,200,0,0.0
EUW1_7711948958,100,1,0.0
EUW1_7711948958,200,0,0.0
EUW1_7711951055,100,0,2.0
EUW1_7711951055,200,1,-2.0
EUW1_7711958055,100,0,0.0
EUW1_7711958055,200,1,0.0
EUW1_7711959263,100,0,-1.333333333333334
EUW1_7711959263,200,1,1.333333333333334
EUW1_7711959699,100,1,2.0
EUW1_7711959699,200,0,-2.0
EUW1_7711959867,100,1,0.0
EUW1_7711959867,200,0,0.0
EUW1_7711961622,100,1,1.0
EUW1_7711961622,200,0,-1.0
EUW1_7711962756,100,0,0.0
EUW1_7711962756,200,1,0.0
EUW1_7711963751,100,1,0.0
EUW1_7711963751,200,0,0.0
EUW1_7711964836,100,0,0.0
EUW1_7711964836,200,1,0.0
EUW1_7711965555,100,1,0.0
EUW1_7711965555,200,0,0.0
EUW1_7711965946,100,0,-2.0
EUW1_7711965946,200,1,2.0
EUW1_7711967173,100,0,0.6666666666666661
EUW1_7711967173,200,1,-0.6666666666666661
EUW1_7711968674,100,0,0.0
EUW1_7711968674,200,1,0.0
EUW1_7711968898,100,0,0.0
EUW1_7711968898,200,1,0.0
EUW1_7711969919,100,1,0.0
EUW1_7711969919,200,0,0.0
EUW1_7711971253,100,0,-0.3333333333333339
EUW1_7711971253,200,1,0.3333333333333339
EUW1_7711972790,100,0,1.0
EUW1_7711972790,200,1,-1.0
EUW1_7711972966,100,1,0.0
EUW1_7711972966,200,0,0.0
EUW1_7711974910,100,0,0.0
EUW1_7711974910,200,1,0.0
EUW1_7711975060,100,1,0.0
EUW1_7711975060,200,0,0.0
EUW1_7711976719,100,1,0.0
EUW1_7711976719,200,0,0.0
EUW1_7711977857,100,1,0.0
EUW1_7711977857,200,0,0.0
EUW1_7711978835,100,0,0.0
EUW1_7711978835,200,1,0.0
EUW1_7711984062,100,0,0.0
EUW1_7711984062,200,1,0.0
EUW1_7711985329,100,1,0.0
EUW1_7711985329,200,0,0.0
EUW1_7711985375,100,1,-1.0
EUW1_7711985375,200,0,1.0
EUW1_7711987397,100,1,0.0
EUW1_7711987397,200,0,0.0
EUW1_7711987406,100,0,0.0
EUW1_7711987406,200,1,0.0
EUW1_7711987454,100,0,-0.6666666666666661
EUW1_7711987454,200,1,0.6666666666666661
EUW1_7711988731,100,0,0.0
EUW1_7711988731,200,1,0.0
EUW1_7711989666,100,1,-1.0
EUW1_7711989666,200,0,1.0
EUW1_7711989699,100,0,0.0
EUW1_7711989699,200,1,0.0
EUW1_7711990797,100,1,0.5
EUW1_7711990797,200,0,-0.5
EUW1_7711992338,100,1,0.0
EUW1_7711992338,200,0,0.0
EUW1_7711992889,100,0,1.333333333333334
EUW1_7711992889,200,1,-1.333333333333334
EUW1_7711993120,100,1,0.0
EUW1_7711993120,200,0,0.0
EUW1_7711993288,100,1,1.0
EUW1_7711993288,200,0,-1.0
EUW1_7711994264,100,1,0.0
EUW1_7711994264,200,0,0.0
EUW1_7711994286,100,1,0.0
EUW1_7711994286,200,0,0.0
EUW1_7711995687,100,1,0.0
EUW1_7711995687,200,0,0.0
EUW1_7712000263,100,1,0.0
EUW1_7712000263,200,0,0.0
EUW1_7712002007,100,1,0.5
EUW1_7712002007,200,0,-0.5
EUW1_7712003890,100,0,-1.0
EUW1_7712003890,200,1,1.0
EUW1_7712004156,100,1,-1.0
EUW1_7712004156,200,0,1.0
EUW1_7712004576,100,1,0.0
EUW1_7712004576,200,0,0.0
EUW1_7712006733,100,1,0.0
EUW1_7712006733,200,0,0.0
EUW1_7712007620,100,1,0.0
EUW1_7712007620,200,0,0.0
EUW1_7712012355,100,1,0.0
EUW1_7712012355,200,0,0.0
EUW1_7712012501,100,1,0.0
EUW1_7712012501,200,0,0.0
EUW1_7712012979,100,0,0.6666666666666661
EUW1_7712012979,200,1,-0.6666666666666661
EUW1_7712014427,100,0,1.0
EUW1_7712014427,200,1,-1.0
EUW1_7712014715,100,1,0.3333333333333339
EUW1_7712014715,200,0,-0.3333333333333339
EUW1_7712015445,100,1,0.0
EUW1_7712015445,200,0,0.0
EUW1_7712016937,100,0,0.0
EUW1_7712016937,200,1,0.0
EUW1_7712022674,100,1,0.0
EUW1_7712022674,200,0,0.0
EUW1_7712023950,100,1,-0.3333333333333339
EUW1_7712023950,200,0,0.3333333333333339
EUW1_7712024438,100,0,0.0
EUW1_7712024438,200,1,0.0
EUW1_7712025200,100,1,-1.0
EUW1_7712025200,200,0,1.0
EUW1_7712027405,100,0,0.0
EUW1_7712027405,200,1,0.0
EUW1_7712031296,100,1,-2.0
EUW1_7712031296,200,0,2.0
EUW1_7712033113,100,0,0.6666666666666661
EUW1_7712033113,200,1,-0.6666666666666661
EUW1_7712034769,100,0,0.0
EUW1_7712034769,200,1,0.0
EUW1_7712035465,100,0,-1.333333333333334
EUW1_7712035465,200,1,1.333333333333334
EUW1_7712036210,100,1,0.0
EUW1_7712036210,200,0,0.0
EUW1_7712036606,100,0,0.0
EUW1_7712036606,200,1,0.0
EUW1_7712039410,100,0,0.0
EUW1_7712039410,200,1,0.0
EUW1_7712040373,100,1,1.0
EUW1_7712040373,200,0,-1.0
EUW1_7712042155,100,1,-1.333333333333334
EUW1_7712042155,200,0,1.333333333333334
EUW1_7712042587,100,1,1.333333333333334
EUW1_7712042587,200,0,-1.333333333333334
EUW1_7712043261,100,1,0.0
EUW1_7712043261,200,0,0.0
EUW1_7712047768,100,1,1.0
EUW1_7712047768,200,0,-1.0
EUW1_7712048055,100,1,0.0
EUW1_7712048055,200,0,0.0
EUW1_7712048181,100,0,1.0
EUW1_7712048181,200,1,-1.0
EUW1_7712049898,100,1,0.0
EUW1_7712049898,200,0,0.0
EUW1_7712054710,100,1,-1.0
EUW1_7712054710,200,0,1.0
EUW1_7712055844,100,0,0.0
EUW1_7712055844,200,1,0.0
EUW1_7712056164,100,1,0.0
EUW1_7712056164,200,0,0.0
EUW1_7712057559,100,0,0.0
EUW1_7712057559,200,1,0.0
EUW1_7712059474,100,0,-2.0
EUW1_7712059474,200,1,2.0
EUW1_7712060739,100,1,0.0
EUW1_7712060739,200,0,0.0
EUW1_7712061865,100,1,-0.3333333333333339
EUW1_7712061865,200,0,0.3333333333333339
EUW1_7712062730,100,1,0.0
EUW1_7712062730,200,0,0.0
EUW1_7712063437,100,1,0.0
EUW1_7712063437,200,0,0.0
EUW1_7712063594,100,1,0.0
EUW1_7712063594,200,0,0.0
EUW1_7712064219,100,0,0.0
EUW1_7712064219,200,1,0.0
EUW1_7712065445,100,0,0.0
EUW1_7712065445,200,1,0.0
EUW1_7712066997,100,1,0.0
EUW1_7712066997,200,0,0.0
EUW1_7712068619,100,1,0.0
EUW1_7712068619,200,0,0.0
EUW1_7712069220,100,0,0.0
EUW1_7712069220,200,1,0.0
EUW1_7712071310,100,0,0.0
EUW1_7712071310,200,1,0.0
EUW1_7712072438,100,1,0.0
EUW1_7712072438,200,0,0.0
EUW1_7712075252,100,1,1.0
EUW1_7712075252,200,0,-1.0
EUW1_7712075802,100,0,-1.333333333333334
EUW1_7712075802,200,1,1.333333333333334
EUW1_7712079225,100,1,0.6666666666666661
EUW1_7712079225,200,0,-0.6666666666666661
EUW1_7712079675,100,1,1.0
EUW1_7712079675,200,0,-1.0
EUW1_7712080088,100,0,0.6666666666666661
EUW1_7712080088,200,1,-0.6666666666666661
EUW1_7712080665,100,1,0.0
EUW1_7712080665,200,0,0.0
EUW1_7712081289,100,0,0.0
EUW1_7712081289,200,1,0.0
EUW1_7712082449,100,1,2.0
EUW1_7712082449,200,0,-2.0
EUW1_7712082450,100,1,0.0
EUW1_7712082450,200,0,0.0
EUW1_7712085255,100,0,0.0
EUW1_7712085255,200,1,0.0
EUW1_7712086679,100,1,0.0
EUW1_7712086679,200,0,0.0
EUW1_7712092102,100,0,0.0
EUW1_7712092102,200,1,0.0
EUW1_7712092365,100,1,2.0
EUW1_7712092365,200,0,-2.0
EUW1_7712093816,100,1,0.0
EUW1_7712093816,200,0,0.0
EUW1_7712095227,100,1,1.0
EUW1_7712095227,200,0,-1.0
EUW1_7712096713,100,0,0.0
EUW1_7712096713,200,1,0.0
EUW1_7712097692,100,0,-2.0
EUW1_7712097692,200,1,2.0
EUW1_7712098020,100,0,-1.0
EUW1_7712098020,200,1,1.0
EUW1_7712102602,100,0,0.0
EUW1_7712102602,200,1,0.0
EUW1_7712104790,100,1,0.0
EUW1_7712104790,200,0,0.0
EUW1_7712106232,100,0,-0.5
EUW1_7712106232,200,1,0.5
EUW1_7712109509,100,0,-2.0
EUW1_7712109509,200,1,2.0
EUW1_7712110557,100,1,1.0
EUW1_7712110557,200,0,-1.0
EUW1_7712113027,100,1,0.0
EUW1_7712113027,200,0,0.0
EUW1_7712113754,100,1,1.0
EUW1_7712113754,200,0,-1.0
EUW1_7712114454,100,0,0.0
EUW1_7712114454,200,1,0.0
EUW1_7712114930,100,0,0.0
EUW1_7712114930,200,1,0.0
EUW1_7712115597,100,0,0.0
EUW1_7712115597,200,1,0.0
EUW1_7712116893,100,0,-1.0
EUW1_7712116893,200,1,1.0
EUW1_7712117378,100,0,0.0
EUW1_7712117378,200,1,0.0
EUW1_7712121375,100,0,0.0
EUW1_7712121375,200,1,0.0
EUW1_7712123236,100,1,0.0
EUW1_7712123236,200,0,0.0
EUW1_7712124546,100,1,1.0
EUW1_7712124546,200,0,-1.0
EUW1_7712125948,100,1,0.5
EUW1_7712125948,200,0,-0.5
EUW1_7712126290,100,0,0.0
EUW1_7712126290,200,1,0.0
EUW1_7712130705,100,0,0.0
EUW1_7712130705,200,1,0.0
EUW1_7712131361,100,1,0.0
EUW1_7712131361,200,0,0.0
EUW1_7712133380,100,0,0.0
EUW1_7712133380,200,1,0.0
EUW1_7712133821,100,1,0.0
EUW1_7712133821,200,0,0.0
EUW1_7712138666,100,1,0.0
EUW1_7712138666,200,0,0.0
EUW1_7712140273,100,1,0.0
EUW1_7712140273,200,0,0.0
EUW1_7712143335,100,0,-1.0
EUW1_7712143335,200,1,1.0
EUW1_7712143343,100,1,0.0
EUW1_7712143343,200,0,0.0
EUW1_7712143563,100,1,-2.0
EUW1_7712143563,200,0,2.0
EUW1_7712143668,100,0,-0.6666666666666661
EUW1_7712143668,200,1,0.6666666666666661
EUW1_7712145283,100,0,0.0
EUW1_7712145283,200,1,0.0
EUW1_7712149113,100,0,0.0
EUW1_7712149113,200,1,0.0
EUW1_7712151194,100,0,1.0
EUW1_7712151194,200,1,-1.0
EUW1_7712151806,100,1,1.0
EUW1_7712151806,200,0,-1.0
EUW1_7712158935,100,0,0.0
EUW1_7712158935,200,1,0.0
EUW1_7712159172,100,1,0.0
EUW1_7712159172,200,0,0.0
EUW1_7712159256,100,1,0.0
EUW1_7712159256,200,0,0.0
EUW1_7712159584,100,1,0.0
EUW1_7712159584,200,0,0.0
EUW1_7712160288,100,1,0.3333333333333339
EUW1_7712160288,200,0,-0.3333333333333339
EUW1_7712160688,100,0,0.0
EUW1_7712160688,200,1,0.0
EUW1_7712161567,100,0,0.0
EUW1_7712161567,200,1,0.0
EUW1_7712161863,100,1,0.3333333333333339
EUW1_7712161863,200,0,-0.3333333333333339
EUW1_7712162739,100,0,0.0
EUW1_7712162739,200,1,0.0
EUW1_7712164118,100,1,1.1999999999999993
EUW1_7712164118,200,0,-1.1999999999999993
EUW1_7712164926,100,0,-2.0
EUW1_7712164926,200,1,2.0
EUW1_7712171648,100,0,0.0
EUW1_7712171648,200,1,0.0
EUW1_7712171754,100,0,0.0
EUW1_7712171754,200,1,0.0
EUW1_7712173380,100,0,0.0
EUW1_7712173380,200,1,0.0
EUW1_7712173421,100,0,-1.5999999999999996
EUW1_7712173421,200,1,1.5999999999999996
EUW1_7712173493,100,1,0.0
EUW1_7712173493,200,0,0.0
EUW1_7712176235,100,0,0.0
EUW1_7712176235,200,1,0.0
EUW1_7712177438,100,1,0.0
EUW1_7712177438,200,0,0.0
EUW1_7712177796,100,0,-0.6666666666666661
EUW1_7712177796,200,1,0.6666666666666661
EUW1_7712178464,100,1,0.0
EUW1_7712178464,200,0,0.0
EUW1_7712181477,100,1,0.0
EUW1_7712181477,200,0,0.0
EUW1_7712182370,100,1,2.0
EUW1_7712182370,200,0,-2.0
EUW1_7712183009,100,1,1.5
EUW1_7712183009,200,0,-1.5
EUW1_7712184377,100,1,0.0
EUW1_7712184377,200,0,0.0
EUW1_7712185504,100,1,0.0
EUW1_7712185504,200,0,0.0
EUW1_7712189348,100,1,0.0
EUW1_7712189348,200,0,0.0
EUW1_7712191783,100,1,0.0
EUW1_7712191783,200,0,0.0
EUW1_7712193439,100,0,0.0
EUW1_7712193439,200,1,0.0
EUW1_7712197291,100,0,0.0
EUW1_7712197291,200,1,0.0
EUW1_7712198093,100,0,-1.333333333333334
EUW1_7712198093,200,1,1.333333333333334
EUW1_7712199485,100,0,0.0
EUW1_7712199485,200,1,0.0
EUW1_7712200599,100,0,0.0
EUW1_7712200599,200,1,0.0
EUW1_7712201245,100,1,2.0
EUW1_7712201245,200,0,-2.0
EUW1_7712204859,100,0,0.0
EUW1_7712204859,200,1,0.0
EUW1_7712205104,100,0,0.0
EUW1_7712205104,200,1,0.0
EUW1_7712205319,100,0,0.0
EUW1_7712205319,200,1,0.0
EUW1_7712210186,100,1,0.0
EUW1_7712210186,200,0,0.0
EUW1_7712212081,100,0,0.0
EUW1_7712212081,200,1,0.0
EUW1_7712213108,100,0,0.0
EUW1_7712213108,200,1,0.0
EUW1_7712216016,100,1,1.333333333333334
EUW1_7712216016,200,0,-1.333333333333334
EUW1_7712216970,100,0,-1.0
EUW1_7712216970,200,1,1.0
EUW1_7712223498,100,1,0.0
EUW1_7712223498,200,0,0.0
EUW1_7712225252,100,1,0.0
EUW1_7712225252,200,0,0.0
EUW1_7712225447,100,0,-1.333333333333334
EUW1_7712225447,200,1,1.333333333333334
EUW1_7712228194,100,0,2.0
EUW1_7712228194,200,1,-2.0
EUW1_7712231887,100,0,0.0
EUW1_7712231887,200,1,0.0
EUW1_7712231985,100,0,0.0
EUW1_7712231985,200,1,0.0
EUW1_7712232591,100,1,0.0
EUW1_7712232591,200,0,0.0
EUW1_7712234802,100,1,0.0
EUW1_7712234802,200,0,0.0
EUW1_7712236952,100,1,0.5
EUW1_7712236952,200,0,-0.5
EUW1_7712237528,100,0,-1.0
EUW1_7712237528,200,1,1.0
EUW1_7712240141,100,0,-0.3333333333333339
EUW1_7712240141,200,1,0.3333333333333339
EUW1_7712242017,100,1,0.0
EUW1_7712242017,200,0,0.0
EUW1_7712244547,100,1,0.0
EUW1_7712244547,200,0,0.0
EUW1_7712245107,100,0,-1.0
EUW1_7712245107,200,1,1.0
EUW1_7712246438,100,0,0.0
EUW1_7712246438,200,1,0.0
EUW1_7712251846,100,1,0.0
EUW1_7712251846,200,0,0.0
EUW1_7712252298,100,1,-1.0
EUW1_7712252298,200,0,1.0
EUW1_7712252753,100,1,2.0
EUW1_7712252753,200,0,-2.0
EUW1_7712253637,100,0,0.0
EUW1_7712253637,200,1,0.0
EUW1_7712254108,100,1,-0.5
EUW1_7712254108,200,0,0.5
EUW1_7712255204,100,1,0.0
EUW1_7712255204,200,0,0.0
EUW1_7712259077,100,1,0.0
EUW1_7712259077,200,0,0.0
EUW1_7712263357,100,0,2.0
EUW1_7712263357,200,1,-2.0
EUW1_7712263478,100,0,0.0
EUW1_7712263478,200,1,0.0
EUW1_7712264687,100,1,0.0
EUW1_7712264687,200,0,0.0
EUW1_7712266511,100,1,0.0
EUW1_7712266511,200,0,0.0
EUW1_7712266604,100,0,0.0
EUW1_7712266604,200,1,0.0
EUW1_7712269188,100,0,0.5
EUW1_7712269188,200,1,-0.5
EUW1_7712271124,100,1,-1.0
EUW1_7712271124,200,0,1.0
EUW1_7712272870,100,1,0.0
EUW1_7712272870,200,0,0.0
EUW1_7712274006,100,1,0.0
EUW1_7712274006,200,0,0.0
EUW1_7712275115,100,1,0.0
EUW1_7712275115,200,0,0.0
EUW1_7712276239,100,0,0.0
EUW1_7712276239,200,1,0.0
EUW1_7712276654,100,0,0.0
EUW1_7712276654,200,1,0.0
EUW1_7712279802,100,1,-0.3333333333333339
EUW1_7712279802,200,0,0.3333333333333339
EUW1_7712281677,100,1,0.0
EUW1_7712281677,200,0,0.0
EUW1_7712284294,100,1,0.0
EUW1_7712284294,200,0,0.0
EUW1_7712287939,100,0,0.0
EUW1_7712287939,200,1,0.0
EUW1_7712290406,100,0,0.0
EUW1_7712290406,200,1,0.0
EUW1_7712290869,100,1,0.0
EUW1_7712290869,200,0,0.0
EUW1_7712291901,100,0,-0.5
EUW1_7712291901,200,1,0.5
EUW1_7712293034,100,1,0.0
EUW1_7712293034,200,0,0.0
EUW1_7712295749,100,0,-0.6666666666666661
EUW1_7712295749,200,1,0.6666666666666661
EUW1_7712299853,100,1,-2.0
EUW1_7712299853,200,0,2.0
EUW1_7712301230,100,1,0.0
EUW1_7712301230,200,0,0.0
EUW1_7712302645,100,0,0.0
EUW1_7712302645,200,1,0.0
EUW1_7712304580,100,0,0.6666666666666661
EUW1_7712304580,200,1,-0.6666666666666661
EUW1_7712306397,100,0,0.0
EUW1_7712306397,200,1,0.0
EUW1_7712307566,100,0,0.0
EUW1_7712307566,200,1,0.0
EUW1_7712308436,100,0,0.0
EUW1_7712308436,200,1,0.0
EUW1_7712309681,100,0,-1.666666666666667
EUW1_7712309681,200,1,1.666666666666667
EUW1_7712309910,100,0,0.5
EUW1_7712309910,200,1,-0.5
EUW1_7712310313,100,1,-1.0
EUW1_7712310313,200,0,1.0
EUW1_7712310834,100,1,-0.6666666666666661
EUW1_7712310834,200,0,0.6666666666666661
EUW1_7712312185,100,0,0.0
EUW1_7712312185,200,1,0.0
EUW1_7712313170,100,0,-0.3333333333333339
EUW1_7712313170,200,1,0.3333333333333339
EUW1_7712313924,100,1,0.5
EUW1_7712313924,200,0,-0.5
EUW1_7712315434,100,1,0.0
EUW1_7712315434,200,0,0.0
EUW1_7712316060,100,1,0.0
EUW1_7712316060,200,0,0.0
EUW1_7712316795,100,1,-1.0
EUW1_7712316795,200,0,1.0
EUW1_7712316852,100,1,0.0
EUW1_7712316852,200,0,0.0
EUW1_7712321854,100,1,0.6666666666666661
EUW1_7712321854,200,0,-0.6666666666666661
EUW1_7712322973,100,0,0.0
EUW1_7712322973,200,1,0.0
EUW1_7712323389,100,1,0.0
EUW1_7712323389,200,0,0.0
EUW1_7712323759,100,1,2.0
EUW1_7712323759,200,0,-2.0
EUW1_7712324014,100,1,0.0
EUW1_7712324014,200,0,0.0
EUW1_7712326436,100,1,0.0
EUW1_7712326436,200,0,0.0
EUW1_7712326456,100,1,0.0
EUW1_7712326456,200,0,0.0
EUW1_7712326579,100,0,0.0
EUW1_7712326579,200,1,0.0
EUW1_7712328139,100,0,-0.5
EUW1_7712328139,200,1,0.5
EUW1_7712332456,100,0,0.0
EUW1_7712332456,200,1,0.0
EUW1_7712332678,100,0,0.0
EUW1_7712332678,200,1,0.0
EUW1_7712334004,100,0,0.0
EUW1_7712334004,200,1,0.0
EUW1_7712335042,100,0,1.0
EUW1_7712335042,200,1,-1.0
EUW1_7712335314,100,0,0.5
EUW1_7712335314,200,1,-0.5
EUW1_7712337619,100,1,0.1999999999999993
EUW1_7712337619,200,0,-0.1999999999999993
EUW1_7712338823,100,0,0.0
EUW1_7712338823,200,1,0.0
EUW1_7712341778,100,1,0.0
EUW1_7712341778,200,0,0.0
EUW1_7712342303,100,0,0.0
EUW1_7712342303,200,1,0.0
EUW1_7712342356,100,0,0.0
EUW1_7712342356,200,1,0.0
EUW1_7712343395,100,0,-2.0
EUW1_7712343395,200,1,2.0
EUW1_7712346663,100,1,0.0
EUW1_7712346663,200,0,0.0
EUW1_7712351265,100,1,1.333333333333334
EUW1_7712351265,200,0,-1.333333333333334
EUW1_7712351542,100,1,-2.0
EUW1_7712351542,200,0,2.0
EUW1_7712352965,100,0,0.0
EUW1_7712352965,200,1,0.0
EUW1_7712354353,100,1,0.0
EUW1_7712354353,200,0,0.0
EUW1_7712354602,100,0,0.0
EUW1_7712354602,200,1,0.0
EUW1_7712355293,100,1,0.0
EUW1_7712355293,200,0,0.0
EUW1_7712355739,100,1,0.0
EUW1_7712355739,200,0,0.0
EUW1_7712356244,100,0,1.0
EUW1_7712356244,200,1,-1.0
EUW1_7712358139,100,1,0.0
EUW1_7712358139,200,0,0.0
EUW1_7712359850,100,1,1.0
EUW1_7712359850,200,0,-1.0
EUW1_7712360301,100,0,-2.0
EUW1_7712360301,200,1,2.0
EUW1_7712360417,100,1,0.5
EUW1_7712360417,200,0,-0.5
EUW1_7712362908,100,0,-0.5
EUW1_7712362908,200,1,0.5
EUW1_7712363730,100,1,-2.0
EUW1_7712363730,200,0,2.0
EUW1_7712365975,100,0,0.0
EUW1_7712365975,200,1,0.0
EUW1_7712368227,100,1,1.5
EUW1_7712368227,200,0,-1.5
EUW1_7712369061,100,1,1.0
EUW1_7712369061,200,0,-1.0
EUW1_7712373119,100,1,0.0
EUW1_7712373119,200,0,0.0
EUW1_7712373722,100,0,0.0
EUW1_7712373722,200,1,0.0
EUW1_7712376290,100,1,0.0
EUW1_7712376290,200,0,0.0
EUW1_7712377043,100,0,-2.0
EUW1_7712377043,200,1,2.0
EUW1_7712378462,100,0,0.0
EUW1_7712378462,200,1,0.0
EUW1_7712378685,100,1,0.0
EUW1_7712378685,200,0,0.0
EUW1_7712380414,100,1,0.0
EUW1_7712380414,200,0,0.0
EUW1_7712381809,100,1,-1.0
EUW1_7712381809,200,0,1.0
EUW1_7712387298,100,0,0.0
EUW1_7712387298,200,1,0.0
EUW1_7712387427,100,0,0.0
EUW1_7712387427,200,1,0.0
EUW1_7712388635,100,0,-1.0
EUW1_7712388635,200,1,1.0
EUW1_7712388884,100,0,0.0
EUW1_7712388884,200,1,0.0
EUW1_7712390566,100,0,1.0
EUW1_7712390566,200,1,-1.0
EUW1_7712390731,100,1,0.0
EUW1_7712390731,200,0,0.0
EUW1_7712391898,100,0,0.0
EUW1_7712391898,200,1,0.0
EUW1_7712392675,100,1,0.0
EUW1_7712392675,200,0,0.0
EUW1_7712394322,100,0,0.0
EUW1_7712394322,200,1,0.0
EUW1_7712395904,100,0,0.3333333333333339
EUW1_7712395904,200,1,-0.3333333333333339
EUW1_7712396581,100,0,-0.3333333333333339
EUW1_7712396581,200,1,0.3333333333333339
EUW1_7712398180,100,0,-0.5
EUW1_7712398180,200,1,0.5
EUW1_7712398918,100,0,1.0
EUW1_7712398918,200,1,-1.0
EUW1_7712400563,100,0,-2.0
EUW1_7712400563,200,1,2.0
EUW1_7712401523,100,1,0.0
EUW1_7712401523,200,0,0.0
EUW1_7712402265,100,0,-0.5
EUW1_7712402265,200,1,0.5
EUW1_7712403279,100,1,2.0
EUW1_7712403279,200,0,-2.0
EUW1_7712403323,100,0,0.0
EUW1_7712403323,200,1,0.0
EUW1_7712405454,100,0,0.0
EUW1_7712405454,200,1,0.0
EUW1_7712409211,100,1,0.0
EUW1_7712409211,200,0,0.0
EUW1_7712409654,100,1,-0.6666666666666661
EUW1_7712409654,200,0,0.6666666666666661
EUW1_7712411298,100,1,0.0
EUW1_7712411298,200,0,0.0
EUW1_7712414658,100,1,0.16666666666666607
EUW1_7712414658,200,0,-0.16666666666666607
EUW1_7712416035,100,0,-0.3333333333333339
EUW1_7712416035,200,1,0.3333333333333339
EUW1_7712416642,100,1,-1.0
EUW1_7712416642,200,0,1.0
EUW1_7712416826,100,0,0.0
EUW1_7712416826,200,1,0.0
EUW1_7712417407,100,1,0.0
EUW1_7712417407,200,0,0.0
EUW1_7712420887,100,0,0.0
EUW1_7712420887,200,1,0.0
EUW1_7712422437,100,0,0.0
EUW1_7712422437,200,1,0.0
EUW1_7712425482,100,1,0.3333333333333339
EUW1_7712425482,200,0,-0.3333333333333339
EUW1_7712426748,100,0,1.333333333333334
EUW1_7712426748,200,1,-1.333333333333334
EUW1_7712426783,100,0,0.0
EUW1_7712426783,200,1,0.0
EUW1_7712432838,100,1,0.0
EUW1_7712432838,200,0,0.0
EUW1_7712433873,100,1,0.0
EUW1_7712433873,200,0,0.0
EUW1_7712436668,100,0,0.0
EUW1_7712436668,200,1,0.0
EUW1_7712437326,100,1,2.0
EUW1_7712437326,200,0,-2.0
EUW1_7712437624,100,0,-0.3333333333333339
EUW1_7712437624,200,1,0.3333333333333339
EUW1_7712439288,100,0,0.0
EUW1_7712439288,200,1,0.0
EUW1_7712439687,100,0,1.333333333333334
EUW1_7712439687,200,1,-1.333333333333334
EUW1_7712440776,100,0,-0.6666666666666661
EUW1_7712440776,200,1,0.6666666666666661
EUW1_7712441937,100,1,0.0
EUW1_7712441937,200,0,0.0
EUW1_7712442168,100,0,0.0
EUW1_7712442168,200,1,0.0
EUW1_7712442831,100,1,0.0
EUW1_7712442831,200,0,0.0
EUW1_7712444255,100,1,0.0
EUW1_7712444255,200,0,0.0
EUW1_7712444521,100,0,1.0
EUW1_7712444521,200,1,-1.0
EUW1_7712444934,100,1,0.3333333333333339
EUW1_7712444934,200,0,-0.3333333333333339
EUW1_7712445168,100,0,1.0
EUW1_7712445168,200,1,-1.0
EUW1_7712448454,100,1,0.3000000000000007
EUW1_7712448454,200,0,-0.3000000000000007
EUW1_7712449383,100,1,-0.6666666666666661
EUW1_7712449383,200,0,0.6666666666666661
EUW1_7712449646,100,0,0.0
EUW1_7712449646,200,1,0.0
EUW1_7712451010,100,0,0.0
EUW1_7712451010,200,1,0.0
EUW1_7712451109,100,1,0.0
EUW1_7712451109,200,0,0.0
EUW1_7712451301,100,1,0.0
EUW1_7712451301,200,0,0.0
EUW1_7712452323,100,0,0.0
EUW1_7712452323,200,1,0.0
EUW1_7712452570,100,1,0.0
EUW1_7712452570,200,0,0.0
EUW1_7712453359,100,0,2.0
EUW1_7712453359,200,1,-2.0
EUW1_7712455857,100,1,0.0
EUW1_7712455857,200,0,0.0
EUW1_7712457054,100,0,0.0
EUW1_7712457054,200,1,0.0
EUW1_7712457912,100,1,0.0
EUW1_7712457912,200,0,0.0
EUW1_7712459040,100,0,-0.6666666666666679
EUW1_7712459040,200,1,0.6666666666666679
EUW1_7712459410,100,0,-0.6666666666666661
EUW1_7712459410,200,1,0.6666666666666661
EUW1_7712460433,100,0,0.0
EUW1_7712460433,200,1,0.0
EUW1_7712462197,100,0,0.0
EUW1_7712462197,200,1,0.0
EUW1_7712462731,100,1,-1.0
EUW1_7712462731,200,0,1.0
EUW1_7712464174,100,0,0.0
EUW1_7712464174,200,1,0.0
EUW1_7712464395,100,0,0.0
EUW1_7712464395,200,1,0.0
EUW1_7712465332,100,0,0.16666666666666607
EUW1_7712465332,200,1,-0.16666666666666607
EUW1_7712468561,100,1,-0.5
EUW1_7712468561,200,0,0.5
EUW1_7712468921,100,0,-1.0
EUW1_7712468921,200,1,1.0
EUW1_7712469166,100,0,-1.0
EUW1_7712469166,200,1,1.0
EUW1_7712470315,100,1,0.0
EUW1_7712470315,200,0,0.0
EUW1_7712473887,100,0,-0.3333333333333339
EUW1_7712473887,200,1,0.3333333333333339
EUW1_7712474227,100,0,0.0
EUW1_7712474227,200,1,0.0
EUW1_7712475220,100,1,0.6666666666666661
EUW1_7712475220,200,0,-0.6666666666666661
EUW1_7712475323,100,0,-2.0
EUW1_7712475323,200,1,2.0
EUW1_7712478942,100,0,0.5
EUW1_7712478942,200,1,-0.5
EUW1_7712479055,100,1,0.0
EUW1_7712479055,200,0,0.0
EUW1_7712479328,100,0,1.0
EUW1_7712479328,200,1,-1.0
EUW1_7712479561,100,1,-1.0
EUW1_7712479561,200,0,1.0
EUW1_7712479678,100,0,0.0
EUW1_7712479678,200,1,0.0
EUW1_7712480124,100,0,0.0
EUW1_7712480124,200,1,0.0
EUW1_7712481799,100,1,0.0
EUW1_7712481799,200,0,0.0
EUW1_7712483304,100,1,0.0
EUW1_7712483304,200,0,0.0
EUW1_7712484755,100,0,-1.0
EUW1_7712484755,200,1,1.0
EUW1_7712485901,100,1,0.0
EUW1_7712485901,200,0,0.0
EUW1_7712486437,100,1,0.6666666666666679
EUW1_7712486437,200,0,-0.6666666666666679
EUW1_7712488234,100,1,0.0
EUW1_7712488234,200,0,0.0
EUW1_7712489027,100,0,0.0
EUW1_7712489027,200,1,0.0
EUW1_7712489386,100,1,0.0
EUW1_7712489386,200,0,0.0
EUW1_7712491915,100,0,0.0
EUW1_7712491915,200,1,0.0
EUW1_7712493189,100,1,0.0
EUW1_7712493189,200,0,0.0
EUW1_7712495607,100,1,0.0
EUW1_7712495607,200,0,0.0
EUW1_7712497845,100,1,0.6666666666666661
EUW1_7712497845,200,0,-0.6666666666666661
EUW1_7712499586,100,0,0.0
EUW1_7712499586,200,1,0.0
EUW1_7712500150,100,1,0.0
EUW1_7712500150,200,0,0.0
EUW1_7712503701,100,1,1.0
EUW1_7712503701,200,0,-1.0
EUW1_7712504050,100,0,0.0
EUW1_7712504050,200,1,0.0
EUW1_7712505043,100,0,0.0
EUW1_7712505043,200,1,0.0
EUW1_7712505728,100,1,0.5
EUW1_7712505728,200,0,-0.5
EUW1_7712505792,100,1,0.0
EUW1_7712505792,200,0,0.0
EUW1_7712509257,100,0,0.0
EUW1_7712509257,200,1,0.0
EUW1_7712509861,100,0,0.0
EUW1_7712509861,200,1,0.0
EUW1_7712510843,100,1,-0.5999999999999996
EUW1_7712510843,200,0,0.5999999999999996
EUW1_7712511285,100,0,0.0
EUW1_7712511285,200,1,0.0
EUW1_7712511580,100,1,0.0
EUW1_7712511580,200,0,0.0
EUW1_7712511797,100,1,0.0
EUW1_7712511797,200,0,0.0
EUW1_7712514473,100,1,-0.6666666666666661
EUW1_7712514473,200,0,0.6666666666666661
EUW1_7712517039,100,1,-1.333333333333334
EUW1_7712517039,200,0,1.333333333333334
EUW1_7712517246,100,0,0.1999999999999993
EUW1_7712517246,200,1,-0.1999999999999993
EUW1_7712519443,100,1,0.0
EUW1_7712519443,200,0,0.0
EUW1_7712520698,100,1,0.3333333333333339
EUW1_7712520698,200,0,-0.3333333333333339
EUW1_7712520861,100,1,0.0
EUW1_7712520861,200,0,0.0
EUW1_7712521253,100,1,0.0
EUW1_7712521253,200,0,0.0
EUW1_7712522020,100,0,0.0
EUW1_7712522020,200,1,0.0
EUW1_7712522276,100,0,0.0
EUW1_7712522276,200,1,0.0
EUW1_7712522741,100,0,0.0
EUW1_7712522741,200,1,0.0
EUW1_7712524538,100,0,0.0
EUW1_7712524538,200,1,0.0
EUW1_7712525776,100,0,-0.6666666666666661
EUW1_7712525776,200,1,0.6666666666666661
EUW1_7712526569,100,1,1.0
EUW1_7712526569,200,0,-1.0
EUW1_7712526853,100,0,0.0
EUW1_7712526853,200,1,0.0
EUW1_7712527739,100,0,0.0
EUW1_7712527739,200,1,0.0
EUW1_7712528112,100,1,0.0
EUW1_7712528112,200,0,0.0
EUW1_7712530777,100,1,1.0
EUW1_7712530777,200,0,-1.0
EUW1_7712531120,100,0,0.0
EUW1_7712531120,200,1,0.0
EUW1_7712531733,100,0,0.0
EUW1_7712531733,200,1,0.0
EUW1_7712533226,100,1,0.0
EUW1_7712533226,200,0,0.0
EUW1_7712537120,100,0,0.0
EUW1_7712537120,200,1,0.0
EUW1_7712538823,100,0,0.0
EUW1_7712538823,200,1,0.0
EUW1_7712539348,100,1,-1.0
EUW1_7712539348,200,0,1.0
EUW1_7712539713,100,0,0.0
EUW1_7712539713,200,1,0.0
EUW1_7712540309,100,1,0.0
EUW1_7712540309,200,0,0.0
EUW1_7712540330,100,1,0.1999999999999993
EUW1_7712540330,200,0,-0.1999999999999993
EUW1_7712541780,100,1,0.0
EUW1_7712541780,200,0,0.0
EUW1_7712543475,100,0,0.0
EUW1_7712543475,200,1,0.0
EUW1_7712545832,100,1,0.6666666666666679
EUW1_7712545832,200,0,-0.6666666666666679
EUW1_7712546631,100,1,0.0
EUW1_7712546631,200,0,0.0
EUW1_7712547246,100,1,0.0
EUW1_7712547246,200,0,0.0
EUW1_7712547531,100,0,0.0
EUW1_7712547531,200,1,0.0
EUW1_7712549492,100,1,0.0
EUW1_7712549492,200,0,0.0
EUW1_7712550906,100,1,0.0
EUW1_7712550906,200,0,0.0
EUW1_7712551325,100,0,-0.3333333333333339
EUW1_7712551325,200,1,0.3333333333333339
EUW1_7712551543,100,1,0.0
EUW1_7712551543,200,0,0.0
EUW1_7712551770,100,1,0.0
EUW1_7712551770,200,0,0.0
EUW1_7712552105,100,1,0.0
EUW1_7712552105,200,0,0.0
EUW1_7712552113,100,0,0.0
EUW1_7712552113,200,1,0.0
EUW1_7712552907,100,0,0.0
EUW1_7712552907,200,1,0.0
EUW1_7712554279,100,0,0.0
EUW1_7712554279,200,1,0.0
EUW1_7712555659,100,1,0.3333333333333339
EUW1_7712555659,200,0,-0.3333333333333339
EUW1_7712556208,100,1,0.0
EUW1_7712556208,200,0,0.0
EUW1_7712556532,100,0,0.0
EUW1_7712556532,200,1,0.0
EUW1_7712558985,100,1,0.5
EUW1_7712558985,200,0,-0.5
EUW1_7712560211,100,0,-0.3333333333333339
EUW1_7712560211,200,1,0.3333333333333339
EUW1_7712560779,100,0,0.0
EUW1_7712560779,200,1,0.0
EUW1_7712562075,100,0,-1.0
EUW1_7712562075,200,1,1.0
EUW1_7712563986,100,0,0.0
EUW1_7712563986,200,1,0.0
EUW1_7712564008,100,0,0.0
EUW1_7712564008,200,1,0.0
EUW1_7712564234,100,0,0.0
EUW1_7712564234,200,1,0.0
EUW1_7712565213,100,0,0.0
EUW1_7712565213,200,1,0.0
EUW1_7712565561,100,0,1.0
EUW1_7712565561,200,1,-1.0
EUW1_7712566138,100,0,-0.6666666666666661
EUW1_7712566138,200,1,0.6666666666666661
EUW1_7712566453,100,1,0.0
EUW1_7712566453,200,0,0.0
EUW1_7712566892,100,1,-0.6666666666666661
EUW1_7712566892,200,0,0.6666666666666661
EUW1_7712567133,100,1,0.0
EUW1_7712567133,200,0,0.0
EUW1_7712567280,100,1,0.0
EUW1_7712567280,200,0,0.0
EUW1_7712569350,100,0,-1.333333333333334
EUW1_7712569350,200,1,1.333333333333334
EUW1_7712571202,100,0,0.0
EUW1_7712571202,200,1,0.0
EUW1_7712571994,100,1,0.0
EUW1_7712571994,200,0,0.0
EUW1_7712572333,100,0,-2.0
EUW1_7712572333,200,1,2.0
EUW1_7712574355,100,0,0.0
EUW1_7712574355,200,1,0.0
EUW1_7712575956,100,1,0.0
EUW1_7712575956,200,0,0.0
EUW1_7712577197,100,1,0.6666666666666661
EUW1_7712577197,200,0,-0.6666666666666661
EUW1_7712577339,100,0,0.0
EUW1_7712577339,200,1,0.0
EUW1_7712578126,100,1,0.0
EUW1_7712578126,200,0,0.0
EUW1_7712579686,100,1,0.0
EUW1_7712579686,200,0,0.0
EUW1_7712581407,100,0,0.0
EUW1_7712581407,200,1,0.0
EUW1_7712582059,100,1,0.0
EUW1_7712582059,200,0,0.0
EUW1_7712582514,100,0,-1.0
EUW1_7712582514,200,1,1.0
EUW1_7712582774,100,0,0.0
EUW1_7712582774,200,1,0.0
EUW1_7712585537,100,0,0.0
EUW1_7712585537,200,1,0.0
EUW1_7712586638,100,1,0.0
EUW1_7712586638,200,0,0.0
EUW1_7712588321,100,1,0.0
EUW1_7712588321,200,0,0.0
EUW1_7712588748,100,0,0.0
EUW1_7712588748,200,1,0.0
EUW1_7712589469,100,0,-0.3333333333333339
EUW1_7712589469,200,1,0.3333333333333339
EUW1_7712589811,100,1,0.0
EUW1_7712589811,200,0,0.0
EUW1_7712590428,100,1,0.0
EUW1_7712590428,200,0,0.0
EUW1_7712591163,100,0,-0.6666666666666661
EUW1_7712591163,200,1,0.6666666666666661
EUW1_7712591372,100,1,0.6666666666666679
EUW1_7712591372,200,0,-0.6666666666666679
EUW1_7712592663,100,0,2.0
EUW1_7712592663,200,1,-2.0
EUW1_7712593531,100,0,-0.6666666666666679
EUW1_7712593531,200,1,0.6666666666666679
EUW1_7712593646,100,0,0.0
EUW1_7712593646,200,1,0.0
EUW1_7712595386,100,0,1.333333333333334
EUW1_7712595386,200,1,-1.333333333333334
EUW1_7712595828,100,1,0.0
EUW1_7712595828,200,0,0.0
EUW1_7712595941,100,0,0.0
EUW1_7712595941,200,1,0.0
EUW1_7712596966,100,0,0.0
EUW1_7712596966,200,1,0.0
EUW1_7712597646,100,0,0.0
EUW1_7712597646,200,1,0.0
EUW1_7712598015,100,1,0.0
EUW1_7712598015,200,0,0.0
EUW1_7712598342,100,1,0.0
EUW1_7712598342,200,0,0.0
EUW1_7712601372,100,0,0.0
EUW1_7712601372,200,1,0.0
EUW1_7712601478,100,0,1.0
EUW1_7712601478,200,1,-1.0
EUW1_7712602174,100,1,0.0
EUW1_7712602174,200,0,0.0
EUW1_7712602568,100,0,0.0
EUW1_7712602568,200,1,0.0
EUW1_7712603268,100,0,1.0
EUW1_7712603268,200,1,-1.0
EUW1_7712603720,100,0,0.0
EUW1_7712603720,200,1,0.0
EUW1_7712604476,100,1,0.0
EUW1_7712604476,200,0,0.0
EUW1_7712604509,100,1,0.0
EUW1_7712604509,200,0,0.0
EUW1_7712604654,100,1,-0.3333333333333339
EUW1_7712604654,200,0,0.3333333333333339
EUW1_7712605443,100,1,0.0
EUW1_7712605443,200,0,0.0
EUW1_7712606223,100,0,-1.5
EUW1_7712606223,200,1,1.5
EUW1_7712608260,100,0,0.0
EUW1_7712608260,200,1,0.0
EUW1_7712608719,100,0,-0.3333333333333339
EUW1_7712608719,200,1,0.3333333333333339
EUW1_7712610238,100,1,0.5999999999999996
EUW1_7712610238,200,0,-0.5999999999999996
EUW1_7712611824,100,1,0.0
EUW1_7712611824,200,0,0.0
EUW1_7712612900,100,1,2.0
EUW1_7712612900,200,0,-2.0
EUW1_7712613468,100,1,0.0
EUW1_7712613468,200,0,0.0
EUW1_7712616304,100,1,-1.0
EUW1_7712616304,200,0,1.0
EUW1_7712616704,100,1,2.0
EUW1_7712616704,200,0,-2.0
EUW1_7712618589,100,1,0.0
EUW1_7712618589,200,0,0.0
EUW1_7712618682,100,1,0.0
EUW1_7712618682,200,0,0.0
EUW1_7712619551,100,0,-1.0
EUW1_7712619551,200,1,1.0
EUW1_7712619792,100,1,-2.0
EUW1_7712619792,200,0,2.0
EUW1_7712620177,100,1,0.0
EUW1_7712620177,200,0,0.0
EUW1_7712620927,100,1,0.0
EUW1_7712620927,200,0,0.0
EUW1_7712623460,100,1,0.0
EUW1_7712623460,200,0,0.0
EUW1_7712624415,100,1,0.0
EUW1_7712624415,200,0,0.0
EUW1_7712624670,100,1,2.0
EUW1_7712624670,200,0,-2.0
EUW1_7712625518,100,0,0.0
EUW1_7712625518,200,1,0.0
EUW1_7712626060,100,1,0.0
EUW1_7712626060,200,0,0.0
EUW1_7712626970,100,1,0.0
EUW1_7712626970,200,0,0.0
EUW1_7712627534,100,1,0.5
EUW1_7712627534,200,0,-0.5
EUW1_7712627715,100,0,0.0
EUW1_7712627715,200,1,0.0
EUW1_7712628323,100,1,0.0
EUW1_7712628323,200,0,0.0
EUW1_7712628455,100,1,-0.8000000000000007
EUW1_7712628455,200,0,0.8000000000000007
EUW1_7712628762,100,1,0.0
EUW1_7712628762,200,0,0.0
EUW1_7712628939,100,0,0.0
EUW1_7712628939,200,1,0.0
EUW1_7712629629,100,1,-0.5
EUW1_7712629629,200,0,0.5
EUW1_7712630012,100,1,0.0
EUW1_7712630012,200,0,0.0
EUW1_7712631565,100,0,-0.6666666666666661
EUW1_7712631565,200,1,0.6666666666666661
EUW1_7712635594,100,0,0.0
EUW1_7712635594,200,1,0.0
EUW1_7712635689,100,1,0.0
EUW1_7712635689,200,0,0.0
EUW1_7712637197,100,0,0.0
EUW1_7712637197,200,1,0.0
EUW1_7712638290,100,1,0.0
EUW1_7712638290,200,0,0.0
EUW1_7712640121,100,1,0.0
EUW1_7712640121,200,0,0.0
EUW1_7712640934,100,1,0.0
EUW1_7712640934,200,0,0.0
EUW1_7712643187,100,1,-1.0
EUW1_7712643187,200,0,1.0
EUW1_7712643943,100,1,-2.0
EUW1_7712643943,200,0,2.0
EUW1_7712645283,100,0,1.0
EUW1_7712645283,200,1,-1.0
EUW1_7712645540,100,0,0.6666666666666661
EUW1_7712645540,200,1,-0.6666666666666661
EUW1_7712648179,100,1,1.0
EUW1_7712648179,200,0,-1.0
EUW1_7712649135,100,0,0.0
EUW1_7712649135,200,1,0.0
EUW1_7712649219,100,0,0.0
EUW1_7712649219,200,1,0.0
EUW1_7712651373,100,1,0.0
EUW1_7712651373,200,0,0.0
EUW1_7712651478,100,0,-2.0
EUW1_7712651478,200,1,2.0
EUW1_7712653963,100,0,-1.0
EUW1_7712653963,200,1,1.0
EUW1_7712655259,100,1,-0.5
EUW1_7712655259,200,0,0.5
EUW1_7712656597,100,0,0.0
EUW1_7712656597,200,1,0.0
EUW1_7712658389,100,1,0.0
EUW1_7712658389,200,0,0.0
EUW1_7712659073,100,1,0.0
EUW1_7712659073,200,0,0.0
EUW1_7712659777,100,1,-1.0
EUW1_7712659777,200,0,1.0
EUW1_7712659881,100,0,0.0
EUW1_7712659881,200,1,0.0
EUW1_7712661707,100,1,0.0
EUW1_7712661707,200,0,0.0
EUW1_7712662273,100,1,1.0
EUW1_7712662273,200,0,-1.0
EUW1_7712663851,100,1,0.0
EUW1_7712663851,200,0,0.0
EUW1_7712664582,100,1,0.0
EUW1_7712664582,200,0,0.0
EUW1_7712665621,100,0,0.6666666666666661
EUW1_7712665621,200,1,-0.6666666666666661
EUW1_7712667366,100,1,0.0
EUW1_7712667366,200,0,0.0
EUW1_7712667849,100,1,0.0
EUW1_7712667849,200,0,0.0
EUW1_7712668109,100,1,0.0
EUW1_7712668109,200,0,0.0
EUW1_7712668405,100,1,-1.0
EUW1_7712668405,200,0,1.0
EUW1_7712668613,100,1,-1.333333333333334
EUW1_7712668613,200,0,1.333333333333334
EUW1_7712669047,100,0,0.0
EUW1_7712669047,200,1,0.0
EUW1_7712669358,100,0,0.5
EUW1_7712669358,200,1,-0.5
EUW1_7712671539,100,1,0.0
EUW1_7712671539,200,0,0.0
EUW1_7712672306,100,0,0.0
EUW1_7712672306,200,1,0.0
EUW1_7712672891,100,1,0.0
EUW1_7712672891,200,0,0.0
EUW1_7712674444,100,0,0.5
EUW1_7712674444,200,1,-0.5
EUW1_7712675558,100,0,0.0
EUW1_7712675558,200,1,0.0
EUW1_7712675789,100,1,0.0
EUW1_7712675789,200,0,0.0
EUW1_7712675960,100,0,0.0
EUW1_7712675960,200,1,0.0
EUW1_7712676681,100,1,-0.8333333333333339
EUW1_7712676681,200,0,0.8333333333333339
EUW1_7712677160,100,1,0.0
EUW1_7712677160,200,0,0.0
EUW1_7712677670,100,1,0.0
EUW1_7712677670,200,0,0.0
EUW1_7712679059,100,0,0.0
EUW1_7712679059,200,1,0.0
EUW1_7712681032,100,0,0.0
EUW1_7712681032,200,1,0.0
EUW1_7712683266,100,1,2.0
EUW1_7712683266,200,0,-2.0
EUW1_7712685529,100,0,-2.0
EUW1_7712685529,200,1,2.0
EUW1_7712685825,100,0,1.0
EUW1_7712685825,200,1,-1.0
EUW1_7712688068,100,1,-2.0
EUW1_7712688068,200,0,2.0
EUW1_7712688353,100,0,0.0
EUW1_7712688353,200,1,0.0
EUW1_7712689385,100,0,-0.6666666666666679
EUW1_7712689385,200,1,0.6666666666666679
EUW1_7712689918,100,0,0.0
EUW1_7712689918,200,1,0.0
EUW1_7712690081,100,1,0.0
EUW1_7712690081,200,0,0.0
EUW1_7712692407,100,0,0.0
EUW1_7712692407,200,1,0.0
EUW1_7712692578,100,0,-1.0
EUW1_7712692578,200,1,1.0
EUW1_7712693222,100,1,0.5
EUW1_7712693222,200,0,-0.5
EUW1_7712697040,100,0,0.0
EUW1_7712697040,200,1,0.0
EUW1_7712699336,100,1,0.0
EUW1_7712699336,200,0,0.0
EUW1_7712699561,100,0,1.0
EUW1_7712699561,200,1,-1.0
EUW1_7712699597,100,0,-1.0
EUW1_7712699597,200,1,1.0
EUW1_7712699888,100,0,-1.0
EUW1_7712699888,200,1,1.0
EUW1_7712701626,100,0,1.333333333333334
EUW1_7712701626,200,1,-1.333333333333334
EUW1_7712701900,100,0,0.0
EUW1_7712701900,200,1,0.0
EUW1_7712702763,100,0,-1.0
EUW1_7712702763,200,1,1.0
EUW1_7712703563,100,1,0.0
EUW1_7712703563,200,0,0.0
EUW1_7712704212,100,0,0.0
EUW1_7712704212,200,1,0.0
EUW1_7712704968,100,0,-2.0
EUW1_7712704968,200,1,2.0
EUW1_7712705509,100,0,1.0
EUW1_7712705509,200,1,-1.0
EUW1_7712706160,100,0,0.0
EUW1_7712706160,200,1,0.0
EUW1_7712706604,100,1,0.5999999999999996
EUW1_7712706604,200,0,-0.5999999999999996
EUW1_7712707072,100,0,0.0
EUW1_7712707072,200,1,0.0
EUW1_7712707908,100,1,-2.0
EUW1_7712707908,200,0,2.0
EUW1_7712708468,100,0,0.0
EUW1_7712708468,200,1,0.0
EUW1_7712712045,100,0,1.0
EUW1_7712712045,200,1,-1.0
EUW1_7712712131,100,0,0.0
EUW1_7712712131,200,1,0.0
EUW1_7712712191,100,1,1.5
EUW1_7712712191,200,0,-1.5
EUW1_7712712712,100,0,0.3333333333333339
EUW1_7712712712,200,1,-0.3333333333333339
EUW1_7712714522,100,1,0.0
EUW1_7712714522,200,0,0.0
EUW1_7712714792,100,0,0.0
EUW1_7712714792,200,1,0.0
EUW1_7712716427,100,1,0.0
EUW1_7712716427,200,0,0.0
EUW1_7712716635,100,1,0.6666666666666661
EUW1_7712716635,200,0,-0.6666666666666661
EUW1_7712716970,100,0,0.0
EUW1_7712716970,200,1,0.0
EUW1_7712717807,100,0,0.0
EUW1_7712717807,200,1,0.0
EUW1_7712719297,100,1,0.6666666666666661
EUW1_7712719297,200,0,-0.6666666666666661
EUW1_7712719749,100,1,-1.0
EUW1_7712719749,200,0,1.0
EUW1_7712719971,100,0,1.0
EUW1_7712719971,200,1,-1.0
EUW1_7712720431,100,0,0.6666666666666661
EUW1_7712720431,200,1,-0.6666666666666661
EUW1_7712720907,100,0,0.0
EUW1_7712720907,200,1,0.0
EUW1_7712720978,100,1,0.0
EUW1_7712720978,200,0,0.0
EUW1_7712721555,100,0,1.0
EUW1_7712721555,200,1,-1.0
EUW1_7712723364,100,1,0.0
EUW1_7712723364,200,0,0.0
EUW1_7712724555,100,1,0.0
EUW1_7712724555,200,0,0.0
EUW1_7712725317,100,1,0.0
EUW1_7712725317,200,0,0.0
EUW1_7712728268,100,0,2.0
EUW1_7712728268,200,1,-2.0
EUW1_7712728886,100,0,0.0
EUW1_7712728886,200,1,0.0
EUW1_7712729369,100,0,1.0
EUW1_7712729369,200,1,-1.0
EUW1_7712729591,100,1,0.0
EUW1_7712729591,200,0,0.0
EUW1_7712730105,100,0,0.3333333333333339
EUW1_7712730105,200,1,-0.3333333333333339
EUW1_7712731037,100,0,0.0
EUW1_7712731037,200,1,0.0
EUW1_7712733965,100,0,0.0
EUW1_7712733965,200,1,0.0
EUW1_7712734174,100,1,0.0
EUW1_7712734174,200,0,0.0
EUW1_7712735971,100,0,0.0
EUW1_7712735971,200,1,0.0
EUW1_7712736014,100,1,0.0
EUW1_7712736014,200,0,0.0
EUW1_7712736513,100,0,0.0
EUW1_7712736513,200,1,0.0
EUW1_7712736558,100,1,0.0
EUW1_7712736558,200,0,0.0
EUW1_7712736831,100,1,1.333333333333334
EUW1_7712736831,200,0,-1.333333333333334
EUW1_7712738108,100,0,0.0
EUW1_7712738108,200,1,0.0
EUW1_7712740978,100,1,-1.0
EUW1_7712740978,200,0,1.0
EUW1_7712742000,100,0,0.0
EUW1_7712742000,200,1,0.0
EUW1_7712742811,100,0,0.0
EUW1_7712742811,200,1,0.0
EUW1_7712743752,100,0,0.0
EUW1_7712743752,200,1,0.0
EUW1_7712745260,100,0,0.0
EUW1_7712745260,200,1,0.0
EUW1_7712745848,100,1,1.0
EUW1_7712745848,200,0,-1.0
EUW1_7712746264,100,1,2.0
EUW1_7712746264,200,0,-2.0
EUW1_7712747914,100,1,0.0
EUW1_7712747914,200,0,0.0
EUW1_7712748320,100,1,0.0
EUW1_7712748320,200,0,0.0
EUW1_7712748744,100,1,0.0
EUW1_7712748744,200,0,0.0
EUW1_7712749364,100,0,-2.0
EUW1_7712749364,200,1,2.0
EUW1_7712750148,100,1,0.0
EUW1_7712750148,200,0,0.0
EUW1_7712750466,100,1,0.0
EUW1_7712750466,200,0,0.0
EUW1_7712757141,100,0,0.0
EUW1_7712757141,200,1,0.0
EUW1_7712758576,100,1,0.0
EUW1_7712758576,200,0,0.0
EUW1_7712758764,100,0,-0.6666666666666661
EUW1_7712758764,200,1,0.6666666666666661
EUW1_7712758806,100,0,0.0
EUW1_7712758806,200,1,0.0
EUW1_7712759205,100,0,-0.6666666666666661
EUW1_7712759205,200,1,0.6666666666666661
EUW1_7712759819,100,0,0.0
EUW1_7712759819,200,1,0.0
EUW1_7712761770,100,1,-2.0
EUW1_7712761770,200,0,2.0
EUW1_7712762451,100,1,-0.5
EUW1_7712762451,200,0,0.5
EUW1_7712762729,100,1,-1.0
EUW1_7712762729,200,0,1.0
EUW1_7712764701,100,0,-1.0
EUW1_7712764701,200,1,1.0
EUW1_7712765149,100,0,0.0
EUW1_7712765149,200,1,0.0
EUW1_7712765461,100,1,0.0
EUW1_7712765461,200,0,0.0
EUW1_7712765687,100,0,-2.0
EUW1_7712765687,200,1,2.0
EUW1_7712766115,100,0,0.0
EUW1_7712766115,200,1,0.0
EUW1_7712766397,100,1,0.0
EUW1_7712766397,200,0,0.0
EUW1_7712769348,100,1,0.0
EUW1_7712769348,200,0,0.0
EUW1_7712769816,100,1,0.0
EUW1_7712769816,200,0,0.0
EUW1_7712769883,100,1,-2.0
EUW1_7712769883,200,0,2.0
EUW1_7712769940,100,0,1.0
EUW1_7712769940,200,1,-1.0
EUW1_7712773371,100,0,1.0
EUW1_7712773371,200,1,-1.0
EUW1_7712773600,100,1,0.0
EUW1_7712773600,200,0,0.0
EUW1_7712774188,100,1,0.0
EUW1_7712774188,200,0,0.0
EUW1_7712774298,100,1,0.3333333333333339
EUW1_7712774298,200,0,-0.3333333333333339
EUW1_7712774583,100,1,1.333333333333334
EUW1_7712774583,200,0,-1.333333333333334
EUW1_7712774632,100,0,0.0
EUW1_7712774632,200,1,0.0
EUW1_7712777327,100,0,0.0
EUW1_7712777327,200,1,0.0
EUW1_7712777979,100,0,0.0
EUW1_7712777979,200,1,0.0
EUW1_7712778501,100,1,0.0
EUW1_7712778501,200,0,0.0
EUW1_7712778612,100,0,2.0
EUW1_7712778612,200,1,-2.0
EUW1_7712779973,100,0,2.0
EUW1_7712779973,200,1,-2.0
EUW1_7712783632,100,0,0.0
EUW1_7712783632,200,1,0.0
EUW1_7712784919,100,1,1.0
EUW1_7712784919,200,0,-1.0
EUW1_7712784959,100,1,0.0
EUW1_7712784959,200,0,0.0
EUW1_7712785259,100,1,0.0
EUW1_7712785259,200,0,0.0
EUW1_7712785404,100,0,0.0
EUW1_7712785404,200,1,0.0
EUW1_7712785540,100,1,0.0
EUW1_7712785540,200,0,0.0
EUW1_7712786375,100,0,0.0
EUW1_7712786375,200,1,0.0
EUW1_7712792892,100,0,-0.5
EUW1_7712792892,200,1,0.5
EUW1_7712792972,100,0,-2.0
EUW1_7712792972,200,1,2.0
EUW1_7712793068,100,1,1.0
EUW1_7712793068,200,0,-1.0
EUW1_7712793244,100,0,0.0
EUW1_7712793244,200,1,0.0
EUW1_7712793438,100,0,1.0
EUW1_7712793438,200,1,-1.0
EUW1_7712794148,100,0,-1.0
EUW1_7712794148,200,1,1.0
EUW1_7712794748,100,1,0.0
EUW1_7712794748,200,0,0.0
EUW1_7712794760,100,0,-1.0
EUW1_7712794760,200,1,1.0
EUW1_7712794856,100,1,-0.6666666666666661
EUW1_7712794856,200,0,0.6666666666666661
EUW1_7712794910,100,1,0.0
EUW1_7712794910,200,0,0.0
EUW1_7712796271,100,0,-0.16666666666666607
EUW1_7712796271,200,1,0.16666666666666607
EUW1_7712797075,100,1,0.0
EUW1_7712797075,200,0,0.0
EUW1_7712799025,100,0,0.0
EUW1_7712799025,200,1,0.0
EUW1_7712799367,100,1,-2.0
EUW1_7712799367,200,0,2.0
EUW1_7712799591,100,1,-0.5
EUW1_7712799591,200,0,0.5
EUW1_7712799599,100,0,0.0
EUW1_7712799599,200,1,0.0
EUW1_7712804933,100,1,0.3333333333333339
EUW1_7712804933,200,0,-0.3333333333333339
EUW1_7712805184,100,0,-2.0
EUW1_7712805184,200,1,2.0
EUW1_7712806203,100,0,0.0
EUW1_7712806203,200,1,0.0
EUW1_7712807506,100,0,0.0
EUW1_7712807506,200,1,0.0
EUW1_7712808247,100,0,-1.0
EUW1_7712808247,200,1,1.0
EUW1_7712808306,100,0,0.0
EUW1_7712808306,200,1,0.0
EUW1_7712809646,100,1,0.0
EUW1_7712809646,200,0,0.0
EUW1_7712812299,100,1,0.0
EUW1_7712812299,200,0,0.0
EUW1_7712813288,100,1,2.0
EUW1_7712813288,200,0,-2.0
EUW1_7712813700,100,0,0.8333333333333339
EUW1_7712813700,200,1,-0.8333333333333339
EUW1_7712814438,100,1,1.0
EUW1_7712814438,200,0,-1.0
EUW1_7712816976,100,1,0.0
EUW1_7712816976,200,0,0.0
EUW1_7712818969,100,1,0.0
EUW1_7712818969,200,0,0.0
EUW1_7712819258,100,0,0.0
EUW1_7712819258,200,1,0.0
EUW1_7712819693,100,1,0.0
EUW1_7712819693,200,0,0.0
EUW1_7712819992,100,0,0.0
EUW1_7712819992,200,1,0.0
EUW1_7712820964,100,0,1.333333333333334
EUW1_7712820964,200,1,-1.333333333333334
EUW1_7712821600,100,1,-1.0
EUW1_7712821600,200,0,1.0
EUW1_7712821728,100,0,-1.333333333333334
EUW1_7712821728,200,1,1.333333333333334
EUW1_7712822780,100,1,1.0
EUW1_7712822780,200,0,-1.0
EUW1_7712823818,100,0,1.0
EUW1_7712823818,200,1,-1.0
EUW1_7712824913,100,0,0.0
EUW1_7712824913,200,1,0.0
EUW1_7712826538,100,0,0.0
EUW1_7712826538,200,1,0.0
EUW1_7712826703,100,0,-0.5
EUW1_7712826703,200,1,0.5
EUW1_7712827420,100,1,0.0
EUW1_7712827420,200,0,0.0
EUW1_7712828898,100,1,1.0
EUW1_7712828898,200,0,-1.0
EUW1_7712829676,100,1,0.0
EUW1_7712829676,200,0,0.0
EUW1_7712830703,100,0,0.0
EUW1_7712830703,200,1,0.0
EUW1_7712831358,100,0,0.0
EUW1_7712831358,200,1,0.0
EUW1_7712831705,100,0,0.0
EUW1_7712831705,200,1,0.0
EUW1_7712832334,100,1,0.0
EUW1_7712832334,200,0,0.0
EUW1_7712832906,100,1,0.0
EUW1_7712832906,200,0,0.0
EUW1_7712834228,100,0,-1.333333333333334
EUW1_7712834228,200,1,1.333333333333334
EUW1_7712835418,100,1,0.0
EUW1_7712835418,200,0,0.0
EUW1_7712835756,100,0,1.0
EUW1_7712835756,200,1,-1.0
EUW1_7712837045,100,0,0.0
EUW1_7712837045,200,1,0.0
EUW1_7712837930,100,1,-1.0
EUW1_7712837930,200,0,1.0
EUW1_7712839314,100,1,0.6666666666666661
EUW1_7712839314,200,0,-0.6666666666666661
EUW1_7712839712,100,0,0.0
EUW1_7712839712,200,1,0.0
EUW1_7712841028,100,0,0.0
EUW1_7712841028,200,1,0.0
EUW1_7712841272,100,1,0.0
EUW1_7712841272,200,0,0.0
EUW1_7712842947,100,0,0.0
EUW1_7712842947,200,1,0.0
EUW1_7712843416,100,0,-2.0
EUW1_7712843416,200,1,2.0
EUW1_7712844606,100,1,0.0
EUW1_7712844606,200,0,0.0
EUW1_7712844917,100,1,-0.6666666666666661
EUW1_7712844917,200,0,0.6666666666666661
EUW1_7712845170,100,1,0.0
EUW1_7712845170,200,0,0.0
EUW1_7712845400,100,0,0.8333333333333339
EUW1_7712845400,200,1,-0.8333333333333339
EUW1_7712846210,100,1,0.0
EUW1_7712846210,200,0,0.0
EUW1_7712847412,100,0,-0.6666666666666661
EUW1_7712847412,200,1,0.6666666666666661
EUW1_7712849299,100,0,1.0
EUW1_7712849299,200,1,-1.0
EUW1_7712849602,100,1,0.0
EUW1_7712849602,200,0,0.0
EUW1_7712849663,100,1,0.0
EUW1_7712849663,200,0,0.0
EUW1_7712851210,100,1,0.0
EUW1_7712851210,200,0,0.0
EUW1_7712851315,100,1,0.3333333333333339
EUW1_7712851315,200,0,-0.3333333333333339
EUW1_7712851333,100,0,0.0
EUW1_7712851333,200,1,0.0
EUW1_7712851611,100,0,0.0
EUW1_7712851611,200,1,0.0
EUW1_7712852026,100,1,0.0
EUW1_7712852026,200,0,0.0
EUW1_7712853304,100,0,0.0
EUW1_7712853304,200,1,0.0
EUW1_7712855851,100,1,2.0
EUW1_7712855851,200,0,-2.0
EUW1_7712855896,100,1,-1.0
EUW1_7712855896,200,0,1.0
EUW1_7712857890,100,0,-1.0
EUW1_7712857890,200,1,1.0
EUW1_7712858198,100,0,0.0
EUW1_7712858198,200,1,0.0
EUW1_7712860093,100,0,0.0
EUW1_7712860093,200,1,0.0
EUW1_7712860393,100,0,1.0
EUW1_7712860393,200,1,-1.0
EUW1_7712861147,100,0,0.0
EUW1_7712861147,200,1,0.0
EUW1_7712862134,100,0,-2.0
EUW1_7712862134,200,1,2.0
EUW1_7712862408,100,0,0.0
EUW1_7712862408,200,1,0.0
EUW1_7712862437,100,0,0.0
EUW1_7712862437,200,1,0.0
EUW1_7712862838,100,1,1.0
EUW1_7712862838,200,0,-1.0
EUW1_7712863843,100,0,0.0
EUW1_7712863843,200,1,0.0
EUW1_7712864036,100,0,-1.333333333333334
EUW1_7712864036,200,1,1.333333333333334
EUW1_7712864058,100,1,0.8333333333333339
EUW1_7712864058,200,0,-0.8333333333333339
EUW1_7712865298,100,1,0.0
EUW1_7712865298,200,0,0.0
EUW1_7712867014,100,1,1.0
EUW1_7712867014,200,0,-1.0
EUW1_7712868217,100,1,0.0
EUW1_7712868217,200,0,0.0
EUW1_7712870414,100,0,0.0
EUW1_7712870414,200,1,0.0
EUW1_7712871327,100,0,0.0
EUW1_7712871327,200,1,0.0
EUW1_7712872051,100,0,-0.6666666666666661
EUW1_7712872051,200,1,0.6666666666666661
EUW1_7712872644,100,0,0.0
EUW1_7712872644,200,1,0.0
EUW1_7712872809,100,1,0.0
EUW1_7712872809,200,0,0.0
EUW1_7712873094,100,0,0.0
EUW1_7712873094,200,1,0.0
EUW1_7712873135,100,0,-0.5
EUW1_7712873135,200,1,0.5
EUW1_7712873147,100,1,0.0
EUW1_7712873147,200,0,0.0
EUW1_7712873499,100,0,0.0
EUW1_7712873499,200,1,0.0
EUW1_7712875812,100,1,0.0
EUW1_7712875812,200,0,0.0
EUW1_7712875914,100,1,0.5
EUW1_7712875914,200,0,-0.5
EUW1_7712876129,100,0,-1.333333333333334
EUW1_7712876129,200,1,1.333333333333334
EUW1_7712877030,100,0,0.0
EUW1_7712877030,200,1,0.0
EUW1_7712877537,100,1,0.0
EUW1_7712877537,200,0,0.0
EUW1_7712878723,100,0,0.0
EUW1_7712878723,200,1,0.0
EUW1_7712878853,100,0,0.0
EUW1_7712878853,200,1,0.0
EUW1_7712879814,100,1,1.0
EUW1_7712879814,200,0,-1.0
EUW1_7712881212,100,1,1.0
EUW1_7712881212,200,0,-1.0
EUW1_7712881685,100,0,1.0
EUW1_7712881685,200,1,-1.0
EUW1_7712881884,100,0,0.0
EUW1_7712881884,200,1,0.0
EUW1_7712882311,100,1,0.0
EUW1_7712882311,200,0,0.0
EUW1_7712882745,100,1,0.0
EUW1_7712882745,200,0,0.0
EUW1_7712885480,100,1,-0.6666666666666679
EUW1_7712885480,200,0,0.6666666666666679
EUW1_7712885562,100,1,1.0
EUW1_7712885562,200,0,-1.0
EUW1_7712885680,100,1,0.0
EUW1_7712885680,200,0,0.0
EUW1_7712888172,100,0,0.0
EUW1_7712888172,200,1,0.0
EUW1_7712889506,100,1,0.0
EUW1_7712889506,200,0,0.0
EUW1_7712889786,100,0,1.0
EUW1_7712889786,200,1,-1.0
EUW1_7712890898,100,0,0.0
EUW1_7712890898,200,1,0.0
EUW1_7712891011,100,1,1.1999999999999993
EUW1_7712891011,200,0,-1.1999999999999993
EUW1_7712891067,100,1,-0.5
EUW1_7712891067,200,0,0.5
EUW1_7712891089,100,1,0.0
EUW1_7712891089,200,0,0.0
EUW1_7712892562,100,0,-2.0
EUW1_7712892562,200,1,2.0
EUW1_7712893884,100,0,0.0
EUW1_7712893884,200,1,0.0
EUW1_7712896755,100,1,0.0
EUW1_7712896755,200,0,0.0
EUW1_7712897201,100,1,0.0
EUW1_7712897201,200,0,0.0
EUW1_7712897822,100,0,0.6666666666666661
EUW1_7712897822,200,1,-0.6666666666666661
EUW1_7712898286,100,1,1.0
EUW1_7712898286,200,0,-1.0
EUW1_7712898387,100,0,0.0
EUW1_7712898387,200,1,0.0
EUW1_7712898517,100,1,0.0
EUW1_7712898517,200,0,0.0
EUW1_7712899462,100,0,0.0
EUW1_7712899462,200,1,0.0
EUW1_7712899565,100,1,0.0
EUW1_7712899565,200,0,0.0
EUW1_7712900044,100,1,-1.0
EUW1_7712900044,200,0,1.0
EUW1_7712900816,100,0,-2.0
EUW1_7712900816,200,1,2.0
EUW1_7712901278,100,1,0.0
EUW1_7712901278,200,0,0.0
EUW1_7712902670,100,0,0.0
EUW1_7712902670,200,1,0.0
EUW1_7712903486,100,0,0.0
EUW1_7712903486,200,1,0.0
EUW1_7712904213,100,0,0.0
EUW1_7712904213,200,1,0.0
EUW1_7712905849,100,1,0.0
EUW1_7712905849,200,0,0.0
EUW1_7712906893,100,1,0.0
EUW1_7712906893,200,0,0.0
EUW1_7712907540,100,1,0.0
EUW1_7712907540,200,0,0.0
EUW1_7712908046,100,1,0.0
EUW1_7712908046,200,0,0.0
EUW1_7712910228,100,0,2.0
EUW1_7712910228,200,1,-2.0
EUW1_7712910926,100,0,0.0
EUW1_7712910926,200,1,0.0
EUW1_7712911107,100,0,0.0
EUW1_7712911107,200,1,0.0
EUW1_7712911544,100,1,0.16666666666666607
EUW1_7712911544,200,0,-0.16666666666666607
EUW1_7712912672,100,0,0.3333333333333339
EUW1_7712912672,200,1,-0.3333333333333339
EUW1_7712914906,100,1,0.0
EUW1_7712914906,200,0,0.0
EUW1_7712915663,100,1,1.333333333333334
EUW1_7712915663,200,0,-1.333333333333334
EUW1_7712915974,100,1,0.0
EUW1_7712915974,200,0,0.0
EUW1_7712916561,100,1,0.0
EUW1_7712916561,200,0,0.0
EUW1_7712916789,100,0,0.0
EUW1_7712916789,200,1,0.0
EUW1_7712918153,100,1,0.0
EUW1_7712918153,200,0,0.0
EUW1_7712919055,100,0,-2.0
EUW1_7712919055,200,1,2.0
EUW1_7712919349,100,1,0.0
EUW1_7712919349,200,0,0.0
EUW1_7712920487,100,0,-1.333333333333334
EUW1_7712920487,200,1,1.333333333333334
EUW1_7712921545,100,0,1.0
EUW1_7712921545,200,1,-1.0
EUW1_7712922284,100,0,0.0
EUW1_7712922284,200,1,0.0
EUW1_7712923018,100,0,0.0
EUW1_7712923018,200,1,0.0
EUW1_7712923379,100,1,2.0
EUW1_7712923379,200,0,-2.0
EUW1_7712923532,100,1,0.0
EUW1_7712923532,200,0,0.0
EUW1_7712925532,100,1,0.5
EUW1_7712925532,200,0,-0.5
EUW1_7712927302,100,1,0.0
EUW1_7712927302,200,0,0.0
EUW1_7712928568,100,1,-0.5
EUW1_7712928568,200,0,0.5
EUW1_7712929680,100,1,0.0
EUW1_7712929680,200,0,0.0
EUW1_7712929968,100,1,-0.3333333333333339
EUW1_7712929968,200,0,0.3333333333333339
EUW1_7712930177,100,0,0.6666666666666661
EUW1_7712930177,200,1,-0.6666666666666661
EUW1_7712930592,100,0,-1.0
EUW1_7712930592,200,1,1.0
EUW1_7712930614,100,0,0.0
EUW1_7712930614,200,1,0.0
EUW1_7712930879,100,0,0.0
EUW1_7712930879,200,1,0.0
EUW1_7712932069,100,1,0.0
EUW1_7712932069,200,0,0.0
EUW1_7712932987,100,1,1.0
EUW1_7712932987,200,0,-1.0
EUW1_7712935773,100,0,-0.6666666666666661
EUW1_7712935773,200,1,0.6666666666666661
EUW1_7712935945,100,1,0.0
EUW1_7712935945,200,0,0.0
EUW1_7712936011,100,0,0.0
EUW1_7712936011,200,1,0.0
EUW1_7712936732,100,1,0.0
EUW1_7712936732,200,0,0.0
EUW1_7712939442,100,0,0.6666666666666661
EUW1_7712939442,200,1,-0.6666666666666661
EUW1_7712940586,100,1,-0.3333333333333339
EUW1_7712940586,200,0,0.3333333333333339
EUW1_7712941000,100,1,-2.0
EUW1_7712941000,200,0,2.0
EUW1_7712941275,100,1,0.0
EUW1_7712941275,200,0,0.0
EUW1_7712941547,100,1,0.0
EUW1_7712941547,200,0,0.0
EUW1_7712941637,100,0,0.0
EUW1_7712941637,200,1,0.0
EUW1_7712942677,100,1,0.0
EUW1_7712942677,200,0,0.0
EUW1_7712943519,100,1,-1.0
EUW1_7712943519,200,0,1.0
EUW1_7712944500,100,1,1.0
EUW1_7712944500,200,0,-1.0
EUW1_7712945444,100,0,0.0
EUW1_7712945444,200,1,0.0
EUW1_7712945542,100,1,0.0
EUW1_7712945542,200,0,0.0
EUW1_7712946282,100,1,0.3333333333333339
EUW1_7712946282,200,0,-0.3333333333333339
EUW1_7712946337,100,1,-0.6666666666666661
EUW1_7712946337,200,0,0.6666666666666661
EUW1_7712947429,100,0,0.0
EUW1_7712947429,200,1,0.0
EUW1_7712948393,100,0,0.0
EUW1_7712948393,200,1,0.0
EUW1_7712949422,100,1,0.6666666666666679
EUW1_7712949422,200,0,-0.6666666666666679
EUW1_7712949562,100,0,-0.5
EUW1_7712949562,200,1,0.5
EUW1_7712951521,100,1,0.0
EUW1_7712951521,200,0,0.0
EUW1_7712951538,100,1,2.0
EUW1_7712951538,200,0,-2.0
EUW1_7712956548,100,1,-1.333333333333334
EUW1_7712956548,200,0,1.333333333333334
EUW1_7712957303,100,0,0.0
EUW1_7712957303,200,1,0.0
EUW1_7712957583,100,1,2.0
EUW1_7712957583,200,0,-2.0
EUW1_7712959642,100,1,0.3333333333333339
EUW1_7712959642,200,0,-0.3333333333333339
EUW1_7712959795,100,0,1.0
EUW1_7712959795,200,1,-1.0
EUW1_7712960192,100,0,0.0
EUW1_7712960192,200,1,0.0
EUW1_7712960548,100,1,0.0
EUW1_7712960548,200,0,0.0
EUW1_7712961324,100,1,-1.333333333333334
EUW1_7712961324,200,0,1.333333333333334
EUW1_7712962495,100,1,0.0
EUW1_7712962495,200,0,0.0
EUW1_7712962546,100,0,-1.0
EUW1_7712962546,200,1,1.0
EUW1_7712962689,100,1,2.0
EUW1_7712962689,200,0,-2.0
EUW1_7712962846,100,0,0.0
EUW1_7712962846,200,1,0.0
EUW1_7712964468,100,0,-2.0
EUW1_7712964468,200,1,2.0
EUW1_7712965431,100,1,-1.0
EUW1_7712965431,200,0,1.0
EUW1_7712966732,100,0,0.0
EUW1_7712966732,200,1,0.0
EUW1_7712966758,100,1,0.0
EUW1_7712966758,200,0,0.0
EUW1_7712967977,100,1,0.0
EUW1_7712967977,200,0,0.0
EUW1_7712968879,100,1,0.0
EUW1_7712968879,200,0,0.0
EUW1_7712969098,100,1,0.0
EUW1_7712969098,200,0,0.0
EUW1_7712969494,100,0,2.0
EUW1_7712969494,200,1,-2.0
EUW1_7712970672,100,1,1.0
EUW1_7712970672,200,0,-1.0
EUW1_7712971158,100,1,0.0
EUW1_7712971158,200,0,0.0
EUW1_7712971637,100,1,1.333333333333334
EUW1_7712971637,200,0,-1.333333333333334
EUW1_7712971712,100,1,0.0
EUW1_7712971712,200,0,0.0
EUW1_7712973912,100,1,1.0
EUW1_7712973912,200,0,-1.0
EUW1_7712974216,100,0,-1.0
EUW1_7712974216,200,1,1.0
EUW1_7712974511,100,1,0.0
EUW1_7712974511,200,0,0.0
EUW1_7712974691,100,0,-2.0
EUW1_7712974691,200,1,2.0
EUW1_7712974826,100,0,0.0
EUW1_7712974826,200,1,0.0
EUW1_7712977980,100,0,0.6666666666666661
EUW1_7712977980,200,1,-0.6666666666666661
EUW1_7712978270,100,1,1.0
EUW1_7712978270,200,0,-1.0
EUW1_7712978436,100,1,0.0
EUW1_7712978436,200,0,0.0
EUW1_7712978966,100,0,0.0
EUW1_7712978966,200,1,0.0
EUW1_7712979215,100,1,0.0
EUW1_7712979215,200,0,0.0
EUW1_7712980409,100,1,0.6666666666666661
EUW1_7712980409,200,0,-0.6666666666666661
EUW1_7712980677,100,1,0.0
EUW1_7712980677,200,0,0.0
EUW1_7712982542,100,1,0.0
EUW1_7712982542,200,0,0.0
EUW1_7712982569,100,0,0.0
EUW1_7712982569,200,1,0.0
EUW1_7712982756,100,1,0.0
EUW1_7712982756,200,0,0.0
EUW1_7712982785,100,1,0.0
EUW1_7712982785,200,0,0.0
EUW1_7712983269,100,0,-1.0
EUW1_7712983269,200,1,1.0
EUW1_7712984311,100,1,0.0
EUW1_7712984311,200,0,0.0
EUW1_7712984823,100,1,0.0
EUW1_7712984823,200,0,0.0
EUW1_7712985904,100,0,-1.0
EUW1_7712985904,200,1,1.0
EUW1_7712986923,100,1,0.0
EUW1_7712986923,200,0,0.0
EUW1_7712987143,100,0,0.0
EUW1_7712987143,200,1,0.0
EUW1_7712989764,100,1,-0.6666666666666661
EUW1_7712989764,200,0,0.6666666666666661
EUW1_7712990285,100,1,-0.5
EUW1_7712990285,200,0,0.5
EUW1_7712991194,100,1,0.0
EUW1_7712991194,200,0,0.0
EUW1_7712991414,100,1,0.0
EUW1_7712991414,200,0,0.0
EUW1_7712991744,100,1,0.0
EUW1_7712991744,200,0,0.0
EUW1_7712991918,100,0,0.0
EUW1_7712991918,200,1,0.0
EUW1_7712993013,100,1,0.0
EUW1_7712993013,200,0,0.0
EUW1_7712994122,100,0,1.0
EUW1_7712994122,200,1,-1.0
EUW1_7712994872,100,0,0.0
EUW1_7712994872,200,1,0.0
EUW1_7712995106,100,0,0.5
EUW1_7712995106,200,1,-0.5
EUW1_7712997446,100,0,0.0
EUW1_7712997446,200,1,0.0
EUW1_7712998816,100,0,0.0
EUW1_7712998816,200,1,0.0
EUW1_7712999567,100,0,0.0
EUW1_7712999567,200,1,0.0
EUW1_7712999875,100,1,2.0
EUW1_7712999875,200,0,-2.0
EUW1_7713001988,100,0,-0.5
EUW1_7713001988,200,1,0.5
EUW1_7713002136,100,1,-1.333333333333334
EUW1_7713002136,200,0,1.333333333333334
EUW1_7713003507,100,1,0.8333333333333339
EUW1_7713003507,200,0,-0.8333333333333339
EUW1_7713003837,100,1,0.0
EUW1_7713003837,200,0,0.0
EUW1_7713004498,100,0,0.0
EUW1_7713004498,200,1,0.0
EUW1_7713004735,100,1,0.0
EUW1_7713004735,200,0,0.0
EUW1_7713005220,100,0,0.0
EUW1_7713005220,200,1,0.0
EUW1_7713006005,100,1,-0.16666666666666607
EUW1_7713006005,200,0,0.16666666666666607
EUW1_7713006681,100,1,1.0
EUW1_7713006681,200,0,-1.0
EUW1_7713006767,100,1,0.0
EUW1_7713006767,200,0,0.0
EUW1_7713007687,100,1,0.0
EUW1_7713007687,200,0,0.0
EUW1_7713008178,100,0,0.0
EUW1_7713008178,200,1,0.0
EUW1_7713009041,100,0,-0.6666666666666661
EUW1_7713009041,200,1,0.6666666666666661
EUW1_7713009285,100,1,0.0
EUW1_7713009285,200,0,0.0
EUW1_7713010444,100,1,2.0
EUW1_7713010444,200,0,-2.0
EUW1_7713010646,100,0,0.0
EUW1_7713010646,200,1,0.0
EUW1_7713011546,100,0,-1.333333333333334
EUW1_7713011546,200,1,1.333333333333334
EUW1_7713014740,100,0,0.0
EUW1_7713014740,200,1,0.0
EUW1_7713015051,100,0,1.0
EUW1_7713015051,200,1,-1.0
EUW1_7713015269,100,0,0.0
EUW1_7713015269,200,1,0.0
EUW1_7713016313,100,1,0.0
EUW1_7713016313,200,0,0.0
EUW1_7713017000,100,0,0.0
EUW1_7713017000,200,1,0.0
EUW1_7713017536,100,0,0.0
EUW1_7713017536,200,1,0.0
EUW1_7713017933,100,1,0.0
EUW1_7713017933,200,0,0.0
EUW1_7713019551,100,0,-1.0
EUW1_7713019551,200,1,1.0
EUW1_7713019995,100,0,-1.0
EUW1_7713019995,200,1,1.0
EUW1_7713020174,100,1,0.6666666666666661
EUW1_7713020174,200,0,-0.6666666666666661
EUW1_7713020312,100,1,-0.5
EUW1_7713020312,200,0,0.5
EUW1_7713020324,100,1,-1.0
EUW1_7713020324,200,0,1.0
EUW1_7713020443,100,0,0.0
EUW1_7713020443,200,1,0.0
EUW1_7713021320,100,0,0.0
EUW1_7713021320,200,1,0.0
EUW1_7713021368,100,1,0.0
EUW1_7713021368,200,0,0.0
EUW1_7713021467,100,0,0.0
EUW1_7713021467,200,1,0.0
EUW1_7713021853,100,0,0.0
EUW1_7713021853,200,1,0.0
EUW1_7713022089,100,0,-0.5
EUW1_7713022089,200,1,0.5
EUW1_7713022759,100,0,-0.3333333333333339
EUW1_7713022759,200,1,0.3333333333333339
EUW1_7713026046,100,0,0.0
EUW1_7713026046,200,1,0.0
EUW1_7713026336,100,1,1.0
EUW1_7713026336,200,0,-1.0
EUW1_7713027230,100,1,0.0
EUW1_7713027230,200,0,0.0
EUW1_7713028719,100,0,0.0
EUW1_7713028719,200,1,0.0
EUW1_7713029810,100,0,0.0
EUW1_7713029810,200,1,0.0
EUW1_7713030096,100,0,0.0
EUW1_7713030096,200,1,0.0
EUW1_7713030114,100,1,1.0
EUW1_7713030114,200,0,-1.0
EUW1_7713030215,100,0,0.0
EUW1_7713030215,200,1,0.0
EUW1_7713030727,100,1,0.0
EUW1_7713030727,200,0,0.0
EUW1_7713031947,100,0,1.0
EUW1_7713031947,200,1,-1.0
EUW1_7713032393,100,0,0.0
EUW1_7713032393,200,1,0.0
EUW1_7713033207,100,1,1.0
EUW1_7713033207,200,0,-1.0
EUW1_7713033574,100,1,0.0
EUW1_7713033574,200,0,0.0
EUW1_7713033890,100,0,0.0
EUW1_7713033890,200,1,0.0
EUW1_7713034097,100,0,-1.0
EUW1_7713034097,200,1,1.0
EUW1_7713034319,100,1,0.0
EUW1_7713034319,200,0,0.0
EUW1_7713035238,100,0,0.0
EUW1_7713035238,200,1,0.0
EUW1_7713035442,100,0,0.0
EUW1_7713035442,200,1,0.0
EUW1_7713036444,100,0,-0.5
EUW1_7713036444,200,1,0.5
EUW1_7713037426,100,1,0.0
EUW1_7713037426,200,0,0.0
EUW1_7713037866,100,0,-0.1999999999999993
EUW1_7713037866,200,1,0.1999999999999993
EUW1_7713038400,100,1,0.0
EUW1_7713038400,200,0,0.0
EUW1_7713038893,100,0,0.0
EUW1_7713038893,200,1,0.0
EUW1_7713040681,100,1,0.0
EUW1_7713040681,200,0,0.0
EUW1_7713042234,100,0,0.0
EUW1_7713042234,200,1,0.0
EUW1_7713042715,100,1,0.0
EUW1_7713042715,200,0,0.0
EUW1_7713043055,100,1,1.333333333333334
EUW1_7713043055,200,0,-1.333333333333334
EUW1_7713043653,100,1,0.0
EUW1_7713043653,200,0,0.0
EUW1_7713045798,100,0,1.0
EUW1_7713045798,200,1,-1.0
EUW1_7713046388,100,1,-0.33333333333333304
EUW1_7713046388,200,0,0.33333333333333304
EUW1_7713046622,100,0,0.0
EUW1_7713046622,200,1,0.0
EUW1_7713047807,100,1,0.6666666666666661
EUW1_7713047807,200,0,-0.6666666666666661
EUW1_7713047946,100,1,0.0
EUW1_7713047946,200,0,0.0
EUW1_7713049573,100,1,0.0
EUW1_7713049573,200,0,0.0
EUW1_7713052078,100,0,0.0
EUW1_7713052078,200,1,0.0
EUW1_7713052478,100,1,1.5
EUW1_7713052478,200,0,-1.5
EUW1_7713052535,100,0,0.0
EUW1_7713052535,200,1,0.0
EUW1_7713052548,100,0,2.0
EUW1_7713052548,200,1,-2.0
EUW1_7713053380,100,0,0.0
EUW1_7713053380,200,1,0.0
EUW1_7713053674,100,0,0.0
EUW1_7713053674,200,1,0.0
EUW1_7713053733,100,0,0.0
EUW1_7713053733,200,1,0.0
EUW1_7713054196,100,1,0.3333333333333339
EUW1_7713054196,200,0,-0.3333333333333339
EUW1_7713055831,100,1,0.0
EUW1_7713055831,200,0,0.0
EUW1_7713056074,100,0,0.0
EUW1_7713056074,200,1,0.0
EUW1_7713056618,100,1,0.0
EUW1_7713056618,200,0,0.0
EUW1_7713057145,100,0,0.0
EUW1_7713057145,200,1,0.0
EUW1_7713062748,100,1,0.0
EUW1_7713062748,200,0,0.0
EUW1_7713063745,100,1,0.8000000000000007
EUW1_7713063745,200,0,-0.8000000000000007
EUW1_7713064706,100,1,0.0
EUW1_7713064706,200,0,0.0
EUW1_7713065767,100,1,0.0
EUW1_7713065767,200,0,0.0
EUW1_7713065910,100,1,1.333333333333334
EUW1_7713065910,200,0,-1.333333333333334
EUW1_7713065953,100,1,1.0
EUW1_7713065953,200,0,-1.0
EUW1_7713067984,100,0,-0.3000000000000007
EUW1_7713067984,200,1,0.3000000000000007
EUW1_7713068220,100,0,0.0
EUW1_7713068220,200,1,0.0
EUW1_7713068335,100,1,0.0
EUW1_7713068335,200,0,0.0
EUW1_7713068383,100,1,0.0
EUW1_7713068383,200,0,0.0
EUW1_7713068732,100,1,0.0
EUW1_7713068732,200,0,0.0
EUW1_7713070710,100,0,0.0
EUW1_7713070710,200,1,0.0
EUW1_7713070979,100,1,2.0
EUW1_7713070979,200,0,-2.0
EUW1_7713071161,100,0,0.0
EUW1_7713071161,200,1,0.0
EUW1_7713072604,100,0,0.0
EUW1_7713072604,200,1,0.0
EUW1_7713072979,100,1,1.0
EUW1_7713072979,200,0,-1.0
EUW1_7713075867,100,1,0.0
EUW1_7713075867,200,0,0.0
EUW1_7713076253,100,1,0.0
EUW1_7713076253,200,0,0.0
EUW1_7713076564,100,0,0.0
EUW1_7713076564,200,1,0.0
EUW1_7713076952,100,1,-2.0
EUW1_7713076952,200,0,2.0
EUW1_7713078172,100,0,0.0
EUW1_7713078172,200,1,0.0
EUW1_7713078547,100,1,0.0
EUW1_7713078547,200,0,0.0
EUW1_7713078548,100,0,-1.0
EUW1_7713078548,200,1,1.0
EUW1_7713079025,100,1,0.0
EUW1_7713079025,200,0,0.0
EUW1_7713079623,100,1,0.0
EUW1_7713079623,200,0,0.0
EUW1_7713081599,100,0,0.0
EUW1_7713081599,200,1,0.0
EUW1_7713081673,100,0,0.0
EUW1_7713081673,200,1,0.0
EUW1_7713083149,100,0,0.0
EUW1_7713083149,200,1,0.0
EUW1_7713083475,100,0,0.0
EUW1_7713083475,200,1,0.0
EUW1_7713083713,100,1,0.3333333333333339
EUW1_7713083713,200,0,-0.3333333333333339
EUW1_7713084304,100,1,0.6666666666666679
EUW1_7713084304,200,0,-0.6666666666666679
EUW1_7713084498,100,0,0.0
EUW1_7713084498,200,1,0.0
EUW1_7713086666,100,0,0.0
EUW1_7713086666,200,1,0.0
EUW1_7713087229,100,0,1.5
EUW1_7713087229,200,1,-1.5
EUW1_7713087262,100,0,0.0
EUW1_7713087262,200,1,0.0
EUW1_7713087693,100,0,0.0
EUW1_7713087693,200,1,0.0
EUW1_7713088117,100,0,0.0
EUW1_7713088117,200,1,0.0
EUW1_7713089717,100,0,-0.1999999999999993
EUW1_7713089717,200,1,0.1999999999999993
EUW1_7713090971,100,1,0.0
EUW1_7713090971,200,0,0.0
EUW1_7713091869,100,1,-0.6666666666666661
EUW1_7713091869,200,0,0.6666666666666661
EUW1_7713092521,100,0,1.0
EUW1_7713092521,200,1,-1.0
EUW1_7713094134,100,0,0.0
EUW1_7713094134,200,1,0.0
EUW1_7713094189,100,1,0.0
EUW1_7713094189,200,0,0.0
EUW1_7713094833,100,0,1.0
EUW1_7713094833,200,1,-1.0
EUW1_7713096418,100,0,0.0
EUW1_7713096418,200,1,0.0
EUW1_7713098537,100,0,1.0
EUW1_7713098537,200,1,-1.0
EUW1_7713099156,100,1,0.0
EUW1_7713099156,200,0,0.0
EUW1_7713100040,100,0,0.0
EUW1_7713100040,200,1,0.0
EUW1_7713100651,100,1,-0.9333333333333336
EUW1_7713100651,200,0,0.9333333333333336
EUW1_7713103067,100,1,2.0
EUW1_7713103067,200,0,-2.0
EUW1_7713103297,100,0,0.0
EUW1_7713103297,200,1,0.0
EUW1_7713103619,100,0,-1.0
EUW1_7713103619,200,1,1.0
EUW1_7713103734,100,1,0.0
EUW1_7713103734,200,0,0.0
EUW1_7713104376,100,1,0.0
EUW1_7713104376,200,0,0.0
EUW1_7713104413,100,1,0.0
EUW1_7713104413,200,0,0.0
EUW1_7713106096,100,0,-2.0
EUW1_7713106096,200,1,2.0
EUW1_7713106810,100,0,0.0
EUW1_7713106810,200,1,0.0
EUW1_7713107412,100,1,0.0
EUW1_7713107412,200,0,0.0
EUW1_7713108102,100,1,-0.33333333333333304
EUW1_7713108102,200,0,0.33333333333333304
EUW1_7713111872,100,1,0.16666666666666607
EUW1_7713111872,200,0,-0.16666666666666607
EUW1_7713112215,100,1,-0.40000000000000036
EUW1_7713112215,200,0,0.40000000000000036
EUW1_7713113979,100,0,0.0
EUW1_7713113979,200,1,0.0
EUW1_7713114253,100,0,-0.5
EUW1_7713114253,200,1,0.5
EUW1_7713120486,100,0,0.0
EUW1_7713120486,200,1,0.0
EUW1_7713122784,100,0,0.0
EUW1_7713122784,200,1,0.0
EUW1_7713123013,100,1,1.333333333333334
EUW1_7713123013,200,0,-1.333333333333334
EUW1_7713124469,100,0,0.0
EUW1_7713124469,200,1,0.0
EUW1_7713126928,100,0,-0.6666666666666661
EUW1_7713126928,200,1,0.6666666666666661
EUW1_7713128294,100,0,0.0
EUW1_7713128294,200,1,0.0
EUW1_7713128542,100,1,0.0
EUW1_7713128542,200,0,0.0
EUW1_7713128982,100,1,1.333333333333334
EUW1_7713128982,200,0,-1.333333333333334
EUW1_7713129349,100,0,0.0
EUW1_7713129349,200,1,0.0
EUW1_7713131649,100,1,0.0
EUW1_7713131649,200,0,0.0
EUW1_7713133433,100,0,0.16666666666666607
EUW1_7713133433,200,1,-0.16666666666666607
EUW1_7713133859,100,1,-1.0
EUW1_7713133859,200,0,1.0
EUW1_7713133885,100,0,0.0
EUW1_7713133885,200,1,0.0
EUW1_7713134407,100,1,0.0
EUW1_7713134407,200,0,0.0
EUW1_7713134879,100,1,0.0
EUW1_7713134879,200,0,0.0
EUW1_7713135457,100,1,2.0
EUW1_7713135457,200,0,-2.0
EUW1_7713135690,100,1,0.0
EUW1_7713135690,200,0,0.0
EUW1_7713137567,100,1,0.6666666666666661
EUW1_7713137567,200,0,-0.6666666666666661
EUW1_7713138013,100,0,1.0
EUW1_7713138013,200,1,-1.0
EUW1_7713140416,100,0,0.0
EUW1_7713140416,200,1,0.0
EUW1_7713141000,100,0,0.0
EUW1_7713141000,200,1,0.0
EUW1_7713141657,100,0,0.0
EUW1_7713141657,200,1,0.0
EUW1_7713142868,100,1,0.3333333333333339
EUW1_7713142868,200,0,-0.3333333333333339
EUW1_7713143253,100,1,0.0
EUW1_7713143253,200,0,0.0
EUW1_7713144595,100,0,0.0
EUW1_7713144595,200,1,0.0
EUW1_7713147932,100,1,0.0
EUW1_7713147932,200,0,0.0
EUW1_7713148556,100,1,0.0
EUW1_7713148556,200,0,0.0
EUW1_7713148764,100,1,0.0
EUW1_7713148764,200,0,0.0
EUW1_7713150010,100,0,-2.0
EUW1_7713150010,200,1,2.0
EUW1_7713153450,100,1,0.0
EUW1_7713153450,200,0,0.0
EUW1_7713153655,100,0,0.0
EUW1_7713153655,200,1,0.0
EUW1_7713155665,100,0,-0.20000000000000018
EUW1_7713155665,200,1,0.20000000000000018
EUW1_7713157937,100,0,0.0
EUW1_7713157937,200,1,0.0
EUW1_7713159041,100,1,0.0
EUW1_7713159041,200,0,0.0
EUW1_7713160323,100,0,-0.3333333333333339
EUW1_7713160323,200,1,0.3333333333333339
EUW1_7713160480,100,1,-1.0
EUW1_7713160480,200,0,1.0
EUW1_7713160622,100,0,0.0
EUW1_7713160622,200,1,0.0
EUW1_7713161952,100,1,0.0
EUW1_7713161952,200,0,0.0
EUW1_7713163235,100,1,0.0
EUW1_7713163235,200,0,0.0
EUW1_7713164368,100,0,0.0
EUW1_7713164368,200,1,0.0
EUW1_7713164854,100,1,0.0
EUW1_7713164854,200,0,0.0
EUW1_7713164909,100,0,0.0
EUW1_7713164909,200,1,0.0
EUW1_7713166254,100,0,0.0
EUW1_7713166254,200,1,0.0
EUW1_7713167809,100,0,0.8333333333333339
EUW1_7713167809,200,1,-0.8333333333333339
EUW1_7713168128,100,1,0.0
EUW1_7713168128,200,0,0.0
EUW1_7713169623,100,0,0.0
EUW1_7713169623,200,1,0.0
EUW1_7713169649,100,1,0.0
EUW1_7713169649,200,0,0.0
EUW1_7713171730,100,1,0.0
EUW1_7713171730,200,0,0.0
EUW1_7713172411,100,1,0.0
EUW1_7713172411,200,0,0.0
EUW1_7713173406,100,1,2.0
EUW1_7713173406,200,0,-2.0
EUW1_7713174018,100,1,-1.0
EUW1_7713174018,200,0,1.0
EUW1_7713174392,100,1,0.0
EUW1_7713174392,200,0,0.0
EUW1_7713175189,100,1,0.0
EUW1_7713175189,200,0,0.0
EUW1_7713175227,100,0,0.0
EUW1_7713175227,200,1,0.0
EUW1_7713175477,100,0,0.0
EUW1_7713175477,200,1,0.0
EUW1_7713175783,100,1,0.0
EUW1_7713175783,200,0,0.0
EUW1_7713177078,100,1,2.0
EUW1_7713177078,200,0,-2.0
EUW1_7713179691,100,0,2.0
EUW1_7713179691,200,1,-2.0
EUW1_7713180161,100,0,0.6666666666666661
EUW1_7713180161,200,1,-0.6666666666666661
EUW1_7713184893,100,1,0.0
EUW1_7713184893,200,0,0.0
EUW1_7713185252,100,0,0.0
EUW1_7713185252,200,1,0.0
EUW1_7713185305,100,1,-1.0
EUW1_7713185305,200,0,1.0
EUW1_7713185832,100,1,1.1999999999999993
EUW1_7713185832,200,0,-1.1999999999999993
EUW1_7713186100,100,1,0.0
EUW1_7713186100,200,0,0.0
EUW1_7713186162,100,1,-0.5
EUW1_7713186162,200,0,0.5
EUW1_7713186911,100,1,2.0
EUW1_7713186911,200,0,-2.0
EUW1_7713187685,100,0,-1.0
EUW1_7713187685,200,1,1.0
EUW1_7713188347,100,1,0.0
EUW1_7713188347,200,0,0.0
EUW1_7713189194,100,1,0.0
EUW1_7713189194,200,0,0.0
EUW1_7713190083,100,1,1.0
EUW1_7713190083,200,0,-1.0
EUW1_7713190558,100,1,0.0
EUW1_7713190558,200,0,0.0
EUW1_7713190663,100,1,0.0
EUW1_7713190663,200,0,0.0
EUW1_7713192033,100,0,0.0
EUW1_7713192033,200,1,0.0
EUW1_7713193204,100,1,0.0
EUW1_7713193204,200,0,0.0
EUW1_7713194052,100,0,0.0
EUW1_7713194052,200,1,0.0
EUW1_7713196614,100,1,0.0
EUW1_7713196614,200,0,0.0
EUW1_7713198156,100,0,0.0
EUW1_7713198156,200,1,0.0
EUW1_7713199026,100,1,-1.0
EUW1_7713199026,200,0,1.0
EUW1_7713200164,100,0,0.0
EUW1_7713200164,200,1,0.0
EUW1_7713201322,100,0,0.0
EUW1_7713201322,200,1,0.0
EUW1_7713205167,100,0,0.0
EUW1_7713205167,200,1,0.0
EUW1_7713205849,100,0,0.0
EUW1_7713205849,200,1,0.0
EUW1_7713205964,100,0,-0.6666666666666661
EUW1_7713205964,200,1,0.6666666666666661
EUW1_7713207541,100,1,-1.0
EUW1_7713207541,200,0,1.0
EUW1_7713209058,100,1,0.0
EUW1_7713209058,200,0,0.0
EUW1_7713211538,100,1,-1.333333333333334
EUW1_7713211538,200,0,1.333333333333334
EUW1_7713211752,100,1,0.0
EUW1_7713211752,200,0,0.0
EUW1_7713213720,100,1,0.0
EUW1_7713213720,200,0,0.0
EUW1_7713216106,100,0,0.16666666666666607
EUW1_7713216106,200,1,-0.16666666666666607
EUW1_7713217650,100,1,0.0
EUW1_7713217650,200,0,0.0
EUW1_7713219849,100,0,-2.0
EUW1_7713219849,200,1,2.0
EUW1_7713220879,100,0,-0.6666666666666661
EUW1_7713220879,200,1,0.6666666666666661
EUW1_7713223033,100,1,0.0
EUW1_7713223033,200,0,0.0
EUW1_7713223221,100,1,0.0
EUW1_7713223221,200,0,0.0
EUW1_7713224564,100,0,0.0
EUW1_7713224564,200,1,0.0
EUW1_7713224978,100,0,0.0
EUW1_7713224978,200,1,0.0
EUW1_7713226448,100,1,-0.5
EUW1_7713226448,200,0,0.5
EUW1_7713228369,100,0,-1.333333333333334
EUW1_7713228369,200,1,1.333333333333334
EUW1_7713228513,100,1,-0.5
EUW1_7713228513,200,0,0.5
EUW1_7713229767,100,0,0.0
EUW1_7713229767,200,1,0.0
EUW1_7713231715,100,0,0.0
EUW1_7713231715,200,1,0.0
EUW1_7713232074,100,1,-2.0
EUW1_7713232074,200,0,2.0
EUW1_7713232402,100,0,2.0
EUW1_7713232402,200,1,-2.0
EUW1_7713233421,100,0,0.0
EUW1_7713233421,200,1,0.0
EUW1_7713234546,100,1,-1.0
EUW1_7713234546,200,0,1.0
EUW1_7713235187,100,0,1.333333333333334
EUW1_7713235187,200,1,-1.333333333333334
EUW1_7713235266,100,1,-1.0
EUW1_7713235266,200,0,1.0
EUW1_7713235987,100,0,0.0
EUW1_7713235987,200,1,0.0
EUW1_7713239192,100,1,0.0
EUW1_7713239192,200,0,0.0
EUW1_7713239372,100,1,0.0
EUW1_7713239372,200,0,0.0
EUW1_7713240587,100,0,0.0
EUW1_7713240587,200,1,0.0
EUW1_7713242342,100,1,0.0
EUW1_7713242342,200,0,0.0
EUW1_7713242980,100,0,0.0
EUW1_7713242980,200,1,0.0
EUW1_7713243653,100,1,0.0
EUW1_7713243653,200,0,0.0
EUW1_7713247571,100,1,-0.6666666666666661
EUW1_7713247571,200,0,0.6666666666666661
EUW1_7713248783,100,0,0.3333333333333339
EUW1_7713248783,200,1,-0.3333333333333339
EUW1_7713249032,100,0,1.5
EUW1_7713249032,200,1,-1.5
EUW1_7713249181,100,1,0.0
EUW1_7713249181,200,0,0.0
EUW1_7713249378,100,0,0.0
EUW1_7713249378,200,1,0.0
EUW1_7713249836,100,0,0.0
EUW1_7713249836,200,1,0.0
EUW1_7713250136,100,1,0.0
EUW1_7713250136,200,0,0.0
EUW1_7713252028,100,0,0.0
EUW1_7713252028,200,1,0.0
EUW1_7713252361,100,0,0.0
EUW1_7713252361,200,1,0.0
EUW1_7713253959,100,0,-0.8333333333333339
EUW1_7713253959,200,1,0.8333333333333339
EUW1_7713254239,100,0,0.33333333333333304
EUW1_7713254239,200,1,-0.33333333333333304
EUW1_7713256328,100,0,0.16666666666666607
EUW1_7713256328,200,1,-0.16666666666666607
EUW1_7713257677,100,1,0.0
EUW1_7713257677,200,0,0.0
EUW1_7713258152,100,1,0.0
EUW1_7713258152,200,0,0.0
EUW1_7713259479,100,1,0.0
EUW1_7713259479,200,0,0.0
EUW1_7713260781,100,1,0.0
EUW1_7713260781,200,0,0.0
EUW1_7713260858,100,1,0.0
EUW1_7713260858,200,0,0.0
EUW1_7713262025,100,1,0.0
EUW1_7713262025,200,0,0.0
EUW1_7713262898,100,1,-0.8333333333333339
EUW1_7713262898,200,0,0.8333333333333339
EUW1_7713263322,100,1,0.0
EUW1_7713263322,200,0,0.0
EUW1_7713266280,100,0,0.0
EUW1_7713266280,200,1,0.0
EUW1_7713266670,100,0,0.3333333333333339
EUW1_7713266670,200,1,-0.3333333333333339
EUW1_7713267665,100,1,0.0
EUW1_7713267665,200,0,0.0
EUW1_7713270112,100,1,0.0
EUW1_7713270112,200,0,0.0
EUW1_7713273189,100,1,2.0
EUW1_7713273189,200,0,-2.0
EUW1_7713273726,100,1,0.0
EUW1_7713273726,200,0,0.0
EUW1_7713274779,100,0,0.0
EUW1_7713274779,200,1,0.0
EUW1_7713276386,100,1,0.5
EUW1_7713276386,200,0,-0.5
EUW1_7713277105,100,0,0.0
EUW1_7713277105,200,1,0.0
EUW1_7713277441,100,1,0.0
EUW1_7713277441,200,0,0.0
EUW1_7713279373,100,1,0.0
EUW1_7713279373,200,0,0.0
EUW1_7713280216,100,1,-0.5
EUW1_7713280216,200,0,0.5
EUW1_7713280506,100,1,0.0
EUW1_7713280506,200,0,0.0
EUW1_7713281221,100,1,0.6666666666666661
EUW1_7713281221,200,0,-0.6666666666666661
EUW1_7713282491,100,1,0.0
EUW1_7713282491,200,0,0.0
EUW1_7713284858,100,1,0.0
EUW1_7713284858,200,0,0.0
EUW1_7713285296,100,0,-0.6666666666666661
EUW1_7713285296,200,1,0.6666666666666661
EUW1_7713286447,100,0,2.0
EUW1_7713286447,200,1,-2.0
EUW1_7713288200,100,1,0.0
EUW1_7713288200,200,0,0.0
EUW1_7713290711,100,0,0.0
EUW1_7713290711,200,1,0.0
EUW1_7713291031,100,0,0.0
EUW1_7713291031,200,1,0.0
EUW1_7713292119,100,0,0.0
EUW1_7713292119,200,1,0.0
EUW1_7713292772,100,1,-1.5
EUW1_7713292772,200,0,1.5
EUW1_7713296889,100,0,-2.0
EUW1_7713296889,200,1,2.0
EUW1_7713298212,100,0,-0.8333333333333339
EUW1_7713298212,200,1,0.8333333333333339
EUW1_7713301390,100,1,-1.0
EUW1_7713301390,200,0,1.0
EUW1_7713302027,100,1,-2.0
EUW1_7713302027,200,0,2.0
EUW1_7713302608,100,1,0.0
EUW1_7713302608,200,0,0.0
EUW1_7713309267,100,0,0.3333333333333339
EUW1_7713309267,200,1,-0.3333333333333339
EUW1_7713309880,100,0,1.0
EUW1_7713309880,200,1,-1.0
EUW1_7713310268,100,1,0.0
EUW1_7713310268,200,0,0.0
EUW1_7713311815,100,0,0.0
EUW1_7713311815,200,1,0.0
EUW1_7713312317,100,0,0.0
EUW1_7713312317,200,1,0.0
EUW1_7713312834,100,1,0.0
EUW1_7713312834,200,0,0.0
EUW1_7713314197,100,1,1.5
EUW1_7713314197,200,0,-1.5
EUW1_7713314425,100,0,0.0
EUW1_7713314425,200,1,0.0
EUW1_7713314578,100,1,0.0
EUW1_7713314578,200,0,0.0
EUW1_7713315858,100,0,0.0
EUW1_7713315858,200,1,0.0
EUW1_7713323473,100,0,0.0
EUW1_7713323473,200,1,0.0
EUW1_7713325171,100,0,-0.9333333333333336
EUW1_7713325171,200,1,0.9333333333333336
EUW1_7713327895,100,1,0.0
EUW1_7713327895,200,0,0.0
EUW1_7713328048,100,1,0.0
EUW1_7713328048,200,0,0.0
EUW1_7713330298,100,0,1.333333333333334
EUW1_7713330298,200,1,-1.333333333333334
EUW1_7713332336,100,1,0.0
EUW1_7713332336,200,0,0.0
EUW1_7713332864,100,0,0.0
EUW1_7713332864,200,1,0.0
EUW1_7713339327,100,1,2.0
EUW1_7713339327,200,0,-2.0
EUW1_7713339442,100,0,-1.0
EUW1_7713339442,200,1,1.0
EUW1_7713339700,100,1,0.0
EUW1_7713339700,200,0,0.0
EUW1_7713339941,100,0,2.0
EUW1_7713339941,200,1,-2.0
EUW1_7713340725,100,1,0.0
EUW1_7713340725,200,0,0.0
EUW1_7713341808,100,1,0.0
EUW1_7713341808,200,0,0.0
EUW1_7713342005,100,1,0.0
EUW1_7713342005,200,0,0.0
EUW1_7713343488,100,1,-1.0
EUW1_7713343488,200,0,1.0
EUW1_7713344241,100,1,0.0
EUW1_7713344241,200,0,0.0
EUW1_7713344348,100,1,0.0
EUW1_7713344348,200,0,0.0
EUW1_7713345984,100,0,0.0
EUW1_7713345984,200,1,0.0
EUW1_7713347032,100,1,0.0
EUW1_7713347032,200,0,0.0
EUW1_7713347111,100,1,0.0
EUW1_7713347111,200,0,0.0
EUW1_7713349886,100,1,0.0
EUW1_7713349886,200,0,0.0
EUW1_7713350268,100,0,0.0
EUW1_7713350268,200,1,0.0
EUW1_7713350366,100,0,-0.6666666666666661
EUW1_7713350366,200,1,0.6666666666666661
EUW1_7713351117,100,0,-0.3333333333333339
EUW1_7713351117,200,1,0.3333333333333339
EUW1_7713351170,100,0,0.0
EUW1_7713351170,200,1,0.0
EUW1_7713351853,100,0,-1.0
EUW1_7713351853,200,1,1.0
EUW1_7713353459,100,0,0.0
EUW1_7713353459,200,1,0.0
EUW1_7713355697,100,1,0.0
EUW1_7713355697,200,0,0.0
EUW1_7713356285,100,0,0.0
EUW1_7713356285,200,1,0.0
EUW1_7713357284,100,1,0.0
EUW1_7713357284,200,0,0.0
EUW1_7713357742,100,1,0.0
EUW1_7713357742,200,0,0.0
EUW1_7713360330,100,0,-1.0
EUW1_7713360330,200,1,1.0
EUW1_7713360430,100,1,0.0
EUW1_7713360430,200,0,0.0
EUW1_7713362724,100,1,0.6666666666666679
EUW1_7713362724,200,0,-0.6666666666666679
EUW1_7713362912,100,0,0.0
EUW1_7713362912,200,1,0.0
EUW1_7713363700,100,1,-0.6666666666666661
EUW1_7713363700,200,0,0.6666666666666661
EUW1_7713365034,100,1,1.0
EUW1_7713365034,200,0,-1.0
EUW1_7713366103,100,1,0.0
EUW1_7713366103,200,0,0.0
EUW1_7713368069,100,1,0.6666666666666679
EUW1_7713368069,200,0,-0.6666666666666679
EUW1_7713369852,100,0,-1.333333333333334
EUW1_7713369852,200,1,1.333333333333334
EUW1_7713370195,100,0,0.0
EUW1_7713370195,200,1,0.0
EUW1_7713371323,100,1,0.0
EUW1_7713371323,200,0,0.0
EUW1_7713373213,100,0,0.0
EUW1_7713373213,200,1,0.0
EUW1_7713373262,100,0,-1.0
EUW1_7713373262,200,1,1.0
EUW1_7713374365,100,1,0.0
EUW1_7713374365,200,0,0.0
EUW1_7713375236,100,0,0.0
EUW1_7713375236,200,1,0.0
EUW1_7713381031,100,0,0.0
EUW1_7713381031,200,1,0.0
EUW1_7713382938,100,1,0.5
EUW1_7713382938,200,0,-0.5
EUW1_7713383704,100,1,0.0
EUW1_7713383704,200,0,0.0
EUW1_7713385088,100,0,-0.6666666666666661
EUW1_7713385088,200,1,0.6666666666666661
EUW1_7713385887,100,0,0.3333333333333339
EUW1_7713385887,200,1,-0.3333333333333339
EUW1_7713390756,100,1,0.0
EUW1_7713390756,200,0,0.0
EUW1_7713391190,100,0,0.0
EUW1_7713391190,200,1,0.0
EUW1_7713391401,100,0,0.0
EUW1_7713391401,200,1,0.0
EUW1_7713392504,100,0,0.0
EUW1_7713392504,200,1,0.0
EUW1_7713393468,100,0,0.0
EUW1_7713393468,200,1,0.0
EUW1_7713395751,100,1,1.5
EUW1_7713395751,200,0,-1.5
EUW1_7713399570,100,1,0.6666666666666661
EUW1_7713399570,200,0,-0.6666666666666661
EUW1_7713402995,100,1,-2.0
EUW1_7713402995,200,0,2.0
EUW1_7713403307,100,1,0.0
EUW1_7713403307,200,0,0.0
EUW1_7713404855,100,1,0.6666666666666661
EUW1_7713404855,200,0,-0.6666666666666661
EUW1_7713407503,100,1,0.0
EUW1_7713407503,200,0,0.0
EUW1_7713407510,100,1,0.3333333333333339
EUW1_7713407510,200,0,-0.3333333333333339
EUW1_7713407569,100,1,0.0
EUW1_7713407569,200,0,0.0
EUW1_7713407776,100,0,0.0
EUW1_7713407776,200,1,0.0
EUW1_7713408377,100,1,0.0
EUW1_7713408377,200,0,0.0
EUW1_7713409309,100,0,-0.3333333333333339
EUW1_7713409309,200,1,0.3333333333333339
EUW1_7713409665,100,0,0.0
EUW1_7713409665,200,1,0.0
EUW1_7713410404,100,0,0.0
EUW1_7713410404,200,1,0.0
EUW1_7713410444,100,0,0.0
EUW1_7713410444,200,1,0.0
EUW1_7713410601,100,1,0.0
EUW1_7713410601,200,0,0.0
EUW1_7713412874,100,1,0.0
EUW1_7713412874,200,0,0.0
EUW1_7713414438,100,1,0.0
EUW1_7713414438,200,0,0.0
EUW1_7713414603,100,1,0.0
EUW1_7713414603,200,0,0.0
EUW1_7713415098,100,0,0.0
EUW1_7713415098,200,1,0.0
EUW1_7713420111,100,1,0.3333333333333339
EUW1_7713420111,200,0,-0.3333333333333339
EUW1_7713420762,100,0,0.0
EUW1_7713420762,200,1,0.0
EUW1_7713421255,100,1,0.0
EUW1_7713421255,200,0,0.0
EUW1_7713422389,100,1,0.0
EUW1_7713422389,200,0,0.0
EUW1_7713423656,100,0,0.0
EUW1_7713423656,200,1,0.0
EUW1_7713423943,100,1,0.0
EUW1_7713423943,200,0,0.0
EUW1_7713424956,100,0,0.6666666666666661
EUW1_7713424956,200,1,-0.6666666666666661
EUW1_7713426513,100,0,-1.0
EUW1_7713426513,200,1,1.0
EUW1_7713426557,100,0,0.3333333333333339
EUW1_7713426557,200,1,-0.3333333333333339
EUW1_7713428139,100,0,0.0
EUW1_7713428139,200,1,0.0
EUW1_7713431160,100,0,0.0
EUW1_7713431160,200,1,0.0
EUW1_7713433164,100,0,0.0
EUW1_7713433164,200,1,0.0
EUW1_7713433396,100,0,0.0
EUW1_7713433396,200,1,0.0
EUW1_7713435421,100,1,0.0
EUW1_7713435421,200,0,0.0
EUW1_7713435943,100,1,0.0
EUW1_7713435943,200,0,0.0
EUW1_7713437097,100,0,-0.6666666666666661
EUW1_7713437097,200,1,0.6666666666666661
EUW1_7713437364,100,0,0.0
EUW1_7713437364,200,1,0.0
EUW1_7713438284,100,0,0.0
EUW1_7713438284,200,1,0.0
EUW1_7713438524,100,0,0.0
EUW1_7713438524,200,1,0.0
EUW1_7713440892,100,0,0.0
EUW1_7713440892,200,1,0.0
EUW1_7713441442,100,0,0.0
EUW1_7713441442,200,1,0.0
EUW1_7713442060,100,0,0.8333333333333339
EUW1_7713442060,200,1,-0.8333333333333339
EUW1_7713442142,100,0,0.0
EUW1_7713442142,200,1,0.0
EUW1_7713443864,100,1,0.0
EUW1_7713443864,200,0,0.0
EUW1_7713444533,100,0,-1.0
EUW1_7713444533,200,1,1.0
EUW1_7713444784,100,1,0.0
EUW1_7713444784,200,0,0.0
EUW1_7713446952,100,0,0.6666666666666661
EUW1_7713446952,200,1,-0.6666666666666661
EUW1_7713448393,100,0,0.0
EUW1_7713448393,200,1,0.0
EUW1_7713450240,100,1,0.0
EUW1_7713450240,200,0,0.0
EUW1_7713454537,100,0,0.0
EUW1_7713454537,200,1,0.0
EUW1_7713454645,100,0,0.0
EUW1_7713454645,200,1,0.0
EUW1_7713456078,100,1,-0.6666666666666679
EUW1_7713456078,200,0,0.6666666666666679
EUW1_7713456668,100,0,-2.0
EUW1_7713456668,200,1,2.0
EUW1_7713457022,100,0,0.0
EUW1_7713457022,200,1,0.0
EUW1_7713457328,100,0,0.0
EUW1_7713457328,200,1,0.0
EUW1_7713458075,100,1,-0.6666666666666661
EUW1_7713458075,200,0,0.6666666666666661
EUW1_7713459520,100,1,0.0
EUW1_7713459520,200,0,0.0
EUW1_7713463520,100,1,0.0
EUW1_7713463520,200,0,0.0
EUW1_7713464044,100,1,0.0
EUW1_7713464044,200,0,0.0
EUW1_7713465814,100,1,0.0
EUW1_7713465814,200,0,0.0
EUW1_7713466093,100,1,0.0
EUW1_7713466093,200,0,0.0
EUW1_7713466595,100,1,2.0
EUW1_7713466595,200,0,-2.0
EUW1_7713469216,100,1,0.0
EUW1_7713469216,200,0,0.0
EUW1_7713471664,100,1,0.3333333333333339
EUW1_7713471664,200,0,-0.3333333333333339
EUW1_7713471762,100,1,0.0
EUW1_7713471762,200,0,0.0
EUW1_7713472175,100,1,0.0
EUW1_7713472175,200,0,0.0
EUW1_7713472947,100,0,0.0
EUW1_7713472947,200,1,0.0
EUW1_7713473292,100,1,0.0
EUW1_7713473292,200,0,0.0
EUW1_7713473447,100,1,0.0
EUW1_7713473447,200,0,0.0
EUW1_7713474128,100,0,0.0
EUW1_7713474128,200,1,0.0
EUW1_7713474684,100,1,0.0
EUW1_7713474684,200,0,0.0
EUW1_7713479173,100,1,-0.3333333333333339
EUW1_7713479173,200,0,0.3333333333333339
EUW1_7713480150,100,0,0.0
EUW1_7713480150,200,1,0.0
EUW1_7713480796,100,1,0.0
EUW1_7713480796,200,0,0.0
EUW1_7713481123,100,1,0.0
EUW1_7713481123,200,0,0.0
EUW1_7713481416,100,1,0.0
EUW1_7713481416,200,0,0.0
EUW1_7713485421,100,1,0.3333333333333339
EUW1_7713485421,200,0,-0.3333333333333339
EUW1_7713485909,100,1,0.0
EUW1_7713485909,200,0,0.0
EUW1_7713485996,100,1,0.0
EUW1_7713485996,200,0,0.0
EUW1_7713488739,100,0,0.0
EUW1_7713488739,200,1,0.0
EUW1_7713489202,100,0,1.0
EUW1_7713489202,200,1,-1.0
EUW1_7713489375,100,1,0.0
EUW1_7713489375,200,0,0.0
EUW1_7713489885,100,1,0.0
EUW1_7713489885,200,0,0.0
EUW1_7713493296,100,0,-1.333333333333334
EUW1_7713493296,200,1,1.333333333333334
EUW1_7713494346,100,0,0.0
EUW1_7713494346,200,1,0.0
EUW1_7713494417,100,1,0.6666666666666679
EUW1_7713494417,200,0,-0.6666666666666679
EUW1_7713494879,100,1,0.0
EUW1_7713494879,200,0,0.0
EUW1_7713495483,100,0,0.0
EUW1_7713495483,200,1,0.0
EUW1_7713496117,100,1,0.0
EUW1_7713496117,200,0,0.0
EUW1_7713497220,100,0,0.0
EUW1_7713497220,200,1,0.0
EUW1_7713501891,100,1,0.0
EUW1_7713501891,200,0,0.0
EUW1_7713502091,100,1,0.0
EUW1_7713502091,200,0,0.0
EUW1_7713503126,100,1,0.0
EUW1_7713503126,200,0,0.0
EUW1_7713503355,100,1,0.0
EUW1_7713503355,200,0,0.0
EUW1_7713504705,100,0,0.0
EUW1_7713504705,200,1,0.0
EUW1_7713505210,100,0,-1.5
EUW1_7713505210,200,1,1.5
EUW1_7713507124,100,0,0.0
EUW1_7713507124,200,1,0.0
EUW1_7713509226,100,1,0.6666666666666661
EUW1_7713509226,200,0,-0.6666666666666661
EUW1_7713513149,100,0,-2.0
EUW1_7713513149,200,1,2.0
EUW1_7713515378,100,1,0.0
EUW1_7713515378,200,0,0.0
EUW1_7713516917,100,0,-2.0
EUW1_7713516917,200,1,2.0
EUW1_7713516972,100,1,0.0
EUW1_7713516972,200,0,0.0
EUW1_7713517071,100,0,0.0
EUW1_7713517071,200,1,0.0
EUW1_7713522642,100,1,-0.3333333333333339
EUW1_7713522642,200,0,0.3333333333333339
EUW1_7713525532,100,1,-0.3333333333333339
EUW1_7713525532,200,0,0.3333333333333339
EUW1_7713526771,100,1,0.0
EUW1_7713526771,200,0,0.0
EUW1_7713527578,100,1,-0.3333333333333339
EUW1_7713527578,200,0,0.3333333333333339
EUW1_7713527958,100,0,0.0
EUW1_7713527958,200,1,0.0
EUW1_7713528705,100,1,-1.0
EUW1_7713528705,200,0,1.0
EUW1_7713530521,100,1,0.0
EUW1_7713530521,200,0,0.0
EUW1_7713531639,100,1,0.5
EUW1_7713531639,200,0,-0.5
EUW1_7713532920,100,1,0.0
EUW1_7713532920,200,0,0.0
EUW1_7713533372,100,0,-1.0
EUW1_7713533372,200,1,1.0
EUW1_7713536117,100,1,1.333333333333334
EUW1_7713536117,200,0,-1.333333333333334
EUW1_7713536716,100,1,0.0
EUW1_7713536716,200,0,0.0
EUW1_7713540767,100,1,0.0
EUW1_7713540767,200,0,0.0
EUW1_7713540935,100,1,1.0
EUW1_7713540935,200,0,-1.0
EUW1_7713541182,100,0,0.33333333333333304
EUW1_7713541182,200,1,-0.33333333333333304
EUW1_7713542348,100,1,0.0
EUW1_7713542348,200,0,0.0
EUW1_7713542940,100,1,0.0
EUW1_7713542940,200,0,0.0
EUW1_7713545147,100,1,0.0
EUW1_7713545147,200,0,0.0
EUW1_7713545658,100,0,0.0
EUW1_7713545658,200,1,0.0
EUW1_7713546192,100,0,0.0
EUW1_7713546192,200,1,0.0
EUW1_7713548837,100,0,0.0
EUW1_7713548837,200,1,0.0
EUW1_7713554690,100,0,0.0
EUW1_7713554690,200,1,0.0
EUW1_7713556311,100,1,0.0
EUW1_7713556311,200,0,0.0
EUW1_7713557095,100,0,0.0
EUW1_7713557095,200,1,0.0
EUW1_7713558780,100,1,0.0
EUW1_7713558780,200,0,0.0
EUW1_7713563987,100,0,0.0
EUW1_7713563987,200,1,0.0
EUW1_7713564626,100,0,1.0
EUW1_7713564626,200,1,-1.0
EUW1_7713565316,100,1,0.0
EUW1_7713565316,200,0,0.0
EUW1_7713566732,100,1,0.0
EUW1_7713566732,200,0,0.0
EUW1_7713567603,100,0,0.6666666666666661
EUW1_7713567603,200,1,-0.6666666666666661
EUW1_7713569630,100,0,0.0
EUW1_7713569630,200,1,0.0
EUW1_7713570989,100,0,0.0
EUW1_7713570989,200,1,0.0
EUW1_7713572597,100,0,0.0
EUW1_7713572597,200,1,0.0
EUW1_7713573186,100,1,0.0
EUW1_7713573186,200,0,0.0
EUW1_7713577154,100,1,1.0
EUW1_7713577154,200,0,-1.0
EUW1_7713577592,100,0,0.6666666666666661
EUW1_7713577592,200,1,-0.6666666666666661
EUW1_7713578527,100,1,0.0
EUW1_7713578527,200,0,0.0
EUW1_7713579580,100,1,0.0
EUW1_7713579580,200,0,0.0
EUW1_7713580327,100,1,-1.0
EUW1_7713580327,200,0,1.0
EUW1_7713583091,100,1,0.0
EUW1_7713583091,200,0,0.0
EUW1_7713585568,100,1,-0.3333333333333339
EUW1_7713585568,200,0,0.3333333333333339
EUW1_7713587613,100,0,1.333333333333334
EUW1_7713587613,200,1,-1.333333333333334
EUW1_7713587810,100,0,0.0
EUW1_7713587810,200,1,0.0
EUW1_7713589398,100,0,0.0
EUW1_7713589398,200,1,0.0
EUW1_7713592387,100,0,1.0
EUW1_7713592387,200,1,-1.0
EUW1_7713593264,100,1,0.6666666666666661
EUW1_7713593264,200,0,-0.6666666666666661
EUW1_7713594366,100,1,0.0
EUW1_7713594366,200,0,0.0
EUW1_7713597476,100,0,0.0
EUW1_7713597476,200,1,0.0
EUW1_7713598806,100,1,0.0
EUW1_7713598806,200,0,0.0
EUW1_7713600481,100,1,0.1999999999999993
EUW1_7713600481,200,0,-0.1999999999999993
EUW1_7713602209,100,0,1.0
EUW1_7713602209,200,1,-1.0
EUW1_7713602576,100,0,0.0
EUW1_7713602576,200,1,0.0
EUW1_7713602799,100,0,0.0
EUW1_7713602799,200,1,0.0
EUW1_7713603062,100,0,0.0
EUW1_7713603062,200,1,0.0
EUW1_7713605169,100,1,0.0
EUW1_7713605169,200,0,0.0
EUW1_7713606825,100,0,0.0
EUW1_7713606825,200,1,0.0
EUW1_7713610218,100,1,1.0
EUW1_7713610218,200,0,-1.0
EUW1_7713610988,100,1,0.0
EUW1_7713610988,200,0,0.0
EUW1_7713611680,100,1,0.5
EUW1_7713611680,200,0,-0.5
EUW1_7713613604,100,1,0.0
EUW1_7713613604,200,0,0.0
EUW1_7713615387,100,1,-0.6666666666666679
EUW1_7713615387,200,0,0.6666666666666679
EUW1_7713615943,100,0,0.0
EUW1_7713615943,200,1,0.0
EUW1_7713616940,100,1,-0.5
EUW1_7713616940,200,0,0.5
EUW1_7713617336,100,0,1.333333333333334
EUW1_7713617336,200,1,-1.333333333333334
EUW1_7713618982,100,1,0.0
EUW1_7713618982,200,0,0.0
EUW1_7713619811,100,0,0.0
EUW1_7713619811,200,1,0.0
EUW1_7713623059,100,1,0.0
EUW1_7713623059,200,0,0.0
EUW1_7713624924,100,0,0.0
EUW1_7713624924,200,1,0.0
EUW1_7713625022,100,1,0.0
EUW1_7713625022,200,0,0.0
EUW1_7713625097,100,1,0.0
EUW1_7713625097,200,0,0.0
EUW1_7713625831,100,1,0.0
EUW1_7713625831,200,0,0.0
EUW1_7713626197,100,0,0.6666666666666661
EUW1_7713626197,200,1,-0.6666666666666661
EUW1_7713626751,100,0,0.0
EUW1_7713626751,200,1,0.0
EUW1_7713628498,100,1,0.0
EUW1_7713628498,200,0,0.0
EUW1_7713633187,100,1,0.0
EUW1_7713633187,200,0,0.0
EUW1_7713633296,100,1,0.0
EUW1_7713633296,200,0,0.0
EUW1_7713633921,100,1,0.0
EUW1_7713633921,200,0,0.0
EUW1_7713635307,100,1,0.0
EUW1_7713635307,200,0,0.0
EUW1_7713635496,100,1,0.33333333333333304
EUW1_7713635496,200,0,-0.33333333333333304
EUW1_7713636512,100,0,0.5
EUW1_7713636512,200,1,-0.5
EUW1_7713638459,100,1,-2.0
EUW1_7713638459,200,0,2.0
EUW1_7713645677,100,0,-0.8333333333333339
EUW1_7713645677,200,1,0.8333333333333339
EUW1_7713645755,100,1,0.0
EUW1_7713645755,200,0,0.0
EUW1_7713646594,100,0,0.0
EUW1_7713646594,200,1,0.0
EUW1_7713647307,100,1,0.0
EUW1_7713647307,200,0,0.0
EUW1_7713648689,100,1,0.0
EUW1_7713648689,200,0,0.0
EUW1_7713649571,100,0,1.0
EUW1_7713649571,200,1,-1.0
EUW1_7713651885,100,0,0.5
EUW1_7713651885,200,1,-0.5
EUW1_7713652190,100,1,0.0
EUW1_7713652190,200,0,0.0
EUW1_7713652544,100,0,-1.0
EUW1_7713652544,200,1,1.0
EUW1_7713655499,100,0,0.3333333333333339
EUW1_7713655499,200,1,-0.3333333333333339
EUW1_7713660764,100,0,0.0
EUW1_7713660764,200,1,0.0
EUW1_7713661487,100,1,1.0
EUW1_7713661487,200,0,-1.0
EUW1_7713663650,100,1,1.0
EUW1_7713663650,200,0,-1.0
EUW1_7713665502,100,1,0.0
EUW1_7713665502,200,0,0.0
EUW1_7713666512,100,0,0.6666666666666679
EUW1_7713666512,200,1,-0.6666666666666679
EUW1_7713667491,100,1,-1.0
EUW1_7713667491,200,0,1.0
EUW1_7713671144,100,0,0.0
EUW1_7713671144,200,1,0.0
EUW1_7713671956,100,1,0.0
EUW1_7713671956,200,0,0.0
EUW1_7713672543,100,1,1.0
EUW1_7713672543,200,0,-1.0
EUW1_7713676700,100,1,0.0
EUW1_7713676700,200,0,0.0
EUW1_7713678684,100,0,0.0
EUW1_7713678684,200,1,0.0
EUW1_7713680177,100,1,0.0
EUW1_7713680177,200,0,0.0
EUW1_7713681701,100,0,-0.6666666666666661
EUW1_7713681701,200,1,0.6666666666666661
EUW1_7713684559,100,1,0.0
EUW1_7713684559,200,0,0.0
EUW1_7713685112,100,1,-1.333333333333334
EUW1_7713685112,200,0,1.333333333333334
EUW1_7713686417,100,0,0.0
EUW1_7713686417,200,1,0.0
EUW1_7713690410,100,0,-1.333333333333334
EUW1_7713690410,200,1,1.333333333333334
EUW1_7713694159,100,1,0.5
EUW1_7713694159,200,0,-0.5
EUW1_7713694856,100,0,0.0
EUW1_7713694856,200,1,0.0
EUW1_7713697423,100,0,0.0
EUW1_7713697423,200,1,0.0
EUW1_7713698661,100,0,1.0
EUW1_7713698661,200,1,-1.0
EUW1_7713699726,100,1,0.0
EUW1_7713699726,200,0,0.0
EUW1_7713701180,100,1,0.0
EUW1_7713701180,200,0,0.0
EUW1_7713701499,100,1,0.0
EUW1_7713701499,200,0,0.0
EUW1_7713702417,100,0,0.0
EUW1_7713702417,200,1,0.0
EUW1_7713703478,100,0,-0.3333333333333339
EUW1_7713703478,200,1,0.3333333333333339
EUW1_7713704440,100,0,1.0
EUW1_7713704440,200,1,-1.0
EUW1_7713706252,100,1,0.0
EUW1_7713706252,200,0,0.0
EUW1_7713708223,100,1,-1.0
EUW1_7713708223,200,0,1.0
EUW1_7713709173,100,1,-1.0
EUW1_7713709173,200,0,1.0
EUW1_7713709983,100,0,0.0
EUW1_7713709983,200,1,0.0
EUW1_7713712794,100,1,0.0
EUW1_7713712794,200,0,0.0
EUW1_7713713398,100,1,-0.5
EUW1_7713713398,200,0,0.5
EUW1_7713715086,100,1,-1.0
EUW1_7713715086,200,0,1.0
EUW1_7713715420,100,1,0.0
EUW1_7713715420,200,0,0.0
EUW1_7713716665,100,0,1.0
EUW1_7713716665,200,1,-1.0
EUW1_7713718243,100,0,0.0
EUW1_7713718243,200,1,0.0
EUW1_7713721577,100,1,0.0
EUW1_7713721577,200,0,0.0
EUW1_7713721678,100,0,0.0
EUW1_7713721678,200,1,0.0
EUW1_7713725197,100,0,0.09999999999999964
EUW1_7713725197,200,1,-0.09999999999999964
EUW1_7713729868,100,1,0.6666666666666661
EUW1_7713729868,200,0,-0.6666666666666661
EUW1_7713734002,100,0,-0.3333333333333339
EUW1_7713734002,200,1,0.3333333333333339
EUW1_7713734416,100,0,0.0
EUW1_7713734416,200,1,0.0
EUW1_7713735813,100,1,0.0
EUW1_7713735813,200,0,0.0
EUW1_7713737465,100,0,0.0
EUW1_7713737465,200,1,0.0
EUW1_7713740064,100,0,0.0
EUW1_7713740064,200,1,0.0
EUW1_7713742066,100,1,-0.3333333333333339
EUW1_7713742066,200,0,0.3333333333333339
EUW1_7713746199,100,1,0.0
EUW1_7713746199,200,0,0.0
EUW1_7713750190,100,0,0.0
EUW1_7713750190,200,1,0.0
EUW1_7713750493,100,1,0.0
EUW1_7713750493,200,0,0.0
EUW1_7713751187,100,1,-2.0
EUW1_7713751187,200,0,2.0
EUW1_7713753637,100,0,-0.5
EUW1_7713753637,200,1,0.5
EUW1_7713754135,100,1,0.0
EUW1_7713754135,200,0,0.0
EUW1_7713758837,100,1,0.0
EUW1_7713758837,200,0,0.0
EUW1_7713759949,100,1,0.0
EUW1_7713759949,200,0,0.0
EUW1_7713760545,100,1,0.0
EUW1_7713760545,200,0,0.0
EUW1_7713761146,100,0,0.25
EUW1_7713761146,200,1,-0.25
EUW1_7713762680,100,1,0.8333333333333339
EUW1_7713762680,200,0,-0.8333333333333339
EUW1_7713763050,100,0,0.0
EUW1_7713763050,200,1,0.0
EUW1_7713763250,100,0,0.0
EUW1_7713763250,200,1,0.0
EUW1_7713764027,100,1,0.0
EUW1_7713764027,200,0,0.0
EUW1_7713765171,100,0,0.0
EUW1_7713765171,200,1,0.0
EUW1_7713769987,100,0,0.0
EUW1_7713769987,200,1,0.0
EUW1_7713770639,100,1,0.0
EUW1_7713770639,200,0,0.0
EUW1_7713771268,100,0,-0.3000000000000007
EUW1_7713771268,200,1,0.3000000000000007
EUW1_7713771747,100,1,0.0
EUW1_7713771747,200,0,0.0
EUW1_7713775311,100,0,-0.16666666666666607
EUW1_7713775311,200,1,0.16666666666666607
EUW1_7713775973,100,0,0.0
EUW1_7713775973,200,1,0.0
EUW1_7713778912,100,0,0.0
EUW1_7713778912,200,1,0.0
EUW1_7713780244,100,0,0.0
EUW1_7713780244,200,1,0.0
EUW1_7713780766,100,0,0.0
EUW1_7713780766,200,1,0.0
EUW1_7713783795,100,1,0.0
EUW1_7713783795,200,0,0.0
EUW1_7713784027,100,1,0.6666666666666661
EUW1_7713784027,200,0,-0.6666666666666661
EUW1_7713784438,100,1,0.0
EUW1_7713784438,200,0,0.0
EUW1_7713785189,100,1,0.0
EUW1_7713785189,200,0,0.0
EUW1_7713785530,100,0,0.0
EUW1_7713785530,200,1,0.0
EUW1_7713786340,100,0,-2.0
EUW1_7713786340,200,1,2.0
EUW1_7713789513,100,1,2.0
EUW1_7713789513,200,0,-2.0
EUW1_7713793867,100,0,0.0
EUW1_7713793867,200,1,0.0
EUW1_7713794710,100,0,0.0
EUW1_7713794710,200,1,0.0
EUW1_7713796858,100,0,-0.5
EUW1_7713796858,200,1,0.5
EUW1_7713798351,100,1,0.0
EUW1_7713798351,200,0,0.0
EUW1_7713799997,100,0,-1.333333333333334
EUW1_7713799997,200,1,1.333333333333334
EUW1_7713801445,100,0,-1.0
EUW1_7713801445,200,1,1.0
EUW1_7713802963,100,0,0.0
EUW1_7713802963,200,1,0.0
EUW1_7713805180,100,0,-0.6666666666666661
EUW1_7713805180,200,1,0.6666666666666661
EUW1_7713805907,100,0,0.0
EUW1_7713805907,200,1,0.0
EUW1_7713805915,100,0,0.0
EUW1_7713805915,200,1,0.0
EUW1_7713807970,100,1,0.0
EUW1_7713807970,200,0,0.0
EUW1_7713809113,100,1,0.0
EUW1_7713809113,200,0,0.0
EUW1_7713811074,100,1,0.2666666666666657
EUW1_7713811074,200,0,-0.2666666666666657
EUW1_7713813926,100,1,1.333333333333334
EUW1_7713813926,200,0,-1.333333333333334
EUW1_7713815020,100,0,0.0
EUW1_7713815020,200,1,0.0
EUW1_7713816662,100,0,0.0
EUW1_7713816662,200,1,0.0
EUW1_7713818915,100,1,0.0
EUW1_7713818915,200,0,0.0
EUW1_7713819058,100,1,0.0
EUW1_7713819058,200,0,0.0
EUW1_7713821035,100,1,-0.3333333333333339
EUW1_7713821035,200,0,0.3333333333333339
EUW1_7713823884,100,0,-0.6666666666666661
EUW1_7713823884,200,1,0.6666666666666661
EUW1_7713824186,100,1,0.0
EUW1_7713824186,200,0,0.0
EUW1_7713827385,100,0,0.0
EUW1_7713827385,200,1,0.0
EUW1_7713828297,100,0,0.0
EUW1_7713828297,200,1,0.0
EUW1_7713828652,100,1,0.0
EUW1_7713828652,200,0,0.0
EUW1_7713834216,100,0,-0.3333333333333339
EUW1_7713834216,200,1,0.3333333333333339
EUW1_7713834428,100,0,0.0
EUW1_7713834428,200,1,0.0
EUW1_7713836838,100,0,0.0
EUW1_7713836838,200,1,0.0
EUW1_7713838161,100,1,1.0
EUW1_7713838161,200,0,-1.0
EUW1_7713839683,100,1,0.0
EUW1_7713839683,200,0,0.0
EUW1_7713841394,100,1,0.0
EUW1_7713841394,200,0,0.0
EUW1_7713841809,100,1,1.333333333333334
EUW1_7713841809,200,0,-1.333333333333334
EUW1_7713842192,100,0,0.0
EUW1_7713842192,200,1,0.0
EUW1_7713843813,100,0,0.0
EUW1_7713843813,200,1,0.0
EUW1_7713844320,100,1,0.0
EUW1_7713844320,200,0,0.0
EUW1_7713846584,100,0,0.0
EUW1_7713846584,200,1,0.0
EUW1_7713848202,100,1,0.0
EUW1_7713848202,200,0,0.0
EUW1_7713848653,100,0,-1.0
EUW1_7713848653,200,1,1.0
EUW1_7713848975,100,1,0.0
EUW1_7713848975,200,0,0.0
EUW1_7713850376,100,0,0.0
EUW1_7713850376,200,1,0.0
EUW1_7713854816,100,1,0.0
EUW1_7713854816,200,0,0.0
EUW1_7713856670,100,0,-0.6666666666666661
EUW1_7713856670,200,1,0.6666666666666661
EUW1_7713857720,100,0,0.09999999999999964
EUW1_7713857720,200,1,-0.09999999999999964
EUW1_7713858451,100,1,0.0
EUW1_7713858451,200,0,0.0
EUW1_7713861123,100,0,-1.0
EUW1_7713861123,200,1,1.0
EUW1_7713861659,100,1,1.0
EUW1_7713861659,200,0,-1.0
EUW1_7713864305,100,1,0.0
EUW1_7713864305,200,0,0.0
EUW1_7713867952,100,0,0.0
EUW1_7713867952,200,1,0.0
EUW1_7713868283,100,1,-0.6666666666666661
EUW1_7713868283,200,0,0.6666666666666661
EUW1_7713872426,100,1,0.0
EUW1_7713872426,200,0,0.0
EUW1_7713874490,100,1,0.0
EUW1_7713874490,200,0,0.0
EUW1_7713877020,100,0,0.0
EUW1_7713877020,200,1,0.0
EUW1_7713877460,100,1,0.0
EUW1_7713877460,200,0,0.0
EUW1_7713878819,100,0,-0.6666666666666661
EUW1_7713878819,200,1,0.6666666666666661
EUW1_7713879103,100,1,-1.5999999999999996
EUW1_7713879103,200,0,1.5999999999999996
EUW1_7713882007,100,0,-1.0
EUW1_7713882007,200,1,1.0
EUW1_7713884089,100,0,0.0
EUW1_7713884089,200,1,0.0
EUW1_7713885717,100,0,0.0
EUW1_7713885717,200,1,0.0
EUW1_7713886042,100,1,0.6666666666666661
EUW1_7713886042,200,0,-0.6666666666666661
EUW1_7713887148,100,0,-2.0
EUW1_7713887148,200,1,2.0
EUW1_7713887159,100,0,0.0
EUW1_7713887159,200,1,0.0
EUW1_7713891332,100,1,0.0
EUW1_7713891332,200,0,0.0
EUW1_7713891687,100,0,0.0
EUW1_7713891687,200,1,0.0
EUW1_7713891711,100,1,0.0
EUW1_7713891711,200,0,0.0
EUW1_7713895716,100,1,0.0
EUW1_7713895716,200,0,0.0
EUW1_7713896991,100,1,0.0
EUW1_7713896991,200,0,0.0
EUW1_7713897432,100,0,0.0
EUW1_7713897432,200,1,0.0
EUW1_7713897568,100,1,0.6666666666666661
EUW1_7713897568,200,0,-0.6666666666666661
EUW1_7713898074,100,1,1.0
EUW1_7713898074,200,0,-1.0
EUW1_7713900485,100,1,0.0
EUW1_7713900485,200,0,0.0
EUW1_7713904713,100,1,-1.0
EUW1_7713904713,200,0,1.0
EUW1_7713911661,100,1,0.0
EUW1_7713911661,200,0,0.0
EUW1_7713913932,100,1,-0.8333333333333339
EUW1_7713913932,200,0,0.8333333333333339
EUW1_7713916720,100,0,0.0
EUW1_7713916720,200,1,0.0
EUW1_7713917877,100,1,1.0
EUW1_7713917877,200,0,-1.0
EUW1_7713919897,100,0,0.0
EUW1_7713919897,200,1,0.0
EUW1_7713920475,100,1,-0.6666666666666661
EUW1_7713920475,200,0,0.6666666666666661
EUW1_7713921116,100,1,0.0
EUW1_7713921116,200,0,0.0
EUW1_7713922670,100,1,0.5
EUW1_7713922670,200,0,-0.5
EUW1_7713923878,100,0,-1.0
EUW1_7713923878,200,1,1.0
EUW1_7713923979,100,0,0.0
EUW1_7713923979,200,1,0.0
EUW1_7713926189,100,1,0.0
EUW1_7713926189,200,0,0.0
EUW1_7713926342,100,0,1.0
EUW1_7713926342,200,1,-1.0
EUW1_7713927935,100,1,1.0
EUW1_7713927935,200,0,-1.0
EUW1_7713928084,100,1,0.0
EUW1_7713928084,200,0,0.0
EUW1_7713928912,100,0,0.0
EUW1_7713928912,200,1,0.0
EUW1_7713930437,100,0,-1.0
EUW1_7713930437,200,1,1.0
EUW1_7713931337,100,0,0.0
EUW1_7713931337,200,1,0.0
EUW1_7713931663,100,0,0.0
EUW1_7713931663,200,1,0.0
EUW1_7713932060,100,0,0.0
EUW1_7713932060,200,1,0.0
EUW1_7713933987,100,0,-1.333333333333334
EUW1_7713933987,200,1,1.333333333333334
EUW1_7713935556,100,1,0.6666666666666661
EUW1_7713935556,200,0,-0.6666666666666661
EUW1_7713939044,100,0,0.0
EUW1_7713939044,200,1,0.0
EUW1_7713939536,100,0,0.0
EUW1_7713939536,200,1,0.0
EUW1_7713939973,100,1,0.0
EUW1_7713939973,200,0,0.0
EUW1_7713942527,100,0,0.0
EUW1_7713942527,200,1,0.0
EUW1_7713943810,100,0,0.0
EUW1_7713943810,200,1,0.0
EUW1_7713944239,100,1,1.0
EUW1_7713944239,200,0,-1.0
EUW1_7713947097,100,0,0.0
EUW1_7713947097,200,1,0.0
EUW1_7713947753,100,1,0.0
EUW1_7713947753,200,0,0.0
EUW1_7713947894,100,0,1.0
EUW1_7713947894,200,1,-1.0
EUW1_7713948066,100,1,0.0
EUW1_7713948066,200,0,0.0
EUW1_7713948463,100,1,0.0
EUW1_7713948463,200,0,0.0
EUW1_7713948850,100,0,0.0
EUW1_7713948850,200,1,0.0
EUW1_7713949269,100,1,0.0
EUW1_7713949269,200,0,0.0
EUW1_7713950359,100,0,-0.6666666666666661
EUW1_7713950359,200,1,0.6666666666666661
EUW1_7713950578,100,1,0.0
EUW1_7713950578,200,0,0.0
EUW1_7713950668,100,0,0.0
EUW1_7713950668,200,1,0.0
EUW1_7713955066,100,1,-1.0
EUW1_7713955066,200,0,1.0
EUW1_7713957631,100,0,0.0
EUW1_7713957631,200,1,0.0
EUW1_7713957976,100,1,0.6666666666666661
EUW1_7713957976,200,0,-0.6666666666666661
EUW1_7713959980,100,1,-2.0
EUW1_7713959980,200,0,2.0
EUW1_7713960718,100,0,0.0
EUW1_7713960718,200,1,0.0
EUW1_7713960733,100,0,1.0
EUW1_7713960733,200,1,-1.0
EUW1_7713960940,100,1,0.0
EUW1_7713960940,200,0,0.0
EUW1_7713961583,100,0,0.0
EUW1_7713961583,200,1,0.0
EUW1_7713961682,100,0,0.0
EUW1_7713961682,200,1,0.0
EUW1_7713962383,100,0,0.0
EUW1_7713962383,200,1,0.0
EUW1_7713962817,100,0,0.0
EUW1_7713962817,200,1,0.0
EUW1_7713964872,100,1,0.0
EUW1_7713964872,200,0,0.0
EUW1_7713964889,100,1,0.0
EUW1_7713964889,200,0,0.0
EUW1_7713966616,100,1,-1.333333333333334
EUW1_7713966616,200,0,1.333333333333334
EUW1_7713969106,100,1,0.0
EUW1_7713969106,200,0,0.0
EUW1_7713969653,100,1,1.333333333333334
EUW1_7713969653,200,0,-1.333333333333334
EUW1_7713971770,100,0,1.0
EUW1_7713971770,200,1,-1.0
EUW1_7713971772,100,0,0.0
EUW1_7713971772,200,1,0.0
EUW1_7713973914,100,1,0.0
EUW1_7713973914,200,0,0.0
EUW1_7713974229,100,1,0.0
EUW1_7713974229,200,0,0.0
EUW1_7713974832,100,1,0.6666666666666661
EUW1_7713974832,200,0,-0.6666666666666661
EUW1_7713975337,100,0,0.0
EUW1_7713975337,200,1,0.0
EUW1_7713977868,100,1,0.0
EUW1_7713977868,200,0,0.0
EUW1_7713979180,100,0,-0.6666666666666661
EUW1_7713979180,200,1,0.6666666666666661
EUW1_7713979232,100,0,0.0
EUW1_7713979232,200,1,0.0
EUW1_7713980247,100,1,0.0
EUW1_7713980247,200,0,0.0
EUW1_7713982162,100,1,2.0
EUW1_7713982162,200,0,-2.0
EUW1_7713982501,100,1,0.0
EUW1_7713982501,200,0,0.0
EUW1_7713982893,100,0,1.0
EUW1_7713982893,200,1,-1.0
EUW1_7713984331,100,1,-0.6666666666666661
EUW1_7713984331,200,0,0.6666666666666661
EUW1_7713986934,100,0,0.0
EUW1_7713986934,200,1,0.0
EUW1_7713987417,100,1,0.5
EUW1_7713987417,200,0,-0.5
EUW1_7713988247,100,1,0.0
EUW1_7713988247,200,0,0.0
EUW1_7713988426,100,1,-0.5
EUW1_7713988426,200,0,0.5
EUW1_7713989711,100,0,0.0
EUW1_7713989711,200,1,0.0
EUW1_7713990049,100,0,0.0
EUW1_7713990049,200,1,0.0
EUW1_7713990441,100,1,0.0
EUW1_7713990441,200,0,0.0
EUW1_7713993651,100,1,0.0
EUW1_7713993651,200,0,0.0
EUW1_7713995019,100,0,-0.5
EUW1_7713995019,200,1,0.5
EUW1_7713995988,100,0,0.0
EUW1_7713995988,200,1,0.0
EUW1_7713996737,100,0,0.0
EUW1_7713996737,200,1,0.0
EUW1_7713997740,100,1,0.0
EUW1_7713997740,200,0,0.0
EUW1_7713999511,100,0,0.0
EUW1_7713999511,200,1,0.0
EUW1_7713999886,100,0,-1.1999999999999993
EUW1_7713999886,200,1,1.1999999999999993
EUW1_7714000067,100,1,0.0
EUW1_7714000067,200,0,0.0
EUW1_7714000532,100,0,1.333333333333334
EUW1_7714000532,200,1,-1.333333333333334
EUW1_7714000790,100,1,0.0
EUW1_7714000790,200,0,0.0
EUW1_7714001150,100,0,-1.333333333333334
EUW1_7714001150,200,1,1.333333333333334
EUW1_7714001168,100,1,0.0
EUW1_7714001168,200,0,0.0
EUW1_7714002379,100,1,-1.0
EUW1_7714002379,200,0,1.0
EUW1_7714006455,100,1,0.0
EUW1_7714006455,200,0,0.0
EUW1_7714006704,100,1,0.0
EUW1_7714006704,200,0,0.0
EUW1_7714007667,100,1,0.0
EUW1_7714007667,200,0,0.0
EUW1_7714007872,100,0,0.5
EUW1_7714007872,200,1,-0.5
EUW1_7714008279,100,1,0.0
EUW1_7714008279,200,0,0.0
EUW1_7714009959,100,0,-0.40000000000000036
EUW1_7714009959,200,1,0.40000000000000036
EUW1_7714010603,100,0,0.0
EUW1_7714010603,200,1,0.0
EUW1_7714011444,100,0,0.0
EUW1_7714011444,200,1,0.0
EUW1_7714012786,100,1,0.0
EUW1_7714012786,200,0,0.0
EUW1_7714018545,100,0,0.0
EUW1_7714018545,200,1,0.0
EUW1_7714018557,100,1,-0.3333333333333339
EUW1_7714018557,200,0,0.3333333333333339
EUW1_7714018918,100,0,0.0
EUW1_7714018918,200,1,0.0
EUW1_7714019178,100,1,0.0
EUW1_7714019178,200,0,0.0
EUW1_7714019838,100,1,-1.333333333333334
EUW1_7714019838,200,0,1.333333333333334
EUW1_7714021319,100,0,-1.0
EUW1_7714021319,200,1,1.0
EUW1_7714022739,100,0,0.0
EUW1_7714022739,200,1,0.0
EUW1_7714023380,100,1,0.0
EUW1_7714023380,200,0,0.0
EUW1_7714023606,100,1,0.0
EUW1_7714023606,200,0,0.0
EUW1_7714024128,100,0,-1.333333333333334
EUW1_7714024128,200,1,1.333333333333334
EUW1_7714027126,100,1,0.0
EUW1_7714027126,200,0,0.0
EUW1_7714028730,100,1,0.0
EUW1_7714028730,200,0,0.0
EUW1_7714029760,100,1,-0.3000000000000007
EUW1_7714029760,200,0,0.3000000000000007
EUW1_7714030446,100,1,0.0
EUW1_7714030446,200,0,0.0
EUW1_7714031372,100,0,0.0
EUW1_7714031372,200,1,0.0
EUW1_7714032231,100,0,0.0
EUW1_7714032231,200,1,0.0
EUW1_7714033375,100,1,-1.0
EUW1_7714033375,200,0,1.0
EUW1_7714033540,100,0,0.0
EUW1_7714033540,200,1,0.0
EUW1_7714034796,100,1,0.0
EUW1_7714034796,200,0,0.0
EUW1_7714034849,100,1,0.6666666666666661
EUW1_7714034849,200,0,-0.6666666666666661
EUW1_7714036127,100,1,0.0
EUW1_7714036127,200,0,0.0
EUW1_7714036428,100,0,0.0
EUW1_7714036428,200,1,0.0
EUW1_7714036782,100,1,1.0
EUW1_7714036782,200,0,-1.0
EUW1_7714038669,100,0,0.0
EUW1_7714038669,200,1,0.0
EUW1_7714040666,100,0,2.0
EUW1_7714040666,200,1,-2.0
EUW1_7714041231,100,1,0.0
EUW1_7714041231,200,0,0.0
EUW1_7714041486,100,0,0.0
EUW1_7714041486,200,1,0.0
EUW1_7714042986,100,0,0.0
EUW1_7714042986,200,1,0.0
EUW1_7714044218,100,1,0.0
EUW1_7714044218,200,0,0.0
EUW1_7714044236,100,0,0.0
EUW1_7714044236,200,1,0.0
EUW1_7714044647,100,0,0.0
EUW1_7714044647,200,1,0.0
EUW1_7714045923,100,0,0.0
EUW1_7714045923,200,1,0.0
EUW1_7714047139,100,1,1.333333333333334
EUW1_7714047139,200,0,-1.333333333333334
EUW1_7714048286,100,1,-1.0
EUW1_7714048286,200,0,1.0
EUW1_7714048619,100,1,0.0
EUW1_7714048619,200,0,0.0
EUW1_7714051473,100,0,1.333333333333334
EUW1_7714051473,200,1,-1.333333333333334
EUW1_7714052168,100,0,0.0
EUW1_7714052168,200,1,0.0
EUW1_7714052393,100,0,-2.0
EUW1_7714052393,200,1,2.0
EUW1_7714054514,100,1,0.0
EUW1_7714054514,200,0,0.0
EUW1_7714055194,100,1,-0.5
EUW1_7714055194,200,0,0.5
EUW1_7714055504,100,0,-2.0
EUW1_7714055504,200,1,2.0
EUW1_7714057191,100,1,0.0
EUW1_7714057191,200,0,0.0
EUW1_7714057736,100,1,0.0
EUW1_7714057736,200,0,0.0
EUW1_7714059036,100,0,0.0
EUW1_7714059036,200,1,0.0
EUW1_7714059199,100,1,-1.0
EUW1_7714059199,200,0,1.0
EUW1_7714060287,100,0,0.0
EUW1_7714060287,200,1,0.0
EUW1_7714060429,100,1,-0.6666666666666661
EUW1_7714060429,200,0,0.6666666666666661
EUW1_7714060627,100,1,0.0
EUW1_7714060627,200,0,0.0
EUW1_7714061562,100,1,0.0
EUW1_7714061562,200,0,0.0
EUW1_7714062093,100,0,-2.0
EUW1_7714062093,200,1,2.0
EUW1_7714062375,100,1,-1.0
EUW1_7714062375,200,0,1.0
EUW1_7714063787,100,1,0.9333333333333336
EUW1_7714063787,200,0,-0.9333333333333336
EUW1_7714066054,100,1,-1.0
EUW1_7714066054,200,0,1.0
EUW1_7714066491,100,1,0.0
EUW1_7714066491,200,0,0.0
EUW1_7714067692,100,0,0.0
EUW1_7714067692,200,1,0.0
EUW1_7714071643,100,1,-1.0
EUW1_7714071643,200,0,1.0
EUW1_7714072020,100,0,1.0
EUW1_7714072020,200,1,-1.0
EUW1_7714073489,100,1,0.0
EUW1_7714073489,200,0,0.0
EUW1_7714073507,100,0,0.0
EUW1_7714073507,200,1,0.0
EUW1_7714075551,100,0,0.0
EUW1_7714075551,200,1,0.0
EUW1_7714076668,100,0,1.0
EUW1_7714076668,200,1,-1.0
EUW1_7714077224,100,1,0.6666666666666661
EUW1_7714077224,200,0,-0.6666666666666661
EUW1_7714077406,100,0,0.0
EUW1_7714077406,200,1,0.0
EUW1_7714080524,100,0,-0.6666666666666661
EUW1_7714080524,200,1,0.6666666666666661
EUW1_7714080797,100,1,1.333333333333334
EUW1_7714080797,200,0,-1.333333333333334
EUW1_7714084189,100,0,0.0
EUW1_7714084189,200,1,0.0
EUW1_7714084211,100,1,1.0
EUW1_7714084211,200,0,-1.0
EUW1_7714084771,100,0,-1.5
EUW1_7714084771,200,1,1.5
EUW1_7714084783,100,1,0.0
EUW1_7714084783,200,0,0.0
EUW1_7714085287,100,1,0.0
EUW1_7714085287,200,0,0.0
EUW1_7714086252,100,1,-1.1999999999999993
EUW1_7714086252,200,0,1.1999999999999993
EUW1_7714086624,100,0,0.6666666666666661
EUW1_7714086624,200,1,-0.6666666666666661
EUW1_7714087546,100,0,0.0
EUW1_7714087546,200,1,0.0
EUW1_7714087673,100,1,0.0
EUW1_7714087673,200,0,0.0
EUW1_7714089205,100,1,0.3333333333333339
EUW1_7714089205,200,0,-0.3333333333333339
EUW1_7714090666,100,1,0.0
EUW1_7714090666,200,0,0.0
EUW1_7714093797,100,0,0.0
EUW1_7714093797,200,1,0.0
EUW1_7714093977,100,0,-2.0
EUW1_7714093977,200,1,2.0
EUW1_7714096271,100,0,0.0
EUW1_7714096271,200,1,0.0
EUW1_7714097604,100,0,-1.0
EUW1_7714097604,200,1,1.0
EUW1_7714097786,100,1,0.0
EUW1_7714097786,200,0,0.0
EUW1_7714098780,100,1,0.0
EUW1_7714098780,200,0,0.0
EUW1_7714099315,100,0,0.0
EUW1_7714099315,200,1,0.0
EUW1_7714100330,100,0,0.0
EUW1_7714100330,200,1,0.0
EUW1_7714101791,100,1,0.0
EUW1_7714101791,200,0,0.0
EUW1_7714102063,100,0,0.0
EUW1_7714102063,200,1,0.0
EUW1_7714102858,100,0,2.0
EUW1_7714102858,200,1,-2.0
EUW1_7714102920,100,0,0.0
EUW1_7714102920,200,1,0.0
EUW1_7714103730,100,1,0.0
EUW1_7714103730,200,0,0.0
EUW1_7714107737,100,1,0.6666666666666661
EUW1_7714107737,200,0,-0.6666666666666661
EUW1_7714108034,100,0,1.0
EUW1_7714108034,200,1,-1.0
EUW1_7714108311,100,0,0.0
EUW1_7714108311,200,1,0.0
EUW1_7714108376,100,1,0.6666666666666661
EUW1_7714108376,200,0,-0.6666666666666661
EUW1_7714109441,100,1,0.0
EUW1_7714109441,200,0,0.0
EUW1_7714110990,100,1,0.0
EUW1_7714110990,200,0,0.0
EUW1_7714113134,100,1,0.0
EUW1_7714113134,200,0,0.0
EUW1_7714115515,100,0,-1.0
EUW1_7714115515,200,1,1.0
EUW1_7714116101,100,0,0.0
EUW1_7714116101,200,1,0.0
EUW1_7714116266,100,1,0.0
EUW1_7714116266,200,0,0.0
EUW1_7714116530,100,0,1.0
EUW1_7714116530,200,1,-1.0
EUW1_7714116838,100,0,0.0
EUW1_7714116838,200,1,0.0
EUW1_7714117921,100,0,1.0
EUW1_7714117921,200,1,-1.0
EUW1_7714118461,100,0,-0.5
EUW1_7714118461,200,1,0.5
EUW1_7714120254,100,1,0.0
EUW1_7714120254,200,0,0.0
EUW1_7714121051,100,0,2.0
EUW1_7714121051,200,1,-2.0
EUW1_7714121358,100,1,0.6666666666666661
EUW1_7714121358,200,0,-0.6666666666666661
EUW1_7714122253,100,0,0.0
EUW1_7714122253,200,1,0.0
EUW1_7714123020,100,1,0.0
EUW1_7714123020,200,0,0.0
EUW1_7714124458,100,1,0.0
EUW1_7714124458,200,0,0.0
EUW1_7714129484,100,1,-0.5
EUW1_7714129484,200,0,0.5
EUW1_7714131543,100,0,0.0
EUW1_7714131543,200,1,0.0
EUW1_7714131789,100,0,-0.6666666666666661
EUW1_7714131789,200,1,0.6666666666666661
EUW1_7714132142,100,0,0.0
EUW1_7714132142,200,1,0.0
EUW1_7714132397,100,0,0.0
EUW1_7714132397,200,1,0.0
EUW1_7714132540,100,0,-1.0
EUW1_7714132540,200,1,1.0
EUW1_7714132678,100,1,0.0
EUW1_7714132678,200,0,0.0
EUW1_7714132894,100,1,-0.5
EUW1_7714132894,200,0,0.5
EUW1_7714135996,100,1,0.0
EUW1_7714135996,200,0,0.0
EUW1_7714136574,100,1,0.0
EUW1_7714136574,200,0,0.0
EUW1_7714137032,100,0,0.0
EUW1_7714137032,200,1,0.0
EUW1_7714137349,100,1,-0.3333333333333339
EUW1_7714137349,200,0,0.3333333333333339
EUW1_7714137356,100,1,0.0
EUW1_7714137356,200,0,0.0
EUW1_7714137829,100,0,0.0
EUW1_7714137829,200,1,0.0
EUW1_7714138916,100,0,-2.0
EUW1_7714138916,200,1,2.0
EUW1_7714139383,100,0,2.0
EUW1_7714139383,200,1,-2.0
EUW1_7714140098,100,1,0.0
EUW1_7714140098,200,0,0.0
EUW1_7714140334,100,1,0.0
EUW1_7714140334,200,0,0.0
EUW1_7714142521,100,0,1.0
EUW1_7714142521,200,1,-1.0
EUW1_7714144225,100,0,0.0
EUW1_7714144225,200,1,0.0
EUW1_7714144428,100,1,0.0
EUW1_7714144428,200,0,0.0
EUW1_7714145284,100,0,0.0
EUW1_7714145284,200,1,0.0
EUW1_7714145796,100,0,0.0
EUW1_7714145796,200,1,0.0
EUW1_7714146346,100,0,0.0
EUW1_7714146346,200,1,0.0
EUW1_7714146661,100,1,-0.6666666666666661
EUW1_7714146661,200,0,0.6666666666666661
EUW1_7714146932,100,0,0.0
EUW1_7714146932,200,1,0.0
EUW1_7714148269,100,0,0.0
EUW1_7714148269,200,1,0.0
EUW1_7714148626,100,1,0.0
EUW1_7714148626,200,0,0.0
EUW1_7714149085,100,0,0.0
EUW1_7714149085,200,1,0.0
EUW1_7714150197,100,1,0.0
EUW1_7714150197,200,0,0.0
EUW1_7714151298,100,1,0.0
EUW1_7714151298,200,0,0.0
EUW1_7714152439,100,0,0.0
EUW1_7714152439,200,1,0.0
EUW1_7714153167,100,0,0.0
EUW1_7714153167,200,1,0.0
EUW1_7714155033,100,0,-0.5
EUW1_7714155033,200,1,0.5
EUW1_7714155174,100,1,0.0
EUW1_7714155174,200,0,0.0
EUW1_7714155703,100,1,0.0
EUW1_7714155703,200,0,0.0
EUW1_7714158407,100,0,0.0
EUW1_7714158407,200,1,0.0
EUW1_7714158814,100,1,-2.0
EUW1_7714158814,200,0,2.0
EUW1_7714159725,100,1,0.0
EUW1_7714159725,200,0,0.0
EUW1_7714160024,100,1,1.0
EUW1_7714160024,200,0,-1.0
EUW1_7714160218,100,0,0.0
EUW1_7714160218,200,1,0.0
EUW1_7714160304,100,1,0.0
EUW1_7714160304,200,0,0.0
EUW1_7714160727,100,0,0.6666666666666661
EUW1_7714160727,200,1,-0.6666666666666661
EUW1_7714160931,100,0,-1.333333333333334
EUW1_7714160931,200,1,1.333333333333334
EUW1_7714164145,100,0,0.0
EUW1_7714164145,200,1,0.0
EUW1_7714165549,100,1,0.0
EUW1_7714165549,200,0,0.0
EUW1_7714166881,100,0,-2.0
EUW1_7714166881,200,1,2.0
EUW1_7714166981,100,0,0.0
EUW1_7714166981,200,1,0.0
EUW1_7714169109,100,1,-1.0
EUW1_7714169109,200,0,1.0
EUW1_7714169393,100,0,0.0
EUW1_7714169393,200,1,0.0
EUW1_7714169619,100,1,1.0
EUW1_7714169619,200,0,-1.0
EUW1_7714170823,100,1,-2.0
EUW1_7714170823,200,0,2.0
EUW1_7714171850,100,0,-2.0
EUW1_7714171850,200,1,2.0
EUW1_7714172018,100,1,1.0
EUW1_7714172018,200,0,-1.0
EUW1_7714172312,100,1,0.0
EUW1_7714172312,200,0,0.0
EUW1_7714172639,100,0,0.0
EUW1_7714172639,200,1,0.0
EUW1_7714174209,100,1,-2.0
EUW1_7714174209,200,0,2.0
EUW1_7714177156,100,0,0.0
EUW1_7714177156,200,1,0.0
EUW1_7714178209,100,1,0.0
EUW1_7714178209,200,0,0.0
EUW1_7714178548,100,0,0.0
EUW1_7714178548,200,1,0.0
EUW1_7714179079,100,0,0.6666666666666679
EUW1_7714179079,200,1,-0.6666666666666679
EUW1_7714179378,100,0,0.0
EUW1_7714179378,200,1,0.0
EUW1_7714180590,100,0,0.0
EUW1_7714180590,200,1,0.0
EUW1_7714180598,100,0,-1.0
EUW1_7714180598,200,1,1.0
EUW1_7714185277,100,1,1.333333333333334
EUW1_7714185277,200,0,-1.333333333333334
EUW1_7714186479,100,0,1.5999999999999996
EUW1_7714186479,200,1,-1.5999999999999996
EUW1_7714187759,100,1,0.8000000000000007
EUW1_7714187759,200,0,-0.8000000000000007
EUW1_7714187935,100,0,0.0
EUW1_7714187935,200,1,0.0
EUW1_7714188081,100,0,-1.333333333333334
EUW1_7714188081,200,1,1.333333333333334
EUW1_7714189087,100,1,0.0
EUW1_7714189087,200,0,0.0
EUW1_7714189766,100,0,-1.0
EUW1_7714189766,200,1,1.0
EUW1_7714189983,100,1,0.0
EUW1_7714189983,200,0,0.0
EUW1_7714190781,100,1,0.0
EUW1_7714190781,200,0,0.0
EUW1_7714191994,100,1,0.0
EUW1_7714191994,200,0,0.0
EUW1_7714192244,100,1,0.0
EUW1_7714192244,200,0,0.0
EUW1_7714192307,100,0,0.0
EUW1_7714192307,200,1,0.0
EUW1_7714193314,100,1,0.0
EUW1_7714193314,200,0,0.0
EUW1_7714194908,100,1,0.6666666666666661
EUW1_7714194908,200,0,-0.6666666666666661
EUW1_7714195706,100,1,-1.5
EUW1_7714195706,200,0,1.5
EUW1_7714196451,100,0,0.0
EUW1_7714196451,200,1,0.0
EUW1_7714197310,100,0,0.0
EUW1_7714197310,200,1,0.0
EUW1_7714197328,100,1,0.0
EUW1_7714197328,200,0,0.0
EUW1_7714198119,100,0,0.0
EUW1_7714198119,200,1,0.0
EUW1_7714198360,100,1,0.0
EUW1_7714198360,200,0,0.0
EUW1_7714199996,100,0,-0.40000000000000036
EUW1_7714199996,200,1,0.40000000000000036
EUW1_7714201039,100,1,-2.0
EUW1_7714201039,200,0,2.0
EUW1_7714202773,100,0,0.0
EUW1_7714202773,200,1,0.0
EUW1_7714203284,100,1,0.0
EUW1_7714203284,200,0,0.0
EUW1_7714204199,100,1,0.3333333333333339
EUW1_7714204199,200,0,-0.3333333333333339
EUW1_7714204319,100,0,0.0
EUW1_7714204319,200,1,0.0
EUW1_7714204470,100,0,-1.0
EUW1_7714204470,200,1,1.0
EUW1_7714205522,100,1,0.3333333333333339
EUW1_7714205522,200,0,-0.3333333333333339
EUW1_7714206142,100,0,-0.5
EUW1_7714206142,200,1,0.5
EUW1_7714206560,100,0,-1.0
EUW1_7714206560,200,1,1.0
EUW1_7714207111,100,1,-0.8333333333333339
EUW1_7714207111,200,0,0.8333333333333339
EUW1_7714208298,100,0,0.0
EUW1_7714208298,200,1,0.0
EUW1_7714208350,100,0,-0.6666666666666661
EUW1_7714208350,200,1,0.6666666666666661
EUW1_7714208784,100,1,0.0
EUW1_7714208784,200,0,0.0
EUW1_7714211892,100,0,1.0
EUW1_7714211892,200,1,-1.0
EUW1_7714212044,100,1,-2.0
EUW1_7714212044,200,0,2.0
EUW1_7714212598,100,1,0.0
EUW1_7714212598,200,0,0.0
EUW1_7714214496,100,0,0.0
EUW1_7714214496,200,1,0.0
EUW1_7714215144,100,0,0.0
EUW1_7714215144,200,1,0.0
EUW1_7714217593,100,0,0.0
EUW1_7714217593,200,1,0.0
EUW1_7714218668,100,1,-0.6666666666666661
EUW1_7714218668,200,0,0.6666666666666661
EUW1_7714219709,100,0,2.0
EUW1_7714219709,200,1,-2.0
EUW1_7714221431,100,0,0.0
EUW1_7714221431,200,1,0.0
EUW1_7714221899,100,1,0.16666666666666607
EUW1_7714221899,200,0,-0.16666666666666607
EUW1_7714222325,100,0,-0.3333333333333339
EUW1_7714222325,200,1,0.3333333333333339
EUW1_7714222599,100,1,0.0
EUW1_7714222599,200,0,0.0
EUW1_7714223061,100,1,0.0
EUW1_7714223061,200,0,0.0
EUW1_7714223536,100,0,0.0
EUW1_7714223536,200,1,0.0
EUW1_7714223583,100,0,0.0
EUW1_7714223583,200,1,0.0
EUW1_7714224247,100,1,0.0
EUW1_7714224247,200,0,0.0
EUW1_7714224597,100,0,-1.0
EUW1_7714224597,200,1,1.0
EUW1_7714226636,100,1,0.3333333333333339
EUW1_7714226636,200,0,-0.3333333333333339
EUW1_7714227009,100,0,-1.0
EUW1_7714227009,200,1,1.0
EUW1_7714228189,100,0,-0.6666666666666661
EUW1_7714228189,200,1,0.6666666666666661
EUW1_7714231247,100,0,0.0
EUW1_7714231247,200,1,0.0
EUW1_7714232279,100,1,0.0
EUW1_7714232279,200,0,0.0
EUW1_7714232738,100,0,0.0
EUW1_7714232738,200,1,0.0
EUW1_7714233393,100,0,0.0
EUW1_7714233393,200,1,0.0
EUW1_7714233963,100,1,0.0
EUW1_7714233963,200,0,0.0
EUW1_7714235708,100,1,0.0
EUW1_7714235708,200,0,0.0
EUW1_7714236546,100,0,0.0
EUW1_7714236546,200,1,0.0
EUW1_7714237303,100,1,0.0
EUW1_7714237303,200,0,0.0
EUW1_7714237796,100,1,1.333333333333334
EUW1_7714237796,200,0,-1.333333333333334
EUW1_7714238322,100,0,0.0
EUW1_7714238322,200,1,0.0
EUW1_7714238638,100,0,1.0
EUW1_7714238638,200,1,-1.0
EUW1_7714241119,100,0,0.0
EUW1_7714241119,200,1,0.0
EUW1_7714241466,100,0,-1.0
EUW1_7714241466,200,1,1.0
EUW1_7714241576,100,0,0.3000000000000007
EUW1_7714241576,200,1,-0.3000000000000007
EUW1_7714241849,100,0,0.0
EUW1_7714241849,200,1,0.0
EUW1_7714242363,100,1,1.0
EUW1_7714242363,200,0,-1.0
EUW1_7714242787,100,0,1.0
EUW1_7714242787,200,1,-1.0
EUW1_7714243122,100,0,1.0
EUW1_7714243122,200,1,-1.0
EUW1_7714243327,100,1,-0.5
EUW1_7714243327,200,0,0.5
EUW1_7714243863,100,1,0.0
EUW1_7714243863,200,0,0.0
EUW1_7714244686,100,1,-0.6666666666666661
EUW1_7714244686,200,0,0.6666666666666661
EUW1_7714245364,100,0,0.0
EUW1_7714245364,200,1,0.0
EUW1_7714247285,100,0,0.6666666666666661
EUW1_7714247285,200,1,-0.6666666666666661
EUW1_7714247517,100,0,1.0
EUW1_7714247517,200,1,-1.0
EUW1_7714248519,100,1,0.0
EUW1_7714248519,200,0,0.0
EUW1_7714249024,100,0,0.0
EUW1_7714249024,200,1,0.0
EUW1_7714250312,100,0,-1.0
EUW1_7714250312,200,1,1.0
EUW1_7714250460,100,1,0.0
EUW1_7714250460,200,0,0.0
EUW1_7714251234,100,0,-1.0
EUW1_7714251234,200,1,1.0
EUW1_7714251235,100,0,0.3333333333333339
EUW1_7714251235,200,1,-0.3333333333333339
EUW1_7714251572,100,0,1.333333333333334
EUW1_7714251572,200,1,-1.333333333333334
EUW1_7714253143,100,0,0.0
EUW1_7714253143,200,1,0.0
EUW1_7714253308,100,0,0.0
EUW1_7714253308,200,1,0.0
EUW1_7714253604,100,0,0.0
EUW1_7714253604,200,1,0.0
EUW1_7714255627,100,1,0.0
EUW1_7714255627,200,0,0.0
EUW1_7714256035,100,0,0.0
EUW1_7714256035,200,1,0.0
EUW1_7714257041,100,1,1.0
EUW1_7714257041,200,0,-1.0
EUW1_7714258017,100,0,0.0
EUW1_7714258017,200,1,0.0
EUW1_7714258216,100,1,-1.0
EUW1_7714258216,200,0,1.0
EUW1_7714258871,100,1,0.0
EUW1_7714258871,200,0,0.0
EUW1_7714259009,100,0,0.0
EUW1_7714259009,200,1,0.0
EUW1_7714259202,100,1,0.0
EUW1_7714259202,200,0,0.0
EUW1_7714259437,100,1,1.333333333333334
EUW1_7714259437,200,0,-1.333333333333334
EUW1_7714260447,100,0,0.0
EUW1_7714260447,200,1,0.0
EUW1_7714262064,100,1,0.0
EUW1_7714262064,200,0,0.0
EUW1_7714263185,100,0,-1.0
EUW1_7714263185,200,1,1.0
EUW1_7714264479,100,1,1.0
EUW1_7714264479,200,0,-1.0
EUW1_7714264622,100,1,0.0
EUW1_7714264622,200,0,0.0
EUW1_7714264961,100,1,-1.0
EUW1_7714264961,200,0,1.0
EUW1_7714265023,100,1,-0.6666666666666661
EUW1_7714265023,200,0,0.6666666666666661
EUW1_7714265362,100,1,0.0
EUW1_7714265362,200,0,0.0
EUW1_7714265716,100,1,0.0
EUW1_7714265716,200,0,0.0
EUW1_7714265860,100,0,-2.0
EUW1_7714265860,200,1,2.0
EUW1_7714266993,100,1,0.0
EUW1_7714266993,200,0,0.0
EUW1_7714268186,100,1,0.6666666666666661
EUW1_7714268186,200,0,-0.6666666666666661
EUW1_7714268538,100,1,1.0
EUW1_7714268538,200,0,-1.0
EUW1_7714268569,100,1,0.0
EUW1_7714268569,200,0,0.0
EUW1_7714269051,100,0,0.0
EUW1_7714269051,200,1,0.0
EUW1_7714271305,100,1,0.0
EUW1_7714271305,200,0,0.0
EUW1_7714271494,100,0,0.0
EUW1_7714271494,200,1,0.0
EUW1_7714271869,100,0,1.0
EUW1_7714271869,200,1,-1.0
EUW1_7714272502,100,1,0.0
EUW1_7714272502,200,0,0.0
EUW1_7714272706,100,0,0.6999999999999993
EUW1_7714272706,200,1,-0.6999999999999993
EUW1_7714273243,100,1,-0.6666666666666661
EUW1_7714273243,200,0,0.6666666666666661
EUW1_7714273459,100,0,0.0
EUW1_7714273459,200,1,0.0
EUW1_7714273907,100,1,1.0
EUW1_7714273907,200,0,-1.0
EUW1_7714274154,100,1,0.6666666666666661
EUW1_7714274154,200,0,-0.6666666666666661
EUW1_7714275774,100,0,2.0
EUW1_7714275774,200,1,-2.0
EUW1_7714276123,100,1,0.5333333333333332
EUW1_7714276123,200,0,-0.5333333333333332
EUW1_7714276344,100,1,0.5
EUW1_7714276344,200,0,-0.5
EUW1_7714279149,100,1,0.5
EUW1_7714279149,200,0,-0.5
EUW1_7714279449,100,1,-0.5
EUW1_7714279449,200,0,0.5
EUW1_7714280053,100,0,0.0
EUW1_7714280053,200,1,0.0
EUW1_7714280440,100,0,0.0
EUW1_7714280440,200,1,0.0
EUW1_7714280709,100,1,0.0
EUW1_7714280709,200,0,0.0
EUW1_7714280965,100,0,1.0
EUW1_7714280965,200,1,-1.0
EUW1_7714281109,100,0,0.0
EUW1_7714281109,200,1,0.0
EUW1_7714281433,100,1,0.0
EUW1_7714281433,200,0,0.0
EUW1_7714282476,100,1,0.0
EUW1_7714282476,200,0,0.0
EUW1_7714284612,100,1,0.0
EUW1_7714284612,200,0,0.0
EUW1_7714286258,100,1,0.0
EUW1_7714286258,200,0,0.0
EUW1_7714286464,100,0,0.0
EUW1_7714286464,200,1,0.0
EUW1_7714286831,100,0,-0.6666666666666661
EUW1_7714286831,200,1,0.6666666666666661
EUW1_7714287313,100,0,0.0
EUW1_7714287313,200,1,0.0
EUW1_7714288242,100,0,-1.333333333333334
EUW1_7714288242,200,1,1.333333333333334
EUW1_7714289079,100,0,0.3333333333333339
EUW1_7714289079,200,1,-0.3333333333333339
EUW1_7714289325,100,1,0.0
EUW1_7714289325,200,0,0.0
EUW1_7714289832,100,0,0.0
EUW1_7714289832,200,1,0.0
EUW1_7714290084,100,0,0.0
EUW1_7714290084,200,1,0.0
EUW1_7714291578,100,1,0.0
EUW1_7714291578,200,0,0.0
EUW1_7714292904,100,0,0.0
EUW1_7714292904,200,1,0.0
EUW1_7714293014,100,1,0.0
EUW1_7714293014,200,0,0.0
EUW1_7714293439,100,0,-0.5
EUW1_7714293439,200,1,0.5
EUW1_7714293710,100,1,0.6666666666666661
EUW1_7714293710,200,0,-0.6666666666666661
EUW1_7714293869,100,1,0.0
EUW1_7714293869,200,0,0.0
EUW1_7714296487,100,1,-0.5
EUW1_7714296487,200,0,0.5
EUW1_7714297724,100,0,-0.6666666666666661
EUW1_7714297724,200,1,0.6666666666666661
EUW1_7714298844,100,1,0.0
EUW1_7714298844,200,0,0.0
EUW1_7714298887,100,1,0.2666666666666657
EUW1_7714298887,200,0,-0.2666666666666657
EUW1_7714299457,100,1,0.0
EUW1_7714299457,200,0,0.0
EUW1_7714299836,100,0,0.0
EUW1_7714299836,200,1,0.0
EUW1_7714300146,100,0,0.0
EUW1_7714300146,200,1,0.0
EUW1_7714300458,100,0,0.0
EUW1_7714300458,200,1,0.0
EUW1_7714300826,100,1,-0.6666666666666661
EUW1_7714300826,200,0,0.6666666666666661
EUW1_7714301437,100,1,0.0
EUW1_7714301437,200,0,0.0
EUW1_7714301850,100,1,0.0
EUW1_7714301850,200,0,0.0
EUW1_7714303009,100,0,0.0
EUW1_7714303009,200,1,0.0
EUW1_7714304614,100,1,0.0
EUW1_7714304614,200,0,0.0
EUW1_7714304817,100,0,0.0
EUW1_7714304817,200,1,0.0
EUW1_7714305393,100,0,-0.8333333333333339
EUW1_7714305393,200,1,0.8333333333333339
EUW1_7714305595,100,0,0.0
EUW1_7714305595,200,1,0.0
EUW1_7714305978,100,1,0.0
EUW1_7714305978,200,0,0.0
EUW1_7714306470,100,0,0.0
EUW1_7714306470,200,1,0.0
EUW1_7714307593,100,0,0.0
EUW1_7714307593,200,1,0.0
EUW1_7714309728,100,1,0.0
EUW1_7714309728,200,0,0.0
EUW1_7714310468,100,1,0.0
EUW1_7714310468,200,0,0.0
EUW1_7714310709,100,1,0.0
EUW1_7714310709,200,0,0.0
EUW1_7714311568,100,1,0.0
EUW1_7714311568,200,0,0.0
EUW1_7714312242,100,1,-1.333333333333334
EUW1_7714312242,200,0,1.333333333333334
EUW1_7714312717,100,1,0.0
EUW1_7714312717,200,0,0.0
EUW1_7714312871,100,0,0.0
EUW1_7714312871,200,1,0.0
EUW1_7714313098,100,0,0.0
EUW1_7714313098,200,1,0.0
EUW1_7714313829,100,0,-0.2666666666666657
EUW1_7714313829,200,1,0.2666666666666657
EUW1_7714314335,100,1,0.0
EUW1_7714314335,200,0,0.0
EUW1_7714314451,100,0,0.0
EUW1_7714314451,200,1,0.0
EUW1_7714315087,100,0,-1.0
EUW1_7714315087,200,1,1.0
EUW1_7714315659,100,0,0.5
EUW1_7714315659,200,1,-0.5
EUW1_7714316788,100,1,0.0
EUW1_7714316788,200,0,0.0
EUW1_7714317489,100,1,1.0
EUW1_7714317489,200,0,-1.0
EUW1_7714317490,100,1,0.0
EUW1_7714317490,200,0,0.0
EUW1_7714319137,100,1,-2.0
EUW1_7714319137,200,0,2.0
EUW1_7714319659,100,1,0.0
EUW1_7714319659,200,0,0.0
EUW1_7714320134,100,1,0.0
EUW1_7714320134,200,0,0.0
EUW1_7714320283,100,1,-1.0
EUW1_7714320283,200,0,1.0
EUW1_7714320833,100,0,-1.333333333333334
EUW1_7714320833,200,1,1.333333333333334
EUW1_7714320865,100,0,0.0
EUW1_7714320865,200,1,0.0
EUW1_7714321072,100,1,0.6666666666666661
EUW1_7714321072,200,0,-0.6666666666666661
EUW1_7714322013,100,1,-1.0
EUW1_7714322013,200,0,1.0
EUW1_7714323500,100,0,0.0
EUW1_7714323500,200,1,0.0
EUW1_7714324116,100,1,0.0
EUW1_7714324116,200,0,0.0
EUW1_7714324652,100,1,0.0
EUW1_7714324652,200,0,0.0
EUW1_7714324710,100,0,0.0
EUW1_7714324710,200,1,0.0
EUW1_7714325297,100,0,0.0
EUW1_7714325297,200,1,0.0
EUW1_7714325669,100,1,0.0
EUW1_7714325669,200,0,0.0
EUW1_7714326051,100,1,0.0
EUW1_7714326051,200,0,0.0
EUW1_7714326090,100,1,0.0
EUW1_7714326090,200,0,0.0
EUW1_7714326280,100,1,0.0
EUW1_7714326280,200,0,0.0
EUW1_7714326855,100,1,0.0
EUW1_7714326855,200,0,0.0
EUW1_7714328254,100,1,-1.333333333333334
EUW1_7714328254,200,0,1.333333333333334
EUW1_7714328361,100,1,1.333333333333334
EUW1_7714328361,200,0,-1.333333333333334
EUW1_7714328979,100,1,2.0
EUW1_7714328979,200,0,-2.0
EUW1_7714330664,100,0,1.0
EUW1_7714330664,200,1,-1.0
EUW1_7714332173,100,1,-0.5
EUW1_7714332173,200,0,0.5
EUW1_7714332679,100,1,0.0
EUW1_7714332679,200,0,0.0
EUW1_7714332780,100,1,0.0
EUW1_7714332780,200,0,0.0
EUW1_7714333435,100,0,-0.6666666666666661
EUW1_7714333435,200,1,0.6666666666666661
EUW1_7714335258,100,1,0.0
EUW1_7714335258,200,0,0.0
EUW1_7714336707,100,0,0.0
EUW1_7714336707,200,1,0.0
EUW1_7714337101,100,1,0.0
EUW1_7714337101,200,0,0.0
EUW1_7714337445,100,1,0.0
EUW1_7714337445,200,0,0.0
EUW1_7714337668,100,0,0.0
EUW1_7714337668,200,1,0.0
EUW1_7714338431,100,1,-1.0
EUW1_7714338431,200,0,1.0
EUW1_7714340376,100,1,0.0
EUW1_7714340376,200,0,0.0
EUW1_7714341306,100,0,0.5
EUW1_7714341306,200,1,-0.5
EUW1_7714342565,100,0,0.0
EUW1_7714342565,200,1,0.0
EUW1_7714342624,100,0,0.0
EUW1_7714342624,200,1,0.0
EUW1_7714344102,100,0,1.0
EUW1_7714344102,200,1,-1.0
EUW1_7714344785,100,0,1.5
EUW1_7714344785,200,1,-1.5
EUW1_7714346353,100,0,-1.1999999999999993
EUW1_7714346353,200,1,1.1999999999999993
EUW1_7714347870,100,0,0.0
EUW1_7714347870,200,1,0.0
EUW1_7714348061,100,1,0.0
EUW1_7714348061,200,0,0.0
EUW1_7714348686,100,1,0.0
EUW1_7714348686,200,0,0.0
EUW1_7714349376,100,0,0.0
EUW1_7714349376,200,1,0.0
EUW1_7714349855,100,0,0.0
EUW1_7714349855,200,1,0.0
EUW1_7714351981,100,0,1.333333333333334
EUW1_7714351981,200,1,-1.333333333333334
EUW1_7714352585,100,0,1.0
EUW1_7714352585,200,1,-1.0
EUW1_7714353713,100,0,-0.5
EUW1_7714353713,200,1,0.5
EUW1_7714354124,100,1,0.0
EUW1_7714354124,200,0,0.0
EUW1_7714354561,100,0,1.0
EUW1_7714354561,200,1,-1.0
EUW1_7714354697,100,1,2.0
EUW1_7714354697,200,0,-2.0
EUW1_7714355740,100,1,-0.6666666666666661
EUW1_7714355740,200,0,0.6666666666666661
EUW1_7714355902,100,0,0.0
EUW1_7714355902,200,1,0.0
EUW1_7714357555,100,1,0.0
EUW1_7714357555,200,0,0.0
EUW1_7714358643,100,0,0.3333333333333339
EUW1_7714358643,200,1,-0.3333333333333339
EUW1_7714359578,100,1,0.0
EUW1_7714359578,200,0,0.0
EUW1_7714359692,100,1,0.0
EUW1_7714359692,200,0,0.0
EUW1_7714360159,100,1,0.0
EUW1_7714360159,200,0,0.0
EUW1_7714360593,100,1,0.6666666666666661
EUW1_7714360593,200,0,-0.6666666666666661
EUW1_7714360793,100,0,0.0
EUW1_7714360793,200,1,0.0
EUW1_7714361279,100,1,0.0
EUW1_7714361279,200,0,0.0
EUW1_7714362192,100,0,0.0
EUW1_7714362192,200,1,0.0
EUW1_7714362229,100,1,0.0
EUW1_7714362229,200,0,0.0
EUW1_7714362401,100,0,0.0
EUW1_7714362401,200,1,0.0
EUW1_7714362962,100,1,-0.5
EUW1_7714362962,200,0,0.5
EUW1_7714363273,100,1,2.0
EUW1_7714363273,200,0,-2.0
EUW1_7714364084,100,0,0.0
EUW1_7714364084,200,1,0.0
EUW1_7714365183,100,1,0.0
EUW1_7714365183,200,0,0.0
EUW1_7714367505,100,0,0.0
EUW1_7714367505,200,1,0.0
EUW1_7714367661,100,0,0.0
EUW1_7714367661,200,1,0.0
EUW1_7714368060,100,1,-2.0
EUW1_7714368060,200,0,2.0
EUW1_7714368130,100,1,0.0
EUW1_7714368130,200,0,0.0
EUW1_7714369046,100,0,-2.0
EUW1_7714369046,200,1,2.0
EUW1_7714372345,100,0,0.0
EUW1_7714372345,200,1,0.0
EUW1_7714373857,100,1,0.0
EUW1_7714373857,200,0,0.0
EUW1_7714373915,100,1,-1.0
EUW1_7714373915,200,0,1.0
EUW1_7714374156,100,1,0.0
EUW1_7714374156,200,0,0.0
EUW1_7714374176,100,1,0.0
EUW1_7714374176,200,0,0.0
EUW1_7714374668,100,0,0.0
EUW1_7714374668,200,1,0.0
EUW1_7714374960,100,0,0.6666666666666661
EUW1_7714374960,200,1,-0.6666666666666661
EUW1_7714375053,100,0,0.0
EUW1_7714375053,200,1,0.0
EUW1_7714379035,100,0,0.0
EUW1_7714379035,200,1,0.0
EUW1_7714380777,100,1,0.0
EUW1_7714380777,200,0,0.0
EUW1_7714381329,100,0,-1.0
EUW1_7714381329,200,1,1.0
EUW1_7714382431,100,1,0.0
EUW1_7714382431,200,0,0.0
EUW1_7714383305,100,1,0.0
EUW1_7714383305,200,0,0.0
EUW1_7714383415,100,0,0.0
EUW1_7714383415,200,1,0.0
EUW1_7714383719,100,1,0.0
EUW1_7714383719,200,0,0.0
EUW1_7714383925,100,1,0.0
EUW1_7714383925,200,0,0.0
EUW1_7714384365,100,0,-1.0
EUW1_7714384365,200,1,1.0
EUW1_7714385641,100,1,-0.6666666666666661
EUW1_7714385641,200,0,0.6666666666666661
EUW1_7714385935,100,1,0.0
EUW1_7714385935,200,0,0.0
EUW1_7714385943,100,1,-1.0
EUW1_7714385943,200,0,1.0
EUW1_7714385978,100,0,0.0
EUW1_7714385978,200,1,0.0
EUW1_7714387573,100,1,-1.0
EUW1_7714387573,200,0,1.0
EUW1_7714387779,100,1,0.0
EUW1_7714387779,200,0,0.0
EUW1_7714389853,100,1,1.0
EUW1_7714389853,200,0,-1.0
EUW1_7714391508,100,1,-0.9333333333333336
EUW1_7714391508,200,0,0.9333333333333336
EUW1_7714392180,100,0,0.0
EUW1_7714392180,200,1,0.0
EUW1_7714393523,100,0,0.0
EUW1_7714393523,200,1,0.0
EUW1_7714393598,100,1,0.6666666666666661
EUW1_7714393598,200,0,-0.6666666666666661
EUW1_7714393896,100,0,0.0
EUW1_7714393896,200,1,0.0
EUW1_7714395460,100,0,-1.0
EUW1_7714395460,200,1,1.0
EUW1_7714395808,100,1,1.0
EUW1_7714395808,200,0,-1.0
EUW1_7714396525,100,1,0.0
EUW1_7714396525,200,0,0.0
EUW1_7714396604,100,1,0.0
EUW1_7714396604,200,0,0.0
EUW1_7714397172,100,1,-1.0
EUW1_7714397172,200,0,1.0
EUW1_7714397954,100,0,-0.6666666666666661
EUW1_7714397954,200,1,0.6666666666666661
EUW1_7714398472,100,1,0.5
EUW1_7714398472,200,0,-0.5
EUW1_7714398594,100,1,0.0
EUW1_7714398594,200,0,0.0
EUW1_7714398856,100,1,0.0
EUW1_7714398856,200,0,0.0
EUW1_7714399224,100,1,0.0
EUW1_7714399224,200,0,0.0
EUW1_7714399523,100,0,0.0
EUW1_7714399523,200,1,0.0
EUW1_7714400218,100,1,0.0
EUW1_7714400218,200,0,0.0
EUW1_7714400854,100,0,-0.6666666666666661
EUW1_7714400854,200,1,0.6666666666666661
EUW1_7714403121,100,1,0.0
EUW1_7714403121,200,0,0.0
EUW1_7714404119,100,0,0.0
EUW1_7714404119,200,1,0.0
EUW1_7714404354,100,0,0.0
EUW1_7714404354,200,1,0.0
EUW1_7714406630,100,1,0.0
EUW1_7714406630,200,0,0.0
EUW1_7714409403,100,0,0.0
EUW1_7714409403,200,1,0.0
EUW1_7714409520,100,0,-2.0
EUW1_7714409520,200,1,2.0
EUW1_7714410185,100,0,1.0
EUW1_7714410185,200,1,-1.0
EUW1_7714410799,100,0,0.0
EUW1_7714410799,200,1,0.0
EUW1_7714412475,100,1,0.0
EUW1_7714412475,200,0,0.0
EUW1_7714412740,100,0,0.0
EUW1_7714412740,200,1,0.0
EUW1_7714413908,100,0,0.3333333333333339
EUW1_7714413908,200,1,-0.3333333333333339
EUW1_7714415638,100,0,0.0
EUW1_7714415638,200,1,0.0
EUW1_7714416676,100,0,0.0
EUW1_7714416676,200,1,0.0
EUW1_7714416810,100,1,1.333333333333334
EUW1_7714416810,200,0,-1.333333333333334
EUW1_7714417791,100,0,0.0
EUW1_7714417791,200,1,0.0
EUW1_7714419155,100,1,0.0
EUW1_7714419155,200,0,0.0
EUW1_7714419300,100,0,0.0
EUW1_7714419300,200,1,0.0
EUW1_7714419781,100,1,-1.0
EUW1_7714419781,200,0,1.0
EUW1_7714420866,100,0,-1.0
EUW1_7714420866,200,1,1.0
EUW1_7714421410,100,1,-0.3000000000000007
EUW1_7714421410,200,0,0.3000000000000007
EUW1_7714421579,100,0,0.0
EUW1_7714421579,200,1,0.0
EUW1_7714422148,100,1,0.0
EUW1_7714422148,200,0,0.0
EUW1_7714422672,100,0,0.0
EUW1_7714422672,200,1,0.0
EUW1_7714422803,100,1,0.0
EUW1_7714422803,200,0,0.0
EUW1_7714424829,100,0,0.0
EUW1_7714424829,200,1,0.0
EUW1_7714425303,100,1,-0.6666666666666679
EUW1_7714425303,200,0,0.6666666666666679
EUW1_7714425852,100,0,0.0
EUW1_7714425852,200,1,0.0
EUW1_7714427722,100,0,0.0
EUW1_7714427722,200,1,0.0
EUW1_7714428535,100,0,0.0
EUW1_7714428535,200,1,0.0
EUW1_7714429914,100,0,0.0
EUW1_7714429914,200,1,0.0
EUW1_7714430002,100,1,-0.6666666666666661
EUW1_7714430002,200,0,0.6666666666666661
EUW1_7714430182,100,0,0.0
EUW1_7714430182,200,1,0.0
EUW1_7714430606,100,0,0.0
EUW1_7714430606,200,1,0.0
EUW1_7714431329,100,0,0.0
EUW1_7714431329,200,1,0.0
EUW1_7714431728,100,1,0.0
EUW1_7714431728,200,0,0.0
EUW1_7714432767,100,0,0.0
EUW1_7714432767,200,1,0.0
EUW1_7714434904,100,1,-0.6999999999999993
EUW1_7714434904,200,0,0.6999999999999993
EUW1_7714436368,100,1,0.0
EUW1_7714436368,200,0,0.0
EUW1_7714436742,100,0,0.0
EUW1_7714436742,200,1,0.0
EUW1_7714438215,100,1,0.0
EUW1_7714438215,200,0,0.0
EUW1_7714438558,100,0,0.0
EUW1_7714438558,200,1,0.0
EUW1_7714439438,100,1,1.0
EUW1_7714439438,200,0,-1.0
EUW1_7714439657,100,0,0.0
EUW1_7714439657,200,1,0.0
EUW1_7714439665,100,0,0.0
EUW1_7714439665,200,1,0.0
EUW1_7714440865,100,1,0.0
EUW1_7714440865,200,0,0.0
EUW1_7714441444,100,1,0.0
EUW1_7714441444,200,0,0.0
EUW1_7714442471,100,0,-1.0
EUW1_7714442471,200,1,1.0
EUW1_7714443039,100,0,0.0
EUW1_7714443039,200,1,0.0
EUW1_7714443216,100,0,0.0
EUW1_7714443216,200,1,0.0
EUW1_7714444667,100,1,0.0
EUW1_7714444667,200,0,0.0
EUW1_7714444935,100,1,0.0
EUW1_7714444935,200,0,0.0
EUW1_7714445897,100,1,0.16666666666666607
EUW1_7714445897,200,0,-0.16666666666666607
EUW1_7714447968,100,0,0.0
EUW1_7714447968,200,1,0.0
EUW1_7714448899,100,1,1.5
EUW1_7714448899,200,0,-1.5
EUW1_7714448973,100,0,0.0
EUW1_7714448973,200,1,0.0
EUW1_7714449526,100,1,-0.5
EUW1_7714449526,200,0,0.5
EUW1_7714451250,100,0,1.0
EUW1_7714451250,200,1,-1.0
EUW1_7714451966,100,0,1.0
EUW1_7714451966,200,1,-1.0
EUW1_7714453803,100,1,0.0
EUW1_7714453803,200,0,0.0
EUW1_7714454050,100,1,0.0
EUW1_7714454050,200,0,0.0
EUW1_7714454300,100,0,0.0
EUW1_7714454300,200,1,0.0
EUW1_7714454321,100,1,0.3333333333333339
EUW1_7714454321,200,0,-0.3333333333333339
EUW1_7714454591,100,1,0.0
EUW1_7714454591,200,0,0.0
EUW1_7714455058,100,1,0.0
EUW1_7714455058,200,0,0.0
EUW1_7714455370,100,1,-0.1999999999999993
EUW1_7714455370,200,0,0.1999999999999993
EUW1_7714455885,100,1,-1.0
EUW1_7714455885,200,0,1.0
EUW1_7714457370,100,0,0.0
EUW1_7714457370,200,1,0.0
EUW1_7714459111,100,0,0.0
EUW1_7714459111,200,1,0.0
EUW1_7714459367,100,0,2.0
EUW1_7714459367,200,1,-2.0
EUW1_7714461090,100,0,0.0
EUW1_7714461090,200,1,0.0
EUW1_7714465839,100,0,0.1999999999999993
EUW1_7714465839,200,1,-0.1999999999999993
EUW1_7714465911,100,1,0.0
EUW1_7714465911,200,0,0.0
EUW1_7714468291,100,0,0.0
EUW1_7714468291,200,1,0.0
EUW1_7714468731,100,0,0.0
EUW1_7714468731,200,1,0.0
EUW1_7714471346,100,0,-0.3333333333333339
EUW1_7714471346,200,1,0.3333333333333339
EUW1_7714474163,100,0,0.0
EUW1_7714474163,200,1,0.0
EUW1_7714474467,100,1,0.0
EUW1_7714474467,200,0,0.0
EUW1_7714474666,100,1,0.0
EUW1_7714474666,200,0,0.0
EUW1_7714475711,100,0,0.0
EUW1_7714475711,200,1,0.0
EUW1_7714476070,100,1,0.0
EUW1_7714476070,200,0,0.0
EUW1_7714476568,100,0,-0.5
EUW1_7714476568,200,1,0.5
EUW1_7714477337,100,1,0.0
EUW1_7714477337,200,0,0.0
EUW1_7714477482,100,0,0.0
EUW1_7714477482,200,1,0.0
EUW1_7714478061,100,1,0.0
EUW1_7714478061,200,0,0.0
EUW1_7714478480,100,1,0.0
EUW1_7714478480,200,0,0.0
EUW1_7714480677,100,0,0.0
EUW1_7714480677,200,1,0.0
EUW1_7714482155,100,1,0.0
EUW1_7714482155,200,0,0.0
EUW1_7714482474,100,0,0.0
EUW1_7714482474,200,1,0.0
EUW1_7714483479,100,0,-0.6999999999999993
EUW1_7714483479,200,1,0.6999999999999993
EUW1_7714486465,100,1,-0.3333333333333339
EUW1_7714486465,200,0,0.3333333333333339
EUW1_7714487485,100,1,1.333333333333334
EUW1_7714487485,200,0,-1.333333333333334
EUW1_7714487922,100,1,-2.0
EUW1_7714487922,200,0,2.0
EUW1_7714488680,100,1,0.0
EUW1_7714488680,200,0,0.0
EUW1_7714488812,100,0,0.3333333333333339
EUW1_7714488812,200,1,-0.3333333333333339
EUW1_7714489068,100,0,0.0
EUW1_7714489068,200,1,0.0
EUW1_7714489489,100,1,0.0
EUW1_7714489489,200,0,0.0
EUW1_7714490326,100,1,-2.0
EUW1_7714490326,200,0,2.0
EUW1_7714491363,100,1,0.0
EUW1_7714491363,200,0,0.0
EUW1_7714492891,100,0,0.0
EUW1_7714492891,200,1,0.0
EUW1_7714493646,100,0,0.0
EUW1_7714493646,200,1,0.0
EUW1_7714494222,100,0,0.6666666666666661
EUW1_7714494222,200,1,-0.6666666666666661
EUW1_7714495301,100,1,0.0
EUW1_7714495301,200,0,0.0
EUW1_7714496188,100,0,0.0
EUW1_7714496188,200,1,0.0
EUW1_7714498569,100,0,-0.6666666666666661
EUW1_7714498569,200,1,0.6666666666666661
EUW1_7714498605,100,0,0.0
EUW1_7714498605,200,1,0.0
EUW1_7714499051,100,1,-1.0
EUW1_7714499051,200,0,1.0
EUW1_7714499426,100,0,0.0
EUW1_7714499426,200,1,0.0
EUW1_7714499653,100,1,-0.6666666666666661
EUW1_7714499653,200,0,0.6666666666666661
EUW1_7714500184,100,1,0.0
EUW1_7714500184,200,0,0.0
EUW1_7714501820,100,1,0.6666666666666661
EUW1_7714501820,200,0,-0.6666666666666661
EUW1_7714502574,100,1,0.0
EUW1_7714502574,200,0,0.0
EUW1_7714503254,100,1,0.0
EUW1_7714503254,200,0,0.0
EUW1_7714503710,100,0,-1.5
EUW1_7714503710,200,1,1.5
EUW1_7714504760,100,1,2.0
EUW1_7714504760,200,0,-2.0
EUW1_7714504962,100,1,0.0
EUW1_7714504962,200,0,0.0
EUW1_7714505272,100,0,0.0
EUW1_7714505272,200,1,0.0
EUW1_7714505674,100,0,0.0
EUW1_7714505674,200,1,0.0
EUW1_7714506256,100,1,-1.333333333333334
EUW1_7714506256,200,0,1.333333333333334
EUW1_7714507522,100,0,0.0
EUW1_7714507522,200,1,0.0
EUW1_7714507686,100,0,1.0
EUW1_7714507686,200,1,-1.0
EUW1_7714507698,100,0,-1.0
EUW1_7714507698,200,1,1.0
EUW1_7714510837,100,1,0.6666666666666661
EUW1_7714510837,200,0,-0.6666666666666661
EUW1_7714511088,100,0,-2.0
EUW1_7714511088,200,1,2.0
EUW1_7714511896,100,0,-0.3333333333333339
EUW1_7714511896,200,1,0.3333333333333339
EUW1_7714514104,100,0,0.0
EUW1_7714514104,200,1,0.0
EUW1_7714515978,100,0,0.0
EUW1_7714515978,200,1,0.0
EUW1_7714516897,100,1,0.0
EUW1_7714516897,200,0,0.0
EUW1_7714517517,100,1,0.0
EUW1_7714517517,200,0,0.0
EUW1_7714517540,100,0,1.333333333333334
EUW1_7714517540,200,1,-1.333333333333334
EUW1_7714517595,100,0,0.0
EUW1_7714517595,200,1,0.0
EUW1_7714519450,100,0,0.0
EUW1_7714519450,200,1,0.0
EUW1_7714519451,100,0,0.0
EUW1_7714519451,200,1,0.0
EUW1_7714519637,100,0,0.0
EUW1_7714519637,200,1,0.0
EUW1_7714520773,100,0,0.0
EUW1_7714520773,200,1,0.0
EUW1_7714520926,100,0,0.0
EUW1_7714520926,200,1,0.0
EUW1_7714521812,100,0,0.0
EUW1_7714521812,200,1,0.0
EUW1_7714525241,100,1,-0.3333333333333339
EUW1_7714525241,200,0,0.3333333333333339
EUW1_7714525565,100,0,-0.16666666666666607
EUW1_7714525565,200,1,0.16666666666666607
EUW1_7714525978,100,1,0.16666666666666607
EUW1_7714525978,200,0,-0.16666666666666607
EUW1_7714525989,100,0,0.0
EUW1_7714525989,200,1,0.0
EUW1_7714526336,100,0,0.6666666666666679
EUW1_7714526336,200,1,-0.6666666666666679
EUW1_7714526458,100,1,0.0
EUW1_7714526458,200,0,0.0
EUW1_7714527322,100,0,2.0
EUW1_7714527322,200,1,-2.0
EUW1_7714527952,100,1,0.0
EUW1_7714527952,200,0,0.0
EUW1_7714529634,100,1,0.0
EUW1_7714529634,200,0,0.0
EUW1_7714530096,100,0,0.0
EUW1_7714530096,200,1,0.0
EUW1_7714531823,100,1,0.6666666666666661
EUW1_7714531823,200,0,-0.6666666666666661
EUW1_7714534589,100,1,0.0
EUW1_7714534589,200,0,0.0
EUW1_7714534712,100,1,0.0
EUW1_7714534712,200,0,0.0
EUW1_7714535095,100,0,0.0
EUW1_7714535095,200,1,0.0
EUW1_7714535738,100,1,0.0
EUW1_7714535738,200,0,0.0
EUW1_7714535920,100,1,0.0
EUW1_7714535920,200,0,0.0
EUW1_7714536716,100,1,1.0
EUW1_7714536716,200,0,-1.0
EUW1_7714537169,100,1,0.6666666666666661
EUW1_7714537169,200,0,-0.6666666666666661
EUW1_7714537789,100,1,0.0
EUW1_7714537789,200,0,0.0
EUW1_7714539489,100,1,0.0
EUW1_7714539489,200,0,0.0
EUW1_7714539942,100,1,0.3333333333333339
EUW1_7714539942,200,0,-0.3333333333333339
EUW1_7714540542,100,1,0.0
EUW1_7714540542,200,0,0.0
EUW1_7714540905,100,0,0.0
EUW1_7714540905,200,1,0.0
EUW1_7714541524,100,0,0.0
EUW1_7714541524,200,1,0.0
EUW1_7714544388,100,1,0.0
EUW1_7714544388,200,0,0.0
EUW1_7714546833,100,0,-2.0
EUW1_7714546833,200,1,2.0
EUW1_7714546855,100,0,0.0
EUW1_7714546855,200,1,0.0
EUW1_7714547170,100,0,0.0
EUW1_7714547170,200,1,0.0
EUW1_7714549822,100,1,1.0
EUW1_7714549822,200,0,-1.0
EUW1_7714551982,100,1,-1.0
EUW1_7714551982,200,0,1.0
EUW1_7714552019,100,0,0.0
EUW1_7714552019,200,1,0.0
EUW1_7714552948,100,1,1.0
EUW1_7714552948,200,0,-1.0
EUW1_7714553731,100,0,-0.6666666666666661
EUW1_7714553731,200,1,0.6666666666666661
EUW1_7714553763,100,1,0.0
EUW1_7714553763,200,0,0.0
EUW1_7714555252,100,0,0.0
EUW1_7714555252,200,1,0.0
EUW1_7714555257,100,0,2.0
EUW1_7714555257,200,1,-2.0
EUW1_7714555437,100,0,0.0
EUW1_7714555437,200,1,0.0
EUW1_7714556336,100,1,1.0
EUW1_7714556336,200,0,-1.0
EUW1_7714557383,100,1,0.0
EUW1_7714557383,200,0,0.0
EUW1_7714558837,100,0,0.0
EUW1_7714558837,200,1,0.0
EUW1_7714559237,100,1,0.0
EUW1_7714559237,200,0,0.0
EUW1_7714559496,100,1,-0.6666666666666679
EUW1_7714559496,200,0,0.6666666666666679
EUW1_7714561609,100,1,1.333333333333334
EUW1_7714561609,200,0,-1.333333333333334
EUW1_7714563531,100,1,0.0
EUW1_7714563531,200,0,0.0
EUW1_7714564001,100,0,-0.5
EUW1_7714564001,200,1,0.5
EUW1_7714564531,100,1,0.0
EUW1_7714564531,200,0,0.0
EUW1_7714564945,100,0,0.0
EUW1_7714564945,200,1,0.0
EUW1_7714565374,100,0,0.0
EUW1_7714565374,200,1,0.0
EUW1_7714565771,100,1,0.3333333333333339
EUW1_7714565771,200,0,-0.3333333333333339
EUW1_7714568007,100,1,0.0
EUW1_7714568007,200,0,0.0
EUW1_7714568870,100,1,0.0
EUW1_7714568870,200,0,0.0
EUW1_7714569774,100,1,0.0
EUW1_7714569774,200,0,0.0
EUW1_7714570061,100,0,0.0
EUW1_7714570061,200,1,0.0
EUW1_7714571282,100,1,-0.6666666666666661
EUW1_7714571282,200,0,0.6666666666666661
EUW1_7714571542,100,0,0.3000000000000007
EUW1_7714571542,200,1,-0.3000000000000007
EUW1_7714572482,100,1,0.0
EUW1_7714572482,200,0,0.0
EUW1_7714573924,100,1,1.0
EUW1_7714573924,200,0,-1.0
EUW1_7714574474,100,1,0.0
EUW1_7714574474,200,0,0.0
EUW1_7714576334,100,1,0.0
EUW1_7714576334,200,0,0.0
EUW1_7714577778,100,1,-2.0
EUW1_7714577778,200,0,2.0
EUW1_7714577787,100,0,0.0
EUW1_7714577787,200,1,0.0
EUW1_7714578318,100,1,0.0
EUW1_7714578318,200,0,0.0
EUW1_7714579526,100,0,0.0
EUW1_7714579526,200,1,0.0
EUW1_7714579675,100,1,0.0
EUW1_7714579675,200,0,0.0
EUW1_7714580702,100,1,0.0
EUW1_7714580702,200,0,0.0
EUW1_7714581714,100,1,0.0
EUW1_7714581714,200,0,0.0
EUW1_7714582045,100,0,-0.8000000000000007
EUW1_7714582045,200,1,0.8000000000000007
EUW1_7714583127,100,1,1.0
EUW1_7714583127,200,0,-1.0
EUW1_7714583632,100,0,0.0
EUW1_7714583632,200,1,0.0
EUW1_7714583796,100,1,0.0
EUW1_7714583796,200,0,0.0
EUW1_7714584013,100,0,0.0
EUW1_7714584013,200,1,0.0
EUW1_7714584298,100,0,2.0
EUW1_7714584298,200,1,-2.0
EUW1_7714584988,100,0,0.0
EUW1_7714584988,200,1,0.0
EUW1_7714586645,100,1,0.3333333333333339
EUW1_7714586645,200,0,-0.3333333333333339
EUW1_7714586647,100,0,-2.0
EUW1_7714586647,200,1,2.0
EUW1_7714588374,100,0,-0.6666666666666661
EUW1_7714588374,200,1,0.6666666666666661
EUW1_7714588386,100,0,0.0
EUW1_7714588386,200,1,0.0
EUW1_7714589734,100,0,0.0
EUW1_7714589734,200,1,0.0
EUW1_7714590393,100,1,0.5
EUW1_7714590393,200,0,-0.5
EUW1_7714591634,100,1,0.0
EUW1_7714591634,200,0,0.0
EUW1_7714595195,100,0,0.0
EUW1_7714595195,200,1,0.0
EUW1_7714595835,100,1,0.0
EUW1_7714595835,200,0,0.0
EUW1_7714597013,100,1,0.0
EUW1_7714597013,200,0,0.0
EUW1_7714597813,100,1,0.0
EUW1_7714597813,200,0,0.0
EUW1_7714598504,100,0,0.0
EUW1_7714598504,200,1,0.0
EUW1_7714599096,100,0,0.25
EUW1_7714599096,200,1,-0.25
EUW1_7714599417,100,0,0.0
EUW1_7714599417,200,1,0.0
EUW1_7714599758,100,1,0.6666666666666679
EUW1_7714599758,200,0,-0.6666666666666679
EUW1_7714599962,100,1,1.0
EUW1_7714599962,200,0,-1.0
EUW1_7714600267,100,1,0.0
EUW1_7714600267,200,0,0.0
EUW1_7714602320,100,0,0.0
EUW1_7714602320,200,1,0.0
EUW1_7714602854,100,0,-1.5
EUW1_7714602854,200,1,1.5
EUW1_7714603629,100,0,0.0
EUW1_7714603629,200,1,0.0
EUW1_7714604961,100,1,-0.6666666666666661
EUW1_7714604961,200,0,0.6666666666666661
EUW1_7714609961,100,1,0.0
EUW1_7714609961,200,0,0.0
EUW1_7714610856,100,1,-1.0
EUW1_7714610856,200,0,1.0
EUW1_7714612374,100,0,2.0
EUW1_7714612374,200,1,-2.0
EUW1_7714612857,100,0,-2.0
EUW1_7714612857,200,1,2.0
EUW1_7714612949,100,1,-0.6666666666666661
EUW1_7714612949,200,0,0.6666666666666661
EUW1_7714613296,100,0,0.0
EUW1_7714613296,200,1,0.0
EUW1_7714615618,100,1,0.0
EUW1_7714615618,200,0,0.0
EUW1_7714615810,100,1,0.0
EUW1_7714615810,200,0,0.0
EUW1_7714615953,100,0,1.333333333333334
EUW1_7714615953,200,1,-1.333333333333334
EUW1_7714619045,100,1,0.0
EUW1_7714619045,200,0,0.0
EUW1_7714620371,100,0,1.0
EUW1_7714620371,200,1,-1.0
EUW1_7714622010,100,0,0.0
EUW1_7714622010,200,1,0.0
EUW1_7714622501,100,0,-0.33333333333333304
EUW1_7714622501,200,1,0.33333333333333304
EUW1_7714622939,100,1,0.0
EUW1_7714622939,200,0,0.0
EUW1_7714623590,100,1,0.0
EUW1_7714623590,200,0,0.0
EUW1_7714623764,100,1,0.0
EUW1_7714623764,200,0,0.0
EUW1_7714624030,100,1,0.0
EUW1_7714624030,200,0,0.0
EUW1_7714624204,100,0,0.0
EUW1_7714624204,200,1,0.0
EUW1_7714625135,100,0,0.0
EUW1_7714625135,200,1,0.0
EUW1_7714626451,100,1,0.0
EUW1_7714626451,200,0,0.0
EUW1_7714628041,100,0,0.0
EUW1_7714628041,200,1,0.0
EUW1_7714628241,100,1,0.0
EUW1_7714628241,200,0,0.0
EUW1_7714630234,100,0,0.0
EUW1_7714630234,200,1,0.0
EUW1_7714630412,100,1,0.0
EUW1_7714630412,200,0,0.0
EUW1_7714631129,100,1,1.0
EUW1_7714631129,200,0,-1.0
EUW1_7714631591,100,0,0.0
EUW1_7714631591,200,1,0.0
EUW1_7714633614,100,1,0.0
EUW1_7714633614,200,0,0.0
EUW1_7714634543,100,1,-0.3333333333333339
EUW1_7714634543,200,0,0.3333333333333339
EUW1_7714635998,100,1,-0.3333333333333339
EUW1_7714635998,200,0,0.3333333333333339
EUW1_7714636145,100,1,0.0
EUW1_7714636145,200,0,0.0
EUW1_7714636525,100,0,-1.333333333333334
EUW1_7714636525,200,1,1.333333333333334
EUW1_7714637197,100,1,0.0
EUW1_7714637197,200,0,0.0
EUW1_7714637418,100,0,0.6666666666666661
EUW1_7714637418,200,1,-0.6666666666666661
EUW1_7714637788,100,1,0.0
EUW1_7714637788,200,0,0.0
EUW1_7714638495,100,0,0.0
EUW1_7714638495,200,1,0.0
EUW1_7714638769,100,0,-2.0
EUW1_7714638769,200,1,2.0
EUW1_7714640354,100,1,0.0
EUW1_7714640354,200,0,0.0
EUW1_7714640838,100,1,0.0
EUW1_7714640838,200,0,0.0
EUW1_7714643412,100,0,-2.0
EUW1_7714643412,200,1,2.0
EUW1_7714643821,100,1,0.0
EUW1_7714643821,200,0,0.0
EUW1_7714643939,100,1,-0.5
EUW1_7714643939,200,0,0.5
EUW1_7714644978,100,1,-0.3333333333333339
EUW1_7714644978,200,0,0.3333333333333339
EUW1_7714646259,100,1,-0.8333333333333339
EUW1_7714646259,200,0,0.8333333333333339
EUW1_7714646418,100,1,0.0
EUW1_7714646418,200,0,0.0
EUW1_7714646442,100,0,0.0
EUW1_7714646442,200,1,0.0
EUW1_7714648296,100,0,0.0
EUW1_7714648296,200,1,0.0
EUW1_7714649078,100,1,-1.0
EUW1_7714649078,200,0,1.0
EUW1_7714650647,100,1,0.0
EUW1_7714650647,200,0,0.0
EUW1_7714650748,100,1,0.0
EUW1_7714650748,200,0,0.0
EUW1_7714653756,100,0,0.0
EUW1_7714653756,200,1,0.0
EUW1_7714655045,100,1,0.0
EUW1_7714655045,200,0,0.0
EUW1_7714655219,100,1,0.0
EUW1_7714655219,200,0,0.0
EUW1_7714656055,100,0,0.0
EUW1_7714656055,200,1,0.0
EUW1_7714656542,100,1,0.6666666666666661
EUW1_7714656542,200,0,-0.6666666666666661
EUW1_7714657566,100,1,0.0
EUW1_7714657566,200,0,0.0
EUW1_7714657737,100,0,-2.0
EUW1_7714657737,200,1,2.0
EUW1_7714658048,100,1,1.0
EUW1_7714658048,200,0,-1.0
EUW1_7714659364,100,1,0.0
EUW1_7714659364,200,0,0.0
EUW1_7714659930,100,0,0.5
EUW1_7714659930,200,1,-0.5
EUW1_7714661577,100,0,-0.6666666666666661
EUW1_7714661577,200,1,0.6666666666666661
EUW1_7714661796,100,1,0.0
EUW1_7714661796,200,0,0.0
EUW1_7714663052,100,0,0.0
EUW1_7714663052,200,1,0.0
EUW1_7714663094,100,0,0.0
EUW1_7714663094,200,1,0.0
EUW1_7714667294,100,0,0.0
EUW1_7714667294,200,1,0.0
EUW1_7714667433,100,1,0.0
EUW1_7714667433,200,0,0.0
EUW1_7714668857,100,1,0.0
EUW1_7714668857,200,0,0.0
EUW1_7714669773,100,1,2.0
EUW1_7714669773,200,0,-2.0
EUW1_7714669997,100,0,0.0
EUW1_7714669997,200,1,0.0
EUW1_7714670467,100,1,1.0
EUW1_7714670467,200,0,-1.0
EUW1_7714670514,100,1,0.0
EUW1_7714670514,200,0,0.0
EUW1_7714670635,100,0,0.0
EUW1_7714670635,200,1,0.0
EUW1_7714671852,100,1,0.0
EUW1_7714671852,200,0,0.0
EUW1_7714671880,100,0,0.0
EUW1_7714671880,200,1,0.0
EUW1_7714672020,100,1,0.0
EUW1_7714672020,200,0,0.0
EUW1_7714672253,100,0,0.0
EUW1_7714672253,200,1,0.0
EUW1_7714672341,100,1,-0.16666666666666607
EUW1_7714672341,200,0,0.16666666666666607
EUW1_7714674749,100,0,-0.3333333333333339
EUW1_7714674749,200,1,0.3333333333333339
EUW1_7714678418,100,1,-1.0
EUW1_7714678418,200,0,1.0
EUW1_7714678932,100,1,0.0
EUW1_7714678932,200,0,0.0
EUW1_7714680534,100,1,1.0
EUW1_7714680534,200,0,-1.0
EUW1_7714682586,100,1,0.0
EUW1_7714682586,200,0,0.0
EUW1_7714683610,100,1,1.0999999999999996
EUW1_7714683610,200,0,-1.0999999999999996
EUW1_7714685193,100,0,0.0
EUW1_7714685193,200,1,0.0
EUW1_7714685288,100,1,0.5
EUW1_7714685288,200,0,-0.5
EUW1_7714686360,100,0,0.0
EUW1_7714686360,200,1,0.0
EUW1_7714686750,100,1,0.6666666666666661
EUW1_7714686750,200,0,-0.6666666666666661
EUW1_7714687131,100,1,0.0
EUW1_7714687131,200,0,0.0
EUW1_7714687745,100,1,0.0
EUW1_7714687745,200,0,0.0
EUW1_7714688652,100,0,-1.0
EUW1_7714688652,200,1,1.0
EUW1_7714689422,100,1,0.0
EUW1_7714689422,200,0,0.0
EUW1_7714689514,100,0,0.0
EUW1_7714689514,200,1,0.0
EUW1_7714690013,100,0,0.0
EUW1_7714690013,200,1,0.0
EUW1_7714694524,100,0,0.6666666666666661
EUW1_7714694524,200,1,-0.6666666666666661
EUW1_7714697077,100,0,0.0
EUW1_7714697077,200,1,0.0
EUW1_7714700385,100,0,0.6666666666666661
EUW1_7714700385,200,1,-0.6666666666666661
EUW1_7714700498,100,1,0.0
EUW1_7714700498,200,0,0.0
EUW1_7714701499,100,0,-1.333333333333334
EUW1_7714701499,200,1,1.333333333333334
EUW1_7714701672,100,1,0.5
EUW1_7714701672,200,0,-0.5
EUW1_7714703323,100,0,0.0
EUW1_7714703323,200,1,0.0
EUW1_7714704792,100,1,0.3333333333333339
EUW1_7714704792,200,0,-0.3333333333333339
EUW1_7714706363,100,1,-0.6666666666666661
EUW1_7714706363,200,0,0.6666666666666661
EUW1_7714707430,100,0,0.0
EUW1_7714707430,200,1,0.0
EUW1_7714708419,100,1,0.0
EUW1_7714708419,200,0,0.0
EUW1_7714708539,100,1,0.0
EUW1_7714708539,200,0,0.0
EUW1_7714708567,100,0,2.0
EUW1_7714708567,200,1,-2.0
EUW1_7714711980,100,1,0.0
EUW1_7714711980,200,0,0.0
EUW1_7714712664,100,0,0.16666666666666607
EUW1_7714712664,200,1,-0.16666666666666607
EUW1_7714714253,100,0,0.6666666666666661
EUW1_7714714253,200,1,-0.6666666666666661
EUW1_7714718003,100,0,0.0
EUW1_7714718003,200,1,0.0
EUW1_7714719521,100,0,-1.0
EUW1_7714719521,200,1,1.0
EUW1_7714719554,100,0,0.0
EUW1_7714719554,200,1,0.0
EUW1_7714720697,100,0,-0.6666666666666661
EUW1_7714720697,200,1,0.6666666666666661
EUW1_7714722586,100,0,0.0
EUW1_7714722586,200,1,0.0
EUW1_7714722757,100,0,0.0
EUW1_7714722757,200,1,0.0
EUW1_7714724042,100,0,0.0
EUW1_7714724042,200,1,0.0
EUW1_7714724761,100,0,-0.6666666666666661
EUW1_7714724761,200,1,0.6666666666666661
EUW1_7714726579,100,1,0.0
EUW1_7714726579,200,0,0.0
EUW1_7714727018,100,0,-0.9333333333333336
EUW1_7714727018,200,1,0.9333333333333336
EUW1_7714728203,100,0,0.0
EUW1_7714728203,200,1,0.0
EUW1_7714730366,100,0,0.6666666666666661
EUW1_7714730366,200,1,-0.6666666666666661
EUW1_7714730369,100,0,-0.5
EUW1_7714730369,200,1,0.5
EUW1_7714732223,100,0,0.0
EUW1_7714732223,200,1,0.0
EUW1_7714732289,100,0,0.0
EUW1_7714732289,200,1,0.0
EUW1_7714735259,100,0,0.0
EUW1_7714735259,200,1,0.0
EUW1_7714735532,100,0,0.0
EUW1_7714735532,200,1,0.0
EUW1_7714736767,100,1,0.0
EUW1_7714736767,200,0,0.0
EUW1_7714739010,100,0,1.0
EUW1_7714739010,200,1,-1.0
EUW1_7714739441,100,1,0.0
EUW1_7714739441,200,0,0.0
EUW1_7714740735,100,0,0.0
EUW1_7714740735,200,1,0.0
EUW1_7714742142,100,1,0.8333333333333339
EUW1_7714742142,200,0,-0.8333333333333339
EUW1_7714742817,100,1,0.0
EUW1_7714742817,200,0,0.0
EUW1_7714743110,100,1,0.0
EUW1_7714743110,200,0,0.0
EUW1_7714743715,100,1,-2.0
EUW1_7714743715,200,0,2.0
EUW1_7714745877,100,1,0.0
EUW1_7714745877,200,0,0.0
EUW1_7714747494,100,1,1.0
EUW1_7714747494,200,0,-1.0
EUW1_7714750651,100,0,0.6666666666666661
EUW1_7714750651,200,1,-0.6666666666666661
EUW1_7714751635,100,0,0.0
EUW1_7714751635,200,1,0.0
EUW1_7714753413,100,0,0.0
EUW1_7714753413,200,1,0.0
EUW1_7714753437,100,0,0.0
EUW1_7714753437,200,1,0.0
EUW1_7714755555,100,0,0.0
EUW1_7714755555,200,1,0.0
EUW1_7714755935,100,0,0.0
EUW1_7714755935,200,1,0.0
EUW1_7714756597,100,0,0.0
EUW1_7714756597,200,1,0.0
EUW1_7714756608,100,1,0.0
EUW1_7714756608,200,0,0.0
EUW1_7714756667,100,1,0.6666666666666661
EUW1_7714756667,200,0,-0.6666666666666661
EUW1_7714757365,100,1,0.0
EUW1_7714757365,200,0,0.0
EUW1_7714757745,100,0,0.0
EUW1_7714757745,200,1,0.0
EUW1_7714758573,100,0,0.0
EUW1_7714758573,200,1,0.0
EUW1_7714758769,100,1,0.0
EUW1_7714758769,200,0,0.0
EUW1_7714760985,100,0,-1.0
EUW1_7714760985,200,1,1.0
EUW1_7714762950,100,1,1.0
EUW1_7714762950,200,0,-1.0
EUW1_7714763433,100,0,0.0
EUW1_7714763433,200,1,0.0
EUW1_7714765935,100,0,0.0
EUW1_7714765935,200,1,0.0
EUW1_7714766981,100,0,-0.2666666666666657
EUW1_7714766981,200,1,0.2666666666666657
EUW1_7714767071,100,1,0.0
EUW1_7714767071,200,0,0.0
EUW1_7714767460,100,0,0.0
EUW1_7714767460,200,1,0.0
EUW1_7714767807,100,0,-0.1999999999999993
EUW1_7714767807,200,1,0.1999999999999993
EUW1_7714772436,100,1,0.6666666666666661
EUW1_7714772436,200,0,-0.6666666666666661
EUW1_7714774059,100,1,0.0
EUW1_7714774059,200,0,0.0
EUW1_7714774390,100,1,0.3333333333333339
EUW1_7714774390,200,0,-0.3333333333333339
EUW1_7714775535,100,1,0.0
EUW1_7714775535,200,0,0.0
EUW1_7714775565,100,1,0.8333333333333339
EUW1_7714775565,200,0,-0.8333333333333339
EUW1_7714775914,100,1,1.0
EUW1_7714775914,200,0,-1.0
EUW1_7714775919,100,0,0.0
EUW1_7714775919,200,1,0.0
EUW1_7714776569,100,0,0.0
EUW1_7714776569,200,1,0.0
EUW1_7714781231,100,1,-0.6666666666666661
EUW1_7714781231,200,0,0.6666666666666661
EUW1_7714781324,100,0,0.0
EUW1_7714781324,200,1,0.0
EUW1_7714782288,100,1,0.0
EUW1_7714782288,200,0,0.0
EUW1_7714782594,100,0,1.0
EUW1_7714782594,200,1,-1.0
EUW1_7714784669,100,0,0.0
EUW1_7714784669,200,1,0.0
EUW1_7714788610,100,1,0.6666666666666661
EUW1_7714788610,200,0,-0.6666666666666661
EUW1_7714790610,100,1,0.0
EUW1_7714790610,200,0,0.0
EUW1_7714792503,100,0,1.0
EUW1_7714792503,200,1,-1.0
EUW1_7714796545,100,0,0.0
EUW1_7714796545,200,1,0.0
EUW1_7714796934,100,0,-1.0
EUW1_7714796934,200,1,1.0
EUW1_7714797498,100,0,0.0
EUW1_7714797498,200,1,0.0
EUW1_7714797558,100,1,1.0
EUW1_7714797558,200,0,-1.0
EUW1_7714798035,100,1,0.0
EUW1_7714798035,200,0,0.0
EUW1_7714799981,100,1,0.0
EUW1_7714799981,200,0,0.0
EUW1_7714801646,100,1,0.0
EUW1_7714801646,200,0,0.0
EUW1_7714805681,100,1,0.0
EUW1_7714805681,200,0,0.0
EUW1_7714806375,100,1,-0.6666666666666661
EUW1_7714806375,200,0,0.6666666666666661
EUW1_7714806469,100,1,0.0
EUW1_7714806469,200,0,0.0
EUW1_7714807713,100,1,-1.333333333333334
EUW1_7714807713,200,0,1.333333333333334
EUW1_7714808956,100,0,0.0
EUW1_7714808956,200,1,0.0
EUW1_7714809764,100,1,0.0
EUW1_7714809764,200,0,0.0
EUW1_7714813117,100,1,0.0
EUW1_7714813117,200,0,0.0
EUW1_7714814289,100,1,0.0
EUW1_7714814289,200,0,0.0
EUW1_7714814291,100,0,-1.5
EUW1_7714814291,200,1,1.5
EUW1_7714815005,100,1,0.0
EUW1_7714815005,200,0,0.0
EUW1_7714815863,100,1,0.0
EUW1_7714815863,200,0,0.0
EUW1_7714816446,100,0,0.0
EUW1_7714816446,200,1,0.0
EUW1_7714816507,100,0,-0.6666666666666661
EUW1_7714816507,200,1,0.6666666666666661
EUW1_7714816781,100,0,1.5
EUW1_7714816781,200,1,-1.5
EUW1_7714818731,100,0,-1.0
EUW1_7714818731,200,1,1.0
EUW1_7714819537,100,1,0.5
EUW1_7714819537,200,0,-0.5
EUW1_7714820412,100,1,0.0
EUW1_7714820412,200,0,0.0
EUW1_7714822852,100,0,-0.6666666666666661
EUW1_7714822852,200,1,0.6666666666666661
EUW1_7714822959,100,1,1.0999999999999996
EUW1_7714822959,200,0,-1.0999999999999996
EUW1_7714823187,100,0,0.0
EUW1_7714823187,200,1,0.0
EUW1_7714824196,100,1,-1.0
EUW1_7714824196,200,0,1.0
EUW1_7714824849,100,0,0.0
EUW1_7714824849,200,1,0.0
EUW1_7714825113,100,0,1.0
EUW1_7714825113,200,1,-1.0
EUW1_7714827373,100,0,0.0
EUW1_7714827373,200,1,0.0
EUW1_7714828943,100,1,0.0
EUW1_7714828943,200,0,0.0
EUW1_7714831184,100,1,0.0
EUW1_7714831184,200,0,0.0
EUW1_7714831457,100,0,0.0
EUW1_7714831457,200,1,0.0
EUW1_7714831864,100,1,-0.5
EUW1_7714831864,200,0,0.5
EUW1_7714832419,100,0,0.0
EUW1_7714832419,200,1,0.0
EUW1_7714835546,100,1,-1.0999999999999996
EUW1_7714835546,200,0,1.0999999999999996
EUW1_7714835892,100,0,0.0
EUW1_7714835892,200,1,0.0
EUW1_7714837823,100,1,0.0
EUW1_7714837823,200,0,0.0
EUW1_7714838288,100,1,-1.0
EUW1_7714838288,200,0,1.0
EUW1_7714839210,100,1,0.0
EUW1_7714839210,200,0,0.0
EUW1_7714840524,100,1,0.0
EUW1_7714840524,200,0,0.0
EUW1_7714840814,100,0,-0.6666666666666661
EUW1_7714840814,200,1,0.6666666666666661
EUW1_7714840953,100,0,0.0
EUW1_7714840953,200,1,0.0
EUW1_7714842665,100,0,1.0
EUW1_7714842665,200,1,-1.0
EUW1_7714843000,100,1,1.0
EUW1_7714843000,200,0,-1.0
EUW1_7714845578,100,0,-1.0
EUW1_7714845578,200,1,1.0
EUW1_7714847061,100,1,1.1999999999999993
EUW1_7714847061,200,0,-1.1999999999999993
EUW1_7714849680,100,0,0.0
EUW1_7714849680,200,1,0.0
EUW1_7714849686,100,0,0.0
EUW1_7714849686,200,1,0.0
EUW1_7714849808,100,1,1.0
EUW1_7714849808,200,0,-1.0
EUW1_7714852728,100,0,0.0
EUW1_7714852728,200,1,0.0
EUW1_7714853197,100,0,-1.0
EUW1_7714853197,200,1,1.0
EUW1_7714853726,100,1,0.0
EUW1_7714853726,200,0,0.0
EUW1_7714854483,100,1,0.0
EUW1_7714854483,200,0,0.0
EUW1_7714857346,100,0,-0.5
EUW1_7714857346,200,1,0.5
EUW1_7714857950,100,0,0.0
EUW1_7714857950,200,1,0.0
EUW1_7714858937,100,1,1.1999999999999993
EUW1_7714858937,200,0,-1.1999999999999993
EUW1_7714860104,100,1,0.0
EUW1_7714860104,200,0,0.0
EUW1_7714861598,100,1,0.0
EUW1_7714861598,200,0,0.0
EUW1_7714862001,100,1,0.0
EUW1_7714862001,200,0,0.0
EUW1_7714864147,100,1,-2.0
EUW1_7714864147,200,0,2.0
EUW1_7714864274,100,1,0.0
EUW1_7714864274,200,0,0.0
EUW1_7714864373,100,1,0.0
EUW1_7714864373,200,0,0.0
EUW1_7714864862,100,1,-1.1999999999999993
EUW1_7714864862,200,0,1.1999999999999993
EUW1_7714868213,100,1,-2.0
EUW1_7714868213,200,0,2.0
EUW1_7714868934,100,0,1.0
EUW1_7714868934,200,1,-1.0
EUW1_7714872900,100,1,0.0
EUW1_7714872900,200,0,0.0
EUW1_7714873216,100,0,0.0
EUW1_7714873216,200,1,0.0
EUW1_7714873871,100,0,0.0
EUW1_7714873871,200,1,0.0
EUW1_7714876933,100,0,1.333333333333334
EUW1_7714876933,200,1,-1.333333333333334
EUW1_7714877516,100,0,0.5
EUW1_7714877516,200,1,-0.5
EUW1_7714877651,100,0,0.0
EUW1_7714877651,200,1,0.0
EUW1_7714877889,100,1,0.0
EUW1_7714877889,200,0,0.0
EUW1_7714878247,100,0,0.0
EUW1_7714878247,200,1,0.0
EUW1_7714878976,100,0,0.0
EUW1_7714878976,200,1,0.0
EUW1_7714881720,100,1,-0.8333333333333339
EUW1_7714881720,200,0,0.8333333333333339
EUW1_7714883110,100,0,0.0
EUW1_7714883110,200,1,0.0
EUW1_7714885521,100,1,0.0
EUW1_7714885521,200,0,0.0
EUW1_7714887810,100,0,0.0
EUW1_7714887810,200,1,0.0
EUW1_7714889038,100,1,0.0
EUW1_7714889038,200,0,0.0
EUW1_7714890366,100,0,-0.6666666666666661
EUW1_7714890366,200,1,0.6666666666666661
EUW1_7714893076,100,1,0.0
EUW1_7714893076,200,0,0.0
EUW1_7714893365,100,1,0.0
EUW1_7714893365,200,0,0.0
EUW1_7714893492,100,0,-0.1999999999999993
EUW1_7714893492,200,1,0.1999999999999993
EUW1_7714894603,100,1,0.0
EUW1_7714894603,200,0,0.0
EUW1_7714895545,100,1,-1.0
EUW1_7714895545,200,0,1.0
EUW1_7714896087,100,1,0.0
EUW1_7714896087,200,0,0.0
EUW1_7714898462,100,0,-1.0
EUW1_7714898462,200,1,1.0
EUW1_7714900249,100,0,0.0
EUW1_7714900249,200,1,0.0
EUW1_7714901468,100,0,0.3333333333333339
EUW1_7714901468,200,1,-0.3333333333333339
EUW1_7714902792,100,0,-0.5
EUW1_7714902792,200,1,0.5
EUW1_7714904623,100,1,0.0
EUW1_7714904623,200,0,0.0
EUW1_7714906083,100,1,0.6666666666666661
EUW1_7714906083,200,0,-0.6666666666666661
EUW1_7714906540,100,0,0.0
EUW1_7714906540,200,1,0.0
EUW1_7714906786,100,1,0.0
EUW1_7714906786,200,0,0.0
EUW1_7714908695,100,0,-1.0
EUW1_7714908695,200,1,1.0
EUW1_7714912672,100,1,0.6666666666666661
EUW1_7714912672,200,0,-0.6666666666666661
EUW1_7714913765,100,0,0.0
EUW1_7714913765,200,1,0.0
EUW1_7714917366,100,1,-0.16666666666666607
EUW1_7714917366,200,0,0.16666666666666607
EUW1_7714917546,100,1,0.0
EUW1_7714917546,200,0,0.0
EUW1_7714919130,100,0,0.0
EUW1_7714919130,200,1,0.0
EUW1_7714919177,100,1,0.0
EUW1_7714919177,200,0,0.0
EUW1_7714919223,100,0,0.0
EUW1_7714919223,200,1,0.0
EUW1_7714919594,100,0,0.0
EUW1_7714919594,200,1,0.0
EUW1_7714922728,100,0,0.0
EUW1_7714922728,200,1,0.0
EUW1_7714923456,100,1,-1.0
EUW1_7714923456,200,0,1.0
EUW1_7714924071,100,0,0.0
EUW1_7714924071,200,1,0.0
EUW1_7714926282,100,0,0.0
EUW1_7714926282,200,1,0.0
EUW1_7714927726,100,1,-1.333333333333334
EUW1_7714927726,200,0,1.333333333333334
EUW1_7714930575,100,1,0.0
EUW1_7714930575,200,0,0.0
EUW1_7714934566,100,1,2.0
EUW1_7714934566,200,0,-2.0
EUW1_7714935013,100,0,0.3333333333333339
EUW1_7714935013,200,1,-0.3333333333333339
EUW1_7714936798,100,1,0.0
EUW1_7714936798,200,0,0.0
EUW1_7714937984,100,0,-0.16666666666666607
EUW1_7714937984,200,1,0.16666666666666607
EUW1_7714940121,100,0,0.0
EUW1_7714940121,200,1,0.0
EUW1_7714940698,100,0,0.0
EUW1_7714940698,200,1,0.0
EUW1_7714947551,100,0,0.0
EUW1_7714947551,200,1,0.0
EUW1_7714948910,100,0,0.0
EUW1_7714948910,200,1,0.0
EUW1_7714949242,100,1,0.5
EUW1_7714949242,200,0,-0.5
EUW1_7714949566,100,0,-1.0
EUW1_7714949566,200,1,1.0
EUW1_7714950158,100,0,0.0
EUW1_7714950158,200,1,0.0
EUW1_7714950401,100,0,0.0
EUW1_7714950401,200,1,0.0
EUW1_7714950932,100,1,0.0
EUW1_7714950932,200,0,0.0
EUW1_7714957392,100,1,0.0
EUW1_7714957392,200,0,0.0
EUW1_7714958618,100,0,0.0
EUW1_7714958618,200,1,0.0
EUW1_7714959661,100,1,0.0
EUW1_7714959661,200,0,0.0
EUW1_7714960576,100,0,0.0
EUW1_7714960576,200,1,0.0
EUW1_7714964246,100,1,0.0
EUW1_7714964246,200,0,0.0
EUW1_7714964388,100,1,0.6666666666666661
EUW1_7714964388,200,0,-0.6666666666666661
EUW1_7714965850,100,0,0.8333333333333339
EUW1_7714965850,200,1,-0.8333333333333339
EUW1_7714966535,100,1,0.6666666666666661
EUW1_7714966535,200,0,-0.6666666666666661
EUW1_7714966780,100,1,0.0
EUW1_7714966780,200,0,0.0
EUW1_7714968170,100,1,-1.0
EUW1_7714968170,200,0,1.0
EUW1_7714968275,100,0,0.0
EUW1_7714968275,200,1,0.0
EUW1_7714969191,100,0,-0.6666666666666661
EUW1_7714969191,200,1,0.6666666666666661
EUW1_7714972071,100,1,0.3000000000000007
EUW1_7714972071,200,0,-0.3000000000000007
EUW1_7714979806,100,0,0.0
EUW1_7714979806,200,1,0.0
EUW1_7714980470,100,1,0.0
EUW1_7714980470,200,0,0.0
EUW1_7714981456,100,0,-1.0
EUW1_7714981456,200,1,1.0
EUW1_7714981784,100,1,0.0
EUW1_7714981784,200,0,0.0
EUW1_7714981864,100,0,-0.3333333333333339
EUW1_7714981864,200,1,0.3333333333333339
EUW1_7714982961,100,1,0.0
EUW1_7714982961,200,0,0.0
EUW1_7714983416,100,0,0.0
EUW1_7714983416,200,1,0.0
EUW1_7714983547,100,0,0.0
EUW1_7714983547,200,1,0.0
EUW1_7714986727,100,0,0.6666666666666661
EUW1_7714986727,200,1,-0.6666666666666661
EUW1_7714987819,100,1,0.0
EUW1_7714987819,200,0,0.0
EUW1_7714988003,100,0,0.0
EUW1_7714988003,200,1,0.0
EUW1_7714988999,100,1,1.5
EUW1_7714988999,200,0,-1.5
EUW1_7714991838,100,0,0.0
EUW1_7714991838,200,1,0.0
EUW1_7714993950,100,0,-1.0
EUW1_7714993950,200,1,1.0
EUW1_7714995836,100,1,0.0
EUW1_7714995836,200,0,0.0
EUW1_7714996910,100,1,-0.5
EUW1_7714996910,200,0,0.5
EUW1_7715001530,100,1,0.0
EUW1_7715001530,200,0,0.0
EUW1_7715007501,100,1,-1.333333333333334
EUW1_7715007501,200,0,1.333333333333334
EUW1_7715008394,100,0,-0.6666666666666661
EUW1_7715008394,200,1,0.6666666666666661
EUW1_7715008547,100,0,-0.6666666666666661
EUW1_7715008547,200,1,0.6666666666666661
EUW1_7715011357,100,0,0.0
EUW1_7715011357,200,1,0.0
EUW1_7715012666,100,0,-0.5
EUW1_7715012666,200,1,0.5
EUW1_7715014189,100,1,0.0
EUW1_7715014189,200,0,0.0
EUW1_7715015356,100,0,0.0
EUW1_7715015356,200,1,0.0
EUW1_7715017798,100,0,1.0
EUW1_7715017798,200,1,-1.0
EUW1_7715021504,100,1,0.0
EUW1_7715021504,200,0,0.0
EUW1_7715022793,100,0,1.333333333333334
EUW1_7715022793,200,1,-1.333333333333334
EUW1_7715022863,100,0,0.0
EUW1_7715022863,200,1,0.0
EUW1_7715023360,100,1,0.0
EUW1_7715023360,200,0,0.0
EUW1_7715023954,100,0,0.0
EUW1_7715023954,200,1,0.0
EUW1_7715024100,100,1,0.0
EUW1_7715024100,200,0,0.0
EUW1_7715024264,100,0,0.0
EUW1_7715024264,200,1,0.0
EUW1_7715024813,100,1,0.0
EUW1_7715024813,200,0,0.0
EUW1_7715025124,100,1,-0.40000000000000036
EUW1_7715025124,200,0,0.40000000000000036
EUW1_7715025990,100,1,0.0
EUW1_7715025990,200,0,0.0
EUW1_7715028424,100,0,0.0
EUW1_7715028424,200,1,0.0
EUW1_7715031667,100,1,0.0
EUW1_7715031667,200,0,0.0
EUW1_7715031896,100,1,-1.0
EUW1_7715031896,200,0,1.0
EUW1_7715032041,100,1,1.0
EUW1_7715032041,200,0,-1.0
EUW1_7715033008,100,1,0.0
EUW1_7715033008,200,0,0.0
EUW1_7715034815,100,0,0.3333333333333339
EUW1_7715034815,200,1,-0.3333333333333339
EUW1_7715035184,100,1,1.0
EUW1_7715035184,200,0,-1.0
EUW1_7715042952,100,0,-0.6666666666666661
EUW1_7715042952,200,1,0.6666666666666661
EUW1_7715043139,100,0,1.0
EUW1_7715043139,200,1,-1.0
EUW1_7715043527,100,1,0.0
EUW1_7715043527,200,0,0.0
EUW1_7715043725,100,1,-0.6666666666666661
EUW1_7715043725,200,0,0.6666666666666661
EUW1_7715047139,100,1,0.5
EUW1_7715047139,200,0,-0.5
EUW1_7715049256,100,1,0.0
EUW1_7715049256,200,0,0.0
EUW1_7715049793,100,0,1.0
EUW1_7715049793,200,1,-1.0
EUW1_7715053357,100,0,0.0
EUW1_7715053357,200,1,0.0
EUW1_7715054230,100,0,0.0
EUW1_7715054230,200,1,0.0
EUW1_7715056107,100,0,-0.6666666666666661
EUW1_7715056107,200,1,0.6666666666666661
EUW1_7715058512,100,0,-0.6666666666666661
EUW1_7715058512,200,1,0.6666666666666661
EUW1_7715061986,100,1,2.0
EUW1_7715061986,200,0,-2.0
EUW1_7715062089,100,0,0.0
EUW1_7715062089,200,1,0.0
EUW1_7715062607,100,0,0.0
EUW1_7715062607,200,1,0.0
EUW1_7715064372,100,0,0.6666666666666661
EUW1_7715064372,200,1,-0.6666666666666661
EUW1_7715065386,100,0,0.0
EUW1_7715065386,200,1,0.0
EUW1_7715065861,100,1,0.0
EUW1_7715065861,200,0,0.0
EUW1_7715070529,100,0,0.0
EUW1_7715070529,200,1,0.0
EUW1_7715072333,100,1,-0.16666666666666607
EUW1_7715072333,200,0,0.16666666666666607
EUW1_7715074028,100,0,2.0
EUW1_7715074028,200,1,-2.0
EUW1_7715078203,100,0,0.0
EUW1_7715078203,200,1,0.0
EUW1_7715078227,100,0,0.5
EUW1_7715078227,200,1,-0.5
EUW1_7715079812,100,0,0.0
EUW1_7715079812,200,1,0.0
EUW1_7715080268,100,1,0.5
EUW1_7715080268,200,0,-0.5
EUW1_7715083135,100,1,0.0
EUW1_7715083135,200,0,0.0
EUW1_7715083225,100,0,0.0
EUW1_7715083225,200,1,0.0
EUW1_7715083368,100,1,0.0
EUW1_7715083368,200,0,0.0
EUW1_7715085877,100,0,0.0
EUW1_7715085877,200,1,0.0
EUW1_7715090554,100,1,0.0
EUW1_7715090554,200,0,0.0
EUW1_7715091645,100,1,0.0
EUW1_7715091645,200,0,0.0
EUW1_7715092558,100,0,0.8333333333333339
EUW1_7715092558,200,1,-0.8333333333333339
EUW1_7715093742,100,0,-0.3333333333333339
EUW1_7715093742,200,1,0.3333333333333339
EUW1_7715097051,100,0,0.0
EUW1_7715097051,200,1,0.0
EUW1_7715099792,100,1,0.0
EUW1_7715099792,200,0,0.0
EUW1_7715101097,100,0,-0.5
EUW1_7715101097,200,1,0.5
EUW1_7715101636,100,1,2.0
EUW1_7715101636,200,0,-2.0
EUW1_7715103522,100,1,0.0
EUW1_7715103522,200,0,0.0
EUW1_7715104427,100,1,2.0
EUW1_7715104427,200,0,-2.0
EUW1_7715105069,100,1,0.0
EUW1_7715105069,200,0,0.0
EUW1_7715105869,100,1,0.0
EUW1_7715105869,200,0,0.0
EUW1_7715107388,100,1,0.0
EUW1_7715107388,200,0,0.0
EUW1_7715109653,100,0,0.6666666666666661
EUW1_7715109653,200,1,-0.6666666666666661
EUW1_7715112011,100,0,0.0
EUW1_7715112011,200,1,0.0
EUW1_7715112817,100,0,0.5
EUW1_7715112817,200,1,-0.5
EUW1_7715115297,100,1,0.0
EUW1_7715115297,200,0,0.0
EUW1_7715115613,100,0,0.0
EUW1_7715115613,200,1,0.0
EUW1_7715116246,100,0,0.0
EUW1_7715116246,200,1,0.0
EUW1_7715116357,100,1,0.5
EUW1_7715116357,200,0,-0.5
EUW1_7715116433,100,0,0.0
EUW1_7715116433,200,1,0.0
EUW1_7715116566,100,0,1.0
EUW1_7715116566,200,1,-1.0
EUW1_7715119394,100,0,0.3333333333333339
EUW1_7715119394,200,1,-0.3333333333333339
EUW1_7715119653,100,1,-1.333333333333334
EUW1_7715119653,200,0,1.333333333333334
EUW1_7715120537,100,1,1.333333333333334
EUW1_7715120537,200,0,-1.333333333333334
EUW1_7715123480,100,1,0.0
EUW1_7715123480,200,0,0.0
EUW1_7715125768,100,1,2.0
EUW1_7715125768,200,0,-2.0
EUW1_7715127432,100,0,0.0
EUW1_7715127432,200,1,0.0
EUW1_7715127496,100,1,-1.0
EUW1_7715127496,200,0,1.0
EUW1_7715128957,100,0,0.0
EUW1_7715128957,200,1,0.0
EUW1_7715131154,100,1,-0.5
EUW1_7715131154,200,0,0.5
EUW1_7715134047,100,0,0.3333333333333339
EUW1_7715134047,200,1,-0.3333333333333339
EUW1_7715137062,100,1,-0.5
EUW1_7715137062,200,0,0.5
EUW1_7715140357,100,1,0.6666666666666661
EUW1_7715140357,200,0,-0.6666666666666661
EUW1_7715140839,100,1,0.0
EUW1_7715140839,200,0,0.0
EUW1_7715145295,100,0,0.0
EUW1_7715145295,200,1,0.0
EUW1_7715145988,100,0,0.0
EUW1_7715145988,200,1,0.0
EUW1_7715146561,100,0,0.0
EUW1_7715146561,200,1,0.0
EUW1_7715146840,100,1,0.0
EUW1_7715146840,200,0,0.0
EUW1_7715148370,100,1,0.0
EUW1_7715148370,200,0,0.0
EUW1_7715149077,100,1,0.0
EUW1_7715149077,200,0,0.0
EUW1_7715151977,100,0,0.6666666666666661
EUW1_7715151977,200,1,-0.6666666666666661
EUW1_7715152166,100,0,0.0
EUW1_7715152166,200,1,0.0
EUW1_7715155125,100,1,0.0
EUW1_7715155125,200,0,0.0
EUW1_7715156113,100,0,-2.0
EUW1_7715156113,200,1,2.0
EUW1_7715159629,100,1,-0.5
EUW1_7715159629,200,0,0.5
EUW1_7715161666,100,0,0.0
EUW1_7715161666,200,1,0.0
EUW1_7715162064,100,1,0.0
EUW1_7715162064,200,0,0.0
EUW1_7715162348,100,1,0.0
EUW1_7715162348,200,0,0.0
EUW1_7715162552,100,0,0.0
EUW1_7715162552,200,1,0.0
EUW1_7715165668,100,0,0.0
EUW1_7715165668,200,1,0.0
EUW1_7715166472,100,1,0.0
EUW1_7715166472,200,0,0.0
EUW1_7715166517,100,0,0.0
EUW1_7715166517,200,1,0.0
EUW1_7715168159,100,1,0.0
EUW1_7715168159,200,0,0.0
EUW1_7715169547,100,1,0.0
EUW1_7715169547,200,0,0.0
EUW1_7715170253,100,0,0.40000000000000036
EUW1_7715170253,200,1,-0.40000000000000036
EUW1_7715171095,100,1,0.0
EUW1_7715171095,200,0,0.0
EUW1_7715171972,100,0,-0.6666666666666661
EUW1_7715171972,200,1,0.6666666666666661
EUW1_7715171973,100,1,-0.6666666666666661
EUW1_7715171973,200,0,0.6666666666666661
EUW1_7715172488,100,0,-0.3000000000000007
EUW1_7715172488,200,1,0.3000000000000007
EUW1_7715172997,100,1,0.0
EUW1_7715172997,200,0,0.0
EUW1_7715173119,100,0,-0.666666666666667
EUW1_7715173119,200,1,0.666666666666667
EUW1_7715174446,100,0,-0.6666666666666661
EUW1_7715174446,200,1,0.6666666666666661
EUW1_7715179963,100,1,0.0
EUW1_7715179963,200,0,0.0
EUW1_7715180159,100,0,0.0
EUW1_7715180159,200,1,0.0
EUW1_7715185241,100,1,0.5
EUW1_7715185241,200,0,-0.5
EUW1_7715185652,100,0,0.0
EUW1_7715185652,200,1,0.0
EUW1_7715188833,100,1,0.0
EUW1_7715188833,200,0,0.0
EUW1_7715189521,100,0,0.0
EUW1_7715189521,200,1,0.0
EUW1_7715189549,100,1,0.3333333333333339
EUW1_7715189549,200,0,-0.3333333333333339
EUW1_7715190676,100,1,-0.5
EUW1_7715190676,200,0,0.5
EUW1_7715191880,100,0,0.0
EUW1_7715191880,200,1,0.0
EUW1_7715192423,100,0,0.5
EUW1_7715192423,200,1,-0.5
EUW1_7715194605,100,0,0.0
EUW1_7715194605,200,1,0.0
EUW1_7715194993,100,0,0.0
EUW1_7715194993,200,1,0.0
EUW1_7715196287,100,1,1.333333333333334
EUW1_7715196287,200,0,-1.333333333333334
EUW1_7715196437,100,1,0.0
EUW1_7715196437,200,0,0.0
EUW1_7715196867,100,1,0.0
EUW1_7715196867,200,0,0.0
EUW1_7715199263,100,0,0.0
EUW1_7715199263,200,1,0.0
EUW1_7715200416,100,0,0.0
EUW1_7715200416,200,1,0.0
EUW1_7715201561,100,0,-2.0
EUW1_7715201561,200,1,2.0
EUW1_7715202588,100,0,0.0
EUW1_7715202588,200,1,0.0
EUW1_7715205870,100,1,1.0
EUW1_7715205870,200,0,-1.0
EUW1_7715206144,100,1,0.0
EUW1_7715206144,200,0,0.0
EUW1_7715206436,100,1,0.0
EUW1_7715206436,200,0,0.0
EUW1_7715208386,100,1,0.0
EUW1_7715208386,200,0,0.0
EUW1_7715211559,100,1,0.0
EUW1_7715211559,200,0,0.0
EUW1_7715211692,100,1,1.0
EUW1_7715211692,200,0,-1.0
EUW1_7715213715,100,0,0.0
EUW1_7715213715,200,1,0.0
EUW1_7715215140,100,0,1.0
EUW1_7715215140,200,1,-1.0
EUW1_7715216299,100,0,-1.0
EUW1_7715216299,200,1,1.0
EUW1_7715218020,100,0,0.3333333333333339
EUW1_7715218020,200,1,-0.3333333333333339
EUW1_7715219141,100,1,0.0
EUW1_7715219141,200,0,0.0
EUW1_7715220787,100,1,0.0
EUW1_7715220787,200,0,0.0
EUW1_7715220805,100,1,0.0
EUW1_7715220805,200,0,0.0
EUW1_7715221412,100,0,0.0
EUW1_7715221412,200,1,0.0
EUW1_7715227621,100,0,0.0
EUW1_7715227621,200,1,0.0
EUW1_7715228634,100,0,1.0
EUW1_7715228634,200,1,-1.0
EUW1_7715229139,100,0,0.0
EUW1_7715229139,200,1,0.0
EUW1_7715229192,100,0,0.0
EUW1_7715229192,200,1,0.0
EUW1_7715229358,100,1,0.0
EUW1_7715229358,200,0,0.0
EUW1_7715230451,100,1,-1.333333333333334
EUW1_7715230451,200,0,1.333333333333334
EUW1_7715230544,100,0,-0.6666666666666661
EUW1_7715230544,200,1,0.6666666666666661
EUW1_7715231397,100,0,-1.333333333333334
EUW1_7715231397,200,1,1.333333333333334
EUW1_7715232108,100,1,0.0
EUW1_7715232108,200,0,0.0
EUW1_7715232910,100,1,0.0
EUW1_7715232910,200,0,0.0
EUW1_7715235543,100,0,0.0
EUW1_7715235543,200,1,0.0
EUW1_7715237026,100,1,0.0
EUW1_7715237026,200,0,0.0
EUW1_7715237070,100,1,-0.5
EUW1_7715237070,200,0,0.5
EUW1_7715237633,100,1,0.0
EUW1_7715237633,200,0,0.0
EUW1_7715241139,100,1,0.0
EUW1_7715241139,200,0,0.0
EUW1_7715241638,100,1,-2.0
EUW1_7715241638,200,0,2.0
EUW1_7715242513,100,0,0.0
EUW1_7715242513,200,1,0.0
EUW1_7715244883,100,1,-0.6666666666666661
EUW1_7715244883,200,0,0.6666666666666661
EUW1_7715245629,100,0,0.0
EUW1_7715245629,200,1,0.0
EUW1_7715246278,100,1,0.0
EUW1_7715246278,200,0,0.0
EUW1_7715248515,100,0,0.0
EUW1_7715248515,200,1,0.0
EUW1_7715249903,100,1,1.0
EUW1_7715249903,200,0,-1.0
EUW1_7715253514,100,0,0.0
EUW1_7715253514,200,1,0.0
EUW1_7715254334,100,1,0.0
EUW1_7715254334,200,0,0.0
EUW1_7715256115,100,0,0.0
EUW1_7715256115,200,1,0.0
EUW1_7715256776,100,0,0.0
EUW1_7715256776,200,1,0.0
EUW1_7715258264,100,0,0.0
EUW1_7715258264,200,1,0.0
EUW1_7715258354,100,0,0.0
EUW1_7715258354,200,1,0.0
EUW1_7715258863,100,0,0.0
EUW1_7715258863,200,1,0.0
EUW1_7715259822,100,1,0.0
EUW1_7715259822,200,0,0.0
EUW1_7715260183,100,0,0.0
EUW1_7715260183,200,1,0.0
EUW1_7715261623,100,1,-0.16666666666666607
EUW1_7715261623,200,0,0.16666666666666607
EUW1_7715262939,100,1,0.0
EUW1_7715262939,200,0,0.0
EUW1_7715264411,100,0,0.0
EUW1_7715264411,200,1,0.0
EUW1_7715264912,100,1,0.5
EUW1_7715264912,200,0,-0.5
EUW1_7715268827,100,0,0.0
EUW1_7715268827,200,1,0.0
EUW1_7715269646,100,0,-0.13333333333333464
EUW1_7715269646,200,1,0.13333333333333464
EUW1_7715272776,100,1,-0.6666666666666661
EUW1_7715272776,200,0,0.6666666666666661
EUW1_7715273190,100,1,-2.0
EUW1_7715273190,200,0,2.0
EUW1_7715273743,100,1,0.0
EUW1_7715273743,200,0,0.0
EUW1_7715273981,100,0,0.16666666666666607
EUW1_7715273981,200,1,-0.16666666666666607
EUW1_7715274628,100,0,0.0
EUW1_7715274628,200,1,0.0
EUW1_7715276051,100,0,0.0
EUW1_7715276051,200,1,0.0
EUW1_7715277693,100,1,2.0
EUW1_7715277693,200,0,-2.0
EUW1_7715278348,100,1,0.0
EUW1_7715278348,200,0,0.0
EUW1_7715279164,100,1,-1.0
EUW1_7715279164,200,0,1.0
EUW1_7715279876,100,0,-1.333333333333334
EUW1_7715279876,200,1,1.333333333333334
EUW1_7715288734,100,0,0.0
EUW1_7715288734,200,1,0.0
EUW1_7715289297,100,1,1.0
EUW1_7715289297,200,0,-1.0
EUW1_7715291911,100,1,0.0
EUW1_7715291911,200,0,0.0
EUW1_7715292283,100,1,1.0
EUW1_7715292283,200,0,-1.0
EUW1_7715292470,100,1,1.0
EUW1_7715292470,200,0,-1.0
EUW1_7715292625,100,1,0.0
EUW1_7715292625,200,0,0.0
EUW1_7715294002,100,1,-0.13333333333333464
EUW1_7715294002,200,0,0.13333333333333464
EUW1_7715294958,100,1,0.0
EUW1_7715294958,200,0,0.0
EUW1_7715295953,100,0,0.3333333333333339
EUW1_7715295953,200,1,-0.3333333333333339
EUW1_7715296383,100,0,2.0
EUW1_7715296383,200,1,-2.0
EUW1_7715300057,100,1,0.0
EUW1_7715300057,200,0,0.0
EUW1_7715300699,100,0,0.0
EUW1_7715300699,200,1,0.0
EUW1_7715301904,100,1,0.0
EUW1_7715301904,200,0,0.0
EUW1_7715304785,100,1,-1.333333333333334
EUW1_7715304785,200,0,1.333333333333334
EUW1_7715304911,100,0,1.0
EUW1_7715304911,200,1,-1.0
EUW1_7715305272,100,1,0.0
EUW1_7715305272,200,0,0.0
EUW1_7715306506,100,0,0.0
EUW1_7715306506,200,1,0.0
EUW1_7715306630,100,0,0.0
EUW1_7715306630,200,1,0.0
EUW1_7715308067,100,1,0.3333333333333339
EUW1_7715308067,200,0,-0.3333333333333339
EUW1_7715311349,100,0,0.0
EUW1_7715311349,200,1,0.0
EUW1_7715317075,100,1,0.0
EUW1_7715317075,200,0,0.0
EUW1_7715317107,100,0,0.0
EUW1_7715317107,200,1,0.0
EUW1_7715317393,100,1,-1.0
EUW1_7715317393,200,0,1.0
EUW1_7715318790,100,1,0.0
EUW1_7715318790,200,0,0.0
EUW1_7715320389,100,0,-1.0
EUW1_7715320389,200,1,1.0
EUW1_7715322496,100,1,0.0
EUW1_7715322496,200,0,0.0
EUW1_7715323600,100,0,-0.3333333333333339
EUW1_7715323600,200,1,0.3333333333333339
EUW1_7715324246,100,1,0.0
EUW1_7715324246,200,0,0.0
EUW1_7715324709,100,0,0.0
EUW1_7715324709,200,1,0.0
EUW1_7715324718,100,0,0.0
EUW1_7715324718,200,1,0.0
EUW1_7715327466,100,0,1.0
EUW1_7715327466,200,1,-1.0
EUW1_7715329973,100,1,0.0
EUW1_7715329973,200,0,0.0
EUW1_7715330254,100,0,2.0
EUW1_7715330254,200,1,-2.0
EUW1_7715330618,100,1,0.0
EUW1_7715330618,200,0,0.0
EUW1_7715331009,100,0,-0.8333333333333339
EUW1_7715331009,200,1,0.8333333333333339
EUW1_7715333995,100,1,0.0
EUW1_7715333995,200,0,0.0
EUW1_7715334864,100,1,-1.0
EUW1_7715334864,200,0,1.0
EUW1_7715335287,100,1,0.0
EUW1_7715335287,200,0,0.0
EUW1_7715338283,100,0,0.0
EUW1_7715338283,200,1,0.0
EUW1_7715339040,100,1,0.0
EUW1_7715339040,200,0,0.0
EUW1_7715342107,100,1,0.0
EUW1_7715342107,200,0,0.0
EUW1_7715344709,100,1,-0.5
EUW1_7715344709,200,0,0.5
EUW1_7715347506,100,1,0.0
EUW1_7715347506,200,0,0.0
EUW1_7715348054,100,1,0.0
EUW1_7715348054,200,0,0.0
EUW1_7715348213,100,0,0.5
EUW1_7715348213,200,1,-0.5
EUW1_7715349025,100,1,0.0
EUW1_7715349025,200,0,0.0
EUW1_7715349524,100,0,2.0
EUW1_7715349524,200,1,-2.0
EUW1_7715350596,100,1,0.0
EUW1_7715350596,200,0,0.0
EUW1_7715355023,100,0,-0.5
EUW1_7715355023,200,1,0.5
EUW1_7715356335,100,0,-1.0
EUW1_7715356335,200,1,1.0
EUW1_7715358293,100,1,0.0
EUW1_7715358293,200,0,0.0
EUW1_7715358478,100,0,-1.0
EUW1_7715358478,200,1,1.0
EUW1_7715359457,100,0,0.6666666666666661
EUW1_7715359457,200,1,-0.6666666666666661
EUW1_7715361635,100,1,-0.3333333333333339
EUW1_7715361635,200,0,0.3333333333333339
EUW1_7715363798,100,1,0.0
EUW1_7715363798,200,0,0.0
EUW1_7715363898,100,0,-0.3000000000000007
EUW1_7715363898,200,1,0.3000000000000007
EUW1_7715367855,100,1,0.0
EUW1_7715367855,200,0,0.0
EUW1_7715369228,100,1,0.0
EUW1_7715369228,200,0,0.0
EUW1_7715369405,100,1,0.3333333333333339
EUW1_7715369405,200,0,-0.3333333333333339
EUW1_7715373077,100,1,0.0
EUW1_7715373077,200,0,0.0
EUW1_7715374085,100,1,0.0
EUW1_7715374085,200,0,0.0
EUW1_7715376411,100,1,0.8333333333333339
EUW1_7715376411,200,0,-0.8333333333333339
EUW1_7715379403,100,0,0.0
EUW1_7715379403,200,1,0.0
EUW1_7715382373,100,0,-1.0
EUW1_7715382373,200,1,1.0
EUW1_7715383492,100,0,1.0
EUW1_7715383492,200,1,-1.0
EUW1_7715384579,100,0,0.0
EUW1_7715384579,200,1,0.0
EUW1_7715385479,100,1,0.0
EUW1_7715385479,200,0,0.0
EUW1_7715387289,100,0,1.0
EUW1_7715387289,200,1,-1.0
EUW1_7715388805,100,1,0.0
EUW1_7715388805,200,0,0.0
EUW1_7715389019,100,0,-0.6666666666666679
EUW1_7715389019,200,1,0.6666666666666679
EUW1_7715389346,100,1,0.0
EUW1_7715389346,200,0,0.0
EUW1_7715390532,100,0,0.0
EUW1_7715390532,200,1,0.0
EUW1_7715392465,100,0,0.0
EUW1_7715392465,200,1,0.0
EUW1_7715395453,100,0,0.0
EUW1_7715395453,200,1,0.0
EUW1_7715396014,100,1,0.0
EUW1_7715396014,200,0,0.0
EUW1_7715396672,100,1,0.0
EUW1_7715396672,200,0,0.0
EUW1_7715400300,100,0,0.0
EUW1_7715400300,200,1,0.0
EUW1_7715401579,100,1,0.0
EUW1_7715401579,200,0,0.0
EUW1_7715403087,100,1,-2.0
EUW1_7715403087,200,0,2.0
EUW1_7715403199,100,0,0.0
EUW1_7715403199,200,1,0.0
EUW1_7715405676,100,1,0.0
EUW1_7715405676,200,0,0.0
EUW1_7715406803,100,0,0.0
EUW1_7715406803,200,1,0.0
EUW1_7715407132,100,0,0.0
EUW1_7715407132,200,1,0.0
EUW1_7715408291,100,1,-1.0
EUW1_7715408291,200,0,1.0
EUW1_7715408869,100,1,0.0
EUW1_7715408869,200,0,0.0
EUW1_7715410279,100,0,-1.0
EUW1_7715410279,200,1,1.0
EUW1_7715410608,100,0,2.0
EUW1_7715410608,200,1,-2.0
EUW1_7715411285,100,0,0.0
EUW1_7715411285,200,1,0.0
EUW1_7715411735,100,0,-0.5
EUW1_7715411735,200,1,0.5
EUW1_7715414043,100,0,-0.6666666666666661
EUW1_7715414043,200,1,0.6666666666666661
EUW1_7715414100,100,0,0.0
EUW1_7715414100,200,1,0.0
EUW1_7715416788,100,0,0.0
EUW1_7715416788,200,1,0.0
EUW1_7715417474,100,1,0.0
EUW1_7715417474,200,0,0.0
EUW1_7715418882,100,0,0.0
EUW1_7715418882,200,1,0.0
EUW1_7715420441,100,0,0.0
EUW1_7715420441,200,1,0.0
EUW1_7715421424,100,0,0.0
EUW1_7715421424,200,1,0.0
EUW1_7715421809,100,0,-1.5999999999999996
EUW1_7715421809,200,1,1.5999999999999996
EUW1_7715421997,100,0,2.0
EUW1_7715421997,200,1,-2.0
EUW1_7715424312,100,1,-0.6666666666666661
EUW1_7715424312,200,0,0.6666666666666661
EUW1_7715424524,100,0,0.0
EUW1_7715424524,200,1,0.0
EUW1_7715425404,100,0,1.0
EUW1_7715425404,200,1,-1.0
EUW1_7715428474,100,0,1.0
EUW1_7715428474,200,1,-1.0
EUW1_7715428733,100,1,-0.5333333333333332
EUW1_7715428733,200,0,0.5333333333333332
EUW1_7715431820,100,0,-1.0
EUW1_7715431820,200,1,1.0
EUW1_7715432727,100,1,0.0
EUW1_7715432727,200,0,0.0
EUW1_7715433086,100,1,0.0
EUW1_7715433086,200,0,0.0
EUW1_7715434318,100,1,0.0
EUW1_7715434318,200,0,0.0
EUW1_7715435441,100,1,-0.3333333333333339
EUW1_7715435441,200,0,0.3333333333333339
EUW1_7715435941,100,0,0.3333333333333339
EUW1_7715435941,200,1,-0.3333333333333339
EUW1_7715436235,100,0,0.0
EUW1_7715436235,200,1,0.0
EUW1_7715436591,100,0,-0.6666666666666661
EUW1_7715436591,200,1,0.6666666666666661
EUW1_7715437933,100,1,1.0
EUW1_7715437933,200,0,-1.0
EUW1_7715438999,100,1,0.0
EUW1_7715438999,200,0,0.0
EUW1_7715439275,100,1,0.0
EUW1_7715439275,200,0,0.0
EUW1_7715442727,100,0,0.0
EUW1_7715442727,200,1,0.0
EUW1_7715442921,100,1,0.0
EUW1_7715442921,200,0,0.0
EUW1_7715443076,100,1,0.6666666666666661
EUW1_7715443076,200,0,-0.6666666666666661
EUW1_7715444379,100,0,0.0
EUW1_7715444379,200,1,0.0
EUW1_7715446958,100,0,0.0
EUW1_7715446958,200,1,0.0
EUW1_7715447327,100,1,0.0
EUW1_7715447327,200,0,0.0
EUW1_7715447551,100,0,0.0
EUW1_7715447551,200,1,0.0
EUW1_7715448345,100,1,0.0
EUW1_7715448345,200,0,0.0
EUW1_7715449184,100,0,0.0
EUW1_7715449184,200,1,0.0
EUW1_7715449391,100,0,-2.0
EUW1_7715449391,200,1,2.0
EUW1_7715450260,100,0,1.1999999999999993
EUW1_7715450260,200,1,-1.1999999999999993
EUW1_7715451635,100,1,2.0
EUW1_7715451635,200,0,-2.0
EUW1_7715454025,100,1,2.0
EUW1_7715454025,200,0,-2.0
EUW1_7715456415,100,0,0.0
EUW1_7715456415,200,1,0.0
EUW1_7715459613,100,0,1.0
EUW1_7715459613,200,1,-1.0
EUW1_7715462168,100,1,-1.0
EUW1_7715462168,200,0,1.0
EUW1_7715462350,100,0,0.0
EUW1_7715462350,200,1,0.0
EUW1_7715463044,100,0,-1.333333333333334
EUW1_7715463044,200,1,1.333333333333334
EUW1_7715463949,100,0,0.0
EUW1_7715463949,200,1,0.0
EUW1_7715467411,100,1,0.0
EUW1_7715467411,200,0,0.0
EUW1_7715468402,100,1,0.0
EUW1_7715468402,200,0,0.0
EUW1_7715470108,100,0,0.0
EUW1_7715470108,200,1,0.0
EUW1_7715470777,100,1,0.0
EUW1_7715470777,200,0,0.0
EUW1_7715471427,100,1,0.3333333333333339
EUW1_7715471427,200,0,-0.3333333333333339
EUW1_7715471697,100,1,0.0
EUW1_7715471697,200,0,0.0
EUW1_7715472457,100,1,0.0
EUW1_7715472457,200,0,0.0
EUW1_7715478097,100,0,0.0
EUW1_7715478097,200,1,0.0
EUW1_7715478409,100,0,0.5
EUW1_7715478409,200,1,-0.5
EUW1_7715479008,100,1,0.5
EUW1_7715479008,200,0,-0.5
EUW1_7715482083,100,0,-0.3000000000000007
EUW1_7715482083,200,1,0.3000000000000007
EUW1_7715482163,100,0,1.333333333333334
EUW1_7715482163,200,1,-1.333333333333334
EUW1_7715484953,100,1,0.0
EUW1_7715484953,200,0,0.0
EUW1_7715485451,100,1,-0.3333333333333339
EUW1_7715485451,200,0,0.3333333333333339
EUW1_7715485675,100,1,0.0
EUW1_7715485675,200,0,0.0
EUW1_7715486486,100,1,0.0
EUW1_7715486486,200,0,0.0
EUW1_7715487740,100,0,0.0
EUW1_7715487740,200,1,0.0
EUW1_7715489430,100,0,2.0
EUW1_7715489430,200,1,-2.0
EUW1_7715490653,100,1,1.0999999999999996
EUW1_7715490653,200,0,-1.0999999999999996
EUW1_7715490654,100,0,0.0
EUW1_7715490654,200,1,0.0
EUW1_7715492028,100,0,0.0
EUW1_7715492028,200,1,0.0
EUW1_7715492894,100,1,0.0
EUW1_7715492894,200,0,0.0
EUW1_7715496564,100,1,0.8333333333333339
EUW1_7715496564,200,0,-0.8333333333333339
EUW1_7715497884,100,1,-1.0
EUW1_7715497884,200,0,1.0
EUW1_7715498627,100,1,2.0
EUW1_7715498627,200,0,-2.0
EUW1_7715498673,100,1,0.0
EUW1_7715498673,200,0,0.0
EUW1_7715498884,100,1,-1.0
EUW1_7715498884,200,0,1.0
EUW1_7715500475,100,1,0.0
EUW1_7715500475,200,0,0.0
EUW1_7715500900,100,0,0.0
EUW1_7715500900,200,1,0.0
EUW1_7715502282,100,0,0.0
EUW1_7715502282,200,1,0.0
EUW1_7715503302,100,1,0.0
EUW1_7715503302,200,0,0.0
EUW1_7715503738,100,1,1.333333333333334
EUW1_7715503738,200,0,-1.333333333333334
EUW1_7715505495,100,0,0.0
EUW1_7715505495,200,1,0.0
EUW1_7715507555,100,1,0.0
EUW1_7715507555,200,0,0.0
EUW1_7715507710,100,1,0.0
EUW1_7715507710,200,0,0.0
EUW1_7715509067,100,1,-1.0
EUW1_7715509067,200,0,1.0
EUW1_7715511216,100,0,1.5
EUW1_7715511216,200,1,-1.5
EUW1_7715512070,100,0,-0.8000000000000007
EUW1_7715512070,200,1,0.8000000000000007
EUW1_7715515006,100,1,0.0
EUW1_7715515006,200,0,0.0
EUW1_7715515013,100,1,-0.6666666666666661
EUW1_7715515013,200,0,0.6666666666666661
EUW1_7715517458,100,1,0.0
EUW1_7715517458,200,0,0.0
EUW1_7715517512,100,0,-2.0
EUW1_7715517512,200,1,2.0
EUW1_7715518461,100,0,0.0
EUW1_7715518461,200,1,0.0
EUW1_7715519140,100,0,0.0
EUW1_7715519140,200,1,0.0
EUW1_7715520254,100,1,-0.6666666666666661
EUW1_7715520254,200,0,0.6666666666666661
EUW1_7715520360,100,0,-0.6666666666666661
EUW1_7715520360,200,1,0.6666666666666661
EUW1_7715521730,100,1,0.3333333333333339
EUW1_7715521730,200,0,-0.3333333333333339
EUW1_7715522132,100,0,0.0
EUW1_7715522132,200,1,0.0
EUW1_7715522331,100,0,0.0
EUW1_7715522331,200,1,0.0
EUW1_7715522499,100,0,2.0
EUW1_7715522499,200,1,-2.0
EUW1_7715523235,100,1,0.0
EUW1_7715523235,200,0,0.0
EUW1_7715523346,100,0,1.1999999999999993
EUW1_7715523346,200,1,-1.1999999999999993
EUW1_7715524302,100,1,0.0
EUW1_7715524302,200,0,0.0
EUW1_7715524410,100,0,0.0
EUW1_7715524410,200,1,0.0
EUW1_7715526419,100,0,0.0
EUW1_7715526419,200,1,0.0
EUW1_7715527433,100,1,0.0
EUW1_7715527433,200,0,0.0
EUW1_7715527729,100,0,-1.0
EUW1_7715527729,200,1,1.0
EUW1_7715528669,100,1,-2.0
EUW1_7715528669,200,0,2.0
EUW1_7715529663,100,1,0.0
EUW1_7715529663,200,0,0.0
EUW1_7715532916,100,1,1.0
EUW1_7715532916,200,0,-1.0
EUW1_7715533899,100,1,-2.0
EUW1_7715533899,200,0,2.0
EUW1_7715534539,100,0,2.0
EUW1_7715534539,200,1,-2.0
EUW1_7715535149,100,1,0.0
EUW1_7715535149,200,0,0.0
EUW1_7715535259,100,1,0.0
EUW1_7715535259,200,0,0.0
EUW1_7715538216,100,1,0.0
EUW1_7715538216,200,0,0.0
EUW1_7715538245,100,1,-0.5
EUW1_7715538245,200,0,0.5
EUW1_7715538945,100,0,0.0
EUW1_7715538945,200,1,0.0
EUW1_7715539075,100,0,0.5
EUW1_7715539075,200,1,-0.5
EUW1_7715539320,100,1,0.0
EUW1_7715539320,200,0,0.0
EUW1_7715539431,100,1,-0.6666666666666661
EUW1_7715539431,200,0,0.6666666666666661
EUW1_7715541225,100,0,0.0
EUW1_7715541225,200,1,0.0
EUW1_7715543343,100,0,0.0
EUW1_7715543343,200,1,0.0
EUW1_7715543969,100,1,0.0
EUW1_7715543969,200,0,0.0
EUW1_7715544405,100,0,-0.6666666666666661
EUW1_7715544405,200,1,0.6666666666666661
EUW1_7715545372,100,0,0.0
EUW1_7715545372,200,1,0.0
EUW1_7715545837,100,1,0.0
EUW1_7715545837,200,0,0.0
EUW1_7715546009,100,0,0.0
EUW1_7715546009,200,1,0.0
EUW1_7715547444,100,0,0.0
EUW1_7715547444,200,1,0.0
EUW1_7715547498,100,0,0.0
EUW1_7715547498,200,1,0.0
EUW1_7715549353,100,1,-0.6666666666666661
EUW1_7715549353,200,0,0.6666666666666661
EUW1_7715550303,100,0,0.0
EUW1_7715550303,200,1,0.0
EUW1_7715552906,100,0,-1.0
EUW1_7715552906,200,1,1.0
EUW1_7715553122,100,1,-1.333333333333334
EUW1_7715553122,200,0,1.333333333333334
EUW1_7715553737,100,1,0.0
EUW1_7715553737,200,0,0.0
EUW1_7715555154,100,0,0.0
EUW1_7715555154,200,1,0.0
EUW1_7715556481,100,1,0.0
EUW1_7715556481,200,0,0.0
EUW1_7715556886,100,0,0.0
EUW1_7715556886,200,1,0.0
EUW1_7715557779,100,1,0.0
EUW1_7715557779,200,0,0.0
EUW1_7715558684,100,1,0.0
EUW1_7715558684,200,0,0.0
EUW1_7715559740,100,0,0.0
EUW1_7715559740,200,1,0.0
EUW1_7715559932,100,1,-2.0
EUW1_7715559932,200,0,2.0
EUW1_7715560954,100,1,-0.3333333333333339
EUW1_7715560954,200,0,0.3333333333333339
EUW1_7715561789,100,0,0.0
EUW1_7715561789,200,1,0.0
EUW1_7715563905,100,1,0.0
EUW1_7715563905,200,0,0.0
EUW1_7715564637,100,1,0.0
EUW1_7715564637,200,0,0.0
EUW1_7715564698,100,0,0.0
EUW1_7715564698,200,1,0.0
EUW1_7715565903,100,1,0.0
EUW1_7715565903,200,0,0.0
EUW1_7715566015,100,1,0.0
EUW1_7715566015,200,0,0.0
EUW1_7715567928,100,0,-0.6666666666666661
EUW1_7715567928,200,1,0.6666666666666661
EUW1_7715568350,100,1,-1.333333333333334
EUW1_7715568350,200,0,1.333333333333334
EUW1_7715570481,100,0,0.0
EUW1_7715570481,200,1,0.0
EUW1_7715570941,100,1,-1.333333333333334
EUW1_7715570941,200,0,1.333333333333334
EUW1_7715571374,100,0,0.0
EUW1_7715571374,200,1,0.0
EUW1_7715572662,100,1,1.0
EUW1_7715572662,200,0,-1.0
EUW1_7715572685,100,0,-2.0
EUW1_7715572685,200,1,2.0
EUW1_7715573989,100,1,0.0
EUW1_7715573989,200,0,0.0
EUW1_7715574561,100,1,-1.0
EUW1_7715574561,200,0,1.0
EUW1_7715575812,100,1,-0.6666666666666661
EUW1_7715575812,200,0,0.6666666666666661
EUW1_7715575856,100,1,0.6666666666666661
EUW1_7715575856,200,0,-0.6666666666666661
EUW1_7715579080,100,1,-0.16666666666666607
EUW1_7715579080,200,0,0.16666666666666607
EUW1_7715579368,100,1,0.0
EUW1_7715579368,200,0,0.0
EUW1_7715579624,100,1,0.0
EUW1_7715579624,200,0,0.0
EUW1_7715580563,100,0,0.0
EUW1_7715580563,200,1,0.0
EUW1_7715580694,100,0,-1.0
EUW1_7715580694,200,1,1.0
EUW1_7715580772,100,1,0.0
EUW1_7715580772,200,0,0.0
EUW1_7715581475,100,1,2.0
EUW1_7715581475,200,0,-2.0
EUW1_7715582109,100,0,0.0
EUW1_7715582109,200,1,0.0
EUW1_7715582175,100,1,0.0
EUW1_7715582175,200,0,0.0
EUW1_7715582901,100,0,1.0
EUW1_7715582901,200,1,-1.0
EUW1_7715583447,100,1,0.6666666666666661
EUW1_7715583447,200,0,-0.6666666666666661
EUW1_7715584451,100,0,-0.3333333333333339
EUW1_7715584451,200,1,0.3333333333333339
EUW1_7715584528,100,0,-2.0
EUW1_7715584528,200,1,2.0
EUW1_7715589104,100,0,0.0
EUW1_7715589104,200,1,0.0
EUW1_7715589157,100,1,1.333333333333334
EUW1_7715589157,200,0,-1.333333333333334
EUW1_7715589876,100,0,-1.0
EUW1_7715589876,200,1,1.0
EUW1_7715590355,100,1,1.5
EUW1_7715590355,200,0,-1.5
EUW1_7715592132,100,1,1.0
EUW1_7715592132,200,0,-1.0
EUW1_7715592955,100,1,0.0
EUW1_7715592955,200,0,0.0
EUW1_7715593012,100,1,0.0
EUW1_7715593012,200,0,0.0
EUW1_7715594317,100,0,0.0
EUW1_7715594317,200,1,0.0
EUW1_7715594581,100,1,0.0
EUW1_7715594581,200,0,0.0
EUW1_7715595168,100,1,0.0
EUW1_7715595168,200,0,0.0
EUW1_7715595745,100,0,0.0
EUW1_7715595745,200,1,0.0
EUW1_7715596992,100,0,-2.0
EUW1_7715596992,200,1,2.0
EUW1_7715597226,100,1,0.5
EUW1_7715597226,200,0,-0.5
EUW1_7715599596,100,1,0.8333333333333339
EUW1_7715599596,200,0,-0.8333333333333339
EUW1_7715600634,100,1,0.0
EUW1_7715600634,200,0,0.0
EUW1_7715601768,100,1,1.0
EUW1_7715601768,200,0,-1.0
EUW1_7715602373,100,1,0.0
EUW1_7715602373,200,0,0.0
EUW1_7715602708,100,1,0.6666666666666661
EUW1_7715602708,200,0,-0.6666666666666661
EUW1_7715603127,100,1,0.0
EUW1_7715603127,200,0,0.0
EUW1_7715603770,100,1,0.0
EUW1_7715603770,200,0,0.0
EUW1_7715604283,100,0,-1.0
EUW1_7715604283,200,1,1.0
EUW1_7715604817,100,0,0.0
EUW1_7715604817,200,1,0.0
EUW1_7715606266,100,0,-0.666666666666667
EUW1_7715606266,200,1,0.666666666666667
EUW1_7715608636,100,1,0.0
EUW1_7715608636,200,0,0.0
EUW1_7715608997,100,0,0.0
EUW1_7715608997,200,1,0.0
EUW1_7715609326,100,1,0.0
EUW1_7715609326,200,0,0.0
EUW1_7715609586,100,0,0.0
EUW1_7715609586,200,1,0.0
EUW1_7715610341,100,1,0.0
EUW1_7715610341,200,0,0.0
EUW1_7715610399,100,1,0.0
EUW1_7715610399,200,0,0.0
EUW1_7715610824,100,0,0.0
EUW1_7715610824,200,1,0.0
EUW1_7715611046,100,0,0.0
EUW1_7715611046,200,1,0.0
EUW1_7715613524,100,1,0.0
EUW1_7715613524,200,0,0.0
EUW1_7715614628,100,1,0.0
EUW1_7715614628,200,0,0.0
EUW1_7715614765,100,0,-2.0
EUW1_7715614765,200,1,2.0
EUW1_7715614899,100,0,-2.0
EUW1_7715614899,200,1,2.0
EUW1_7715616425,100,1,0.0
EUW1_7715616425,200,0,0.0
EUW1_7715616766,100,1,0.0
EUW1_7715616766,200,0,0.0
EUW1_7715617894,100,1,-0.8000000000000007
EUW1_7715617894,200,0,0.8000000000000007
EUW1_7715617996,100,0,-1.333333333333334
EUW1_7715617996,200,1,1.333333333333334
EUW1_7715618537,100,1,0.0
EUW1_7715618537,200,0,0.0
EUW1_7715622595,100,0,0.0
EUW1_7715622595,200,1,0.0
EUW1_7715622818,100,1,0.0
EUW1_7715622818,200,0,0.0
EUW1_7715623952,100,0,0.3333333333333339
EUW1_7715623952,200,1,-0.3333333333333339
EUW1_7715624701,100,1,0.16666666666666607
EUW1_7715624701,200,0,-0.16666666666666607
EUW1_7715654557,100,0,0.0
EUW1_7715654557,200,1,0.0
EUW1_7715654734,100,1,1.333333333333334
EUW1_7715654734,200,0,-1.333333333333334
EUW1_7715655569,100,1,0.0
EUW1_7715655569,200,0,0.0
EUW1_7715655586,100,0,0.0
EUW1_7715655586,200,1,0.0
EUW1_7715655691,100,1,0.0
EUW1_7715655691,200,0,0.0
EUW1_7715656082,100,1,0.0
EUW1_7715656082,200,0,0.0
EUW1_7715657079,100,0,0.0
EUW1_7715657079,200,1,0.0
EUW1_7715658953,100,1,0.0
EUW1_7715658953,200,0,0.0
EUW1_7715659058,100,1,0.0
EUW1_7715659058,200,0,0.0
EUW1_7715659746,100,0,1.333333333333334
EUW1_7715659746,200,1,-1.333333333333334
EUW1_7715661237,100,1,0.0
EUW1_7715661237,200,0,0.0
EUW1_7715661307,100,0,0.0
EUW1_7715661307,200,1,0.0
EUW1_7715663792,100,1,-1.0
EUW1_7715663792,200,0,1.0
EUW1_7715664555,100,1,-2.0
EUW1_7715664555,200,0,2.0
EUW1_7715665085,100,0,2.0
EUW1_7715665085,200,1,-2.0
EUW1_7715665380,100,0,1.333333333333334
EUW1_7715665380,200,1,-1.333333333333334
EUW1_7715668346,100,1,0.0
EUW1_7715668346,200,0,0.0
EUW1_7715672180,100,0,-0.6666666666666661
EUW1_7715672180,200,1,0.6666666666666661
EUW1_7715672666,100,0,0.3333333333333339
EUW1_7715672666,200,1,-0.3333333333333339
EUW1_7715672981,100,0,-2.0
EUW1_7715672981,200,1,2.0
EUW1_7715673856,100,1,-2.0
EUW1_7715673856,200,0,2.0
EUW1_7715674988,100,0,0.0
EUW1_7715674988,200,1,0.0
EUW1_7715675365,100,0,0.0
EUW1_7715675365,200,1,0.0
EUW1_7715678331,100,0,0.0
EUW1_7715678331,200,1,0.0
EUW1_7715678795,100,0,0.0
EUW1_7715678795,200,1,0.0
EUW1_7715679662,100,1,0.0
EUW1_7715679662,200,0,0.0
EUW1_7715680599,100,1,0.0
EUW1_7715680599,200,0,0.0
EUW1_7715681150,100,0,0.0
EUW1_7715681150,200,1,0.0
EUW1_7715681469,100,0,-0.6666666666666661
EUW1_7715681469,200,1,0.6666666666666661
EUW1_7715681705,100,1,0.0
EUW1_7715681705,200,0,0.0
EUW1_7715683434,100,0,0.0
EUW1_7715683434,200,1,0.0
EUW1_7715684830,100,1,0.0
EUW1_7715684830,200,0,0.0
EUW1_7715686076,100,0,0.0
EUW1_7715686076,200,1,0.0
EUW1_7715686729,100,0,0.2666666666666657
EUW1_7715686729,200,1,-0.2666666666666657
EUW1_7715688801,100,1,0.0
EUW1_7715688801,200,0,0.0
EUW1_7715693366,100,0,0.0
EUW1_7715693366,200,1,0.0
EUW1_7715693732,100,1,0.0
EUW1_7715693732,200,0,0.0
EUW1_7715693826,100,0,-1.5999999999999996
EUW1_7715693826,200,1,1.5999999999999996
EUW1_7715694169,100,0,0.0
EUW1_7715694169,200,1,0.0
EUW1_7715697550,100,1,-1.0
EUW1_7715697550,200,0,1.0
EUW1_7715698080,100,1,0.5
EUW1_7715698080,200,0,-0.5
EUW1_7715698723,100,0,0.5
EUW1_7715698723,200,1,-0.5
EUW1_7715700925,100,0,0.0
EUW1_7715700925,200,1,0.0
EUW1_7715700971,100,1,0.3333333333333339
EUW1_7715700971,200,0,-0.3333333333333339
EUW1_7715702788,100,1,0.0
EUW1_7715702788,200,0,0.0
EUW1_7715703256,100,0,0.0
EUW1_7715703256,200,1,0.0
EUW1_7715704370,100,1,-0.3333333333333339
EUW1_7715704370,200,0,0.3333333333333339
EUW1_7715704517,100,1,0.0
EUW1_7715704517,200,0,0.0
EUW1_7715704962,100,0,0.0
EUW1_7715704962,200,1,0.0
EUW1_7715706192,100,0,-0.3333333333333339
EUW1_7715706192,200,1,0.3333333333333339
EUW1_7715708427,100,0,0.0
EUW1_7715708427,200,1,0.0
EUW1_7715712353,100,0,-0.3999999999999986
EUW1_7715712353,200,1,0.3999999999999986
EUW1_7715713648,100,0,0.0
EUW1_7715713648,200,1,0.0
EUW1_7715715240,100,0,0.0
EUW1_7715715240,200,1,0.0
EUW1_7715715686,100,1,0.6666666666666661
EUW1_7715715686,200,0,-0.6666666666666661
EUW1_7715717096,100,1,0.0
EUW1_7715717096,200,0,0.0
EUW1_7715718184,100,1,2.0
EUW1_7715718184,200,0,-2.0
EUW1_7715719584,100,1,0.0
EUW1_7715719584,200,0,0.0
EUW1_7715720123,100,0,0.0
EUW1_7715720123,200,1,0.0
EUW1_7715720918,100,0,0.0
EUW1_7715720918,200,1,0.0
EUW1_7715725855,100,0,0.0
EUW1_7715725855,200,1,0.0
EUW1_7715726497,100,1,0.0
EUW1_7715726497,200,0,0.0
EUW1_7715727884,100,1,-1.0
EUW1_7715727884,200,0,1.0
EUW1_7715728153,100,0,0.0
EUW1_7715728153,200,1,0.0
EUW1_7715728240,100,1,0.0
EUW1_7715728240,200,0,0.0
EUW1_7715728306,100,1,0.3000000000000007
EUW1_7715728306,200,0,-0.3000000000000007
EUW1_7715728968,100,0,0.0
EUW1_7715728968,200,1,0.0
EUW1_7715729969,100,0,0.0
EUW1_7715729969,200,1,0.0
EUW1_7715730122,100,0,0.6666666666666679
EUW1_7715730122,200,1,-0.6666666666666679
EUW1_7715731451,100,0,0.0
EUW1_7715731451,200,1,0.0
EUW1_7715731640,100,1,0.0
EUW1_7715731640,200,0,0.0
EUW1_7715732389,100,1,-0.5
EUW1_7715732389,200,0,0.5
EUW1_7715734952,100,0,0.0
EUW1_7715734952,200,1,0.0
EUW1_7715737354,100,0,-1.5
EUW1_7715737354,200,1,1.5
EUW1_7715737459,100,0,1.0
EUW1_7715737459,200,1,-1.0
EUW1_7715737734,100,0,0.0
EUW1_7715737734,200,1,0.0
EUW1_7715737925,100,0,1.0
EUW1_7715737925,200,1,-1.0
EUW1_7715739052,100,1,0.0
EUW1_7715739052,200,0,0.0
EUW1_7715739474,100,0,-0.5
EUW1_7715739474,200,1,0.5
EUW1_7715740254,100,0,0.0
EUW1_7715740254,200,1,0.0
EUW1_7715741720,100,1,0.0
EUW1_7715741720,200,0,0.0
EUW1_7715743381,100,1,0.9333333333333336
EUW1_7715743381,200,0,-0.9333333333333336
EUW1_7715743770,100,1,0.6999999999999993
EUW1_7715743770,200,0,-0.6999999999999993
EUW1_7715744152,100,1,-2.0
EUW1_7715744152,200,0,2.0
EUW1_7715745984,100,0,-0.5
EUW1_7715745984,200,1,0.5
EUW1_7715746284,100,0,0.0
EUW1_7715746284,200,1,0.0
EUW1_7715746731,100,1,0.0
EUW1_7715746731,200,0,0.0
EUW1_7715747588,100,0,-1.0
EUW1_7715747588,200,1,1.0
EUW1_7715748262,100,1,0.0
EUW1_7715748262,200,0,0.0
EUW1_7715749174,100,1,0.0
EUW1_7715749174,200,0,0.0
EUW1_7715749504,100,1,1.333333333333334
EUW1_7715749504,200,0,-1.333333333333334
EUW1_7715750500,100,1,0.0
EUW1_7715750500,200,0,0.0
EUW1_7715750955,100,0,0.0
EUW1_7715750955,200,1,0.0
EUW1_7715752687,100,0,0.0
EUW1_7715752687,200,1,0.0
EUW1_7715753087,100,1,0.0
EUW1_7715753087,200,0,0.0
EUW1_7715753334,100,1,0.0
EUW1_7715753334,200,0,0.0
EUW1_7715753408,100,0,0.0
EUW1_7715753408,200,1,0.0
EUW1_7715755113,100,0,0.0
EUW1_7715755113,200,1,0.0
EUW1_7715755435,100,1,0.0
EUW1_7715755435,200,0,0.0
EUW1_7715756739,100,0,-0.5
EUW1_7715756739,200,1,0.5
EUW1_7715757775,100,1,0.0
EUW1_7715757775,200,0,0.0
EUW1_7715758183,100,1,-1.333333333333334
EUW1_7715758183,200,0,1.333333333333334
EUW1_7715758920,100,1,-0.6666666666666661
EUW1_7715758920,200,0,0.6666666666666661
EUW1_7715759031,100,0,0.0
EUW1_7715759031,200,1,0.0
EUW1_7715759509,100,0,-1.0
EUW1_7715759509,200,1,1.0
EUW1_7715759682,100,0,-0.5
EUW1_7715759682,200,1,0.5
EUW1_7715760054,100,1,-1.0
EUW1_7715760054,200,0,1.0
EUW1_7715760147,100,0,0.0
EUW1_7715760147,200,1,0.0
EUW1_7715760262,100,0,-0.6666666666666661
EUW1_7715760262,200,1,0.6666666666666661
EUW1_7715761095,100,1,0.0
EUW1_7715761095,200,0,0.0
EUW1_7715763216,100,0,0.0
EUW1_7715763216,200,1,0.0
EUW1_7715765218,100,1,1.0
EUW1_7715765218,200,0,-1.0
EUW1_7715766606,100,1,-1.0
EUW1_7715766606,200,0,1.0
EUW1_7715768054,100,1,0.0
EUW1_7715768054,200,0,0.0
EUW1_7715768784,100,0,0.6666666666666661
EUW1_7715768784,200,1,-0.6666666666666661
EUW1_7715769120,100,0,0.0
EUW1_7715769120,200,1,0.0
EUW1_7715770492,100,0,0.6666666666666661
EUW1_7715770492,200,1,-0.6666666666666661
EUW1_7715770912,100,0,0.6666666666666661
EUW1_7715770912,200,1,-0.6666666666666661
EUW1_7715771119,100,0,0.0
EUW1_7715771119,200,1,0.0
EUW1_7715772941,100,0,0.0
EUW1_7715772941,200,1,0.0
EUW1_7715774179,100,1,0.0
EUW1_7715774179,200,0,0.0
EUW1_7715774452,100,1,0.3000000000000007
EUW1_7715774452,200,0,-0.3000000000000007
EUW1_7715776062,100,0,0.0
EUW1_7715776062,200,1,0.0
EUW1_7715776535,100,0,0.0
EUW1_7715776535,200,1,0.0
EUW1_7715776739,100,0,0.5
EUW1_7715776739,200,1,-0.5
EUW1_7715777008,100,0,0.0
EUW1_7715777008,200,1,0.0
EUW1_7715777020,100,1,0.3333333333333339
EUW1_7715777020,200,0,-0.3333333333333339
EUW1_7715777442,100,1,0.0
EUW1_7715777442,200,0,0.0
EUW1_7715777665,100,0,0.0
EUW1_7715777665,200,1,0.0
EUW1_7715778542,100,0,0.0
EUW1_7715778542,200,1,0.0
EUW1_7715778634,100,1,0.0
EUW1_7715778634,200,0,0.0
EUW1_7715780588,100,1,-0.6666666666666661
EUW1_7715780588,200,0,0.6666666666666661
EUW1_7715783810,100,0,0.0
EUW1_7715783810,200,1,0.0
EUW1_7715784358,100,1,0.0
EUW1_7715784358,200,0,0.0
EUW1_7715784371,100,0,-1.0
EUW1_7715784371,200,1,1.0
EUW1_7715784869,100,1,0.0
EUW1_7715784869,200,0,0.0
EUW1_7715785088,100,1,2.0
EUW1_7715785088,200,0,-2.0
EUW1_7715787720,100,0,0.0
EUW1_7715787720,200,1,0.0
EUW1_7715788343,100,0,0.0
EUW1_7715788343,200,1,0.0
EUW1_7715788748,100,0,-2.0
EUW1_7715788748,200,1,2.0
EUW1_7715789409,100,0,0.6666666666666661
EUW1_7715789409,200,1,-0.6666666666666661
EUW1_7715791296,100,1,-0.3333333333333339
EUW1_7715791296,200,0,0.3333333333333339
EUW1_7715792309,100,0,0.0
EUW1_7715792309,200,1,0.0
EUW1_7715792603,100,1,0.0
EUW1_7715792603,200,0,0.0
EUW1_7715793670,100,1,0.0
EUW1_7715793670,200,0,0.0
EUW1_7715795930,100,1,0.0
EUW1_7715795930,200,0,0.0
EUW1_7715796054,100,1,0.0
EUW1_7715796054,200,0,0.0
EUW1_7715796290,100,0,0.8333333333333339
EUW1_7715796290,200,1,-0.8333333333333339
EUW1_7715796589,100,1,0.0
EUW1_7715796589,200,0,0.0
EUW1_7715796902,100,0,-0.6666666666666661
EUW1_7715796902,200,1,0.6666666666666661
EUW1_7715796998,100,1,0.0
EUW1_7715796998,200,0,0.0
EUW1_7715797044,100,0,2.0
EUW1_7715797044,200,1,-2.0
EUW1_7715798218,100,1,-1.0
EUW1_7715798218,200,0,1.0
EUW1_7715802796,100,0,0.6666666666666661
EUW1_7715802796,200,1,-0.6666666666666661
EUW1_7715802935,100,1,0.0
EUW1_7715802935,200,0,0.0
EUW1_7715803229,100,0,1.0
EUW1_7715803229,200,1,-1.0
EUW1_7715803424,100,1,0.0
EUW1_7715803424,200,0,0.0
EUW1_7715803851,100,0,-0.6666666666666661
EUW1_7715803851,200,1,0.6666666666666661
EUW1_7715804921,100,1,0.0
EUW1_7715804921,200,0,0.0
EUW1_7715805715,100,0,0.0
EUW1_7715805715,200,1,0.0
EUW1_7715805945,100,0,0.0
EUW1_7715805945,200,1,0.0
EUW1_7715806489,100,0,0.0
EUW1_7715806489,200,1,0.0
EUW1_7715806792,100,1,0.0
EUW1_7715806792,200,0,0.0
EUW1_7715807563,100,0,0.0
EUW1_7715807563,200,1,0.0
EUW1_7715808441,100,1,0.0
EUW1_7715808441,200,0,0.0
EUW1_7715809561,100,0,0.0
EUW1_7715809561,200,1,0.0
EUW1_7715811095,100,0,0.0
EUW1_7715811095,200,1,0.0
EUW1_7715811315,100,1,0.0
EUW1_7715811315,200,0,0.0
EUW1_7715811592,100,1,0.8000000000000007
EUW1_7715811592,200,0,-0.8000000000000007
EUW1_7715812075,100,1,0.0
EUW1_7715812075,200,0,0.0
EUW1_7715812306,100,0,0.0
EUW1_7715812306,200,1,0.0
EUW1_7715812607,100,1,0.3333333333333339
EUW1_7715812607,200,0,-0.3333333333333339
EUW1_7715812767,100,1,0.5
EUW1_7715812767,200,0,-0.5
EUW1_7715814071,100,1,0.0
EUW1_7715814071,200,0,0.0
EUW1_7715814401,100,0,0.0
EUW1_7715814401,200,1,0.0
EUW1_7715816145,100,1,0.16666666666666607
EUW1_7715816145,200,0,-0.16666666666666607
EUW1_7715817953,100,1,-0.3333333333333339
EUW1_7715817953,200,0,0.3333333333333339
EUW1_7715820599,100,0,0.0
EUW1_7715820599,200,1,0.0
EUW1_7715823987,100,0,0.5
EUW1_7715823987,200,1,-0.5
EUW1_7715824014,100,1,0.0
EUW1_7715824014,200,0,0.0
EUW1_7715824485,100,1,-1.0
EUW1_7715824485,200,0,1.0
EUW1_7715824672,100,1,-0.33333333333333304
EUW1_7715824672,200,0,0.33333333333333304
EUW1_7715825425,100,0,0.0
EUW1_7715825425,200,1,0.0
EUW1_7715825628,100,0,0.0
EUW1_7715825628,200,1,0.0
EUW1_7715826238,100,1,0.0
EUW1_7715826238,200,0,0.0
EUW1_7715826315,100,0,0.0
EUW1_7715826315,200,1,0.0
EUW1_7715826903,100,0,0.0
EUW1_7715826903,200,1,0.0
EUW1_7715828721,100,1,0.0
EUW1_7715828721,200,0,0.0
EUW1_7715829032,100,1,0.0
EUW1_7715829032,200,0,0.0
EUW1_7715829143,100,0,-1.333333333333334
EUW1_7715829143,200,1,1.333333333333334
EUW1_7715831313,100,0,0.0
EUW1_7715831313,200,1,0.0
EUW1_7715831802,100,0,0.5
EUW1_7715831802,200,1,-0.5
EUW1_7715832124,100,1,0.0
EUW1_7715832124,200,0,0.0
EUW1_7715832501,100,1,1.0
EUW1_7715832501,200,0,-1.0
EUW1_7715832840,100,1,-1.0
EUW1_7715832840,200,0,1.0
EUW1_7715832973,100,0,0.0
EUW1_7715832973,200,1,0.0
EUW1_7715833637,100,0,-1.0
EUW1_7715833637,200,1,1.0
EUW1_7715834313,100,0,0.0
EUW1_7715834313,200,1,0.0
EUW1_7715834834,100,1,0.0
EUW1_7715834834,200,0,0.0
EUW1_7715835306,100,0,0.0
EUW1_7715835306,200,1,0.0
EUW1_7715835496,100,1,-0.6666666666666679
EUW1_7715835496,200,0,0.6666666666666679
EUW1_7715836229,100,1,0.0
EUW1_7715836229,200,0,0.0
EUW1_7715838324,100,0,0.0
EUW1_7715838324,200,1,0.0
EUW1_7715838981,100,1,0.5
EUW1_7715838981,200,0,-0.5
EUW1_7715839390,100,0,-0.5
EUW1_7715839390,200,1,0.5
EUW1_7715841620,100,1,-1.0
EUW1_7715841620,200,0,1.0
EUW1_7715841714,100,1,-1.0
EUW1_7715841714,200,0,1.0
EUW1_7715844086,100,1,0.0
EUW1_7715844086,200,0,0.0
EUW1_7715844859,100,0,-1.0
EUW1_7715844859,200,1,1.0
EUW1_7715844911,100,0,0.0
EUW1_7715844911,200,1,0.0
EUW1_7715845945,100,1,0.0
EUW1_7715845945,200,0,0.0
EUW1_7715846229,100,0,-1.0
EUW1_7715846229,200,1,1.0
EUW1_7715846543,100,0,1.0
EUW1_7715846543,200,1,-1.0
EUW1_7715847145,100,1,0.0
EUW1_7715847145,200,0,0.0
EUW1_7715847448,100,1,0.0
EUW1_7715847448,200,0,0.0
EUW1_7715848482,100,0,0.0
EUW1_7715848482,200,1,0.0
EUW1_7715850056,100,1,0.0
EUW1_7715850056,200,0,0.0
EUW1_7715850359,100,1,0.0
EUW1_7715850359,200,0,0.0
EUW1_7715850644,100,1,0.0
EUW1_7715850644,200,0,0.0
EUW1_7715850831,100,1,0.0
EUW1_7715850831,200,0,0.0
EUW1_7715852982,100,1,1.333333333333334
EUW1_7715852982,200,0,-1.333333333333334
EUW1_7715853396,100,0,1.0
EUW1_7715853396,200,1,-1.0
EUW1_7715853568,100,0,0.3333333333333339
EUW1_7715853568,200,1,-0.3333333333333339
EUW1_7715855644,100,0,0.0
EUW1_7715855644,200,1,0.0
EUW1_7715856048,100,1,0.0
EUW1_7715856048,200,0,0.0
EUW1_7715858662,100,1,0.0
EUW1_7715858662,200,0,0.0
EUW1_7715859982,100,0,1.5
EUW1_7715859982,200,1,-1.5
EUW1_7715860045,100,1,0.0
EUW1_7715860045,200,0,0.0
EUW1_7715860179,100,1,0.0
EUW1_7715860179,200,0,0.0
EUW1_7715860520,100,0,0.8333333333333339
EUW1_7715860520,200,1,-0.8333333333333339
EUW1_7715860554,100,0,0.0
EUW1_7715860554,200,1,0.0
EUW1_7715860673,100,0,0.0
EUW1_7715860673,200,1,0.0
EUW1_7715862025,100,1,-1.0
EUW1_7715862025,200,0,1.0
EUW1_7715863139,100,1,-0.16666666666666607
EUW1_7715863139,200,0,0.16666666666666607
EUW1_7715863237,100,0,0.0
EUW1_7715863237,200,1,0.0
EUW1_7715863817,100,1,0.0
EUW1_7715863817,200,0,0.0
EUW1_7715864060,100,1,-1.333333333333334
EUW1_7715864060,200,0,1.333333333333334
EUW1_7715864172,100,1,0.0
EUW1_7715864172,200,0,0.0
EUW1_7715864676,100,1,-2.0
EUW1_7715864676,200,0,2.0
EUW1_7715866171,100,0,0.0
EUW1_7715866171,200,1,0.0
EUW1_7715866419,100,0,0.0
EUW1_7715866419,200,1,0.0
EUW1_7715866579,100,1,-0.6666666666666661
EUW1_7715866579,200,0,0.6666666666666661
EUW1_7715868900,100,0,0.0
EUW1_7715868900,200,1,0.0
EUW1_7715870458,100,1,0.0
EUW1_7715870458,200,0,0.0
EUW1_7715871021,100,0,-0.6666666666666661
EUW1_7715871021,200,1,0.6666666666666661
EUW1_7715871141,100,1,0.0
EUW1_7715871141,200,0,0.0
EUW1_7715872464,100,1,0.0
EUW1_7715872464,200,0,0.0
EUW1_7715873514,100,1,0.0
EUW1_7715873514,200,0,0.0
EUW1_7715873661,100,1,0.0
EUW1_7715873661,200,0,0.0
EUW1_7715873763,100,1,0.3333333333333339
EUW1_7715873763,200,0,-0.3333333333333339
EUW1_7715874069,100,0,0.0
EUW1_7715874069,200,1,0.0
EUW1_7715874841,100,0,0.0
EUW1_7715874841,200,1,0.0
EUW1_7715878914,100,0,0.6666666666666679
EUW1_7715878914,200,1,-0.6666666666666679
EUW1_7715879315,100,1,0.0
EUW1_7715879315,200,0,0.0
EUW1_7715879533,100,0,0.0
EUW1_7715879533,200,1,0.0
EUW1_7715879907,100,1,0.3333333333333339
EUW1_7715879907,200,0,-0.3333333333333339
EUW1_7715880054,100,1,0.6666666666666661
EUW1_7715880054,200,0,-0.6666666666666661
EUW1_7715883267,100,1,0.0
EUW1_7715883267,200,0,0.0
EUW1_7715883720,100,0,0.6666666666666661
EUW1_7715883720,200,1,-0.6666666666666661
EUW1_7715884594,100,0,0.0
EUW1_7715884594,200,1,0.0
EUW1_7715885184,100,1,0.0
EUW1_7715885184,200,0,0.0
EUW1_7715886035,100,1,-0.6666666666666661
EUW1_7715886035,200,0,0.6666666666666661
EUW1_7715887679,100,0,0.0
EUW1_7715887679,200,1,0.0
EUW1_7715887772,100,1,0.0
EUW1_7715887772,200,0,0.0
EUW1_7715889143,100,0,-0.6666666666666661
EUW1_7715889143,200,1,0.6666666666666661
EUW1_7715889603,100,1,-1.0
EUW1_7715889603,200,0,1.0
EUW1_7715889877,100,1,0.0
EUW1_7715889877,200,0,0.0
EUW1_7715890414,100,1,0.0
EUW1_7715890414,200,0,0.0
EUW1_7715890465,100,0,-0.6666666666666661
EUW1_7715890465,200,1,0.6666666666666661
EUW1_7715891295,100,0,0.0
EUW1_7715891295,200,1,0.0
EUW1_7715894749,100,1,-0.1999999999999993
EUW1_7715894749,200,0,0.1999999999999993
EUW1_7715894918,100,1,0.0
EUW1_7715894918,200,0,0.0
EUW1_7715894928,100,0,0.8333333333333339
EUW1_7715894928,200,1,-0.8333333333333339
EUW1_7715896199,100,1,0.0
EUW1_7715896199,200,0,0.0
EUW1_7715897351,100,1,0.0
EUW1_7715897351,200,0,0.0
EUW1_7715898541,100,1,-0.8333333333333339
EUW1_7715898541,200,0,0.8333333333333339
EUW1_7715899184,100,1,1.0
EUW1_7715899184,200,0,-1.0
EUW1_7715899554,100,1,0.0
EUW1_7715899554,200,0,0.0
EUW1_7715900898,100,0,-0.5
EUW1_7715900898,200,1,0.5
EUW1_7715901869,100,0,0.0
EUW1_7715901869,200,1,0.0
EUW1_7715902411,100,0,0.0
EUW1_7715902411,200,1,0.0
EUW1_7715903546,100,0,0.5
EUW1_7715903546,200,1,-0.5
EUW1_7715907005,100,0,0.0
EUW1_7715907005,200,1,0.0
EUW1_7715907939,100,1,0.0
EUW1_7715907939,200,0,0.0
EUW1_7715907973,100,1,0.0
EUW1_7715907973,200,0,0.0
EUW1_7715908046,100,0,0.0
EUW1_7715908046,200,1,0.0
EUW1_7715908863,100,0,-0.6666666666666661
EUW1_7715908863,200,1,0.6666666666666661
EUW1_7715909533,100,1,-1.5
EUW1_7715909533,200,0,1.5
EUW1_7715910297,100,0,0.0
EUW1_7715910297,200,1,0.0
EUW1_7715911186,100,0,0.0
EUW1_7715911186,200,1,0.0
EUW1_7715913645,100,0,0.0
EUW1_7715913645,200,1,0.0
EUW1_7715915811,100,1,0.0
EUW1_7715915811,200,0,0.0
EUW1_7715916508,100,0,-1.0
EUW1_7715916508,200,1,1.0
EUW1_7715917257,100,1,0.0
EUW1_7715917257,200,0,0.0
EUW1_7715917734,100,1,-0.6666666666666679
EUW1_7715917734,200,0,0.6666666666666679
EUW1_7715918109,100,0,0.0
EUW1_7715918109,200,1,0.0
EUW1_7715918159,100,1,0.0
EUW1_7715918159,200,0,0.0
EUW1_7715919206,100,1,0.0
EUW1_7715919206,200,0,0.0
EUW1_7715919844,100,0,0.0
EUW1_7715919844,200,1,0.0
EUW1_7715920214,100,1,1.0
EUW1_7715920214,200,0,-1.0
EUW1_7715920232,100,1,0.0
EUW1_7715920232,200,0,0.0
EUW1_7715920637,100,1,0.8333333333333339
EUW1_7715920637,200,0,-0.8333333333333339
EUW1_7715922054,100,0,0.0
EUW1_7715922054,200,1,0.0
EUW1_7715922487,100,0,0.0
EUW1_7715922487,200,1,0.0
EUW1_7715923332,100,1,1.333333333333334
EUW1_7715923332,200,0,-1.333333333333334
EUW1_7715924216,100,0,0.0
EUW1_7715924216,200,1,0.0
EUW1_7715925777,100,0,0.0
EUW1_7715925777,200,1,0.0
EUW1_7715926604,100,1,0.0
EUW1_7715926604,200,0,0.0
EUW1_7715926626,100,0,0.5999999999999996
EUW1_7715926626,200,1,-0.5999999999999996
EUW1_7715929293,100,1,0.0
EUW1_7715929293,200,0,0.0
EUW1_7715929756,100,1,1.0
EUW1_7715929756,200,0,-1.0
EUW1_7715930949,100,0,-1.333333333333334
EUW1_7715930949,200,1,1.333333333333334
EUW1_7715931426,100,1,0.0
EUW1_7715931426,200,0,0.0
EUW1_7715931687,100,0,0.0
EUW1_7715931687,200,1,0.0
EUW1_7715931831,100,0,0.0
EUW1_7715931831,200,1,0.0
EUW1_7715932461,100,0,0.0
EUW1_7715932461,200,1,0.0
EUW1_7715933004,100,1,0.0
EUW1_7715933004,200,0,0.0
EUW1_7715933425,100,1,0.0
EUW1_7715933425,200,0,0.0
EUW1_7715936330,100,1,0.0
EUW1_7715936330,200,0,0.0
EUW1_7715936629,100,1,-1.0
EUW1_7715936629,200,0,1.0
EUW1_7715937196,100,1,-2.0
EUW1_7715937196,200,0,2.0
EUW1_7715937284,100,0,0.0
EUW1_7715937284,200,1,0.0
EUW1_7715937844,100,0,0.0
EUW1_7715937844,200,1,0.0
EUW1_7715937934,100,0,0.0
EUW1_7715937934,200,1,0.0
EUW1_7715938259,100,0,0.6666666666666661
EUW1_7715938259,200,1,-0.6666666666666661
EUW1_7715938410,100,1,0.0
EUW1_7715938410,200,0,0.0
EUW1_7715938845,100,0,-0.16666666666666607
EUW1_7715938845,200,1,0.16666666666666607
EUW1_7715941246,100,0,0.0
EUW1_7715941246,200,1,0.0
EUW1_7715942282,100,1,0.6666666666666679
EUW1_7715942282,200,0,-0.6666666666666679
EUW1_7715944052,100,1,1.0
EUW1_7715944052,200,0,-1.0
EUW1_7715944355,100,1,0.0
EUW1_7715944355,200,0,0.0
EUW1_7715945431,100,0,0.0
EUW1_7715945431,200,1,0.0
EUW1_7715945752,100,0,0.0
EUW1_7715945752,200,1,0.0
EUW1_7715946079,100,1,-1.0
EUW1_7715946079,200,0,1.0
EUW1_7715947607,100,0,0.13333333333333464
EUW1_7715947607,200,1,-0.13333333333333464
EUW1_7715947831,100,0,-1.0
EUW1_7715947831,200,1,1.0
EUW1_7715948148,100,1,0.0
EUW1_7715948148,200,0,0.0
EUW1_7715948347,100,1,0.0
EUW1_7715948347,200,0,0.0
EUW1_7715949763,100,1,0.0
EUW1_7715949763,200,0,0.0
EUW1_7715951168,100,0,0.0
EUW1_7715951168,200,1,0.0
EUW1_7715953928,100,0,0.0
EUW1_7715953928,200,1,0.0
EUW1_7715955537,100,0,-0.5
EUW1_7715955537,200,1,0.5
EUW1_7715957519,100,1,0.0
EUW1_7715957519,200,0,0.0
EUW1_7715958114,100,1,0.6666666666666679
EUW1_7715958114,200,0,-0.6666666666666679
EUW1_7715959853,100,0,0.0
EUW1_7715959853,200,1,0.0
EUW1_7715959977,100,1,2.0
EUW1_7715959977,200,0,-2.0
EUW1_7715960055,100,1,-0.6666666666666679
EUW1_7715960055,200,0,0.6666666666666679
EUW1_7715960976,100,1,0.0
EUW1_7715960976,200,0,0.0
EUW1_7715961344,100,0,0.0
EUW1_7715961344,200,1,0.0
EUW1_7715961628,100,0,0.0
EUW1_7715961628,200,1,0.0
EUW1_7715963350,100,1,0.0
EUW1_7715963350,200,0,0.0
EUW1_7715963817,100,0,1.333333333333334
EUW1_7715963817,200,1,-1.333333333333334
EUW1_7715964453,100,0,0.0
EUW1_7715964453,200,1,0.0
EUW1_7715964684,100,1,0.0
EUW1_7715964684,200,0,0.0
EUW1_7715966041,100,1,0.5
EUW1_7715966041,200,0,-0.5
EUW1_7715966618,100,1,1.1999999999999993
EUW1_7715966618,200,0,-1.1999999999999993
EUW1_7715966897,100,0,0.0
EUW1_7715966897,200,1,0.0
EUW1_7715967515,100,0,-2.0
EUW1_7715967515,200,1,2.0
EUW1_7715967914,100,0,0.0
EUW1_7715967914,200,1,0.0
EUW1_7715969932,100,1,0.0
EUW1_7715969932,200,0,0.0
EUW1_7715970129,100,1,0.0
EUW1_7715970129,200,0,0.0
EUW1_7715970435,100,1,0.0
EUW1_7715970435,200,0,0.0
EUW1_7715970471,100,0,-2.0
EUW1_7715970471,200,1,2.0
EUW1_7715970978,100,0,1.0
EUW1_7715970978,200,1,-1.0
EUW1_7715971635,100,0,-1.0
EUW1_7715971635,200,1,1.0
EUW1_7715971701,100,0,0.0
EUW1_7715971701,200,1,0.0
EUW1_7715973695,100,0,0.0
EUW1_7715973695,200,1,0.0
EUW1_7715975065,100,0,-0.6666666666666661
EUW1_7715975065,200,1,0.6666666666666661
EUW1_7715977034,100,0,-1.333333333333334
EUW1_7715977034,200,1,1.333333333333334
EUW1_7715977165,100,0,0.0
EUW1_7715977165,200,1,0.0
EUW1_7715977496,100,0,-0.3333333333333339
EUW1_7715977496,200,1,0.3333333333333339
EUW1_7715978268,100,0,-1.0
EUW1_7715978268,200,1,1.0
EUW1_7715978445,100,0,0.0
EUW1_7715978445,200,1,0.0
EUW1_7715979205,100,0,0.6666666666666661
EUW1_7715979205,200,1,-0.6666666666666661
EUW1_7715979348,100,1,0.0
EUW1_7715979348,200,0,0.0
EUW1_7715979718,100,0,0.6666666666666661
EUW1_7715979718,200,1,-0.6666666666666661
EUW1_7715982627,100,1,0.0
EUW1_7715982627,200,0,0.0
EUW1_7715982785,100,0,-1.333333333333334
EUW1_7715982785,200,1,1.333333333333334
EUW1_7715983428,100,0,0.0
EUW1_7715983428,200,1,0.0
EUW1_7715984906,100,1,0.0
EUW1_7715984906,200,0,0.0
EUW1_7715985039,100,0,0.0
EUW1_7715985039,200,1,0.0
EUW1_7715985405,100,0,1.0
EUW1_7715985405,200,1,-1.0
EUW1_7715987797,100,0,0.0
EUW1_7715987797,200,1,0.0
EUW1_7715987862,100,0,0.0
EUW1_7715987862,200,1,0.0
EUW1_7715988056,100,1,1.0
EUW1_7715988056,200,0,-1.0
EUW1_7715988726,100,1,0.0
EUW1_7715988726,200,0,0.0
EUW1_7715988821,100,0,0.5
EUW1_7715988821,200,1,-0.5
EUW1_7715989414,100,0,0.0
EUW1_7715989414,200,1,0.0
EUW1_7715989785,100,0,-1.0
EUW1_7715989785,200,1,1.0
EUW1_7715991877,100,1,0.0
EUW1_7715991877,200,0,0.0
EUW1_7715992649,100,0,-1.0
EUW1_7715992649,200,1,1.0
EUW1_7715993983,100,1,0.0
EUW1_7715993983,200,0,0.0
EUW1_7715995728,100,0,0.0
EUW1_7715995728,200,1,0.0
EUW1_7715996211,100,1,0.0
EUW1_7715996211,200,0,0.0
EUW1_7715997023,100,1,1.0
EUW1_7715997023,200,0,-1.0
EUW1_7715997168,100,1,0.0
EUW1_7715997168,200,0,0.0
EUW1_7715997885,100,1,-0.3333333333333339
EUW1_7715997885,200,0,0.3333333333333339
EUW1_7715999068,100,0,0.0
EUW1_7715999068,200,1,0.0
EUW1_7716000182,100,1,0.0
EUW1_7716000182,200,0,0.0
EUW1_7716000958,100,1,0.0
EUW1_7716000958,200,0,0.0
EUW1_7716001583,100,0,-1.0
EUW1_7716001583,200,1,1.0
EUW1_7716003178,100,0,0.0
EUW1_7716003178,200,1,0.0
EUW1_7716003279,100,1,0.0
EUW1_7716003279,200,0,0.0
EUW1_7716003980,100,1,-1.0
EUW1_7716003980,200,0,1.0
EUW1_7716003998,100,1,-0.5333333333333332
EUW1_7716003998,200,0,0.5333333333333332
EUW1_7716004130,100,0,-0.6666666666666661
EUW1_7716004130,200,1,0.6666666666666661
EUW1_7716004611,100,1,0.0
EUW1_7716004611,200,0,0.0
EUW1_7716005574,100,0,1.0
EUW1_7716005574,200,1,-1.0
EUW1_7716007044,100,0,0.0
EUW1_7716007044,200,1,0.0
EUW1_7716007162,100,0,0.6666666666666661
EUW1_7716007162,200,1,-0.6666666666666661
EUW1_7716007194,100,1,0.0
EUW1_7716007194,200,0,0.0
EUW1_7716008741,100,1,-1.5
EUW1_7716008741,200,0,1.5
EUW1_7716009537,100,0,0.0
EUW1_7716009537,200,1,0.0
EUW1_7716010964,100,0,-0.8000000000000007
EUW1_7716010964,200,1,0.8000000000000007
EUW1_7716011160,100,0,0.0
EUW1_7716011160,200,1,0.0
EUW1_7716011161,100,0,-0.6666666666666661
EUW1_7716011161,200,1,0.6666666666666661
EUW1_7716011263,100,0,0.0
EUW1_7716011263,200,1,0.0
EUW1_7716011457,100,0,-0.6666666666666661
EUW1_7716011457,200,1,0.6666666666666661
EUW1_7716013753,100,1,0.0
EUW1_7716013753,200,0,0.0
EUW1_7716016768,100,0,0.0
EUW1_7716016768,200,1,0.0
EUW1_7716018210,100,0,0.6666666666666661
EUW1_7716018210,200,1,-0.6666666666666661
EUW1_7716019268,100,1,1.5
EUW1_7716019268,200,0,-1.5
EUW1_7716020446,100,0,0.6666666666666661
EUW1_7716020446,200,1,-0.6666666666666661
EUW1_7716020530,100,1,0.0
EUW1_7716020530,200,0,0.0
EUW1_7716020596,100,1,0.8333333333333339
EUW1_7716020596,200,0,-0.8333333333333339
EUW1_7716020921,100,1,0.0
EUW1_7716020921,200,0,0.0
EUW1_7716022608,100,1,0.0
EUW1_7716022608,200,0,0.0
EUW1_7716023480,100,1,0.0
EUW1_7716023480,200,0,0.0
EUW1_7716024452,100,0,0.0
EUW1_7716024452,200,1,0.0
EUW1_7716024742,100,1,0.0
EUW1_7716024742,200,0,0.0
EUW1_7716028461,100,1,-1.0
EUW1_7716028461,200,0,1.0
EUW1_7716028734,100,0,-1.0
EUW1_7716028734,200,1,1.0
EUW1_7716028796,100,1,0.0
EUW1_7716028796,200,0,0.0
EUW1_7716029752,100,0,0.0
EUW1_7716029752,200,1,0.0
EUW1_7716031389,100,0,-2.0
EUW1_7716031389,200,1,2.0
EUW1_7716032675,100,0,0.0
EUW1_7716032675,200,1,0.0
EUW1_7716032991,100,0,0.0
EUW1_7716032991,200,1,0.0
EUW1_7716033207,100,0,1.0
EUW1_7716033207,200,1,-1.0
EUW1_7716033742,100,1,0.0
EUW1_7716033742,200,0,0.0
EUW1_7716035783,100,0,-1.0
EUW1_7716035783,200,1,1.0
EUW1_7716036576,100,0,0.0
EUW1_7716036576,200,1,0.0
EUW1_7716036643,100,1,0.0
EUW1_7716036643,200,0,0.0
EUW1_7716036732,100,1,-2.0
EUW1_7716036732,200,0,2.0
EUW1_7716037702,100,1,-0.6666666666666661
EUW1_7716037702,200,0,0.6666666666666661
EUW1_7716038394,100,1,0.0
EUW1_7716038394,200,0,0.0
EUW1_7716040707,100,0,0.0
EUW1_7716040707,200,1,0.0
EUW1_7716041054,100,0,0.0
EUW1_7716041054,200,1,0.0
EUW1_7716041643,100,0,0.0
EUW1_7716041643,200,1,0.0
EUW1_7716043025,100,0,0.6666666666666679
EUW1_7716043025,200,1,-0.6666666666666679
EUW1_7716043653,100,0,0.0
EUW1_7716043653,200,1,0.0
EUW1_7716044651,100,1,-1.0
EUW1_7716044651,200,0,1.0
EUW1_7716045237,100,1,-1.333333333333334
EUW1_7716045237,200,0,1.333333333333334
EUW1_7716045260,100,1,0.6666666666666661
EUW1_7716045260,200,0,-0.6666666666666661
EUW1_7716046147,100,1,0.0
EUW1_7716046147,200,0,0.0
EUW1_7716046374,100,1,1.5
EUW1_7716046374,200,0,-1.5
EUW1_7716047480,100,0,0.0
EUW1_7716047480,200,1,0.0
EUW1_7716047733,100,1,0.0
EUW1_7716047733,200,0,0.0
EUW1_7716047833,100,0,0.0
EUW1_7716047833,200,1,0.0
EUW1_7716048680,100,1,0.0
EUW1_7716048680,200,0,0.0
EUW1_7716048934,100,0,0.3333333333333339
EUW1_7716048934,200,1,-0.3333333333333339
EUW1_7716049184,100,1,0.0
EUW1_7716049184,200,0,0.0
EUW1_7716049449,100,1,1.0
EUW1_7716049449,200,0,-1.0
EUW1_7716052321,100,1,0.0
EUW1_7716052321,200,0,0.0
EUW1_7716053442,100,1,-0.5999999999999996
EUW1_7716053442,200,0,0.5999999999999996
EUW1_7716055288,100,0,0.0
EUW1_7716055288,200,1,0.0
EUW1_7716055457,100,0,0.0
EUW1_7716055457,200,1,0.0
EUW1_7716055588,100,1,0.0
EUW1_7716055588,200,0,0.0
EUW1_7716056375,100,1,0.0
EUW1_7716056375,200,0,0.0
EUW1_7716056642,100,1,-0.6666666666666661
EUW1_7716056642,200,0,0.6666666666666661
EUW1_7716056740,100,0,0.0
EUW1_7716056740,200,1,0.0
EUW1_7716058155,100,1,0.0
EUW1_7716058155,200,0,0.0
EUW1_7716059180,100,0,0.0
EUW1_7716059180,200,1,0.0
EUW1_7716059440,100,0,0.0
EUW1_7716059440,200,1,0.0
EUW1_7716061290,100,0,1.0
EUW1_7716061290,200,1,-1.0
EUW1_7716062723,100,0,-0.6666666666666661
EUW1_7716062723,200,1,0.6666666666666661
EUW1_7716064268,100,1,0.0
EUW1_7716064268,200,0,0.0
EUW1_7716065253,100,1,0.0
EUW1_7716065253,200,0,0.0
EUW1_7716065287,100,1,0.0
EUW1_7716065287,200,0,0.0
EUW1_7716066398,100,1,0.0
EUW1_7716066398,200,0,0.0
EUW1_7716066776,100,1,0.0
EUW1_7716066776,200,0,0.0
EUW1_7716067313,100,1,0.0
EUW1_7716067313,200,0,0.0
EUW1_7716067384,100,1,-1.0
EUW1_7716067384,200,0,1.0
EUW1_7716068634,100,0,0.0
EUW1_7716068634,200,1,0.0
EUW1_7716071956,100,0,0.0
EUW1_7716071956,200,1,0.0
EUW1_7716073839,100,1,0.0
EUW1_7716073839,200,0,0.0
EUW1_7716074464,100,0,0.0
EUW1_7716074464,200,1,0.0
EUW1_7716075131,100,1,1.0
EUW1_7716075131,200,0,-1.0
EUW1_7716076072,100,1,1.333333333333334
EUW1_7716076072,200,0,-1.333333333333334
EUW1_7716076391,100,1,0.5
EUW1_7716076391,200,0,-0.5
EUW1_7716077143,100,1,-1.0
EUW1_7716077143,200,0,1.0
EUW1_7716078380,100,0,0.0
EUW1_7716078380,200,1,0.0
EUW1_7716080167,100,0,1.0
EUW1_7716080167,200,1,-1.0
EUW1_7716081022,100,1,0.0
EUW1_7716081022,200,0,0.0
EUW1_7716081221,100,0,-0.8333333333333339
EUW1_7716081221,200,1,0.8333333333333339
EUW1_7716081437,100,1,2.0
EUW1_7716081437,200,0,-2.0
EUW1_7716083252,100,1,0.0
EUW1_7716083252,200,0,0.0
EUW1_7716083769,100,0,0.0
EUW1_7716083769,200,1,0.0
EUW1_7716085449,100,0,0.0
EUW1_7716085449,200,1,0.0
EUW1_7716085534,100,0,0.0
EUW1_7716085534,200,1,0.0
EUW1_7716086109,100,1,-1.333333333333334
EUW1_7716086109,200,0,1.333333333333334
EUW1_7716088433,100,1,2.0
EUW1_7716088433,200,0,-2.0
EUW1_7716090109,100,0,0.0
EUW1_7716090109,200,1,0.0
EUW1_7716091735,100,0,0.0
EUW1_7716091735,200,1,0.0
EUW1_7716092508,100,1,0.0
EUW1_7716092508,200,0,0.0
EUW1_7716094112,100,0,0.0
EUW1_7716094112,200,1,0.0
EUW1_7716094209,100,1,0.0
EUW1_7716094209,200,0,0.0
EUW1_7716095814,100,1,0.0
EUW1_7716095814,200,0,0.0
EUW1_7716096211,100,0,0.0
EUW1_7716096211,200,1,0.0
EUW1_7716096604,100,1,0.0
EUW1_7716096604,200,0,0.0
EUW1_7716098247,100,0,0.0
EUW1_7716098247,200,1,0.0
EUW1_7716098853,100,0,-1.0
EUW1_7716098853,200,1,1.0
EUW1_7716099814,100,1,0.8333333333333339
EUW1_7716099814,200,0,-0.8333333333333339
EUW1_7716099860,100,1,0.0
EUW1_7716099860,200,0,0.0
EUW1_7716101237,100,1,0.0
EUW1_7716101237,200,0,0.0
EUW1_7716101387,100,1,0.0
EUW1_7716101387,200,0,0.0
EUW1_7716102755,100,0,0.0
EUW1_7716102755,200,1,0.0
EUW1_7716103360,100,0,0.0
EUW1_7716103360,200,1,0.0
EUW1_7716104754,100,0,0.0
EUW1_7716104754,200,1,0.0
EUW1_7716106516,100,0,-0.1999999999999993
EUW1_7716106516,200,1,0.1999999999999993
EUW1_7716106722,100,1,0.0
EUW1_7716106722,200,0,0.0
EUW1_7716107056,100,1,0.0
EUW1_7716107056,200,0,0.0
EUW1_7716109853,100,0,0.0
EUW1_7716109853,200,1,0.0
EUW1_7716109914,100,0,-0.3333333333333339
EUW1_7716109914,200,1,0.3333333333333339
EUW1_7716109942,100,0,0.0
EUW1_7716109942,200,1,0.0
EUW1_7716110709,100,0,-1.5
EUW1_7716110709,200,1,1.5
EUW1_7716110786,100,1,0.0
EUW1_7716110786,200,0,0.0
EUW1_7716111267,100,0,0.0
EUW1_7716111267,200,1,0.0
EUW1_7716113169,100,0,-1.0
EUW1_7716113169,200,1,1.0
EUW1_7716114007,100,0,0.0
EUW1_7716114007,200,1,0.0
EUW1_7716114958,100,1,0.5
EUW1_7716114958,200,0,-0.5
EUW1_7716115686,100,0,0.0
EUW1_7716115686,200,1,0.0
EUW1_7716121517,100,0,0.0
EUW1_7716121517,200,1,0.0
EUW1_7716121998,100,0,-1.0
EUW1_7716121998,200,1,1.0
EUW1_7716122377,100,0,-2.0
EUW1_7716122377,200,1,2.0
EUW1_7716123416,100,0,0.0
EUW1_7716123416,200,1,0.0
EUW1_7716123843,100,1,0.0
EUW1_7716123843,200,0,0.0
EUW1_7716125360,100,0,0.0
EUW1_7716125360,200,1,0.0
EUW1_7716125565,100,0,-1.166666666666666
EUW1_7716125565,200,1,1.166666666666666
EUW1_7716126985,100,0,0.0
EUW1_7716126985,200,1,0.0
EUW1_7716127418,100,1,0.0
EUW1_7716127418,200,0,0.0
EUW1_7716127803,100,0,0.0
EUW1_7716127803,200,1,0.0
EUW1_7716128412,100,0,0.0
EUW1_7716128412,200,1,0.0
EUW1_7716129994,100,1,0.5
EUW1_7716129994,200,0,-0.5
EUW1_7716130258,100,0,-0.6666666666666661
EUW1_7716130258,200,1,0.6666666666666661
EUW1_7716130541,100,1,0.0
EUW1_7716130541,200,0,0.0
EUW1_7716131032,100,0,-2.0
EUW1_7716131032,200,1,2.0
EUW1_7716131241,100,1,0.0
EUW1_7716131241,200,0,0.0
EUW1_7716132343,100,1,0.6666666666666661
EUW1_7716132343,200,0,-0.6666666666666661
EUW1_7716134396,100,0,1.5
EUW1_7716134396,200,1,-1.5
EUW1_7716136028,100,1,0.0
EUW1_7716136028,200,0,0.0
EUW1_7716136076,100,0,0.0
EUW1_7716136076,200,1,0.0
EUW1_7716140938,100,1,0.0
EUW1_7716140938,200,0,0.0
EUW1_7716141233,100,1,0.0
EUW1_7716141233,200,0,0.0
EUW1_7716141995,100,0,0.0
EUW1_7716141995,200,1,0.0
EUW1_7716143320,100,1,-1.0
EUW1_7716143320,200,0,1.0
EUW1_7716143768,100,0,0.3333333333333339
EUW1_7716143768,200,1,-0.3333333333333339
EUW1_7716144705,100,1,0.0
EUW1_7716144705,200,0,0.0
EUW1_7716146779,100,0,0.0
EUW1_7716146779,200,1,0.0
EUW1_7716147360,100,0,0.0
EUW1_7716147360,200,1,0.0
EUW1_7716148150,100,0,0.0
EUW1_7716148150,200,1,0.0
EUW1_7716148961,100,1,-0.6666666666666661
EUW1_7716148961,200,0,0.6666666666666661
EUW1_7716149809,100,0,0.5
EUW1_7716149809,200,1,-0.5
EUW1_7716152465,100,1,0.0
EUW1_7716152465,200,0,0.0
EUW1_7716153731,100,1,0.5
EUW1_7716153731,200,0,-0.5
EUW1_7716154215,100,1,0.0
EUW1_7716154215,200,0,0.0
EUW1_7716154653,100,0,0.0
EUW1_7716154653,200,1,0.0
EUW1_7716154831,100,1,0.0
EUW1_7716154831,200,0,0.0
EUW1_7716158111,100,0,-0.33333333333333304
EUW1_7716158111,200,1,0.33333333333333304
EUW1_7716158953,100,1,0.0
EUW1_7716158953,200,0,0.0
EUW1_7716159569,100,1,0.3333333333333339
EUW1_7716159569,200,0,-0.3333333333333339
EUW1_7716160731,100,0,0.0
EUW1_7716160731,200,1,0.0
EUW1_7716161440,100,1,1.0
EUW1_7716161440,200,0,-1.0
EUW1_7716161500,100,0,0.0
EUW1_7716161500,200,1,0.0
EUW1_7716161752,100,0,0.0
EUW1_7716161752,200,1,0.0
EUW1_7716164316,100,1,0.0
EUW1_7716164316,200,0,0.0
EUW1_7716164325,100,0,0.0
EUW1_7716164325,200,1,0.0
EUW1_7716165067,100,0,0.0
EUW1_7716165067,200,1,0.0
EUW1_7716166263,100,1,-1.0
EUW1_7716166263,200,0,1.0
EUW1_7716167163,100,0,-1.0
EUW1_7716167163,200,1,1.0
EUW1_7716170514,100,1,0.0
EUW1_7716170514,200,0,0.0
EUW1_7716170861,100,1,0.33333333333333304
EUW1_7716170861,200,0,-0.33333333333333304
EUW1_7716171072,100,0,0.0
EUW1_7716171072,200,1,0.0
EUW1_7716172982,100,1,0.3333333333333339
EUW1_7716172982,200,0,-0.3333333333333339
EUW1_7716173590,100,1,0.0
EUW1_7716173590,200,0,0.0
EUW1_7716173913,100,1,0.0
EUW1_7716173913,200,0,0.0
EUW1_7716174185,100,1,0.0
EUW1_7716174185,200,0,0.0
EUW1_7716174545,100,0,0.0
EUW1_7716174545,200,1,0.0
EUW1_7716175957,100,0,0.0
EUW1_7716175957,200,1,0.0
EUW1_7716180695,100,0,1.0
EUW1_7716180695,200,1,-1.0
EUW1_7716181227,100,0,-2.0
EUW1_7716181227,200,1,2.0
EUW1_7716183570,100,0,-0.5
EUW1_7716183570,200,1,0.5
EUW1_7716184588,100,1,2.0
EUW1_7716184588,200,0,-2.0
EUW1_7716184869,100,1,-1.0
EUW1_7716184869,200,0,1.0
EUW1_7716184993,100,1,0.0
EUW1_7716184993,200,0,0.0
EUW1_7716185338,100,0,0.0
EUW1_7716185338,200,1,0.0
EUW1_7716186081,100,0,0.0
EUW1_7716186081,200,1,0.0
EUW1_7716186115,100,0,0.16666666666666607
EUW1_7716186115,200,1,-0.16666666666666607
EUW1_7716186822,100,1,-0.6666666666666661
EUW1_7716186822,200,0,0.6666666666666661
EUW1_7716187087,100,1,-1.0
EUW1_7716187087,200,0,1.0
EUW1_7716188105,100,1,0.0
EUW1_7716188105,200,0,0.0
EUW1_7716189693,100,1,0.0
EUW1_7716189693,200,0,0.0
EUW1_7716190807,100,1,1.333333333333334
EUW1_7716190807,200,0,-1.333333333333334
EUW1_7716192068,100,1,0.0
EUW1_7716192068,200,0,0.0
EUW1_7716193266,100,0,0.16666666666666607
EUW1_7716193266,200,1,-0.16666666666666607
EUW1_7716193676,100,0,0.3333333333333339
EUW1_7716193676,200,1,-0.3333333333333339
EUW1_7716195561,100,1,-1.0
EUW1_7716195561,200,0,1.0
EUW1_7716196863,100,0,0.0
EUW1_7716196863,200,1,0.0
EUW1_7716196964,100,0,0.0
EUW1_7716196964,200,1,0.0
EUW1_7716198223,100,1,0.0
EUW1_7716198223,200,0,0.0
EUW1_7716198974,100,0,0.0
EUW1_7716198974,200,1,0.0
EUW1_7716199353,100,0,-0.6666666666666661
EUW1_7716199353,200,1,0.6666666666666661
EUW1_7716200354,100,1,0.0
EUW1_7716200354,200,0,0.0
EUW1_7716201758,100,1,0.6666666666666661
EUW1_7716201758,200,0,-0.6666666666666661
EUW1_7716203536,100,1,0.0
EUW1_7716203536,200,0,0.0
EUW1_7716205178,100,0,0.0
EUW1_7716205178,200,1,0.0
EUW1_7716206531,100,0,0.0
EUW1_7716206531,200,1,0.0
EUW1_7716206924,100,0,0.5
EUW1_7716206924,200,1,-0.5
EUW1_7716207162,100,1,0.8333333333333339
EUW1_7716207162,200,0,-0.8333333333333339
EUW1_7716208703,100,1,0.0
EUW1_7716208703,200,0,0.0
EUW1_7716209080,100,0,0.0
EUW1_7716209080,200,1,0.0
EUW1_7716209275,100,0,0.0
EUW1_7716209275,200,1,0.0
EUW1_7716210330,100,1,0.0
EUW1_7716210330,200,0,0.0
EUW1_7716210376,100,1,0.0
EUW1_7716210376,200,0,0.0
EUW1_7716211114,100,0,0.0
EUW1_7716211114,200,1,0.0
EUW1_7716212835,100,1,0.0
EUW1_7716212835,200,0,0.0
EUW1_7716213024,100,0,0.0
EUW1_7716213024,200,1,0.0
EUW1_7716213179,100,0,0.0
EUW1_7716213179,200,1,0.0
EUW1_7716214605,100,0,-1.333333333333334
EUW1_7716214605,200,1,1.333333333333334
EUW1_7716214969,100,0,0.0
EUW1_7716214969,200,1,0.0
EUW1_7716217364,100,0,0.0
EUW1_7716217364,200,1,0.0
EUW1_7716219711,100,0,0.0
EUW1_7716219711,200,1,0.0
EUW1_7716220209,100,0,0.0
EUW1_7716220209,200,1,0.0
EUW1_7716220977,100,0,0.0
EUW1_7716220977,200,1,0.0
EUW1_7716224682,100,1,0.0
EUW1_7716224682,200,0,0.0
EUW1_7716225342,100,1,0.0
EUW1_7716225342,200,0,0.0
EUW1_7716226635,100,1,0.0
EUW1_7716226635,200,0,0.0
EUW1_7716226733,100,0,0.0
EUW1_7716226733,200,1,0.0
EUW1_7716229164,100,0,0.0
EUW1_7716229164,200,1,0.0
EUW1_7716230128,100,0,0.0
EUW1_7716230128,200,1,0.0
EUW1_7716230954,100,1,0.0
EUW1_7716230954,200,0,0.0
EUW1_7716231550,100,1,0.0
EUW1_7716231550,200,0,0.0
EUW1_7716232358,100,1,0.0
EUW1_7716232358,200,0,0.0
EUW1_7716232833,100,1,0.0
EUW1_7716232833,200,0,0.0
EUW1_7716233684,100,1,-1.5
EUW1_7716233684,200,0,1.5
EUW1_7716234132,100,0,0.6666666666666661
EUW1_7716234132,200,1,-0.6666666666666661
EUW1_7716237424,100,1,0.6666666666666661
EUW1_7716237424,200,0,-0.6666666666666661
EUW1_7716237518,100,1,0.0
EUW1_7716237518,200,0,0.0
EUW1_7716238146,100,0,0.0
EUW1_7716238146,200,1,0.0
EUW1_7716238300,100,1,0.0
EUW1_7716238300,200,0,0.0
EUW1_7716239786,100,1,1.0
EUW1_7716239786,200,0,-1.0
EUW1_7716243900,100,1,0.0
EUW1_7716243900,200,0,0.0
EUW1_7716244237,100,0,1.0
EUW1_7716244237,200,1,-1.0
EUW1_7716244703,100,1,-0.6666666666666661
EUW1_7716244703,200,0,0.6666666666666661
EUW1_7716245157,100,0,-0.3333333333333339
EUW1_7716245157,200,1,0.3333333333333339
EUW1_7716247135,100,0,0.0
EUW1_7716247135,200,1,0.0
EUW1_7716247937,100,1,0.0
EUW1_7716247937,200,0,0.0
EUW1_7716248046,100,1,-0.6666666666666661
EUW1_7716248046,200,0,0.6666666666666661
EUW1_7716250098,100,1,0.0
EUW1_7716250098,200,0,0.0
EUW1_7716250200,100,0,0.0
EUW1_7716250200,200,1,0.0
EUW1_7716250310,100,1,0.0
EUW1_7716250310,200,0,0.0
EUW1_7716250348,100,0,-1.0
EUW1_7716250348,200,1,1.0
EUW1_7716252328,100,1,0.0
EUW1_7716252328,200,0,0.0
EUW1_7716252679,100,1,1.0
EUW1_7716252679,200,0,-1.0
EUW1_7716255901,100,1,0.3333333333333339
EUW1_7716255901,200,0,-0.3333333333333339
EUW1_7716256647,100,1,0.0
EUW1_7716256647,200,0,0.0
EUW1_7716258158,100,1,-0.8000000000000007
EUW1_7716258158,200,0,0.8000000000000007
EUW1_7716259256,100,1,0.0
EUW1_7716259256,200,0,0.0
EUW1_7716259835,100,0,1.0
EUW1_7716259835,200,1,-1.0
EUW1_7716259925,100,0,0.0
EUW1_7716259925,200,1,0.0
EUW1_7716260380,100,0,0.0
EUW1_7716260380,200,1,0.0
EUW1_7716261287,100,1,0.0
EUW1_7716261287,200,0,0.0
EUW1_7716263521,100,1,0.0
EUW1_7716263521,200,0,0.0
EUW1_7716265106,100,1,0.0
EUW1_7716265106,200,0,0.0
EUW1_7716265838,100,0,-0.6666666666666661
EUW1_7716265838,200,1,0.6666666666666661
EUW1_7716266025,100,1,-0.3333333333333339
EUW1_7716266025,200,0,0.3333333333333339
EUW1_7716267739,100,1,-1.0
EUW1_7716267739,200,0,1.0
EUW1_7716268290,100,1,0.0
EUW1_7716268290,200,0,0.0
EUW1_7716269737,100,1,0.0
EUW1_7716269737,200,0,0.0
EUW1_7716272167,100,1,2.0
EUW1_7716272167,200,0,-2.0
EUW1_7716272312,100,0,0.0
EUW1_7716272312,200,1,0.0
EUW1_7716272498,100,0,0.0
EUW1_7716272498,200,1,0.0
EUW1_7716273125,100,1,1.0
EUW1_7716273125,200,0,-1.0
EUW1_7716274471,100,1,0.0
EUW1_7716274471,200,0,0.0
EUW1_7716275539,100,1,0.0
EUW1_7716275539,200,0,0.0
EUW1_7716277772,100,0,0.0
EUW1_7716277772,200,1,0.0
EUW1_7716279694,100,0,0.0
EUW1_7716279694,200,1,0.0
EUW1_7716280789,100,1,0.0
EUW1_7716280789,200,0,0.0
EUW1_7716283137,100,0,0.8333333333333339
EUW1_7716283137,200,1,-0.8333333333333339
EUW1_7716283433,100,0,0.8000000000000007
EUW1_7716283433,200,1,-0.8000000000000007
EUW1_7716285657,100,1,0.0
EUW1_7716285657,200,0,0.0
EUW1_7716287459,100,0,0.0
EUW1_7716287459,200,1,0.0
EUW1_7716287742,100,0,1.0
EUW1_7716287742,200,1,-1.0
EUW1_7716289232,100,1,-1.0
EUW1_7716289232,200,0,1.0
EUW1_7716289487,100,0,0.0
EUW1_7716289487,200,1,0.0
EUW1_7716290564,100,1,0.0
EUW1_7716290564,200,0,0.0
EUW1_7716290877,100,1,0.0
EUW1_7716290877,200,0,0.0
EUW1_7716292052,100,0,0.0
EUW1_7716292052,200,1,0.0
EUW1_7716293214,100,1,0.0
EUW1_7716293214,200,0,0.0
EUW1_7716293386,100,1,0.6666666666666661
EUW1_7716293386,200,0,-0.6666666666666661
EUW1_7716295828,100,1,0.0
EUW1_7716295828,200,0,0.0
EUW1_7716296055,100,1,0.0
EUW1_7716296055,200,0,0.0
EUW1_7716296196,100,0,0.0
EUW1_7716296196,200,1,0.0
EUW1_7716298170,100,1,0.0
EUW1_7716298170,200,0,0.0
EUW1_7716298679,100,0,0.0
EUW1_7716298679,200,1,0.0
EUW1_7716298698,100,0,0.6666666666666661
EUW1_7716298698,200,1,-0.6666666666666661
EUW1_7716300689,100,1,0.0
EUW1_7716300689,200,0,0.0
EUW1_7716301541,100,0,0.0
EUW1_7716301541,200,1,0.0
EUW1_7716302452,100,0,0.0
EUW1_7716302452,200,1,0.0
EUW1_7716302777,100,1,0.0
EUW1_7716302777,200,0,0.0
EUW1_7716304689,100,1,0.0
EUW1_7716304689,200,0,0.0
EUW1_7716305351,100,1,0.0
EUW1_7716305351,200,0,0.0
EUW1_7716306925,100,1,-2.0
EUW1_7716306925,200,0,2.0
EUW1_7716307627,100,1,0.0
EUW1_7716307627,200,0,0.0
EUW1_7716308047,100,1,0.0
EUW1_7716308047,200,0,0.0
EUW1_7716309275,100,1,0.16666666666666607
EUW1_7716309275,200,0,-0.16666666666666607
EUW1_7716309469,100,1,0.0
EUW1_7716309469,200,0,0.0
EUW1_7716309693,100,1,0.1999999999999993
EUW1_7716309693,200,0,-0.1999999999999993
EUW1_7716311404,100,0,0.0
EUW1_7716311404,200,1,0.0
EUW1_7716315293,100,1,0.0
EUW1_7716315293,200,0,0.0
EUW1_7716315592,100,1,0.0
EUW1_7716315592,200,0,0.0
EUW1_7716316841,100,0,-1.1999999999999993
EUW1_7716316841,200,1,1.1999999999999993
EUW1_7716320395,100,1,0.0
EUW1_7716320395,200,0,0.0
EUW1_7716322646,100,0,0.0
EUW1_7716322646,200,1,0.0
EUW1_7716323657,100,1,0.0
EUW1_7716323657,200,0,0.0
EUW1_7716323673,100,1,0.0
EUW1_7716323673,200,0,0.0
EUW1_7716323877,100,0,0.0
EUW1_7716323877,200,1,0.0
EUW1_7716324017,100,0,0.0
EUW1_7716324017,200,1,0.0
EUW1_7716326014,100,1,1.333333333333334
EUW1_7716326014,200,0,-1.333333333333334
EUW1_7716326461,100,1,0.0
EUW1_7716326461,200,0,0.0
EUW1_7716326822,100,1,-2.0
EUW1_7716326822,200,0,2.0
EUW1_7716332633,100,1,-0.40000000000000036
EUW1_7716332633,200,0,0.40000000000000036
EUW1_7716334899,100,1,-1.0
EUW1_7716334899,200,0,1.0
EUW1_7716338758,100,0,-0.5
EUW1_7716338758,200,1,0.5
EUW1_7716338774,100,1,0.0
EUW1_7716338774,200,0,0.0
EUW1_7716342835,100,0,0.5
EUW1_7716342835,200,1,-0.5
EUW1_7716344066,100,1,0.0
EUW1_7716344066,200,0,0.0
EUW1_7716344428,100,0,0.0
EUW1_7716344428,200,1,0.0
EUW1_7716348663,100,1,0.0
EUW1_7716348663,200,0,0.0
EUW1_7716349951,100,0,0.40000000000000036
EUW1_7716349951,200,1,-0.40000000000000036
EUW1_7716351652,100,0,0.0
EUW1_7716351652,200,1,0.0
EUW1_7716353066,100,1,0.0
EUW1_7716353066,200,0,0.0
EUW1_7716354019,100,1,0.0
EUW1_7716354019,200,0,0.0
EUW1_7716356463,100,0,-1.0
EUW1_7716356463,200,1,1.0
EUW1_7716356567,100,1,0.13333333333333464
EUW1_7716356567,200,0,-0.13333333333333464
EUW1_7716357510,100,0,0.0
EUW1_7716357510,200,1,0.0
EUW1_7716358913,100,1,0.0
EUW1_7716358913,200,0,0.0
EUW1_7716361570,100,1,0.0
EUW1_7716361570,200,0,0.0
EUW1_7716362012,100,1,0.3333333333333339
EUW1_7716362012,200,0,-0.3333333333333339
EUW1_7716362602,100,0,-1.5999999999999996
EUW1_7716362602,200,1,1.5999999999999996
EUW1_7716362834,100,0,0.0
EUW1_7716362834,200,1,0.0
EUW1_7716363413,100,1,0.0
EUW1_7716363413,200,0,0.0
EUW1_7716364115,100,0,0.0
EUW1_7716364115,200,1,0.0
EUW1_7716364616,100,0,0.6666666666666661
EUW1_7716364616,200,1,-0.6666666666666661
EUW1_7716365250,100,1,0.0
EUW1_7716365250,200,0,0.0
EUW1_7716365348,100,0,0.0
EUW1_7716365348,200,1,0.0
EUW1_7716367287,100,0,0.0
EUW1_7716367287,200,1,0.0
EUW1_7716368444,100,1,0.0
EUW1_7716368444,200,0,0.0
EUW1_7716369764,100,1,1.0
EUW1_7716369764,200,0,-1.0
EUW1_7716370478,100,0,0.0
EUW1_7716370478,200,1,0.0
EUW1_7716372443,100,1,0.6666666666666661
EUW1_7716372443,200,0,-0.6666666666666661
EUW1_7716374226,100,0,-0.5999999999999996
EUW1_7716374226,200,1,0.5999999999999996
EUW1_7716375057,100,1,0.5
EUW1_7716375057,200,0,-0.5
EUW1_7716376401,100,1,0.0
EUW1_7716376401,200,0,0.0
EUW1_7716376657,100,1,2.0
EUW1_7716376657,200,0,-2.0
EUW1_7716382297,100,0,0.0
EUW1_7716382297,200,1,0.0
EUW1_7716382770,100,0,0.0
EUW1_7716382770,200,1,0.0
EUW1_7716383023,100,1,0.0
EUW1_7716383023,200,0,0.0
EUW1_7716383607,100,1,2.0
EUW1_7716383607,200,0,-2.0
EUW1_7716384554,100,0,0.0
EUW1_7716384554,200,1,0.0
EUW1_7716384816,100,1,0.0
EUW1_7716384816,200,0,0.0
EUW1_7716388856,100,1,0.5999999999999996
EUW1_7716388856,200,0,-0.5999999999999996
EUW1_7716390166,100,1,0.0
EUW1_7716390166,200,0,0.0
EUW1_7716395023,100,1,1.0
EUW1_7716395023,200,0,-1.0
EUW1_7716395274,100,1,0.0
EUW1_7716395274,200,0,0.0
EUW1_7716395731,100,0,0.0
EUW1_7716395731,200,1,0.0
EUW1_7716396193,100,1,1.0
EUW1_7716396193,200,0,-1.0
EUW1_7716398455,100,0,-1.0
EUW1_7716398455,200,1,1.0
EUW1_7716400562,100,1,-2.0
EUW1_7716400562,200,0,2.0
EUW1_7716401332,100,1,0.0
EUW1_7716401332,200,0,0.0
EUW1_7716401946,100,1,0.0
EUW1_7716401946,200,0,0.0
EUW1_7716403431,100,0,0.0
EUW1_7716403431,200,1,0.0
EUW1_7716404275,100,0,0.0
EUW1_7716404275,200,1,0.0
EUW1_7716405052,100,0,-0.6666666666666661
EUW1_7716405052,200,1,0.6666666666666661
EUW1_7716407140,100,0,-2.0
EUW1_7716407140,200,1,2.0
EUW1_7716407946,100,1,0.0
EUW1_7716407946,200,0,0.0
EUW1_7716408186,100,1,0.0
EUW1_7716408186,200,0,0.0
EUW1_7716411140,100,1,0.0
EUW1_7716411140,200,0,0.0
EUW1_7716411317,100,1,0.0
EUW1_7716411317,200,0,0.0
EUW1_7716411889,100,1,1.5
EUW1_7716411889,200,0,-1.5
EUW1_7716414404,100,1,1.5
EUW1_7716414404,200,0,-1.5
EUW1_7716414771,100,0,-0.5
EUW1_7716414771,200,1,0.5
EUW1_7716416513,100,0,0.0
EUW1_7716416513,200,1,0.0
EUW1_7716416733,100,0,0.0
EUW1_7716416733,200,1,0.0
EUW1_7716417772,100,1,0.0
EUW1_7716417772,200,0,0.0
EUW1_7716418471,100,1,0.0
EUW1_7716418471,200,0,0.0
EUW1_7716418917,100,0,0.0
EUW1_7716418917,200,1,0.0
EUW1_7716418997,100,1,0.0
EUW1_7716418997,200,0,0.0
EUW1_7716420717,100,0,0.0
EUW1_7716420717,200,1,0.0
EUW1_7716421179,100,0,0.0
EUW1_7716421179,200,1,0.0
EUW1_7716421381,100,0,0.0
EUW1_7716421381,200,1,0.0
EUW1_7716423060,100,0,0.6666666666666661
EUW1_7716423060,200,1,-0.6666666666666661
EUW1_7716426204,100,1,0.0
EUW1_7716426204,200,0,0.0
EUW1_7716426470,100,0,0.0
EUW1_7716426470,200,1,0.0
EUW1_7716427293,100,0,-1.0
EUW1_7716427293,200,1,1.0
EUW1_7716427539,100,0,1.666666666666666
EUW1_7716427539,200,1,-1.666666666666666
EUW1_7716429216,100,1,0.0
EUW1_7716429216,200,0,0.0
EUW1_7716429585,100,1,0.0
EUW1_7716429585,200,0,0.0
EUW1_7716431678,100,1,-0.3333333333333339
EUW1_7716431678,200,0,0.3333333333333339
EUW1_7716431968,100,0,0.3333333333333339
EUW1_7716431968,200,1,-0.3333333333333339
EUW1_7716432761,100,0,0.0
EUW1_7716432761,200,1,0.0
EUW1_7716433140,100,0,1.0
EUW1_7716433140,200,1,-1.0
EUW1_7716435210,100,1,0.0
EUW1_7716435210,200,0,0.0
EUW1_7716435819,100,1,1.0
EUW1_7716435819,200,0,-1.0
EUW1_7716436938,100,1,0.0
EUW1_7716436938,200,0,0.0
EUW1_7716437750,100,0,0.0
EUW1_7716437750,200,1,0.0
EUW1_7716445869,100,0,0.13333333333333464
EUW1_7716445869,200,1,-0.13333333333333464
EUW1_7716446336,100,0,0.0
EUW1_7716446336,200,1,0.0
EUW1_7716449217,100,1,-2.0
EUW1_7716449217,200,0,2.0
EUW1_7716449778,100,1,0.0
EUW1_7716449778,200,0,0.0
EUW1_7716450489,100,0,-1.0
EUW1_7716450489,200,1,1.0
EUW1_7716451770,100,0,0.0
EUW1_7716451770,200,1,0.0
EUW1_7716452944,100,0,0.0
EUW1_7716452944,200,1,0.0
EUW1_7716453158,100,0,0.8000000000000007
EUW1_7716453158,200,1,-0.8000000000000007
EUW1_7716453798,100,0,0.0
EUW1_7716453798,200,1,0.0
EUW1_7716455125,100,1,0.0
EUW1_7716455125,200,0,0.0
EUW1_7716455758,100,1,0.0
EUW1_7716455758,200,0,0.0
EUW1_7716456210,100,1,0.0
EUW1_7716456210,200,0,0.0
EUW1_7716456414,100,1,-0.3333333333333339
EUW1_7716456414,200,0,0.3333333333333339
EUW1_7716460151,100,1,0.0
EUW1_7716460151,200,0,0.0
EUW1_7716461493,100,0,0.6666666666666661
EUW1_7716461493,200,1,-0.6666666666666661
EUW1_7716465077,100,0,0.0
EUW1_7716465077,200,1,0.0
EUW1_7716466766,100,0,0.0
EUW1_7716466766,200,1,0.0
EUW1_7716467960,100,0,-0.2666666666666657
EUW1_7716467960,200,1,0.2666666666666657
EUW1_7716468425,100,1,0.6666666666666661
EUW1_7716468425,200,0,-0.6666666666666661
EUW1_7716470777,100,0,0.0
EUW1_7716470777,200,1,0.0
EUW1_7716472070,100,0,0.0
EUW1_7716472070,200,1,0.0
EUW1_7716472723,100,0,0.0
EUW1_7716472723,200,1,0.0
EUW1_7716472987,100,1,0.0
EUW1_7716472987,200,0,0.0
EUW1_7716475027,100,0,0.0
EUW1_7716475027,200,1,0.0
EUW1_7716476449,100,1,0.0
EUW1_7716476449,200,0,0.0
EUW1_7716476673,100,1,0.0
EUW1_7716476673,200,0,0.0
EUW1_7716477190,100,1,-2.0
EUW1_7716477190,200,0,2.0
EUW1_7716480251,100,1,0.0
EUW1_7716480251,200,0,0.0
EUW1_7716480659,100,1,0.0
EUW1_7716480659,200,0,0.0
EUW1_7716481693,100,1,1.0
EUW1_7716481693,200,0,-1.0
EUW1_7716482790,100,1,2.0
EUW1_7716482790,200,0,-2.0
EUW1_7716483466,100,1,0.0
EUW1_7716483466,200,0,0.0
EUW1_7716484299,100,1,0.0
EUW1_7716484299,200,0,0.0
EUW1_7716489589,100,0,0.0
EUW1_7716489589,200,1,0.0
EUW1_7716491618,100,0,0.0
EUW1_7716491618,200,1,0.0
EUW1_7716492084,100,1,0.5
EUW1_7716492084,200,0,-0.5
EUW1_7716493316,100,0,0.40000000000000036
EUW1_7716493316,200,1,-0.40000000000000036
EUW1_7716494351,100,1,1.333333333333334
EUW1_7716494351,200,0,-1.333333333333334
EUW1_7716495293,100,1,0.0
EUW1_7716495293,200,0,0.0
EUW1_7716495487,100,1,-0.3333333333333339
EUW1_7716495487,200,0,0.3333333333333339
EUW1_7716498688,100,0,0.3333333333333339
EUW1_7716498688,200,1,-0.3333333333333339
EUW1_7716499010,100,1,0.0
EUW1_7716499010,200,0,0.0
EUW1_7716499359,100,0,0.0
EUW1_7716499359,200,1,0.0
EUW1_7716502334,100,0,-0.9333333333333336
EUW1_7716502334,200,1,0.9333333333333336
EUW1_7716506068,100,0,0.0
EUW1_7716506068,200,1,0.0
EUW1_7716506512,100,1,-0.3333333333333339
EUW1_7716506512,200,0,0.3333333333333339
EUW1_7716506519,100,0,0.0
EUW1_7716506519,200,1,0.0
EUW1_7716507047,100,1,0.0
EUW1_7716507047,200,0,0.0
EUW1_7716508067,100,1,-1.0
EUW1_7716508067,200,0,1.0
EUW1_7716508572,100,0,0.0
EUW1_7716508572,200,1,0.0
EUW1_7716511093,100,0,0.0
EUW1_7716511093,200,1,0.0
EUW1_7716512624,100,0,0.0
EUW1_7716512624,200,1,0.0
EUW1_7716515897,100,0,0.0
EUW1_7716515897,200,1,0.0
EUW1_7716516158,100,1,0.0
EUW1_7716516158,200,0,0.0
EUW1_7716516801,100,0,0.6666666666666661
EUW1_7716516801,200,1,-0.6666666666666661
EUW1_7716518290,100,1,0.0
EUW1_7716518290,200,0,0.0
EUW1_7716518567,100,0,-1.0
EUW1_7716518567,200,1,1.0
EUW1_7716518975,100,0,0.0
EUW1_7716518975,200,1,0.0
EUW1_7716518989,100,0,0.0
EUW1_7716518989,200,1,0.0
EUW1_7716519148,100,1,1.5
EUW1_7716519148,200,0,-1.5
EUW1_7716520352,100,0,0.5
EUW1_7716520352,200,1,-0.5
EUW1_7716526339,100,1,0.0
EUW1_7716526339,200,0,0.0
EUW1_7716527766,100,0,0.0
EUW1_7716527766,200,1,0.0
EUW1_7716529213,100,0,0.0
EUW1_7716529213,200,1,0.0
EUW1_7716529351,100,0,0.0
EUW1_7716529351,200,1,0.0
EUW1_7716530444,100,1,0.0
EUW1_7716530444,200,0,0.0
EUW1_7716531591,100,0,2.0
EUW1_7716531591,200,1,-2.0
EUW1_7716533076,100,1,-0.9333333333333336
EUW1_7716533076,200,0,0.9333333333333336
EUW1_7716533338,100,1,0.0
EUW1_7716533338,200,0,0.0
EUW1_7716534373,100,1,0.0
EUW1_7716534373,200,0,0.0
EUW1_7716537103,100,0,-1.0
EUW1_7716537103,200,1,1.0
EUW1_7716538379,100,1,1.0
EUW1_7716538379,200,0,-1.0
EUW1_7716538710,100,0,1.0
EUW1_7716538710,200,1,-1.0
EUW1_7716540218,100,0,0.0
EUW1_7716540218,200,1,0.0
EUW1_7716541181,100,0,-1.0
EUW1_7716541181,200,1,1.0
EUW1_7716544680,100,1,0.0
EUW1_7716544680,200,0,0.0
EUW1_7716545180,100,1,0.0
EUW1_7716545180,200,0,0.0
EUW1_7716547606,100,0,0.0
EUW1_7716547606,200,1,0.0
EUW1_7716549207,100,1,1.333333333333334
EUW1_7716549207,200,0,-1.333333333333334
EUW1_7716549374,100,1,0.0
EUW1_7716549374,200,0,0.0
EUW1_7716549461,100,1,0.0
EUW1_7716549461,200,0,0.0
EUW1_7716549591,100,0,0.5
EUW1_7716549591,200,1,-0.5
EUW1_7716553739,100,1,0.0
EUW1_7716553739,200,0,0.0
EUW1_7716556391,100,1,1.333333333333334
EUW1_7716556391,200,0,-1.333333333333334
EUW1_7716557310,100,1,0.0
EUW1_7716557310,200,0,0.0
EUW1_7716557460,100,0,-0.3333333333333339
EUW1_7716557460,200,1,0.3333333333333339
EUW1_7716557488,100,0,0.0
EUW1_7716557488,200,1,0.0
EUW1_7716558515,100,1,-1.333333333333334
EUW1_7716558515,200,0,1.333333333333334
EUW1_7716559726,100,0,0.0
EUW1_7716559726,200,1,0.0
EUW1_7716564501,100,1,-2.0
EUW1_7716564501,200,0,2.0
EUW1_7716564798,100,0,0.0
EUW1_7716564798,200,1,0.0
EUW1_7716568975,100,1,0.5
EUW1_7716568975,200,0,-0.5
EUW1_7716569324,100,0,0.0
EUW1_7716569324,200,1,0.0
EUW1_7716570160,100,0,0.0
EUW1_7716570160,200,1,0.0
EUW1_7716571723,100,0,-1.333333333333334
EUW1_7716571723,200,1,1.333333333333334
EUW1_7716575417,100,1,0.0
EUW1_7716575417,200,0,0.0
EUW1_7716576777,100,1,0.0
EUW1_7716576777,200,0,0.0
EUW1_7716579616,100,1,1.0
EUW1_7716579616,200,0,-1.0
EUW1_7716581871,100,0,1.0
EUW1_7716581871,200,1,-1.0
EUW1_7716583314,100,0,-1.0
EUW1_7716583314,200,1,1.0
EUW1_7716584167,100,0,0.0
EUW1_7716584167,200,1,0.0
EUW1_7716585207,100,0,0.0
EUW1_7716585207,200,1,0.0
EUW1_7716587465,100,0,0.0
EUW1_7716587465,200,1,0.0
EUW1_7716587610,100,0,1.333333333333334
EUW1_7716587610,200,1,-1.333333333333334
EUW1_7716590950,100,0,-1.333333333333334
EUW1_7716590950,200,1,1.333333333333334
EUW1_7716592529,100,1,1.0
EUW1_7716592529,200,0,-1.0
EUW1_7716593263,100,0,-1.333333333333334
EUW1_7716593263,200,1,1.333333333333334
EUW1_7716593901,100,0,1.333333333333334
EUW1_7716593901,200,1,-1.333333333333334
EUW1_7716596610,100,1,-2.0
EUW1_7716596610,200,0,2.0
EUW1_7716597612,100,0,0.0
EUW1_7716597612,200,1,0.0
EUW1_7716598317,100,0,-2.0
EUW1_7716598317,200,1,2.0
EUW1_7716598347,100,1,0.0
EUW1_7716598347,200,0,0.0
EUW1_7716601096,100,1,0.16666666666666607
EUW1_7716601096,200,0,-0.16666666666666607
EUW1_7716601583,100,0,0.0
EUW1_7716601583,200,1,0.0
EUW1_7716603287,100,0,0.0
EUW1_7716603287,200,1,0.0
EUW1_7716605964,100,0,0.0
EUW1_7716605964,200,1,0.0
EUW1_7716606031,100,1,2.0
EUW1_7716606031,200,0,-2.0
EUW1_7716606309,100,0,0.0
EUW1_7716606309,200,1,0.0
EUW1_7716608933,100,1,0.0
EUW1_7716608933,200,0,0.0
EUW1_7716616488,100,0,-1.1999999999999993
EUW1_7716616488,200,1,1.1999999999999993
EUW1_7716618468,100,1,0.0
EUW1_7716618468,200,0,0.0
EUW1_7716618728,100,0,-0.6666666666666679
EUW1_7716618728,200,1,0.6666666666666679
EUW1_7716618953,100,1,0.0
EUW1_7716618953,200,0,0.0
EUW1_7716619167,100,0,0.0
EUW1_7716619167,200,1,0.0
EUW1_7716619987,100,0,0.0
EUW1_7716619987,200,1,0.0
EUW1_7716621468,100,0,-0.5
EUW1_7716621468,200,1,0.5
EUW1_7716626757,100,1,0.0
EUW1_7716626757,200,0,0.0
EUW1_7716626773,100,0,0.0
EUW1_7716626773,200,1,0.0
EUW1_7716628058,100,1,0.0
EUW1_7716628058,200,0,0.0
EUW1_7716630128,100,0,0.0
EUW1_7716630128,200,1,0.0
EUW1_7716633798,100,0,0.0
EUW1_7716633798,200,1,0.0
EUW1_7716634311,100,0,0.0
EUW1_7716634311,200,1,0.0
EUW1_7716635853,100,0,-0.3333333333333339
EUW1_7716635853,200,1,0.3333333333333339
EUW1_7716638527,100,1,0.3333333333333339
EUW1_7716638527,200,0,-0.3333333333333339
EUW1_7716638855,100,1,0.0
EUW1_7716638855,200,0,0.0
EUW1_7716639414,100,1,1.0
EUW1_7716639414,200,0,-1.0
EUW1_7716640052,100,1,-0.3333333333333339
EUW1_7716640052,200,0,0.3333333333333339
EUW1_7716640314,100,1,0.0
EUW1_7716640314,200,0,0.0
EUW1_7716644075,100,1,0.0
EUW1_7716644075,200,0,0.0
EUW1_7716646736,100,0,0.0
EUW1_7716646736,200,1,0.0
EUW1_7716648520,100,1,0.3333333333333339
EUW1_7716648520,200,0,-0.3333333333333339
EUW1_7716648612,100,0,0.0
EUW1_7716648612,200,1,0.0
EUW1_7716649222,100,0,0.0
EUW1_7716649222,200,1,0.0
EUW1_7716651516,100,0,0.0
EUW1_7716651516,200,1,0.0
EUW1_7716652570,100,0,0.0
EUW1_7716652570,200,1,0.0
EUW1_7716653626,100,1,0.0
EUW1_7716653626,200,0,0.0
EUW1_7716654080,100,0,2.0
EUW1_7716654080,200,1,-2.0
EUW1_7716654649,100,1,0.0
EUW1_7716654649,200,0,0.0
EUW1_7716657011,100,0,0.0
EUW1_7716657011,200,1,0.0
EUW1_7716659454,100,1,0.0
EUW1_7716659454,200,0,0.0
EUW1_7716662681,100,1,0.0
EUW1_7716662681,200,0,0.0
EUW1_7716663813,100,1,0.0
EUW1_7716663813,200,0,0.0
EUW1_7716664289,100,0,-1.0
EUW1_7716664289,200,1,1.0
EUW1_7716665786,100,1,0.0
EUW1_7716665786,200,0,0.0
EUW1_7716667566,100,0,0.5
EUW1_7716667566,200,1,-0.5
EUW1_7716670664,100,1,0.0
EUW1_7716670664,200,0,0.0
EUW1_7716670801,100,1,-0.3333333333333339
EUW1_7716670801,200,0,0.3333333333333339
EUW1_7716671830,100,0,0.0
EUW1_7716671830,200,1,0.0
EUW1_7716672251,100,1,0.0
EUW1_7716672251,200,0,0.0
EUW1_7716673135,100,1,-1.0
EUW1_7716673135,200,0,1.0
EUW1_7716673741,100,0,0.0
EUW1_7716673741,200,1,0.0
EUW1_7716673801,100,0,0.0
EUW1_7716673801,200,1,0.0
EUW1_7716676038,100,0,-0.5999999999999996
EUW1_7716676038,200,1,0.5999999999999996
EUW1_7716676859,100,1,-0.5
EUW1_7716676859,200,0,0.5
EUW1_7716678710,100,0,0.6666666666666661
EUW1_7716678710,200,1,-0.6666666666666661
EUW1_7716681266,100,0,1.0
EUW1_7716681266,200,1,-1.0
EUW1_7716682282,100,1,0.0
EUW1_7716682282,200,0,0.0
EUW1_7716682677,100,0,0.0
EUW1_7716682677,200,1,0.0
EUW1_7716682681,100,0,0.0
EUW1_7716682681,200,1,0.0
EUW1_7716683015,100,1,0.0
EUW1_7716683015,200,0,0.0
EUW1_7716684062,100,0,-0.5
EUW1_7716684062,200,1,0.5
EUW1_7716685269,100,0,0.0
EUW1_7716685269,200,1,0.0
EUW1_7716686023,100,1,0.0
EUW1_7716686023,200,0,0.0
EUW1_7716688041,100,0,-1.0
EUW1_7716688041,200,1,1.0
EUW1_7716691397,100,0,0.0
EUW1_7716691397,200,1,0.0
EUW1_7716692182,100,1,0.0
EUW1_7716692182,200,0,0.0
EUW1_7716692512,100,0,1.0
EUW1_7716692512,200,1,-1.0
EUW1_7716695603,100,0,0.0
EUW1_7716695603,200,1,0.0
EUW1_7716696835,100,1,0.5
EUW1_7716696835,200,0,-0.5
EUW1_7716698634,100,0,0.0
EUW1_7716698634,200,1,0.0
EUW1_7716701296,100,0,0.8333333333333339
EUW1_7716701296,200,1,-0.8333333333333339
EUW1_7716702393,100,0,-1.0
EUW1_7716702393,200,1,1.0
EUW1_7716709929,100,0,1.0
EUW1_7716709929,200,1,-1.0
EUW1_7716710710,100,0,1.333333333333334
EUW1_7716710710,200,1,-1.333333333333334
EUW1_7716711140,100,1,2.0
EUW1_7716711140,200,0,-2.0
EUW1_7716712096,100,0,0.0
EUW1_7716712096,200,1,0.0
EUW1_7716714544,100,0,-2.0
EUW1_7716714544,200,1,2.0
EUW1_7716717873,100,0,0.0
EUW1_7716717873,200,1,0.0
EUW1_7716718755,100,1,0.0
EUW1_7716718755,200,0,0.0
EUW1_7716719600,100,1,0.0
EUW1_7716719600,200,0,0.0
EUW1_7716720384,100,1,0.0
EUW1_7716720384,200,0,0.0
EUW1_7716721083,100,1,0.0
EUW1_7716721083,200,0,0.0
EUW1_7716721117,100,1,0.0
EUW1_7716721117,200,0,0.0
EUW1_7716721496,100,0,-1.0
EUW1_7716721496,200,1,1.0
EUW1_7716723465,100,0,0.0
EUW1_7716723465,200,1,0.0
EUW1_7716724130,100,0,0.0
EUW1_7716724130,200,1,0.0
EUW1_7716731485,100,0,-0.6666666666666679
EUW1_7716731485,200,1,0.6666666666666679
EUW1_7716732962,100,1,0.8333333333333339
EUW1_7716732962,200,0,-0.8333333333333339
EUW1_7716733126,100,1,0.6666666666666661
EUW1_7716733126,200,0,-0.6666666666666661
EUW1_7716733610,100,0,0.0
EUW1_7716733610,200,1,0.0
EUW1_7716734592,100,0,0.0
EUW1_7716734592,200,1,0.0
EUW1_7716734708,100,0,0.0
EUW1_7716734708,200,1,0.0
EUW1_7716736806,100,0,-0.09999999999999964
EUW1_7716736806,200,1,0.09999999999999964
EUW1_7716737389,100,0,0.0
EUW1_7716737389,200,1,0.0
EUW1_7716739528,100,0,0.6666666666666661
EUW1_7716739528,200,1,-0.6666666666666661
EUW1_7716740364,100,1,2.0
EUW1_7716740364,200,0,-2.0
EUW1_7716742269,100,1,0.0
EUW1_7716742269,200,0,0.0
EUW1_7716743736,100,0,0.0
EUW1_7716743736,200,1,0.0
EUW1_7716744551,100,0,0.0
EUW1_7716744551,200,1,0.0
EUW1_7716745161,100,1,1.0
EUW1_7716745161,200,0,-1.0
EUW1_7716745345,100,1,0.0
EUW1_7716745345,200,0,0.0
EUW1_7716745645,100,0,0.0
EUW1_7716745645,200,1,0.0
EUW1_7716748451,100,0,2.0
EUW1_7716748451,200,1,-2.0
EUW1_7716750138,100,1,0.0
EUW1_7716750138,200,0,0.0
EUW1_7716751755,100,1,0.0
EUW1_7716751755,200,0,0.0
EUW1_7716755961,100,0,0.0
EUW1_7716755961,200,1,0.0
EUW1_7716758082,100,1,0.0
EUW1_7716758082,200,0,0.0
EUW1_7716758938,100,0,0.8333333333333339
EUW1_7716758938,200,1,-0.8333333333333339
EUW1_7716760812,100,0,0.0
EUW1_7716760812,200,1,0.0
EUW1_7716760870,100,1,0.0
EUW1_7716760870,200,0,0.0
EUW1_7716761232,100,0,-1.0
EUW1_7716761232,200,1,1.0
EUW1_7716762871,100,1,0.6666666666666661
EUW1_7716762871,200,0,-0.6666666666666661
EUW1_7716763144,100,0,0.0
EUW1_7716763144,200,1,0.0
EUW1_7716764040,100,0,0.1999999999999993
EUW1_7716764040,200,1,-0.1999999999999993
EUW1_7716765981,100,1,0.13333333333333464
EUW1_7716765981,200,0,-0.13333333333333464
EUW1_7716769899,100,1,0.0
EUW1_7716769899,200,0,0.0
EUW1_7716770331,100,0,0.0
EUW1_7716770331,200,1,0.0
EUW1_7716770895,100,1,0.0
EUW1_7716770895,200,0,0.0
EUW1_7716771035,100,1,0.0
EUW1_7716771035,200,0,0.0
EUW1_7716771525,100,1,0.0
EUW1_7716771525,200,0,0.0
EUW1_7716773224,100,0,0.0
EUW1_7716773224,200,1,0.0
EUW1_7716773499,100,0,2.0
EUW1_7716773499,200,1,-2.0
EUW1_7716774452,100,1,0.0
EUW1_7716774452,200,0,0.0
EUW1_7716774751,100,1,0.0
EUW1_7716774751,200,0,0.0
EUW1_7716775072,100,1,0.09999999999999964
EUW1_7716775072,200,0,-0.09999999999999964
EUW1_7716775590,100,0,0.0
EUW1_7716775590,200,1,0.0
EUW1_7716778213,100,1,0.0
EUW1_7716778213,200,0,0.0
EUW1_7716778517,100,1,0.3333333333333339
EUW1_7716778517,200,0,-0.3333333333333339
EUW1_7716778909,100,1,0.0
EUW1_7716778909,200,0,0.0
EUW1_7716780011,100,0,1.0
EUW1_7716780011,200,1,-1.0
EUW1_7716781215,100,0,0.0
EUW1_7716781215,200,1,0.0
EUW1_7716781518,100,1,1.333333333333334
EUW1_7716781518,200,0,-1.333333333333334
EUW1_7716783174,100,1,0.0
EUW1_7716783174,200,0,0.0
EUW1_7716783880,100,0,0.0
EUW1_7716783880,200,1,0.0
EUW1_7716783917,100,1,0.0
EUW1_7716783917,200,0,0.0
EUW1_7716788847,100,0,1.0
EUW1_7716788847,200,1,-1.0
EUW1_7716789289,100,0,0.0
EUW1_7716789289,200,1,0.0
EUW1_7716791118,100,0,0.0
EUW1_7716791118,200,1,0.0
EUW1_7716791764,100,1,-0.8333333333333339
EUW1_7716791764,200,0,0.8333333333333339
EUW1_7716792194,100,0,0.0
EUW1_7716792194,200,1,0.0
EUW1_7716794341,100,1,0.0
EUW1_7716794341,200,0,0.0
EUW1_7716795855,100,1,-1.0
EUW1_7716795855,200,0,1.0
EUW1_7716796870,100,1,0.6666666666666661
EUW1_7716796870,200,0,-0.6666666666666661
EUW1_7716797644,100,1,0.0
EUW1_7716797644,200,0,0.0
EUW1_7716798040,100,1,-1.0
EUW1_7716798040,200,0,1.0
EUW1_7716800108,100,1,2.0
EUW1_7716800108,200,0,-2.0
EUW1_7716800678,100,0,0.0
EUW1_7716800678,200,1,0.0
EUW1_7716803331,100,1,0.5
EUW1_7716803331,200,0,-0.5
EUW1_7716804348,100,1,0.0
EUW1_7716804348,200,0,0.0
EUW1_7716805793,100,1,0.0
EUW1_7716805793,200,0,0.0
EUW1_7716806434,100,0,0.0
EUW1_7716806434,200,1,0.0
EUW1_7716806629,100,1,0.0
EUW1_7716806629,200,0,0.0
EUW1_7716807645,100,1,0.0
EUW1_7716807645,200,0,0.0
EUW1_7716808209,100,1,0.0
EUW1_7716808209,200,0,0.0
EUW1_7716810350,100,0,0.0
EUW1_7716810350,200,1,0.0
EUW1_7716811786,100,0,0.5
EUW1_7716811786,200,1,-0.5
EUW1_7716811924,100,1,-0.8333333333333339
EUW1_7716811924,200,0,0.8333333333333339
EUW1_7716813551,100,1,0.3333333333333339
EUW1_7716813551,200,0,-0.3333333333333339
EUW1_7716816186,100,1,1.0
EUW1_7716816186,200,0,-1.0
EUW1_7716819010,100,1,0.0
EUW1_7716819010,200,0,0.0
EUW1_7716819054,100,1,-0.6666666666666679
EUW1_7716819054,200,0,0.6666666666666679
EUW1_7716820538,100,0,-1.5999999999999996
EUW1_7716820538,200,1,1.5999999999999996
EUW1_7716821169,100,1,0.0
EUW1_7716821169,200,0,0.0
EUW1_7716825298,100,0,0.0
EUW1_7716825298,200,1,0.0
EUW1_7716827146,100,1,0.0
EUW1_7716827146,200,0,0.0
EUW1_7716828158,100,0,0.0
EUW1_7716828158,200,1,0.0
EUW1_7716829326,100,0,0.0
EUW1_7716829326,200,1,0.0
EUW1_7716830369,100,1,0.6666666666666661
EUW1_7716830369,200,0,-0.6666666666666661
EUW1_7716830463,100,1,0.16666666666666607
EUW1_7716830463,200,0,-0.16666666666666607
EUW1_7716830959,100,1,-2.0
EUW1_7716830959,200,0,2.0
EUW1_7716836398,100,0,2.0
EUW1_7716836398,200,1,-2.0
EUW1_7716836695,100,1,-0.6999999999999993
EUW1_7716836695,200,0,0.6999999999999993
EUW1_7716836916,100,1,0.0
EUW1_7716836916,200,0,0.0
EUW1_7716837003,100,1,0.0
EUW1_7716837003,200,0,0.0
EUW1_7716837058,100,0,0.0
EUW1_7716837058,200,1,0.0
EUW1_7716838168,100,0,0.0
EUW1_7716838168,200,1,0.0
EUW1_7716842599,100,0,0.0
EUW1_7716842599,200,1,0.0
EUW1_7716844777,100,1,0.0
EUW1_7716844777,200,0,0.0
EUW1_7716848303,100,0,0.0
EUW1_7716848303,200,1,0.0
EUW1_7716848769,100,0,0.0
EUW1_7716848769,200,1,0.0
EUW1_7716852759,100,1,0.0
EUW1_7716852759,200,0,0.0
EUW1_7716853180,100,0,0.0
EUW1_7716853180,200,1,0.0
EUW1_7716855159,100,1,0.0
EUW1_7716855159,200,0,0.0
EUW1_7716856265,100,1,0.0
EUW1_7716856265,200,0,0.0
EUW1_7716858165,100,0,1.0
EUW1_7716858165,200,1,-1.0
EUW1_7716858801,100,1,0.0
EUW1_7716858801,200,0,0.0
EUW1_7716859116,100,1,0.0
EUW1_7716859116,200,0,0.0
EUW1_7716862102,100,0,0.0
EUW1_7716862102,200,1,0.0
EUW1_7716862686,100,1,0.0
EUW1_7716862686,200,0,0.0
EUW1_7716865186,100,0,0.0
EUW1_7716865186,200,1,0.0
EUW1_7716865938,100,1,0.0
EUW1_7716865938,200,0,0.0
EUW1_7716865974,100,0,0.0
EUW1_7716865974,200,1,0.0
EUW1_7716866175,100,0,0.0
EUW1_7716866175,200,1,0.0
EUW1_7716869936,100,1,0.0
EUW1_7716869936,200,0,0.0
EUW1_7716873760,100,1,0.9333333333333336
EUW1_7716873760,200,0,-0.9333333333333336
EUW1_7716874089,100,0,0.0
EUW1_7716874089,200,1,0.0
EUW1_7716874707,100,0,0.0
EUW1_7716874707,200,1,0.0
EUW1_7716878454,100,1,1.0
EUW1_7716878454,200,0,-1.0
EUW1_7716878647,100,0,2.0
EUW1_7716878647,200,1,-2.0
EUW1_7716880540,100,0,0.0
EUW1_7716880540,200,1,0.0
EUW1_7716880953,100,1,0.0
EUW1_7716880953,200,0,0.0
EUW1_7716881812,100,1,-0.5333333333333332
EUW1_7716881812,200,0,0.5333333333333332
EUW1_7716882700,100,0,1.0
EUW1_7716882700,200,1,-1.0
EUW1_7716884469,100,1,-1.0
EUW1_7716884469,200,0,1.0
EUW1_7716884947,100,1,0.0
EUW1_7716884947,200,0,0.0
EUW1_7716885328,100,0,0.0
EUW1_7716885328,200,1,0.0
EUW1_7716885347,100,1,1.0
EUW1_7716885347,200,0,-1.0
EUW1_7716886259,100,1,0.0
EUW1_7716886259,200,0,0.0
EUW1_7716887643,100,1,-0.09999999999999964
EUW1_7716887643,200,0,0.09999999999999964
EUW1_7716888111,100,1,1.333333333333334
EUW1_7716888111,200,0,-1.333333333333334
EUW1_7716891457,100,1,0.0
EUW1_7716891457,200,0,0.0
EUW1_7716892401,100,0,-0.1999999999999993
EUW1_7716892401,200,1,0.1999999999999993
EUW1_7716895607,100,0,0.0
EUW1_7716895607,200,1,0.0
EUW1_7716896209,100,1,0.0
EUW1_7716896209,200,0,0.0
EUW1_7716898078,100,0,-0.5
EUW1_7716898078,200,1,0.5
EUW1_7716898130,100,1,0.0
EUW1_7716898130,200,0,0.0
EUW1_7716898293,100,0,0.0
EUW1_7716898293,200,1,0.0
EUW1_7716899948,100,0,0.0
EUW1_7716899948,200,1,0.0
EUW1_7716902267,100,0,-0.3000000000000007
EUW1_7716902267,200,1,0.3000000000000007
EUW1_7716906508,100,1,-0.5
EUW1_7716906508,200,0,0.5
EUW1_7716907109,100,0,1.0
EUW1_7716907109,200,1,-1.0
EUW1_7716907453,100,0,0.0
EUW1_7716907453,200,1,0.0
EUW1_7716907864,100,0,0.0
EUW1_7716907864,200,1,0.0
EUW1_7716910307,100,1,0.0
EUW1_7716910307,200,0,0.0
EUW1_7716912477,100,0,0.0
EUW1_7716912477,200,1,0.0
EUW1_7716913540,100,0,0.0
EUW1_7716913540,200,1,0.0
EUW1_7716917771,100,0,-0.3333333333333339
EUW1_7716917771,200,1,0.3333333333333339
EUW1_7716917916,100,0,0.0
EUW1_7716917916,200,1,0.0
EUW1_7716920318,100,0,0.6666666666666661
EUW1_7716920318,200,1,-0.6666666666666661
EUW1_7716920995,100,0,-1.333333333333334
EUW1_7716920995,200,1,1.333333333333334
EUW1_7716921198,100,0,1.0
EUW1_7716921198,200,1,-1.0
EUW1_7716922369,100,0,0.0
EUW1_7716922369,200,1,0.0
EUW1_7716923308,100,1,0.0
EUW1_7716923308,200,0,0.0
EUW1_7716923380,100,0,-2.0
EUW1_7716923380,200,1,2.0
EUW1_7716923572,100,1,-0.3333333333333339
EUW1_7716923572,200,0,0.3333333333333339
EUW1_7716924698,100,1,-2.0
EUW1_7716924698,200,0,2.0
EUW1_7716925645,100,1,0.0
EUW1_7716925645,200,0,0.0
EUW1_7716929256,100,1,0.0
EUW1_7716929256,200,0,0.0
EUW1_7716931698,100,0,-1.0
EUW1_7716931698,200,1,1.0
EUW1_7716932772,100,0,-1.0
EUW1_7716932772,200,1,1.0
EUW1_7716933210,100,1,-0.40000000000000036
EUW1_7716933210,200,0,0.40000000000000036
EUW1_7716935390,100,1,-2.0
EUW1_7716935390,200,0,2.0
EUW1_7716935872,100,0,0.0
EUW1_7716935872,200,1,0.0
EUW1_7716937512,100,0,0.0
EUW1_7716937512,200,1,0.0
EUW1_7716937716,100,1,2.0
EUW1_7716937716,200,0,-2.0
EUW1_7716937861,100,0,0.0
EUW1_7716937861,200,1,0.0
EUW1_7716939962,100,1,-2.0
EUW1_7716939962,200,0,2.0
EUW1_7716940683,100,0,0.0
EUW1_7716940683,200,1,0.0
EUW1_7716940932,100,1,0.5333333333333332
EUW1_7716940932,200,0,-0.5333333333333332
EUW1_7716941762,100,0,0.0
EUW1_7716941762,200,1,0.0
EUW1_7716941930,100,1,0.0
EUW1_7716941930,200,0,0.0
EUW1_7716944500,100,0,0.0
EUW1_7716944500,200,1,0.0
EUW1_7716946020,100,1,0.0
EUW1_7716946020,200,0,0.0
EUW1_7716947242,100,1,1.5
EUW1_7716947242,200,0,-1.5
EUW1_7716949370,100,0,-1.0
EUW1_7716949370,200,1,1.0
EUW1_7716949823,100,0,0.0
EUW1_7716949823,200,1,0.0
EUW1_7716951572,100,0,-0.6666666666666661
EUW1_7716951572,200,1,0.6666666666666661
EUW1_7716951974,100,1,1.0
EUW1_7716951974,200,0,-1.0
EUW1_7716952136,100,1,-0.5
EUW1_7716952136,200,0,0.5
EUW1_7716953463,100,1,0.0
EUW1_7716953463,200,0,0.0
EUW1_7716953783,100,0,1.5
EUW1_7716953783,200,1,-1.5
EUW1_7716955074,100,0,0.0
EUW1_7716955074,200,1,0.0
EUW1_7716955103,100,0,0.0
EUW1_7716955103,200,1,0.0
EUW1_7716956091,100,1,0.0
EUW1_7716956091,200,0,0.0
EUW1_7716958329,100,0,0.0
EUW1_7716958329,200,1,0.0
EUW1_7716958687,100,1,-2.0
EUW1_7716958687,200,0,2.0
EUW1_7716962241,100,1,-1.0
EUW1_7716962241,200,0,1.0
EUW1_7716962806,100,0,0.0
EUW1_7716962806,200,1,0.0
EUW1_7716963857,100,0,0.0
EUW1_7716963857,200,1,0.0
EUW1_7716965214,100,0,0.8333333333333339
EUW1_7716965214,200,1,-0.8333333333333339
EUW1_7716965626,100,0,-0.3333333333333339
EUW1_7716965626,200,1,0.3333333333333339
EUW1_7716966138,100,0,0.0
EUW1_7716966138,200,1,0.0
EUW1_7716966188,100,1,1.0
EUW1_7716966188,200,0,-1.0
EUW1_7716969246,100,1,0.0
EUW1_7716969246,200,0,0.0
EUW1_7716969368,100,1,1.0
EUW1_7716969368,200,0,-1.0
EUW1_7716970637,100,1,1.0
EUW1_7716970637,200,0,-1.0
EUW1_7716971929,100,1,0.0
EUW1_7716971929,200,0,0.0
EUW1_7716976167,100,1,0.0
EUW1_7716976167,200,0,0.0
EUW1_7716977368,100,1,0.0
EUW1_7716977368,200,0,0.0
EUW1_7716978007,100,1,-1.0
EUW1_7716978007,200,0,1.0
EUW1_7716980652,100,0,0.0
EUW1_7716980652,200,1,0.0
EUW1_7716980926,100,1,0.0
EUW1_7716980926,200,0,0.0
EUW1_7716983473,100,0,0.0
EUW1_7716983473,200,1,0.0
EUW1_7716984142,100,1,0.0
EUW1_7716984142,200,0,0.0
EUW1_7716984808,100,1,0.0
EUW1_7716984808,200,0,0.0
EUW1_7716985409,100,0,0.0
EUW1_7716985409,200,1,0.0
EUW1_7716986735,100,1,0.0
EUW1_7716986735,200,0,0.0
EUW1_7716986890,100,1,0.0
EUW1_7716986890,200,0,0.0
EUW1_7716987294,100,0,0.0
EUW1_7716987294,200,1,0.0
EUW1_7716987891,100,1,0.0
EUW1_7716987891,200,0,0.0
EUW1_7716988079,100,0,-0.16666666666666607
EUW1_7716988079,200,1,0.16666666666666607
EUW1_7716988735,100,1,2.0
EUW1_7716988735,200,0,-2.0
EUW1_7716991173,100,1,0.0
EUW1_7716991173,200,0,0.0
EUW1_7716991204,100,0,-0.5
EUW1_7716991204,200,1,0.5
EUW1_7716994367,100,1,1.0
EUW1_7716994367,200,0,-1.0
EUW1_7716996949,100,0,0.0
EUW1_7716996949,200,1,0.0
EUW1_7716997264,100,1,-1.0
EUW1_7716997264,200,0,1.0
EUW1_7716997480,100,0,1.0
EUW1_7716997480,200,1,-1.0
EUW1_7716997940,100,0,1.0
EUW1_7716997940,200,1,-1.0
EUW1_7716998296,100,1,1.333333333333334
EUW1_7716998296,200,0,-1.333333333333334
EUW1_7716998718,100,0,0.0
EUW1_7716998718,200,1,0.0
EUW1_7716999186,100,0,0.0
EUW1_7716999186,200,1,0.0
EUW1_7717000706,100,1,0.0
EUW1_7717000706,200,0,0.0
EUW1_7717001805,100,0,0.0
EUW1_7717001805,200,1,0.0
EUW1_7717003330,100,1,-0.6666666666666661
EUW1_7717003330,200,0,0.6666666666666661
EUW1_7717003353,100,1,0.0
EUW1_7717003353,200,0,0.0
EUW1_7717004752,100,1,1.0
EUW1_7717004752,200,0,-1.0
EUW1_7717005979,100,1,0.16666666666666607
EUW1_7717005979,200,0,-0.16666666666666607
EUW1_7717006123,100,1,0.0
EUW1_7717006123,200,0,0.0
EUW1_7717006134,100,0,0.0
EUW1_7717006134,200,1,0.0
EUW1_7717006770,100,1,0.0
EUW1_7717006770,200,0,0.0
EUW1_7717006980,100,1,0.0
EUW1_7717006980,200,0,0.0
EUW1_7717007830,100,0,0.0
EUW1_7717007830,200,1,0.0
EUW1_7717008948,100,1,0.0
EUW1_7717008948,200,0,0.0
EUW1_7717012469,100,1,0.0
EUW1_7717012469,200,0,0.0
EUW1_7717012720,100,1,0.0
EUW1_7717012720,200,0,0.0
EUW1_7717014101,100,1,-0.5
EUW1_7717014101,200,0,0.5
EUW1_7717016052,100,1,0.0
EUW1_7717016052,200,0,0.0
EUW1_7717017441,100,1,0.0
EUW1_7717017441,200,0,0.0
EUW1_7717017493,100,0,0.0
EUW1_7717017493,200,1,0.0
EUW1_7717018422,100,0,-1.0
EUW1_7717018422,200,1,1.0
EUW1_7717019917,100,1,0.0
EUW1_7717019917,200,0,0.0
EUW1_7717020287,100,0,-0.8333333333333339
EUW1_7717020287,200,1,0.8333333333333339
EUW1_7717022321,100,1,1.0
EUW1_7717022321,200,0,-1.0
EUW1_7717023083,100,0,0.0
EUW1_7717023083,200,1,0.0
EUW1_7717023237,100,1,0.0
EUW1_7717023237,200,0,0.0
EUW1_7717025031,100,1,0.0
EUW1_7717025031,200,0,0.0
EUW1_7717026042,100,0,0.0
EUW1_7717026042,200,1,0.0
EUW1_7717026292,100,1,2.0
EUW1_7717026292,200,0,-2.0
EUW1_7717026616,100,1,0.0
EUW1_7717026616,200,0,0.0
EUW1_7717027642,100,0,0.5
EUW1_7717027642,200,1,-0.5
EUW1_7717028814,100,1,2.0
EUW1_7717028814,200,0,-2.0
EUW1_7717030824,100,1,0.0
EUW1_7717030824,200,0,0.0
EUW1_7717030949,100,1,0.0
EUW1_7717030949,200,0,0.0
EUW1_7717034402,100,1,1.0
EUW1_7717034402,200,0,-1.0
EUW1_7717034636,100,1,1.333333333333334
EUW1_7717034636,200,0,-1.333333333333334
EUW1_7717034743,100,0,-0.5
EUW1_7717034743,200,1,0.5
EUW1_7717034807,100,0,-0.3333333333333339
EUW1_7717034807,200,1,0.3333333333333339
EUW1_7717035897,100,0,0.0
EUW1_7717035897,200,1,0.0
EUW1_7717038946,100,1,0.0
EUW1_7717038946,200,0,0.0
EUW1_7717040512,100,1,0.0
EUW1_7717040512,200,0,0.0
EUW1_7717040564,100,0,0.0
EUW1_7717040564,200,1,0.0
EUW1_7717040604,100,1,0.0
EUW1_7717040604,200,0,0.0
EUW1_7717041603,100,1,0.0
EUW1_7717041603,200,0,0.0
EUW1_7717042208,100,1,1.0
EUW1_7717042208,200,0,-1.0
EUW1_7717042648,100,0,0.0
EUW1_7717042648,200,1,0.0
EUW1_7717043022,100,0,0.0
EUW1_7717043022,200,1,0.0
EUW1_7717043707,100,0,0.0
EUW1_7717043707,200,1,0.0
EUW1_7717043961,100,0,0.0
EUW1_7717043961,200,1,0.0
EUW1_7717044463,100,1,-1.0
EUW1_7717044463,200,0,1.0
EUW1_7717047139,100,1,0.0
EUW1_7717047139,200,0,0.0
EUW1_7717049667,100,0,0.0
EUW1_7717049667,200,1,0.0
EUW1_7717050940,100,0,0.0
EUW1_7717050940,200,1,0.0
EUW1_7717051700,100,1,-2.0
EUW1_7717051700,200,0,2.0
EUW1_7717051988,100,1,0.16666666666666607
EUW1_7717051988,200,0,-0.16666666666666607
EUW1_7717052525,100,1,0.0
EUW1_7717052525,200,0,0.0
EUW1_7717054560,100,0,-1.0
EUW1_7717054560,200,1,1.0
EUW1_7717055395,100,0,0.0
EUW1_7717055395,200,1,0.0
EUW1_7717056794,100,1,-2.0
EUW1_7717056794,200,0,2.0
EUW1_7717057058,100,0,-1.0
EUW1_7717057058,200,1,1.0
EUW1_7717059835,100,0,0.0
EUW1_7717059835,200,1,0.0
EUW1_7717060041,100,1,0.0
EUW1_7717060041,200,0,0.0
EUW1_7717060237,100,0,0.0
EUW1_7717060237,200,1,0.0
EUW1_7717063576,100,1,0.0
EUW1_7717063576,200,0,0.0
EUW1_7717065941,100,1,1.0
EUW1_7717065941,200,0,-1.0
EUW1_7717066165,100,0,-2.0
EUW1_7717066165,200,1,2.0
EUW1_7717066166,100,0,0.0
EUW1_7717066166,200,1,0.0
EUW1_7717066637,100,0,1.0
EUW1_7717066637,200,1,-1.0
EUW1_7717067219,100,0,0.0
EUW1_7717067219,200,1,0.0
EUW1_7717067425,100,0,0.0
EUW1_7717067425,200,1,0.0
EUW1_7717067929,100,1,0.0
EUW1_7717067929,200,0,0.0
EUW1_7717068616,100,1,1.0
EUW1_7717068616,200,0,-1.0
EUW1_7717068841,100,1,0.0
EUW1_7717068841,200,0,0.0
EUW1_7717070567,100,1,0.0
EUW1_7717070567,200,0,0.0
EUW1_7717073180,100,0,-0.5
EUW1_7717073180,200,1,0.5
EUW1_7717075721,100,0,0.8333333333333339
EUW1_7717075721,200,1,-0.8333333333333339
EUW1_7717075962,100,0,1.333333333333334
EUW1_7717075962,200,1,-1.333333333333334
EUW1_7717076026,100,1,0.0
EUW1_7717076026,200,0,0.0
EUW1_7717076254,100,0,0.0
EUW1_7717076254,200,1,0.0
EUW1_7717077574,100,1,0.0
EUW1_7717077574,200,0,0.0
EUW1_7717079941,100,1,-2.0
EUW1_7717079941,200,0,2.0
EUW1_7717080036,100,0,0.0
EUW1_7717080036,200,1,0.0
EUW1_7717080868,100,1,0.0
EUW1_7717080868,200,0,0.0
EUW1_7717083341,100,1,-0.5
EUW1_7717083341,200,0,0.5
EUW1_7717087311,100,0,0.0
EUW1_7717087311,200,1,0.0
EUW1_7717087504,100,0,-2.0
EUW1_7717087504,200,1,2.0
EUW1_7717087792,100,1,0.0
EUW1_7717087792,200,0,0.0
EUW1_7717088387,100,0,0.0
EUW1_7717088387,200,1,0.0
EUW1_7717088596,100,1,0.0
EUW1_7717088596,200,0,0.0
EUW1_7717088896,100,1,0.0
EUW1_7717088896,200,0,0.0
EUW1_7717088981,100,0,0.0
EUW1_7717088981,200,1,0.0
EUW1_7717089451,100,0,0.0
EUW1_7717089451,200,1,0.0
EUW1_7717089593,100,1,0.0
EUW1_7717089593,200,0,0.0
EUW1_7717092021,100,1,-0.6666666666666661
EUW1_7717092021,200,0,0.6666666666666661
EUW1_7717093905,100,0,0.0
EUW1_7717093905,200,1,0.0
EUW1_7717094338,100,0,0.0
EUW1_7717094338,200,1,0.0
EUW1_7717095894,100,0,0.0
EUW1_7717095894,200,1,0.0
EUW1_7717096009,100,0,0.0
EUW1_7717096009,200,1,0.0
EUW1_7717098279,100,0,1.5999999999999996
EUW1_7717098279,200,1,-1.5999999999999996
EUW1_7717099972,100,0,0.5
EUW1_7717099972,200,1,-0.5
EUW1_7717100507,100,1,0.0
EUW1_7717100507,200,0,0.0
EUW1_7717100815,100,0,-1.0
EUW1_7717100815,200,1,1.0
EUW1_7717103097,100,0,1.333333333333334
EUW1_7717103097,200,1,-1.333333333333334
EUW1_7717103145,100,1,0.0
EUW1_7717103145,200,0,0.0
EUW1_7717103783,100,0,0.0
EUW1_7717103783,200,1,0.0
EUW1_7717104219,100,0,0.0
EUW1_7717104219,200,1,0.0
EUW1_7717104438,100,1,0.0
EUW1_7717104438,200,0,0.0
EUW1_7717105374,100,1,0.6666666666666661
EUW1_7717105374,200,0,-0.6666666666666661
EUW1_7717105599,100,1,0.0
EUW1_7717105599,200,0,0.0
EUW1_7717105906,100,0,0.0
EUW1_7717105906,200,1,0.0
EUW1_7717106216,100,0,1.0
EUW1_7717106216,200,1,-1.0
EUW1_7717106539,100,1,0.5
EUW1_7717106539,200,0,-0.5
EUW1_7717106627,100,1,0.0
EUW1_7717106627,200,0,0.0
EUW1_7717108828,100,1,0.0
EUW1_7717108828,200,0,0.0
EUW1_7717108982,100,1,0.0
EUW1_7717108982,200,0,0.0
EUW1_7717110734,100,1,0.0
EUW1_7717110734,200,0,0.0
EUW1_7717112355,100,1,0.0
EUW1_7717112355,200,0,0.0
EUW1_7717112775,100,1,-0.8333333333333339
EUW1_7717112775,200,0,0.8333333333333339
EUW1_7717113728,100,0,0.0
EUW1_7717113728,200,1,0.0
EUW1_7717116248,100,1,2.0
EUW1_7717116248,200,0,-2.0
EUW1_7717116274,100,0,0.0
EUW1_7717116274,200,1,0.0
EUW1_7717116823,100,1,0.0
EUW1_7717116823,200,0,0.0
EUW1_7717119006,100,1,-1.0
EUW1_7717119006,200,0,1.0
EUW1_7717119682,100,0,-1.333333333333334
EUW1_7717119682,200,1,1.333333333333334
EUW1_7717119797,100,0,0.0
EUW1_7717119797,200,1,0.0
EUW1_7717120093,100,0,0.0
EUW1_7717120093,200,1,0.0
EUW1_7717121861,100,1,0.0
EUW1_7717121861,200,0,0.0
EUW1_7717122308,100,0,0.0
EUW1_7717122308,200,1,0.0
EUW1_7717124455,100,0,0.0
EUW1_7717124455,200,1,0.0
EUW1_7717124857,100,0,0.0
EUW1_7717124857,200,1,0.0
EUW1_7717125547,100,0,-1.0
EUW1_7717125547,200,1,1.0
EUW1_7717126276,100,1,0.3333333333333339
EUW1_7717126276,200,0,-0.3333333333333339
EUW1_7717126851,100,1,1.0
EUW1_7717126851,200,0,-1.0
EUW1_7717127329,100,0,-2.0
EUW1_7717127329,200,1,2.0
EUW1_7717129118,100,1,0.0
EUW1_7717129118,200,0,0.0
EUW1_7717129789,100,1,0.0
EUW1_7717129789,200,0,0.0
EUW1_7717130442,100,0,0.0
EUW1_7717130442,200,1,0.0
EUW1_7717134066,100,0,-2.0
EUW1_7717134066,200,1,2.0
EUW1_7717134879,100,1,-1.0
EUW1_7717134879,200,0,1.0
EUW1_7717136005,100,0,0.0
EUW1_7717136005,200,1,0.0
EUW1_7717140078,100,0,0.0
EUW1_7717140078,200,1,0.0
EUW1_7717140818,100,1,1.333333333333334
EUW1_7717140818,200,0,-1.333333333333334
EUW1_7717141103,100,1,0.0
EUW1_7717141103,200,0,0.0
EUW1_7717141199,100,1,0.0
EUW1_7717141199,200,0,0.0
EUW1_7717142305,100,0,0.0
EUW1_7717142305,200,1,0.0
EUW1_7717142491,100,0,0.0
EUW1_7717142491,200,1,0.0
EUW1_7717147484,100,1,0.0
EUW1_7717147484,200,0,0.0
EUW1_7717148401,100,0,0.0
EUW1_7717148401,200,1,0.0
EUW1_7717148984,100,1,0.0
EUW1_7717148984,200,0,0.0
EUW1_7717151456,100,1,0.0
EUW1_7717151456,200,0,0.0
EUW1_7717152520,100,1,1.333333333333334
EUW1_7717152520,200,0,-1.333333333333334
EUW1_7717156155,100,0,0.6666666666666679
EUW1_7717156155,200,1,-0.6666666666666679
EUW1_7717157298,100,1,0.0
EUW1_7717157298,200,0,0.0
EUW1_7717159531,100,0,-1.0
EUW1_7717159531,200,1,1.0
EUW1_7717160242,100,0,0.0
EUW1_7717160242,200,1,0.0
EUW1_7717160709,100,0,0.0
EUW1_7717160709,200,1,0.0
EUW1_7717160961,100,0,0.0
EUW1_7717160961,200,1,0.0
EUW1_7717161090,100,0,0.0
EUW1_7717161090,200,1,0.0
EUW1_7717162505,100,0,0.0
EUW1_7717162505,200,1,0.0
EUW1_7717163268,100,1,1.0
EUW1_7717163268,200,0,-1.0
EUW1_7717163374,100,0,0.0
EUW1_7717163374,200,1,0.0
EUW1_7717164378,100,0,0.0
EUW1_7717164378,200,1,0.0
EUW1_7717164446,100,1,0.5
EUW1_7717164446,200,0,-0.5
EUW1_7717166728,100,0,2.0
EUW1_7717166728,200,1,-2.0
EUW1_7717167941,100,0,0.3333333333333339
EUW1_7717167941,200,1,-0.3333333333333339
EUW1_7717168377,100,1,0.0
EUW1_7717168377,200,0,0.0
EUW1_7717169345,100,1,0.0
EUW1_7717169345,200,0,0.0
EUW1_7717170466,100,0,0.0
EUW1_7717170466,200,1,0.0
EUW1_7717172731,100,1,2.0
EUW1_7717172731,200,0,-2.0
EUW1_7717173125,100,1,0.0
EUW1_7717173125,200,0,0.0
EUW1_7717173300,100,1,1.333333333333334
EUW1_7717173300,200,0,-1.333333333333334
EUW1_7717177897,100,0,0.0
EUW1_7717177897,200,1,0.0
EUW1_7717178192,100,0,-1.0
EUW1_7717178192,200,1,1.0
EUW1_7717178342,100,1,0.0
EUW1_7717178342,200,0,0.0
EUW1_7717180268,100,0,-0.5
EUW1_7717180268,200,1,0.5
EUW1_7717182856,100,0,-0.3333333333333339
EUW1_7717182856,200,1,0.3333333333333339
EUW1_7717183569,100,0,0.0
EUW1_7717183569,200,1,0.0
EUW1_7717184980,100,1,0.0
EUW1_7717184980,200,0,0.0
EUW1_7717187962,100,1,0.0
EUW1_7717187962,200,0,0.0
EUW1_7717189904,100,1,-0.6666666666666661
EUW1_7717189904,200,0,0.6666666666666661
EUW1_7717190237,100,0,0.0
EUW1_7717190237,200,1,0.0
EUW1_7717190506,100,1,0.0
EUW1_7717190506,200,0,0.0
EUW1_7717190703,100,0,-0.6666666666666661
EUW1_7717190703,200,1,0.6666666666666661
EUW1_7717193913,100,0,0.3333333333333339
EUW1_7717193913,200,1,-0.3333333333333339
EUW1_7717195399,100,0,0.0
EUW1_7717195399,200,1,0.0
EUW1_7717200633,100,0,1.0
EUW1_7717200633,200,1,-1.0
EUW1_7717202268,100,1,0.0
EUW1_7717202268,200,0,0.0
EUW1_7717202392,100,0,0.0
EUW1_7717202392,200,1,0.0
EUW1_7717202448,100,0,1.333333333333334
EUW1_7717202448,200,1,-1.333333333333334
EUW1_7717202941,100,1,1.0
EUW1_7717202941,200,0,-1.0
EUW1_7717204647,100,1,0.0
EUW1_7717204647,200,0,0.0
EUW1_7717205392,100,1,0.0
EUW1_7717205392,200,0,0.0
EUW1_7717205610,100,1,0.0
EUW1_7717205610,200,0,0.0
EUW1_7717207650,100,0,0.0
EUW1_7717207650,200,1,0.0
EUW1_7717209357,100,0,-0.6666666666666661
EUW1_7717209357,200,1,0.6666666666666661
EUW1_7717209935,100,0,0.0
EUW1_7717209935,200,1,0.0
EUW1_7717210673,100,0,0.0
EUW1_7717210673,200,1,0.0
EUW1_7717211454,100,1,-1.333333333333334
EUW1_7717211454,200,0,1.333333333333334
EUW1_7717211462,100,0,0.0
EUW1_7717211462,200,1,0.0
EUW1_7717214769,100,1,0.0
EUW1_7717214769,200,0,0.0
EUW1_7717214938,100,0,1.0
EUW1_7717214938,200,1,-1.0
EUW1_7717216050,100,1,0.0
EUW1_7717216050,200,0,0.0
EUW1_7717217986,100,0,0.0
EUW1_7717217986,200,1,0.0
EUW1_7717218741,100,0,0.0
EUW1_7717218741,200,1,0.0
EUW1_7717219844,100,1,0.0
EUW1_7717219844,200,0,0.0
EUW1_7717220007,100,0,0.0
EUW1_7717220007,200,1,0.0
EUW1_7717223079,100,0,-0.16666666666666607
EUW1_7717223079,200,1,0.16666666666666607
EUW1_7717224214,100,0,-0.6666666666666661
EUW1_7717224214,200,1,0.6666666666666661
EUW1_7717225933,100,0,0.0
EUW1_7717225933,200,1,0.0
EUW1_7717227255,100,1,-1.0
EUW1_7717227255,200,0,1.0
EUW1_7717227858,100,1,0.0
EUW1_7717227858,200,0,0.0
EUW1_7717227880,100,1,1.0
EUW1_7717227880,200,0,-1.0
EUW1_7717228262,100,0,0.0
EUW1_7717228262,200,1,0.0
EUW1_7717230259,100,0,0.0
EUW1_7717230259,200,1,0.0
EUW1_7717230805,100,0,0.0
EUW1_7717230805,200,1,0.0
EUW1_7717231873,100,1,0.0
EUW1_7717231873,200,0,0.0
EUW1_7717232071,100,0,0.0
EUW1_7717232071,200,1,0.0
EUW1_7717232367,100,0,-0.6666666666666679
EUW1_7717232367,200,1,0.6666666666666679
EUW1_7717236454,100,1,-0.5
EUW1_7717236454,200,0,0.5
EUW1_7717237214,100,0,-1.0
EUW1_7717237214,200,1,1.0
EUW1_7717241542,100,1,-1.0
EUW1_7717241542,200,0,1.0
EUW1_7717241954,100,1,0.0
EUW1_7717241954,200,0,0.0
EUW1_7717243225,100,1,0.0
EUW1_7717243225,200,0,0.0
EUW1_7717243930,100,1,-0.5999999999999996
EUW1_7717243930,200,0,0.5999999999999996
EUW1_7717244328,100,1,0.8333333333333339
EUW1_7717244328,200,0,-0.8333333333333339
EUW1_7717244351,100,1,0.0
EUW1_7717244351,200,0,0.0
EUW1_7717247280,100,0,0.6666666666666661
EUW1_7717247280,200,1,-0.6666666666666661
EUW1_7717250193,100,1,0.0
EUW1_7717250193,200,0,0.0
EUW1_7717250998,100,1,0.0
EUW1_7717250998,200,0,0.0
EUW1_7717251222,100,1,0.0
EUW1_7717251222,200,0,0.0
EUW1_7717251979,100,0,2.0
EUW1_7717251979,200,1,-2.0
EUW1_7717253077,100,0,0.0
EUW1_7717253077,200,1,0.0
EUW1_7717254863,100,0,0.0
EUW1_7717254863,200,1,0.0
EUW1_7717255302,100,1,0.0
EUW1_7717255302,200,0,0.0
EUW1_7717255614,100,1,0.0
EUW1_7717255614,200,0,0.0
EUW1_7717256386,100,1,0.0
EUW1_7717256386,200,0,0.0
EUW1_7717256491,100,1,-0.16666666666666607
EUW1_7717256491,200,0,0.16666666666666607
EUW1_7717256819,100,1,0.0
EUW1_7717256819,200,0,0.0
EUW1_7717257443,100,0,-0.8333333333333339
EUW1_7717257443,200,1,0.8333333333333339
EUW1_7717257864,100,0,0.0
EUW1_7717257864,200,1,0.0
EUW1_7717259757,100,1,0.0
EUW1_7717259757,200,0,0.0
EUW1_7717261546,100,0,-0.6666666666666661
EUW1_7717261546,200,1,0.6666666666666661
EUW1_7717261990,100,1,0.0
EUW1_7717261990,200,0,0.0
EUW1_7717262437,100,1,0.0
EUW1_7717262437,200,0,0.0
EUW1_7717262605,100,0,-1.333333333333334
EUW1_7717262605,200,1,1.333333333333334
EUW1_7717263792,100,0,-1.1999999999999993
EUW1_7717263792,200,1,1.1999999999999993
EUW1_7717264149,100,0,-0.1999999999999993
EUW1_7717264149,200,1,0.1999999999999993
EUW1_7717269333,100,0,-0.2666666666666657
EUW1_7717269333,200,1,0.2666666666666657
EUW1_7717270440,100,0,0.0
EUW1_7717270440,200,1,0.0
EUW1_7717271605,100,0,0.0
EUW1_7717271605,200,1,0.0
EUW1_7717272050,100,0,-0.16666666666666607
EUW1_7717272050,200,1,0.16666666666666607
EUW1_7717273179,100,1,0.0
EUW1_7717273179,200,0,0.0
EUW1_7717274500,100,0,0.0
EUW1_7717274500,200,1,0.0
EUW1_7717274653,100,1,0.0
EUW1_7717274653,200,0,0.0
EUW1_7717274745,100,0,1.333333333333334
EUW1_7717274745,200,1,-1.333333333333334
EUW1_7717275190,100,0,0.0
EUW1_7717275190,200,1,0.0
EUW1_7717275469,100,0,0.0
EUW1_7717275469,200,1,0.0
EUW1_7717276050,100,1,0.0
EUW1_7717276050,200,0,0.0
EUW1_7717276360,100,1,0.0
EUW1_7717276360,200,0,0.0
EUW1_7717278496,100,0,-0.5
EUW1_7717278496,200,1,0.5
EUW1_7717278916,100,1,0.3333333333333339
EUW1_7717278916,200,0,-0.3333333333333339
EUW1_7717280734,100,1,1.0
EUW1_7717280734,200,0,-1.0
EUW1_7717281757,100,0,0.0
EUW1_7717281757,200,1,0.0
EUW1_7717282324,100,0,0.0
EUW1_7717282324,200,1,0.0
EUW1_7717283086,100,1,-0.5999999999999996
EUW1_7717283086,200,0,0.5999999999999996
EUW1_7717284586,100,1,0.3333333333333339
EUW1_7717284586,200,0,-0.3333333333333339
EUW1_7717285165,100,1,0.0
EUW1_7717285165,200,0,0.0
EUW1_7717286785,100,1,0.6666666666666661
EUW1_7717286785,200,0,-0.6666666666666661
EUW1_7717287478,100,1,0.0
EUW1_7717287478,200,0,0.0
EUW1_7717288009,100,0,0.0
EUW1_7717288009,200,1,0.0
EUW1_7717288967,100,0,0.6666666666666661
EUW1_7717288967,200,1,-0.6666666666666661
EUW1_7717291488,100,1,0.0
EUW1_7717291488,200,0,0.0
EUW1_7717291553,100,0,0.0
EUW1_7717291553,200,1,0.0
EUW1_7717291969,100,1,-0.1999999999999993
EUW1_7717291969,200,0,0.1999999999999993
EUW1_7717293702,100,0,-1.0
EUW1_7717293702,200,1,1.0
EUW1_7717294343,100,1,0.0
EUW1_7717294343,200,0,0.0
EUW1_7717294903,100,1,0.0
EUW1_7717294903,200,0,0.0
EUW1_7717295708,100,1,0.0
EUW1_7717295708,200,0,0.0
EUW1_7717296065,100,1,0.0
EUW1_7717296065,200,0,0.0
EUW1_7717297596,100,0,-0.8000000000000007
EUW1_7717297596,200,1,0.8000000000000007
EUW1_7717298372,100,1,0.0
EUW1_7717298372,200,0,0.0
EUW1_7717300563,100,0,0.0
EUW1_7717300563,200,1,0.0
EUW1_7717300702,100,0,0.0
EUW1_7717300702,200,1,0.0
EUW1_7717300965,100,0,0.0
EUW1_7717300965,200,1,0.0
EUW1_7717301056,100,1,0.3333333333333339
EUW1_7717301056,200,0,-0.3333333333333339
EUW1_7717301565,100,1,-1.0
EUW1_7717301565,200,0,1.0
EUW1_7717302060,100,0,0.0
EUW1_7717302060,200,1,0.0
EUW1_7717302537,100,1,0.0
EUW1_7717302537,200,0,0.0
EUW1_7717302833,100,1,0.0
EUW1_7717302833,200,0,0.0
EUW1_7717303818,100,1,0.0
EUW1_7717303818,200,0,0.0
EUW1_7717304245,100,1,0.0
EUW1_7717304245,200,0,0.0
EUW1_7717304363,100,1,-1.333333333333334
EUW1_7717304363,200,0,1.333333333333334
EUW1_7717304833,100,1,2.0
EUW1_7717304833,200,0,-2.0
EUW1_7717306046,100,0,0.5999999999999996
EUW1_7717306046,200,1,-0.5999999999999996
EUW1_7717306909,100,0,-0.5
EUW1_7717306909,200,1,0.5
EUW1_7717307475,100,1,0.0
EUW1_7717307475,200,0,0.0
EUW1_7717307984,100,0,0.0
EUW1_7717307984,200,1,0.0
EUW1_7717308329,100,0,0.0
EUW1_7717308329,200,1,0.0
EUW1_7717309008,100,0,0.0
EUW1_7717309008,200,1,0.0
EUW1_7717309747,100,1,0.0
EUW1_7717309747,200,0,0.0
EUW1_7717311188,100,1,0.0
EUW1_7717311188,200,0,0.0
EUW1_7717311545,100,0,0.0
EUW1_7717311545,200,1,0.0
EUW1_7717312883,100,0,-0.16666666666666607
EUW1_7717312883,200,1,0.16666666666666607
EUW1_7717313340,100,0,0.0
EUW1_7717313340,200,1,0.0
EUW1_7717314138,100,1,0.0
EUW1_7717314138,200,0,0.0
EUW1_7717314266,100,1,0.6666666666666661
EUW1_7717314266,200,0,-0.6666666666666661
EUW1_7717314593,100,0,0.0
EUW1_7717314593,200,1,0.0
EUW1_7717316737,100,0,0.0
EUW1_7717316737,200,1,0.0
EUW1_7717317036,100,1,0.0
EUW1_7717317036,200,0,0.0
EUW1_7717317198,100,0,-1.0
EUW1_7717317198,200,1,1.0
EUW1_7717317936,100,0,0.0
EUW1_7717317936,200,1,0.0
EUW1_7717319284,100,0,0.0
EUW1_7717319284,200,1,0.0
EUW1_7717319948,100,0,-1.333333333333334
EUW1_7717319948,200,1,1.333333333333334
EUW1_7717321108,100,0,0.0
EUW1_7717321108,200,1,0.0
EUW1_7717322322,100,0,0.0
EUW1_7717322322,200,1,0.0
EUW1_7717324646,100,0,-0.5
EUW1_7717324646,200,1,0.5
EUW1_7717326870,100,1,0.0
EUW1_7717326870,200,0,0.0
EUW1_7717327049,100,1,0.0
EUW1_7717327049,200,0,0.0
EUW1_7717327411,100,0,0.0
EUW1_7717327411,200,1,0.0
EUW1_7717327900,100,1,0.5
EUW1_7717327900,200,0,-0.5
EUW1_7717327953,100,1,0.0
EUW1_7717327953,200,0,0.0
EUW1_7717328647,100,0,0.0
EUW1_7717328647,200,1,0.0
EUW1_7717328955,100,1,1.333333333333334
EUW1_7717328955,200,0,-1.333333333333334
EUW1_7717329408,100,1,0.0
EUW1_7717329408,200,0,0.0
EUW1_7717329660,100,1,0.0
EUW1_7717329660,200,0,0.0
EUW1_7717330166,100,1,0.0
EUW1_7717330166,200,0,0.0
EUW1_7717330417,100,1,0.0
EUW1_7717330417,200,0,0.0
EUW1_7717335704,100,0,0.5
EUW1_7717335704,200,1,-0.5
EUW1_7717335914,100,1,0.0
EUW1_7717335914,200,0,0.0
EUW1_7717337811,100,1,0.0
EUW1_7717337811,200,0,0.0
EUW1_7717339929,100,0,0.0
EUW1_7717339929,200,1,0.0
EUW1_7717340634,100,1,-2.0
EUW1_7717340634,200,0,2.0
EUW1_7717341146,100,0,0.0
EUW1_7717341146,200,1,0.0
EUW1_7717341871,100,1,0.6666666666666661
EUW1_7717341871,200,0,-0.6666666666666661
EUW1_7717342106,100,1,0.0
EUW1_7717342106,200,0,0.0
EUW1_7717342349,100,1,0.0
EUW1_7717342349,200,0,0.0
EUW1_7717342802,100,0,0.0
EUW1_7717342802,200,1,0.0
EUW1_7717347230,100,1,1.333333333333334
EUW1_7717347230,200,0,-1.333333333333334
EUW1_7717347506,100,1,0.40000000000000036
EUW1_7717347506,200,0,-0.40000000000000036
EUW1_7717347798,100,0,1.0
EUW1_7717347798,200,1,-1.0
EUW1_7717347964,100,1,0.0
EUW1_7717347964,200,0,0.0
EUW1_7717352299,100,0,0.0
EUW1_7717352299,200,1,0.0
EUW1_7717352621,100,1,0.0
EUW1_7717352621,200,0,0.0
EUW1_7717352649,100,1,0.6666666666666661
EUW1_7717352649,200,0,-0.6666666666666661
EUW1_7717352995,100,0,0.0
EUW1_7717352995,200,1,0.0
EUW1_7717353587,100,1,0.0
EUW1_7717353587,200,0,0.0
EUW1_7717354052,100,1,0.0
EUW1_7717354052,200,0,0.0
EUW1_7717354540,100,1,0.0
EUW1_7717354540,200,0,0.0
EUW1_7717354764,100,0,-0.1999999999999993
EUW1_7717354764,200,1,0.1999999999999993
EUW1_7717355909,100,0,0.0
EUW1_7717355909,200,1,0.0
EUW1_7717356205,100,0,1.0
EUW1_7717356205,200,1,-1.0
EUW1_7717356778,100,1,0.0
EUW1_7717356778,200,0,0.0
EUW1_7717358083,100,0,0.0
EUW1_7717358083,200,1,0.0
EUW1_7717358672,100,1,0.0
EUW1_7717358672,200,0,0.0
EUW1_7717361292,100,0,0.0
EUW1_7717361292,200,1,0.0
EUW1_7717361633,100,1,0.0
EUW1_7717361633,200,0,0.0
EUW1_7717362060,100,0,0.0
EUW1_7717362060,200,1,0.0
EUW1_7717362323,100,1,1.0
EUW1_7717362323,200,0,-1.0
EUW1_7717363253,100,0,0.0
EUW1_7717363253,200,1,0.0
EUW1_7717363383,100,1,0.5
EUW1_7717363383,200,0,-0.5
EUW1_7717364755,100,1,0.6666666666666679
EUW1_7717364755,200,0,-0.6666666666666679
EUW1_7717365752,100,0,0.0
EUW1_7717365752,200,1,0.0
EUW1_7717366347,100,1,0.0
EUW1_7717366347,200,0,0.0
EUW1_7717366483,100,0,0.0
EUW1_7717366483,200,1,0.0
EUW1_7717367088,100,0,1.0
EUW1_7717367088,200,1,-1.0
EUW1_7717370559,100,1,0.0
EUW1_7717370559,200,0,0.0
EUW1_7717370813,100,0,-1.333333333333334
EUW1_7717370813,200,1,1.333333333333334
EUW1_7717371373,100,0,0.0
EUW1_7717371373,200,1,0.0
EUW1_7717372691,100,0,0.0
EUW1_7717372691,200,1,0.0
EUW1_7717374143,100,1,0.0
EUW1_7717374143,200,0,0.0
EUW1_7717374359,100,1,-2.0
EUW1_7717374359,200,0,2.0
EUW1_7717374665,100,1,0.0
EUW1_7717374665,200,0,0.0
EUW1_7717374967,100,1,1.0
EUW1_7717374967,200,0,-1.0
EUW1_7717376458,100,0,0.0
EUW1_7717376458,200,1,0.0
EUW1_7717376478,100,0,0.0
EUW1_7717376478,200,1,0.0
EUW1_7717376601,100,1,0.0
EUW1_7717376601,200,0,0.0
EUW1_7717377136,100,0,0.0
EUW1_7717377136,200,1,0.0
EUW1_7717377311,100,1,0.0
EUW1_7717377311,200,0,0.0
EUW1_7717378493,100,0,0.0
EUW1_7717378493,200,1,0.0
EUW1_7717379067,100,1,-0.3333333333333339
EUW1_7717379067,200,0,0.3333333333333339
EUW1_7717379165,100,1,0.0
EUW1_7717379165,200,0,0.0
EUW1_7717379345,100,0,-0.7999999999999989
EUW1_7717379345,200,1,0.7999999999999989
EUW1_7717379462,100,1,1.0
EUW1_7717379462,200,0,-1.0
EUW1_7717380583,100,0,0.0
EUW1_7717380583,200,1,0.0
EUW1_7717382583,100,0,0.5999999999999996
EUW1_7717382583,200,1,-0.5999999999999996
EUW1_7717382811,100,1,-0.5999999999999996
EUW1_7717382811,200,0,0.5999999999999996
EUW1_7717385153,100,0,-0.5
EUW1_7717385153,200,1,0.5
EUW1_7717385160,100,1,0.0
EUW1_7717385160,200,0,0.0
EUW1_7717385999,100,1,0.0
EUW1_7717385999,200,0,0.0
EUW1_7717387652,100,0,0.0
EUW1_7717387652,200,1,0.0
EUW1_7717388461,100,1,0.0
EUW1_7717388461,200,0,0.0
EUW1_7717388852,100,0,0.0
EUW1_7717388852,200,1,0.0
EUW1_7717389165,100,0,0.0
EUW1_7717389165,200,1,0.0
EUW1_7717392386,100,1,0.0
EUW1_7717392386,200,0,0.0
EUW1_7717392552,100,0,-0.5
EUW1_7717392552,200,1,0.5
EUW1_7717392958,100,0,-2.0
EUW1_7717392958,200,1,2.0
EUW1_7717394171,100,0,-0.3000000000000007
EUW1_7717394171,200,1,0.3000000000000007
EUW1_7717394860,100,1,0.0
EUW1_7717394860,200,0,0.0
EUW1_7717396340,100,0,1.0
EUW1_7717396340,200,1,-1.0
EUW1_7717396672,100,1,0.0
EUW1_7717396672,200,0,0.0
EUW1_7717396964,100,0,0.0
EUW1_7717396964,200,1,0.0
EUW1_7717397281,100,1,0.0
EUW1_7717397281,200,0,0.0
EUW1_7717399124,100,0,-0.3333333333333339
EUW1_7717399124,200,1,0.3333333333333339
EUW1_7717401686,100,0,1.0
EUW1_7717401686,200,1,-1.0
EUW1_7717402257,100,0,0.16666666666666607
EUW1_7717402257,200,1,-0.16666666666666607
EUW1_7717404078,100,1,0.6666666666666661
EUW1_7717404078,200,0,-0.6666666666666661
EUW1_7717404324,100,0,0.0
EUW1_7717404324,200,1,0.0
EUW1_7717404373,100,0,0.0
EUW1_7717404373,200,1,0.0
EUW1_7717408337,100,1,0.0
EUW1_7717408337,200,0,0.0
EUW1_7717409304,100,0,1.0
EUW1_7717409304,200,1,-1.0
EUW1_7717410475,100,0,0.0
EUW1_7717410475,200,1,0.0
EUW1_7717410591,100,1,0.0
EUW1_7717410591,200,0,0.0
EUW1_7717410617,100,0,0.0
EUW1_7717410617,200,1,0.0
EUW1_7717412757,100,1,0.0
EUW1_7717412757,200,0,0.0
EUW1_7717413701,100,0,0.0
EUW1_7717413701,200,1,0.0
EUW1_7717413878,100,1,1.0
EUW1_7717413878,200,0,-1.0
EUW1_7717414845,100,1,-1.0
EUW1_7717414845,200,0,1.0
EUW1_7717415097,100,0,0.0
EUW1_7717415097,200,1,0.0
EUW1_7717417686,100,1,0.0
EUW1_7717417686,200,0,0.0
EUW1_7717417900,100,0,-0.5
EUW1_7717417900,200,1,0.5
EUW1_7717419009,100,1,-0.16666666666666607
EUW1_7717419009,200,0,0.16666666666666607
EUW1_7717420297,100,1,0.0
EUW1_7717420297,200,0,0.0
EUW1_7717421517,100,1,0.0
EUW1_7717421517,200,0,0.0
EUW1_7717424233,100,0,0.0
EUW1_7717424233,200,1,0.0
EUW1_7717424913,100,0,-1.0
EUW1_7717424913,200,1,1.0
EUW1_7717425186,100,0,0.0
EUW1_7717425186,200,1,0.0
EUW1_7717426401,100,0,0.0
EUW1_7717426401,200,1,0.0
EUW1_7717426500,100,0,0.0
EUW1_7717426500,200,1,0.0
EUW1_7717427049,100,0,-0.5
EUW1_7717427049,200,1,0.5
EUW1_7717428458,100,1,0.0
EUW1_7717428458,200,0,0.0
EUW1_7717430187,100,0,-0.6999999999999993
EUW1_7717430187,200,1,0.6999999999999993
EUW1_7717430383,100,0,0.6666666666666679
EUW1_7717430383,200,1,-0.6666666666666679
EUW1_7717432013,100,0,0.0
EUW1_7717432013,200,1,0.0
EUW1_7717432606,100,0,0.0
EUW1_7717432606,200,1,0.0
EUW1_7717432695,100,0,0.0
EUW1_7717432695,200,1,0.0
EUW1_7717434038,100,1,0.0
EUW1_7717434038,200,0,0.0
EUW1_7717435086,100,0,-1.0
EUW1_7717435086,200,1,1.0
EUW1_7717435605,100,1,-0.6666666666666661
EUW1_7717435605,200,0,0.6666666666666661
EUW1_7717436243,100,0,0.0
EUW1_7717436243,200,1,0.0
EUW1_7717436881,100,1,0.0
EUW1_7717436881,200,0,0.0
EUW1_7717437467,100,1,-0.6666666666666661
EUW1_7717437467,200,0,0.6666666666666661
EUW1_7717438933,100,0,0.0
EUW1_7717438933,200,1,0.0
EUW1_7717439569,100,0,0.0
EUW1_7717439569,200,1,0.0
EUW1_7717442265,100,1,0.0
EUW1_7717442265,200,0,0.0
EUW1_7717443727,100,0,0.0
EUW1_7717443727,200,1,0.0
EUW1_7717444029,100,1,1.0
EUW1_7717444029,200,0,-1.0
EUW1_7717444961,100,1,0.0
EUW1_7717444961,200,0,0.0
EUW1_7717445216,100,1,0.0
EUW1_7717445216,200,0,0.0
EUW1_7717445606,100,1,-0.1999999999999993
EUW1_7717445606,200,0,0.1999999999999993
EUW1_7717446412,100,0,0.0
EUW1_7717446412,200,1,0.0
EUW1_7717447214,100,1,0.0
EUW1_7717447214,200,0,0.0
EUW1_7717449333,100,0,0.6666666666666661
EUW1_7717449333,200,1,-0.6666666666666661
EUW1_7717451208,100,0,0.0
EUW1_7717451208,200,1,0.0
EUW1_7717451841,100,1,0.0
EUW1_7717451841,200,0,0.0
EUW1_7717452221,100,0,-0.5
EUW1_7717452221,200,1,0.5
EUW1_7717452723,100,0,0.0
EUW1_7717452723,200,1,0.0
EUW1_7717455534,100,1,0.0
EUW1_7717455534,200,0,0.0
EUW1_7717458051,100,0,-1.333333333333334
EUW1_7717458051,200,1,1.333333333333334
EUW1_7717459196,100,0,0.0
EUW1_7717459196,200,1,0.0
EUW1_7717459767,100,1,-0.5
EUW1_7717459767,200,0,0.5
EUW1_7717460628,100,1,0.0
EUW1_7717460628,200,0,0.0
EUW1_7717461250,100,0,0.0
EUW1_7717461250,200,1,0.0
EUW1_7717461654,100,0,0.0
EUW1_7717461654,200,1,0.0
EUW1_7717462591,100,0,1.0
EUW1_7717462591,200,1,-1.0
EUW1_7717464099,100,0,0.0
EUW1_7717464099,200,1,0.0
EUW1_7717466498,100,0,0.0
EUW1_7717466498,200,1,0.0
EUW1_7717466730,100,0,0.0
EUW1_7717466730,200,1,0.0
EUW1_7717469924,100,1,0.0
EUW1_7717469924,200,0,0.0
EUW1_7717472294,100,0,0.0
EUW1_7717472294,200,1,0.0
EUW1_7717474280,100,1,-0.5
EUW1_7717474280,200,0,0.5
EUW1_7717474488,100,1,2.0
EUW1_7717474488,200,0,-2.0
EUW1_7717476247,100,0,2.0
EUW1_7717476247,200,1,-2.0
EUW1_7717476627,100,1,0.0
EUW1_7717476627,200,0,0.0
EUW1_7717477374,100,0,0.0
EUW1_7717477374,200,1,0.0
EUW1_7717479568,100,1,0.0
EUW1_7717479568,200,0,0.0
EUW1_7717479760,100,0,-1.0
EUW1_7717479760,200,1,1.0
EUW1_7717480419,100,1,0.16666666666666607
EUW1_7717480419,200,0,-0.16666666666666607
EUW1_7717481103,100,0,0.0
EUW1_7717481103,200,1,0.0
EUW1_7717481839,100,0,1.5
EUW1_7717481839,200,1,-1.5
EUW1_7717483931,100,0,0.0
EUW1_7717483931,200,1,0.0
EUW1_7717484346,100,1,0.0
EUW1_7717484346,200,0,0.0
EUW1_7717484820,100,1,0.8333333333333339
EUW1_7717484820,200,0,-0.8333333333333339
EUW1_7717486291,100,0,-0.5
EUW1_7717486291,200,1,0.5
EUW1_7717486361,100,0,0.0
EUW1_7717486361,200,1,0.0
EUW1_7717488349,100,0,1.333333333333334
EUW1_7717488349,200,1,-1.333333333333334
EUW1_7717489569,100,1,-0.16666666666666607
EUW1_7717489569,200,0,0.16666666666666607
EUW1_7717489628,100,0,0.0
EUW1_7717489628,200,1,0.0
EUW1_7717490900,100,1,-2.0
EUW1_7717490900,200,0,2.0
EUW1_7717492390,100,1,0.0
EUW1_7717492390,200,0,0.0
EUW1_7717492552,100,1,0.0
EUW1_7717492552,200,0,0.0
EUW1_7717496270,100,0,0.0
EUW1_7717496270,200,1,0.0
EUW1_7717496773,100,0,0.0
EUW1_7717496773,200,1,0.0
EUW1_7717497695,100,1,0.0
EUW1_7717497695,200,0,0.0
EUW1_7717498373,100,0,1.0
EUW1_7717498373,200,1,-1.0
EUW1_7717499344,100,1,1.0
EUW1_7717499344,200,0,-1.0
EUW1_7717500577,100,1,0.0
EUW1_7717500577,200,0,0.0
EUW1_7717500999,100,1,0.0
EUW1_7717500999,200,0,0.0
EUW1_7717504507,100,0,1.0
EUW1_7717504507,200,1,-1.0
EUW1_7717504710,100,1,0.9333333333333336
EUW1_7717504710,200,0,-0.9333333333333336
EUW1_7717505356,100,1,0.0
EUW1_7717505356,200,0,0.0
EUW1_7717505985,100,0,-2.0
EUW1_7717505985,200,1,2.0
EUW1_7717507570,100,1,0.6666666666666661
EUW1_7717507570,200,0,-0.6666666666666661
EUW1_7717509820,100,0,-0.6666666666666661
EUW1_7717509820,200,1,0.6666666666666661
EUW1_7717512619,100,1,0.0
EUW1_7717512619,200,0,0.0
EUW1_7717512938,100,0,0.6666666666666661
EUW1_7717512938,200,1,-0.6666666666666661
EUW1_7717514108,100,1,0.0
EUW1_7717514108,200,0,0.0
EUW1_7717514845,100,1,1.0
EUW1_7717514845,200,0,-1.0
EUW1_7717515306,100,1,0.3333333333333339
EUW1_7717515306,200,0,-0.3333333333333339
EUW1_7717515516,100,1,0.0
EUW1_7717515516,200,0,0.0
EUW1_7717515818,100,0,0.0
EUW1_7717515818,200,1,0.0
EUW1_7717516806,100,0,-0.6666666666666661
EUW1_7717516806,200,1,0.6666666666666661
EUW1_7717517139,100,1,0.0
EUW1_7717517139,200,0,0.0
EUW1_7717520456,100,1,0.0
EUW1_7717520456,200,0,0.0
EUW1_7717520808,100,1,0.0
EUW1_7717520808,200,0,0.0
EUW1_7717520929,100,1,0.0
EUW1_7717520929,200,0,0.0
EUW1_7717521198,100,1,-0.3333333333333339
EUW1_7717521198,200,0,0.3333333333333339
EUW1_7717521329,100,1,0.0
EUW1_7717521329,200,0,0.0
EUW1_7717521462,100,0,-0.1999999999999993
EUW1_7717521462,200,1,0.1999999999999993
EUW1_7717522013,100,1,0.0
EUW1_7717522013,200,0,0.0
EUW1_7717522454,100,0,0.0
EUW1_7717522454,200,1,0.0
EUW1_7717522633,100,1,0.0
EUW1_7717522633,200,0,0.0
EUW1_7717522683,100,1,0.0
EUW1_7717522683,200,0,0.0
EUW1_7717524936,100,0,2.0
EUW1_7717524936,200,1,-2.0
EUW1_7717526766,100,1,0.0
EUW1_7717526766,200,0,0.0
EUW1_7717527014,100,1,0.0
EUW1_7717527014,200,0,0.0
EUW1_7717527398,100,0,0.0
EUW1_7717527398,200,1,0.0
EUW1_7717528152,100,0,-1.0
EUW1_7717528152,200,1,1.0
EUW1_7717528261,100,1,0.0
EUW1_7717528261,200,0,0.0
EUW1_7717528548,100,1,0.0
EUW1_7717528548,200,0,0.0
EUW1_7717531531,100,1,-2.0
EUW1_7717531531,200,0,2.0
EUW1_7717534070,100,1,0.0
EUW1_7717534070,200,0,0.0
EUW1_7717534770,100,0,2.0
EUW1_7717534770,200,1,-2.0
EUW1_7717535194,100,0,0.0
EUW1_7717535194,200,1,0.0
EUW1_7717535304,100,0,0.0
EUW1_7717535304,200,1,0.0
EUW1_7717537825,100,1,-0.3333333333333339
EUW1_7717537825,200,0,0.3333333333333339
EUW1_7717538803,100,0,0.0
EUW1_7717538803,200,1,0.0
EUW1_7717540014,100,1,0.0
EUW1_7717540014,200,0,0.0
EUW1_7717541304,100,0,0.0
EUW1_7717541304,200,1,0.0
EUW1_7717541580,100,0,0.0
EUW1_7717541580,200,1,0.0
EUW1_7717541713,100,1,0.0
EUW1_7717541713,200,0,0.0
EUW1_7717541882,100,0,-1.0
EUW1_7717541882,200,1,1.0
EUW1_7717542233,100,0,-1.0
EUW1_7717542233,200,1,1.0
EUW1_7717542746,100,1,0.0
EUW1_7717542746,200,0,0.0
EUW1_7717543716,100,1,0.0
EUW1_7717543716,200,0,0.0
EUW1_7717544493,100,1,0.0
EUW1_7717544493,200,0,0.0
EUW1_7717545544,100,0,0.0
EUW1_7717545544,200,1,0.0
EUW1_7717545756,100,0,0.0
EUW1_7717545756,200,1,0.0
EUW1_7717546390,100,0,0.3333333333333339
EUW1_7717546390,200,1,-0.3333333333333339
EUW1_7717547446,100,0,0.0
EUW1_7717547446,200,1,0.0
EUW1_7717547723,100,1,0.0
EUW1_7717547723,200,0,0.0
EUW1_7717547809,100,1,2.0
EUW1_7717547809,200,0,-2.0
EUW1_7717552045,100,0,2.0
EUW1_7717552045,200,1,-2.0
EUW1_7717552721,100,1,0.0
EUW1_7717552721,200,0,0.0
EUW1_7717552828,100,0,0.0
EUW1_7717552828,200,1,0.0
EUW1_7717553066,100,0,0.0
EUW1_7717553066,200,1,0.0
EUW1_7717554175,100,1,0.0
EUW1_7717554175,200,0,0.0
EUW1_7717556015,100,1,0.0
EUW1_7717556015,200,0,0.0
EUW1_7717556234,100,1,-0.6666666666666661
EUW1_7717556234,200,0,0.6666666666666661
EUW1_7717557956,100,1,0.0
EUW1_7717557956,200,0,0.0
EUW1_7717558223,100,0,2.0
EUW1_7717558223,200,1,-2.0
EUW1_7717559124,100,1,-0.16666666666666607
EUW1_7717559124,200,0,0.16666666666666607
EUW1_7717559919,100,0,-0.09999999999999964
EUW1_7717559919,200,1,0.09999999999999964
EUW1_7717560442,100,0,0.0
EUW1_7717560442,200,1,0.0
EUW1_7717562082,100,0,-2.0
EUW1_7717562082,200,1,2.0
EUW1_7717562220,100,1,0.0
EUW1_7717562220,200,0,0.0
EUW1_7717563569,100,1,0.0
EUW1_7717563569,200,0,0.0
EUW1_7717566139,100,1,0.0
EUW1_7717566139,200,0,0.0
EUW1_7717566407,100,0,0.0
EUW1_7717566407,200,1,0.0
EUW1_7717568127,100,0,1.0
EUW1_7717568127,200,1,-1.0
EUW1_7717570681,100,0,-1.0
EUW1_7717570681,200,1,1.0
EUW1_7717571195,100,1,0.0
EUW1_7717571195,200,0,0.0
EUW1_7717573200,100,0,0.0
EUW1_7717573200,200,1,0.0
EUW1_7717573638,100,1,-1.333333333333334
EUW1_7717573638,200,0,1.333333333333334
EUW1_7717575307,100,0,0.0
EUW1_7717575307,200,1,0.0
EUW1_7717575793,100,1,2.0
EUW1_7717575793,200,0,-2.0
EUW1_7717576471,100,1,-0.3333333333333339
EUW1_7717576471,200,0,0.3333333333333339
EUW1_7717577617,100,0,0.0
EUW1_7717577617,200,1,0.0
EUW1_7717578321,100,0,0.0
EUW1_7717578321,200,1,0.0
EUW1_7717581240,100,0,0.0
EUW1_7717581240,200,1,0.0
EUW1_7717583096,100,1,0.0
EUW1_7717583096,200,0,0.0
EUW1_7717585026,100,1,1.0
EUW1_7717585026,200,0,-1.0
EUW1_7717585210,100,1,0.0
EUW1_7717585210,200,0,0.0
EUW1_7717585320,100,0,0.0
EUW1_7717585320,200,1,0.0
EUW1_7717585672,100,1,-1.0
EUW1_7717585672,200,0,1.0
EUW1_7717590633,100,1,0.0
EUW1_7717590633,200,0,0.0
EUW1_7717590956,100,0,0.0
EUW1_7717590956,200,1,0.0
EUW1_7717593280,100,1,0.0
EUW1_7717593280,200,0,0.0
EUW1_7717593565,100,1,0.3333333333333339
EUW1_7717593565,200,0,-0.3333333333333339
EUW1_7717598274,100,1,0.0
EUW1_7717598274,200,0,0.0
EUW1_7717599021,100,0,0.0
EUW1_7717599021,200,1,0.0
EUW1_7717599067,100,0,0.0
EUW1_7717599067,200,1,0.0
EUW1_7717599302,100,0,-1.333333333333334
EUW1_7717599302,200,1,1.333333333333334
EUW1_7717599474,100,1,-0.5
EUW1_7717599474,200,0,0.5
EUW1_7717599894,100,1,0.0
EUW1_7717599894,200,0,0.0
EUW1_7717600365,100,1,-1.0
EUW1_7717600365,200,0,1.0
EUW1_7717600675,100,1,0.0
EUW1_7717600675,200,0,0.0
EUW1_7717600997,100,1,-2.0
EUW1_7717600997,200,0,2.0
EUW1_7717604450,100,1,-0.5
EUW1_7717604450,200,0,0.5
EUW1_7717605449,100,0,0.0
EUW1_7717605449,200,1,0.0
EUW1_7717608618,100,0,0.0
EUW1_7717608618,200,1,0.0
EUW1_7717610656,100,0,0.5
EUW1_7717610656,200,1,-0.5
EUW1_7717611391,100,0,0.0
EUW1_7717611391,200,1,0.0
EUW1_7717611830,100,0,0.0
EUW1_7717611830,200,1,0.0
EUW1_7717612050,100,1,-0.6666666666666679
EUW1_7717612050,200,0,0.6666666666666679
EUW1_7717614404,100,1,0.0
EUW1_7717614404,200,0,0.0
EUW1_7717614486,100,1,0.0
EUW1_7717614486,200,0,0.0
EUW1_7717615174,100,0,0.0
EUW1_7717615174,200,1,0.0
EUW1_7717616050,100,0,0.0
EUW1_7717616050,200,1,0.0
EUW1_7717616691,100,1,0.0
EUW1_7717616691,200,0,0.0
EUW1_7717618100,100,0,-0.3333333333333339
EUW1_7717618100,200,1,0.3333333333333339
EUW1_7717620485,100,1,1.0
EUW1_7717620485,200,0,-1.0
EUW1_7717620867,100,1,-0.2666666666666657
EUW1_7717620867,200,0,0.2666666666666657
EUW1_7717623445,100,1,0.0
EUW1_7717623445,200,0,0.0
EUW1_7717624486,100,1,0.5
EUW1_7717624486,200,0,-0.5
EUW1_7717625349,100,1,0.0
EUW1_7717625349,200,0,0.0
EUW1_7717625431,100,0,-2.0
EUW1_7717625431,200,1,2.0
EUW1_7717625758,100,1,0.3333333333333339
EUW1_7717625758,200,0,-0.3333333333333339
EUW1_7717626005,100,0,0.0
EUW1_7717626005,200,1,0.0
EUW1_7717626710,100,0,-1.0
EUW1_7717626710,200,1,1.0
EUW1_7717629460,100,0,0.0
EUW1_7717629460,200,1,0.0
EUW1_7717629661,100,0,0.0
EUW1_7717629661,200,1,0.0
EUW1_7717629963,100,1,0.0
EUW1_7717629963,200,0,0.0
EUW1_7717631370,100,0,0.0
EUW1_7717631370,200,1,0.0
EUW1_7717633257,100,0,0.0
EUW1_7717633257,200,1,0.0
EUW1_7717633651,100,0,0.0
EUW1_7717633651,200,1,0.0
EUW1_7717634934,100,1,1.333333333333334
EUW1_7717634934,200,0,-1.333333333333334
EUW1_7717637917,100,1,0.0
EUW1_7717637917,200,0,0.0
EUW1_7717640380,100,0,0.0
EUW1_7717640380,200,1,0.0
EUW1_7717640565,100,1,0.0
EUW1_7717640565,200,0,0.0
EUW1_7717641880,100,1,0.0
EUW1_7717641880,200,0,0.0
EUW1_7717642035,100,0,0.0
EUW1_7717642035,200,1,0.0
EUW1_7717643164,100,0,0.0
EUW1_7717643164,200,1,0.0
EUW1_7717646579,100,1,0.0
EUW1_7717646579,200,0,0.0
EUW1_7717649283,100,1,0.0
EUW1_7717649283,200,0,0.0
EUW1_7717649802,100,1,0.0
EUW1_7717649802,200,0,0.0
EUW1_7717650466,100,1,0.0
EUW1_7717650466,200,0,0.0
EUW1_7717650555,100,1,0.0
EUW1_7717650555,200,0,0.0
EUW1_7717651342,100,0,0.0
EUW1_7717651342,200,1,0.0
EUW1_7717651573,100,0,0.0
EUW1_7717651573,200,1,0.0
EUW1_7717652223,100,0,0.0
EUW1_7717652223,200,1,0.0
EUW1_7717654166,100,0,0.0
EUW1_7717654166,200,1,0.0
EUW1_7717655597,100,1,0.0
EUW1_7717655597,200,0,0.0
EUW1_7717656447,100,1,0.0
EUW1_7717656447,200,0,0.0
EUW1_7717657690,100,0,0.0
EUW1_7717657690,200,1,0.0
EUW1_7717658003,100,1,0.0
EUW1_7717658003,200,0,0.0
EUW1_7717658709,100,0,0.0
EUW1_7717658709,200,1,0.0
EUW1_7717659525,100,1,0.0
EUW1_7717659525,200,0,0.0
EUW1_7717659661,100,0,0.0
EUW1_7717659661,200,1,0.0
EUW1_7717662275,100,1,0.0
EUW1_7717662275,200,0,0.0
EUW1_7717663163,100,0,0.0
EUW1_7717663163,200,1,0.0
EUW1_7717663398,100,1,0.0
EUW1_7717663398,200,0,0.0
EUW1_7717664882,100,0,0.0
EUW1_7717664882,200,1,0.0
EUW1_7717665543,100,1,0.0
EUW1_7717665543,200,0,0.0
EUW1_7717666732,100,1,0.0
EUW1_7717666732,200,0,0.0
EUW1_7717667891,100,0,0.0
EUW1_7717667891,200,1,0.0
EUW1_7717672044,100,0,0.0
EUW1_7717672044,200,1,0.0
EUW1_7717672809,100,1,0.0
EUW1_7717672809,200,0,0.0
EUW1_7717673799,100,1,0.0
EUW1_7717673799,200,0,0.0
EUW1_7717674080,100,1,0.0
EUW1_7717674080,200,0,0.0
EUW1_7717675155,100,0,0.0
EUW1_7717675155,200,1,0.0
EUW1_7717677631,100,1,0.0
EUW1_7717677631,200,0,0.0
EUW1_7717678866,100,0,0.0
EUW1_7717678866,200,1,0.0
EUW1_7717679402,100,1,0.0
EUW1_7717679402,200,0,0.0
EUW1_7717684485,100,1,0.0
EUW1_7717684485,200,0,0.0
EUW1_7717685022,100,0,0.0
EUW1_7717685022,200,1,0.0
EUW1_7717685754,100,1,0.0
EUW1_7717685754,200,0,0.0
EUW1_7717686241,100,1,0.0
EUW1_7717686241,200,0,0.0
EUW1_7717686815,100,1,0.0
EUW1_7717686815,200,0,0.0
EUW1_7717687845,100,1,0.0
EUW1_7717687845,200,0,0.0
EUW1_7717689137,100,0,0.0
EUW1_7717689137,200,1,0.0
EUW1_7717689792,100,1,0.0
EUW1_7717689792,200,0,0.0
EUW1_7717691777,100,1,0.0
EUW1_7717691777,200,0,0.0
EUW1_7717693541,100,1,0.0
EUW1_7717693541,200,0,0.0
EUW1_7717693780,100,0,0.0
EUW1_7717693780,200,1,0.0
EUW1_7717698541,100,0,0.0
EUW1_7717698541,200,1,0.0
EUW1_7717699514,100,1,0.0
EUW1_7717699514,200,0,0.0
EUW1_7717701088,100,1,0.0
EUW1_7717701088,200,0,0.0
EUW1_7717701477,100,1,0.0
EUW1_7717701477,200,0,0.0
EUW1_7717701865,100,1,0.0
EUW1_7717701865,200,0,0.0
EUW1_7717702460,100,0,0.0
EUW1_7717702460,200,1,0.0
EUW1_7717704830,100,1,0.0
EUW1_7717704830,200,0,0.0
EUW1_7717706214,100,1,0.0
EUW1_7717706214,200,0,0.0
EUW1_7717708529,100,1,0.0
EUW1_7717708529,200,0,0.0
EUW1_7717709212,100,1,0.0
EUW1_7717709212,200,0,0.0
EUW1_7717710411,100,1,0.0
EUW1_7717710411,200,0,0.0
EUW1_7717710569,100,1,0.0
EUW1_7717710569,200,0,0.0
EUW1_7717712255,100,1,0.0
EUW1_7717712255,200,0,0.0
EUW1_7717714680,100,1,0.0
EUW1_7717714680,200,0,0.0
EUW1_7717715198,100,0,0.0
EUW1_7717715198,200,1,0.0
EUW1_7717717999,100,0,0.0
EUW1_7717717999,200,1,0.0
EUW1_7717719237,100,0,0.0
EUW1_7717719237,200,1,0.0
EUW1_7717720618,100,1,0.0
EUW1_7717720618,200,0,0.0
EUW1_7717722022,100,0,0.0
EUW1_7717722022,200,1,0.0
EUW1_7717723616,100,1,0.0
EUW1_7717723616,200,0,0.0
EUW1_7717726650,100,1,0.0
EUW1_7717726650,200,0,0.0
EUW1_7717727179,100,0,0.0
EUW1_7717727179,200,1,0.0
EUW1_7717727683,100,0,0.0
EUW1_7717727683,200,1,0.0
EUW1_7717729534,100,1,0.0
EUW1_7717729534,200,0,0.0
EUW1_7717731051,100,0,0.0
EUW1_7717731051,200,1,0.0
EUW1_7717732181,100,1,0.0
EUW1_7717732181,200,0,0.0
EUW1_7717732475,100,1,0.0
EUW1_7717732475,200,0,0.0
EUW1_7717735455,100,0,0.0
EUW1_7717735455,200,1,0.0
EUW1_7717740243,100,1,0.0
EUW1_7717740243,200,0,0.0
EUW1_7717740904,100,1,0.0
EUW1_7717740904,200,0,0.0
EUW1_7717742051,100,1,0.0
EUW1_7717742051,200,0,0.0
EUW1_7717742107,100,0,0.0
EUW1_7717742107,200,1,0.0
EUW1_7717742565,100,0,0.0
EUW1_7717742565,200,1,0.0
EUW1_7717743102,100,1,0.0
EUW1_7717743102,200,0,0.0
EUW1_7717743392,100,1,0.0
EUW1_7717743392,200,0,0.0
EUW1_7717745278,100,0,0.0
EUW1_7717745278,200,1,0.0
EUW1_7717749991,100,1,0.0
EUW1_7717749991,200,0,0.0
EUW1_7717752856,100,0,0.0
EUW1_7717752856,200,1,0.0
EUW1_7717754448,100,0,0.0
EUW1_7717754448,200,1,0.0
EUW1_7717755323,100,1,0.0
EUW1_7717755323,200,0,0.0
EUW1_7717756135,100,0,0.0
EUW1_7717756135,200,1,0.0
EUW1_7717756969,100,1,0.0
EUW1_7717756969,200,0,0.0
EUW1_7717757850,100,0,0.0
EUW1_7717757850,200,1,0.0
EUW1_7717764099,100,0,0.0
EUW1_7717764099,200,1,0.0
EUW1_7717766090,100,0,0.0
EUW1_7717766090,200,1,0.0
EUW1_7717766716,100,1,0.0
EUW1_7717766716,200,0,0.0
EUW1_7717767400,100,1,0.0
EUW1_7717767400,200,0,0.0
EUW1_7717767448,100,0,0.0
EUW1_7717767448,200,1,0.0
EUW1_7717767554,100,1,0.0
EUW1_7717767554,200,0,0.0
EUW1_7717768836,100,0,0.0
EUW1_7717768836,200,1,0.0
EUW1_7717769195,100,0,0.0
EUW1_7717769195,200,1,0.0
EUW1_7717769545,100,1,0.0
EUW1_7717769545,200,0,0.0
EUW1_7717774220,100,0,0.0
EUW1_7717774220,200,1,0.0
EUW1_7717778948,100,0,0.0
EUW1_7717778948,200,1,0.0
EUW1_7717779965,100,1,0.0
EUW1_7717779965,200,0,0.0
EUW1_7717782873,100,1,0.0
EUW1_7717782873,200,0,0.0
EUW1_7717783087,100,1,0.0
EUW1_7717783087,200,0,0.0
EUW1_7717783107,100,1,0.0
EUW1_7717783107,200,0,0.0
EUW1_7717783765,100,1,0.0
EUW1_7717783765,200,0,0.0
EUW1_7717784927,100,0,0.0
EUW1_7717784927,200,1,0.0
EUW1_7717786172,100,0,0.0
EUW1_7717786172,200,1,0.0
EUW1_7717788690,100,0,0.0
EUW1_7717788690,200,1,0.0
EUW1_7717791781,100,1,0.0
EUW1_7717791781,200,0,0.0
EUW1_7717793004,100,0,0.0
EUW1_7717793004,200,1,0.0
EUW1_7717793202,100,1,0.0
EUW1_7717793202,200,0,0.0
EUW1_7717793278,100,0,0.0
EUW1_7717793278,200,1,0.0
EUW1_7717794731,100,0,0.0
EUW1_7717794731,200,1,0.0
EUW1_7717802110,100,1,0.0
EUW1_7717802110,200,0,0.0
EUW1_7717803652,100,1,0.0
EUW1_7717803652,200,0,0.0
EUW1_7717805625,100,1,0.0
EUW1_7717805625,200,0,0.0
EUW1_7717806097,100,0,0.0
EUW1_7717806097,200,1,0.0
EUW1_7717806907,100,0,0.0
EUW1_7717806907,200,1,0.0
EUW1_7717806944,100,0,0.0
EUW1_7717806944,200,1,0.0
EUW1_7717809013,100,0,0.0
EUW1_7717809013,200,1,0.0
EUW1_7717810113,100,1,0.0
EUW1_7717810113,200,0,0.0
EUW1_7717812404,100,1,0.0
EUW1_7717812404,200,0,0.0
EUW1_7717812631,100,0,0.0
EUW1_7717812631,200,1,0.0
EUW1_7717814858,100,0,0.0
EUW1_7717814858,200,1,0.0
EUW1_7717818286,100,0,0.0
EUW1_7717818286,200,1,0.0
EUW1_7717818915,100,0,0.0
EUW1_7717818915,200,1,0.0
EUW1_7717821460,100,1,0.0
EUW1_7717821460,200,0,0.0
EUW1_7717827137,100,0,0.0
EUW1_7717827137,200,1,0.0
EUW1_7717829431,100,1,0.0
EUW1_7717829431,200,0,0.0
EUW1_7717830266,100,1,0.0
EUW1_7717830266,200,0,0.0
EUW1_7717830776,100,0,0.0
EUW1_7717830776,200,1,0.0
EUW1_7717832720,100,0,0.0
EUW1_7717832720,200,1,0.0
EUW1_7717840770,100,1,0.0
EUW1_7717840770,200,0,0.0
EUW1_7717841808,100,1,0.0
EUW1_7717841808,200,0,0.0
EUW1_7717842286,100,0,0.0
EUW1_7717842286,200,1,0.0
EUW1_7717843033,100,1,0.0
EUW1_7717843033,200,0,0.0
EUW1_7717845287,100,0,0.0
EUW1_7717845287,200,1,0.0
EUW1_7717848459,100,0,0.0
EUW1_7717848459,200,1,0.0
EUW1_7717849740,100,0,0.0
EUW1_7717849740,200,1,0.0
EUW1_7717852333,100,0,0.0
EUW1_7717852333,200,1,0.0
EUW1_7717852747,100,0,0.0
EUW1_7717852747,200,1,0.0
EUW1_7717853996,100,1,0.0
EUW1_7717853996,200,0,0.0
EUW1_7717854958,100,1,0.0
EUW1_7717854958,200,0,0.0
EUW1_7717855254,100,1,0.0
EUW1_7717855254,200,0,0.0
EUW1_7717858440,100,1,0.0
EUW1_7717858440,200,0,0.0
EUW1_7717859416,100,0,0.0
EUW1_7717859416,200,1,0.0
EUW1_7717860488,100,0,0.0
EUW1_7717860488,200,1,0.0
EUW1_7717861504,100,1,0.0
EUW1_7717861504,200,0,0.0
EUW1_7717861859,100,0,0.0
EUW1_7717861859,200,1,0.0
EUW1_7717863786,100,0,0.0
EUW1_7717863786,200,1,0.0
EUW1_7717865518,100,1,0.0
EUW1_7717865518,200,0,0.0
EUW1_7717866971,100,0,0.0
EUW1_7717866971,200,1,0.0
EUW1_7717867191,100,1,0.0
EUW1_7717867191,200,0,0.0
EUW1_7717870380,100,1,0.0
EUW1_7717870380,200,0,0.0
EUW1_7717873490,100,0,0.0
EUW1_7717873490,200,1,0.0
EUW1_7717873692,100,0,0.0
EUW1_7717873692,200,1,0.0
EUW1_7717874866,100,1,0.0
EUW1_7717874866,200,0,0.0
EUW1_7717875291,100,1,0.0
EUW1_7717875291,200,0,0.0
EUW1_7717876077,100,0,0.0
EUW1_7717876077,200,1,0.0
EUW1_7717883922,100,0,0.0
EUW1_7717883922,200,1,0.0
EUW1_7717892616,100,1,0.0
EUW1_7717892616,200,0,0.0
EUW1_7717894526,100,0,0.0
EUW1_7717894526,200,1,0.0
EUW1_7717897887,100,0,0.0
EUW1_7717897887,200,1,0.0
EUW1_7717898278,100,0,0.0
EUW1_7717898278,200,1,0.0
EUW1_7717898342,100,0,0.0
EUW1_7717898342,200,1,0.0
EUW1_7717900914,100,0,0.0
EUW1_7717900914,200,1,0.0
EUW1_7717901399,100,0,0.0
EUW1_7717901399,200,1,0.0
EUW1_7717902495,100,1,0.0
EUW1_7717902495,200,0,0.0
EUW1_7717903277,100,1,0.0
EUW1_7717903277,200,0,0.0
EUW1_7717904450,100,0,0.0
EUW1_7717904450,200,1,0.0
EUW1_7717905603,100,1,0.0
EUW1_7717905603,200,0,0.0
EUW1_7717906128,100,0,0.0
EUW1_7717906128,200,1,0.0
EUW1_7717909779,100,0,0.0
EUW1_7717909779,200,1,0.0
EUW1_7717912218,100,0,0.0
EUW1_7717912218,200,1,0.0
EUW1_7717913107,100,0,0.0
EUW1_7717913107,200,1,0.0
EUW1_7717916543,100,0,0.0
EUW1_7717916543,200,1,0.0
EUW1_7717919411,100,1,0.0
EUW1_7717919411,200,0,0.0
EUW1_7717921653,100,1,0.0
EUW1_7717921653,200,0,0.0
EUW1_7717923108,100,1,0.0
EUW1_7717923108,200,0,0.0
EUW1_7717923154,100,1,0.0
EUW1_7717923154,200,0,0.0
EUW1_7717924159,100,1,0.0
EUW1_7717924159,200,0,0.0
EUW1_7717924263,100,1,0.0
EUW1_7717924263,200,0,0.0
EUW1_7717924872,100,1,0.0
EUW1_7717924872,200,0,0.0
EUW1_7717926368,100,1,0.0
EUW1_7717926368,200,0,0.0
EUW1_7717929323,100,0,0.0
EUW1_7717929323,200,1,0.0
EUW1_7717929876,100,0,0.0
EUW1_7717929876,200,1,0.0
EUW1_7717930030,100,0,0.0
EUW1_7717930030,200,1,0.0
EUW1_7717933161,100,0,0.0
EUW1_7717933161,200,1,0.0
EUW1_7717933448,100,1,0.0
EUW1_7717933448,200,0,0.0
EUW1_7717933769,100,0,0.0
EUW1_7717933769,200,1,0.0
EUW1_7717937133,100,0,0.0
EUW1_7717937133,200,1,0.0
EUW1_7717938924,100,1,0.0
EUW1_7717938924,200,0,0.0
EUW1_7717944234,100,1,0.0
EUW1_7717944234,200,0,0.0
EUW1_7717948800,100,0,0.0
EUW1_7717948800,200,1,0.0
EUW1_7717949055,100,0,0.0
EUW1_7717949055,200,1,0.0
EUW1_7717950821,100,0,0.0
EUW1_7717950821,200,1,0.0
EUW1_7717952440,100,1,0.0
EUW1_7717952440,200,0,0.0
EUW1_7717953118,100,0,0.0
EUW1_7717953118,200,1,0.0
EUW1_7717954314,100,0,0.0
EUW1_7717954314,200,1,0.0
EUW1_7717958270,100,0,0.0
EUW1_7717958270,200,1,0.0
EUW1_7717962807,100,1,0.0
EUW1_7717962807,200,0,0.0
EUW1_7717964394,100,0,0.0
EUW1_7717964394,200,1,0.0
EUW1_7717967797,100,0,0.0
EUW1_7717967797,200,1,0.0
EUW1_7717968733,100,1,0.0
EUW1_7717968733,200,0,0.0
EUW1_7717969179,100,0,0.0
EUW1_7717969179,200,1,0.0
EUW1_7717969927,100,0,0.0
EUW1_7717969927,200,1,0.0
EUW1_7717972886,100,0,0.0
EUW1_7717972886,200,1,0.0
EUW1_7717973267,100,0,0.0
EUW1_7717973267,200,1,0.0
EUW1_7717974132,100,1,0.0
EUW1_7717974132,200,0,0.0
EUW1_7717974333,100,0,0.0
EUW1_7717974333,200,1,0.0
EUW1_7717980605,100,1,0.0
EUW1_7717980605,200,0,0.0
EUW1_7717981311,100,0,0.0
EUW1_7717981311,200,1,0.0
EUW1_7717981460,100,1,0.0
EUW1_7717981460,200,0,0.0
EUW1_7717982234,100,0,0.0
EUW1_7717982234,200,1,0.0
EUW1_7717995970,100,0,0.0
EUW1_7717995970,200,1,0.0
EUW1_7717996976,100,0,0.0
EUW1_7717996976,200,1,0.0
EUW1_7717999030,100,0,0.0
EUW1_7717999030,200,1,0.0
EUW1_7717999608,100,1,0.0
EUW1_7717999608,200,0,0.0
EUW1_7718000852,100,0,0.0
EUW1_7718000852,200,1,0.0
EUW1_7718004072,100,1,0.0
EUW1_7718004072,200,0,0.0
EUW1_7718004126,100,0,0.0
EUW1_7718004126,200,1,0.0
EUW1_7718006536,100,1,0.0
EUW1_7718006536,200,0,0.0
EUW1_7718011055,100,0,0.0
EUW1_7718011055,200,1,0.0
EUW1_7718012446,100,1,0.0
EUW1_7718012446,200,0,0.0
EUW1_7718014852,100,1,0.0
EUW1_7718014852,200,0,0.0
EUW1_7718015422,100,1,0.0
EUW1_7718015422,200,0,0.0
EUW1_7718015557,100,0,0.0
EUW1_7718015557,200,1,0.0
EUW1_7718017090,100,0,0.0
EUW1_7718017090,200,1,0.0
EUW1_7718017473,100,0,0.0
EUW1_7718017473,200,1,0.0
EUW1_7718018576,100,0,0.0
EUW1_7718018576,200,1,0.0
EUW1_7718022078,100,1,0.0
EUW1_7718022078,200,0,0.0
EUW1_7718024382,100,1,0.0
EUW1_7718024382,200,0,0.0
EUW1_7718027482,100,1,0.0
EUW1_7718027482,200,0,0.0
EUW1_7718030985,100,0,0.0
EUW1_7718030985,200,1,0.0
EUW1_7718031981,100,0,0.0
EUW1_7718031981,200,1,0.0
EUW1_7718035030,100,0,0.0
EUW1_7718035030,200,1,0.0
EUW1_7718036097,100,1,0.0
EUW1_7718036097,200,0,0.0
EUW1_7718036289,100,0,0.0
EUW1_7718036289,200,1,0.0
EUW1_7718038732,100,0,0.0
EUW1_7718038732,200,1,0.0
EUW1_7718041445,100,1,0.0
EUW1_7718041445,200,0,0.0
EUW1_7718042426,100,1,0.0
EUW1_7718042426,200,0,0.0
EUW1_7718045028,100,1,0.0
EUW1_7718045028,200,0,0.0
EUW1_7718053529,100,0,0.0
EUW1_7718053529,200,1,0.0
EUW1_7718055517,100,0,0.0
EUW1_7718055517,200,1,0.0
EUW1_7718056586,100,0,0.0
EUW1_7718056586,200,1,0.0
EUW1_7718058394,100,0,0.0
EUW1_7718058394,200,1,0.0
EUW1_7718061943,100,0,0.0
EUW1_7718061943,200,1,0.0
EUW1_7718062860,100,0,0.0
EUW1_7718062860,200,1,0.0
EUW1_7718064336,100,1,0.0
EUW1_7718064336,200,0,0.0
EUW1_7718064589,100,0,0.0
EUW1_7718064589,200,1,0.0
EUW1_7718067392,100,1,0.0
EUW1_7718067392,200,0,0.0
EUW1_7718071481,100,0,0.0
EUW1_7718071481,200,1,0.0
EUW1_7718073015,100,1,0.0
EUW1_7718073015,200,0,0.0
EUW1_7718073923,100,1,0.0
EUW1_7718073923,200,0,0.0
EUW1_7718076779,100,0,1.0
EUW1_7718076779,200,1,-1.0
EUW1_7718078891,100,1,0.0
EUW1_7718078891,200,0,0.0
EUW1_7718082020,100,1,0.0
EUW1_7718082020,200,0,0.0
EUW1_7718082374,100,1,0.0
EUW1_7718082374,200,0,0.0
EUW1_7718085436,100,1,0.0
EUW1_7718085436,200,0,0.0
EUW1_7718085806,100,1,0.0
EUW1_7718085806,200,0,0.0
EUW1_7718086693,100,1,0.0
EUW1_7718086693,200,0,0.0
EUW1_7718087537,100,0,0.0
EUW1_7718087537,200,1,0.0
EUW1_7718090119,100,1,0.0
EUW1_7718090119,200,0,0.0
EUW1_7718094200,100,0,0.0
EUW1_7718094200,200,1,0.0
EUW1_7718095651,100,1,0.0
EUW1_7718095651,200,0,0.0
EUW1_7718096278,100,1,0.0
EUW1_7718096278,200,0,0.0
EUW1_7718096765,100,1,0.0
EUW1_7718096765,200,0,0.0
EUW1_7718097061,100,0,0.0
EUW1_7718097061,200,1,0.0
EUW1_7718098182,100,0,0.0
EUW1_7718098182,200,1,0.0
EUW1_7718098946,100,0,0.0
EUW1_7718098946,200,1,0.0
EUW1_7718109544,100,1,0.0
EUW1_7718109544,200,0,0.0
EUW1_7718109934,100,1,0.0
EUW1_7718109934,200,0,0.0
EUW1_7718113003,100,1,0.0
EUW1_7718113003,200,0,0.0
EUW1_7718113255,100,1,0.0
EUW1_7718113255,200,0,0.0
EUW1_7718115188,100,0,0.0
EUW1_7718115188,200,1,0.0
EUW1_7718115766,100,0,0.0
EUW1_7718115766,200,1,0.0
EUW1_7718118833,100,1,0.0
EUW1_7718118833,200,0,0.0
EUW1_7718120968,100,0,0.0
EUW1_7718120968,200,1,0.0
EUW1_7718123292,100,1,0.0
EUW1_7718123292,200,0,0.0
EUW1_7718123612,100,1,0.0
EUW1_7718123612,200,0,0.0
EUW1_7718125294,100,1,0.0
EUW1_7718125294,200,0,0.0
EUW1_7718129641,100,0,0.0
EUW1_7718129641,200,1,0.0
EUW1_7718131437,100,1,0.0
EUW1_7718131437,200,0,0.0
EUW1_7718136133,100,0,0.0
EUW1_7718136133,200,1,0.0
EUW1_7718137216,100,0,0.0
EUW1_7718137216,200,1,0.0
EUW1_7718140826,100,1,0.0
EUW1_7718140826,200,0,0.0
EUW1_7718141305,100,0,0.0
EUW1_7718141305,200,1,0.0
EUW1_7718142065,100,1,0.0
EUW1_7718142065,200,0,0.0
EUW1_7718142163,100,0,0.0
EUW1_7718142163,200,1,0.0
EUW1_7718146210,100,1,0.0
EUW1_7718146210,200,0,0.0
EUW1_7718149337,100,1,0.0
EUW1_7718149337,200,0,0.0
EUW1_7718151175,100,1,0.0
EUW1_7718151175,200,0,0.0
EUW1_7718153575,100,1,0.0
EUW1_7718153575,200,0,0.0
EUW1_7718153582,100,0,0.0
EUW1_7718153582,200,1,0.0
EUW1_7718156439,100,1,0.0
EUW1_7718156439,200,0,0.0
EUW1_7718158682,100,1,0.0
EUW1_7718158682,200,0,0.0
EUW1_7718162038,100,1,0.0
EUW1_7718162038,200,0,0.0
EUW1_7718167720,100,0,0.0
EUW1_7718167720,200,1,0.0
EUW1_7718168801,100,1,0.0
EUW1_7718168801,200,0,0.0
EUW1_7718169139,100,1,0.0
EUW1_7718169139,200,0,0.0
EUW1_7718172263,100,1,0.0
EUW1_7718172263,200,0,0.0
EUW1_7718177868,100,1,0.0
EUW1_7718177868,200,0,0.0
EUW1_7718180341,100,0,0.0
EUW1_7718180341,200,1,0.0
EUW1_7718186225,100,1,0.0
EUW1_7718186225,200,0,0.0
EUW1_7718187998,100,1,0.0
EUW1_7718187998,200,0,0.0
EUW1_7718188530,100,1,0.0
EUW1_7718188530,200,0,0.0
EUW1_7718196905,100,0,0.0
EUW1_7718196905,200,1,0.0
EUW1_7718197086,100,0,0.0
EUW1_7718197086,200,1,0.0
EUW1_7718197997,100,1,0.0
EUW1_7718197997,200,0,0.0
EUW1_7718200269,100,0,0.0
EUW1_7718200269,200,1,0.0
EUW1_7718200614,100,1,0.0
EUW1_7718200614,200,0,0.0
EUW1_7718201977,100,0,0.0
EUW1_7718201977,200,1,0.0
EUW1_7718202170,100,0,0.0
EUW1_7718202170,200,1,0.0
EUW1_7718203081,100,0,0.0
EUW1_7718203081,200,1,0.0
EUW1_7718203649,100,0,0.0
EUW1_7718203649,200,1,0.0
EUW1_7718205635,100,1,0.0
EUW1_7718205635,200,0,0.0
EUW1_7718208965,100,1,0.0
EUW1_7718208965,200,0,0.0
EUW1_7718209913,100,1,0.0
EUW1_7718209913,200,0,0.0
EUW1_7718210396,100,0,0.0
EUW1_7718210396,200,1,0.0
EUW1_7718210739,100,1,0.0
EUW1_7718210739,200,0,0.0
EUW1_7718211614,100,0,0.0
EUW1_7718211614,200,1,0.0
EUW1_7718213882,100,1,0.0
EUW1_7718213882,200,0,0.0
EUW1_7718217775,100,1,0.0
EUW1_7718217775,200,0,0.0
EUW1_7718218365,100,0,0.0
EUW1_7718218365,200,1,0.0
EUW1_7718223230,100,0,0.0
EUW1_7718223230,200,1,0.0
EUW1_7718228243,100,0,0.0
EUW1_7718228243,200,1,0.0
EUW1_7718230449,100,0,0.0
EUW1_7718230449,200,1,0.0
EUW1_7718230845,100,0,0.0
EUW1_7718230845,200,1,0.0
EUW1_7718239972,100,1,0.0
EUW1_7718239972,200,0,0.0
EUW1_7718240566,100,0,0.0
EUW1_7718240566,200,1,0.0
EUW1_7718241412,100,1,0.0
EUW1_7718241412,200,0,0.0
EUW1_7718245434,100,0,0.0
EUW1_7718245434,200,1,0.0
EUW1_7718245716,100,1,0.0
EUW1_7718245716,200,0,0.0
EUW1_7718246848,100,0,0.0
EUW1_7718246848,200,1,0.0
EUW1_7718248016,100,1,0.0
EUW1_7718248016,200,0,0.0
EUW1_7718250349,100,0,0.0
EUW1_7718250349,200,1,0.0
EUW1_7718251223,100,0,0.0
EUW1_7718251223,200,1,0.0
EUW1_7718253722,100,1,0.0
EUW1_7718253722,200,0,0.0
EUW1_7718254555,100,0,0.0
EUW1_7718254555,200,1,0.0
EUW1_7718255399,100,0,0.0
EUW1_7718255399,200,1,0.0
EUW1_7718258664,100,1,0.0
EUW1_7718258664,200,0,0.0
EUW1_7718264619,100,0,0.0
EUW1_7718264619,200,1,0.0
EUW1_7718265087,100,1,0.0
EUW1_7718265087,200,0,0.0
EUW1_7718267130,100,1,0.0
EUW1_7718267130,200,0,0.0
EUW1_7718267855,100,1,0.0
EUW1_7718267855,200,0,0.0
EUW1_7718268567,100,1,0.0
EUW1_7718268567,200,0,0.0
EUW1_7718269008,100,0,0.0
EUW1_7718269008,200,1,0.0
EUW1_7718269395,100,0,0.0
EUW1_7718269395,200,1,0.0
EUW1_7718272072,100,0,0.0
EUW1_7718272072,200,1,0.0
EUW1_7718272392,100,0,0.0
EUW1_7718272392,200,1,0.0
EUW1_7718272529,100,0,0.0
EUW1_7718272529,200,1,0.0
EUW1_7718272628,100,0,0.0
EUW1_7718272628,200,1,0.0
EUW1_7718273164,100,1,0.0
EUW1_7718273164,200,0,0.0
EUW1_7718273432,100,0,0.0
EUW1_7718273432,200,1,0.0
EUW1_7718274678,100,1,0.0
EUW1_7718274678,200,0,0.0
EUW1_7718276741,100,1,0.0
EUW1_7718276741,200,0,0.0
EUW1_7718278082,100,0,0.0
EUW1_7718278082,200,1,0.0
EUW1_7718280229,100,0,0.0
EUW1_7718280229,200,1,0.0
EUW1_7718282767,100,1,0.0
EUW1_7718282767,200,0,0.0
EUW1_7718283566,100,0,0.0
EUW1_7718283566,200,1,0.0
EUW1_7718285135,100,1,0.0
EUW1_7718285135,200,0,0.0
EUW1_7718288058,100,1,0.0
EUW1_7718288058,200,0,0.0
EUW1_7718288327,100,0,0.0
EUW1_7718288327,200,1,0.0
EUW1_7718289946,100,0,0.0
EUW1_7718289946,200,1,0.0
EUW1_7718290954,100,1,0.0
EUW1_7718290954,200,0,0.0
EUW1_7718294358,100,1,0.0
EUW1_7718294358,200,0,0.0
EUW1_7718297186,100,0,0.0
EUW1_7718297186,200,1,0.0
EUW1_7718299535,100,0,0.0
EUW1_7718299535,200,1,0.0
EUW1_7718300622,100,1,0.0
EUW1_7718300622,200,0,0.0
EUW1_7718300809,100,1,0.0
EUW1_7718300809,200,0,0.0
EUW1_7718304239,100,0,0.0
EUW1_7718304239,200,1,0.0
EUW1_7718307889,100,0,0.0
EUW1_7718307889,200,1,0.0
EUW1_7718308128,100,1,0.0
EUW1_7718308128,200,0,0.0
EUW1_7718310498,100,0,0.0
EUW1_7718310498,200,1,0.0
EUW1_7718312156,100,1,0.0
EUW1_7718312156,200,0,0.0
EUW1_7718313411,100,1,0.0
EUW1_7718313411,200,0,0.0
EUW1_7718313958,100,0,0.0
EUW1_7718313958,200,1,0.0
EUW1_7718315238,100,0,0.0
EUW1_7718315238,200,1,0.0
EUW1_7718320063,100,1,0.0
EUW1_7718320063,200,0,0.0
EUW1_7718321256,100,0,0.0
EUW1_7718321256,200,1,0.0
EUW1_7718324123,100,1,0.0
EUW1_7718324123,200,0,0.0
EUW1_7718325226,100,1,0.0
EUW1_7718325226,200,0,0.0
EUW1_7718327990,100,0,0.0
EUW1_7718327990,200,1,0.0
EUW1_7718329751,100,1,0.0
EUW1_7718329751,200,0,0.0
EUW1_7718332314,100,0,0.0
EUW1_7718332314,200,1,0.0
EUW1_7718333632,100,0,0.0
EUW1_7718333632,200,1,0.0
EUW1_7718333917,100,1,0.0
EUW1_7718333917,200,0,0.0
EUW1_7718336426,100,1,0.0
EUW1_7718336426,200,0,0.0
EUW1_7718337835,100,0,0.0
EUW1_7718337835,200,1,0.0
EUW1_7718339003,100,1,0.0
EUW1_7718339003,200,0,0.0
EUW1_7718343707,100,0,0.0
EUW1_7718343707,200,1,0.0
EUW1_7718343835,100,0,0.0
EUW1_7718343835,200,1,0.0
EUW1_7718345237,100,1,0.0
EUW1_7718345237,200,0,0.0
EUW1_7718346727,100,1,0.0
EUW1_7718346727,200,0,0.0
EUW1_7718348996,100,1,0.0
EUW1_7718348996,200,0,0.0
EUW1_7718353744,100,0,0.0
EUW1_7718353744,200,1,0.0
EUW1_7718357108,100,0,0.0
EUW1_7718357108,200,1,0.0
EUW1_7718357995,100,1,0.0
EUW1_7718357995,200,0,0.0
EUW1_7718359182,100,1,0.0
EUW1_7718359182,200,0,0.0
EUW1_7718364061,100,1,0.0
EUW1_7718364061,200,0,0.0
EUW1_7718364744,100,1,0.0
EUW1_7718364744,200,0,0.0
EUW1_7718368056,100,0,0.0
EUW1_7718368056,200,1,0.0
EUW1_7718370219,100,0,0.0
EUW1_7718370219,200,1,0.0
EUW1_7718372749,100,1,0.0
EUW1_7718372749,200,0,0.0
EUW1_7718376414,100,0,0.0
EUW1_7718376414,200,1,0.0
EUW1_7718379356,100,1,0.0
EUW1_7718379356,200,0,0.0
EUW1_7718383230,100,1,0.0
EUW1_7718383230,200,0,0.0
EUW1_7718384746,100,0,0.0
EUW1_7718384746,200,1,0.0
EUW1_7718385034,100,0,0.0
EUW1_7718385034,200,1,0.0
EUW1_7718385489,100,0,0.0
EUW1_7718385489,200,1,0.0
EUW1_7718387358,100,0,0.0
EUW1_7718387358,200,1,0.0
EUW1_7718388738,100,0,0.0
EUW1_7718388738,200,1,0.0
EUW1_7718389933,100,1,0.0
EUW1_7718389933,200,0,0.0
EUW1_7718391451,100,1,0.0
EUW1_7718391451,200,0,0.0
EUW1_7718391882,100,0,0.0
EUW1_7718391882,200,1,0.0
EUW1_7718395716,100,0,0.0
EUW1_7718395716,200,1,0.0
EUW1_7718396502,100,0,0.0
EUW1_7718396502,200,1,0.0
EUW1_7718397659,100,0,0.0
EUW1_7718397659,200,1,0.0
EUW1_7718398942,100,0,0.0
EUW1_7718398942,200,1,0.0
EUW1_7718400565,100,0,0.0
EUW1_7718400565,200,1,0.0
EUW1_7718400705,100,1,0.0
EUW1_7718400705,200,0,0.0
EUW1_7718404705,100,1,0.0
EUW1_7718404705,200,0,0.0
EUW1_7718408734,100,0,0.0
EUW1_7718408734,200,1,0.0
EUW1_7718408937,100,1,0.0
EUW1_7718408937,200,0,0.0
EUW1_7718409717,100,0,0.0
EUW1_7718409717,200,1,0.0
EUW1_7718410543,100,0,0.0
EUW1_7718410543,200,1,0.0
EUW1_7718410819,100,1,0.0
EUW1_7718410819,200,0,0.0
EUW1_7718416385,100,1,0.0
EUW1_7718416385,200,0,0.0
EUW1_7718417665,100,1,0.0
EUW1_7718417665,200,0,0.0
EUW1_7718418038,100,0,0.0
EUW1_7718418038,200,1,0.0
EUW1_7718418392,100,0,0.0
EUW1_7718418392,200,1,0.0
EUW1_7718423320,100,1,0.0
EUW1_7718423320,200,0,0.0
EUW1_7718425812,100,1,0.0
EUW1_7718425812,200,0,0.0
EUW1_7718429394,100,0,0.0
EUW1_7718429394,200,1,0.0
EUW1_7718430118,100,1,0.0
EUW1_7718430118,200,0,0.0
EUW1_7718431933,100,0,0.0
EUW1_7718431933,200,1,0.0
EUW1_7718435237,100,1,0.0
EUW1_7718435237,200,0,0.0
EUW1_7718435972,100,0,0.0
EUW1_7718435972,200,1,0.0
EUW1_7718438104,100,1,0.0
EUW1_7718438104,200,0,0.0
EUW1_7718438369,100,0,0.0
EUW1_7718438369,200,1,0.0
EUW1_7718438611,100,0,0.0
EUW1_7718438611,200,1,0.0
EUW1_7718441225,100,1,0.0
EUW1_7718441225,200,0,0.0
EUW1_7718441281,100,0,0.0
EUW1_7718441281,200,1,0.0
EUW1_7718443694,100,0,0.0
EUW1_7718443694,200,1,0.0
EUW1_7718444575,100,0,0.0
EUW1_7718444575,200,1,0.0
EUW1_7718445602,100,0,0.0
EUW1_7718445602,200,1,0.0
EUW1_7718448657,100,1,0.0
EUW1_7718448657,200,0,0.0
EUW1_7718449771,100,1,0.0
EUW1_7718449771,200,0,0.0
EUW1_7718454004,100,1,0.0
EUW1_7718454004,200,0,0.0
EUW1_7718457815,100,1,0.0
EUW1_7718457815,200,0,0.0
EUW1_7718459456,100,1,0.0
EUW1_7718459456,200,0,0.0
EUW1_7718459553,100,1,0.0
EUW1_7718459553,200,0,0.0
EUW1_7718460724,100,1,0.0
EUW1_7718460724,200,0,0.0
EUW1_7718462980,100,0,0.0
EUW1_7718462980,200,1,0.0
EUW1_7718463940,100,1,0.0
EUW1_7718463940,200,0,0.0
EUW1_7718465102,100,1,0.0
EUW1_7718465102,200,0,0.0
EUW1_7718467858,100,0,0.0
EUW1_7718467858,200,1,0.0
EUW1_7718468550,100,1,0.0
EUW1_7718468550,200,0,0.0
EUW1_7718470366,100,1,0.0
EUW1_7718470366,200,0,0.0
EUW1_7718474038,100,1,0.0
EUW1_7718474038,200,0,0.0
EUW1_7718476803,100,0,0.0
EUW1_7718476803,200,1,0.0
EUW1_7718477410,100,0,0.0
EUW1_7718477410,200,1,0.0
EUW1_7718481869,100,0,0.0
EUW1_7718481869,200,1,0.0
EUW1_7718483158,100,0,0.0
EUW1_7718483158,200,1,0.0
EUW1_7718483788,100,1,0.0
EUW1_7718483788,200,0,0.0
EUW1_7718483967,100,1,0.0
EUW1_7718483967,200,0,0.0
EUW1_7718485335,100,1,0.0
EUW1_7718485335,200,0,0.0
EUW1_7718485659,100,0,0.0
EUW1_7718485659,200,1,0.0
EUW1_7718487366,100,0,0.0
EUW1_7718487366,200,1,0.0
EUW1_7718488046,100,0,0.0
EUW1_7718488046,200,1,0.0
EUW1_7718490128,100,0,0.0
EUW1_7718490128,200,1,0.0
EUW1_7718490328,100,1,0.0
EUW1_7718490328,200,0,0.0
EUW1_7718494601,100,1,0.0
EUW1_7718494601,200,0,0.0
EUW1_7718495453,100,1,0.0
EUW1_7718495453,200,0,0.0
EUW1_7718499394,100,0,0.0
EUW1_7718499394,200,1,0.0
EUW1_7718499936,100,1,0.0
EUW1_7718499936,200,0,0.0
EUW1_7718500967,100,0,0.0
EUW1_7718500967,200,1,0.0
EUW1_7718502741,100,1,0.0
EUW1_7718502741,200,0,0.0
EUW1_7718502984,100,0,0.0
EUW1_7718502984,200,1,0.0
EUW1_7718503211,100,1,0.0
EUW1_7718503211,200,0,0.0
EUW1_7718504815,100,0,0.0
EUW1_7718504815,200,1,0.0
EUW1_7718506244,100,1,0.0
EUW1_7718506244,200,0,0.0
EUW1_7718507185,100,1,0.0
EUW1_7718507185,200,0,0.0
EUW1_7718508929,100,0,0.0
EUW1_7718508929,200,1,0.0
EUW1_7718509034,100,1,0.0
EUW1_7718509034,200,0,0.0
EUW1_7718510913,100,1,0.0
EUW1_7718510913,200,0,0.0
EUW1_7718511889,100,1,0.0
EUW1_7718511889,200,0,0.0
EUW1_7718514592,100,1,0.0
EUW1_7718514592,200,0,0.0
EUW1_7718517077,100,0,0.0
EUW1_7718517077,200,1,0.0
EUW1_7718520874,100,0,0.0
EUW1_7718520874,200,1,0.0
EUW1_7718522572,100,1,0.0
EUW1_7718522572,200,0,0.0
EUW1_7718526214,100,0,0.0
EUW1_7718526214,200,1,0.0
EUW1_7718526363,100,1,0.0
EUW1_7718526363,200,0,0.0
EUW1_7718526421,100,1,0.0
EUW1_7718526421,200,0,0.0
EUW1_7718526894,100,0,0.0
EUW1_7718526894,200,1,0.0
EUW1_7718529214,100,1,0.0
EUW1_7718529214,200,0,0.0
EUW1_7718530524,100,1,0.0
EUW1_7718530524,200,0,0.0
EUW1_7718533099,100,0,0.0
EUW1_7718533099,200,1,0.0
EUW1_7718536649,100,0,0.0
EUW1_7718536649,200,1,0.0
EUW1_7718536653,100,1,0.0
EUW1_7718536653,200,0,0.0
EUW1_7718536937,100,0,0.0
EUW1_7718536937,200,1,0.0
EUW1_7718539675,100,1,0.0
EUW1_7718539675,200,0,0.0
EUW1_7718540949,100,1,0.0
EUW1_7718540949,200,0,0.0
EUW1_7718541348,100,1,0.0
EUW1_7718541348,200,0,0.0
EUW1_7718544906,100,0,0.0
EUW1_7718544906,200,1,0.0
EUW1_7718546567,100,1,0.0
EUW1_7718546567,200,0,0.0
EUW1_7718547286,100,1,0.0
EUW1_7718547286,200,0,0.0
EUW1_7718547298,100,1,0.0
EUW1_7718547298,200,0,0.0
EUW1_7718548171,100,1,0.0
EUW1_7718548171,200,0,0.0
EUW1_7718548515,100,1,0.0
EUW1_7718548515,200,0,0.0
EUW1_7718548787,100,1,0.0
EUW1_7718548787,200,0,0.0
EUW1_7718549239,100,0,0.0
EUW1_7718549239,200,1,0.0
EUW1_7718549491,100,0,0.0
EUW1_7718549491,200,1,0.0
EUW1_7718549639,100,0,0.0
EUW1_7718549639,200,1,0.0
EUW1_7718553192,100,1,0.0
EUW1_7718553192,200,0,0.0
EUW1_7718557100,100,1,0.0
EUW1_7718557100,200,0,0.0
EUW1_7718557206,100,1,0.0
EUW1_7718557206,200,0,0.0
EUW1_7718558206,100,0,0.0
EUW1_7718558206,200,1,0.0
EUW1_7718559657,100,0,0.0
EUW1_7718559657,200,1,0.0
EUW1_7718563193,100,1,0.0
EUW1_7718563193,200,0,0.0
EUW1_7718564506,100,0,0.0
EUW1_7718564506,200,1,0.0
EUW1_7718565915,100,1,0.0
EUW1_7718565915,200,0,0.0
EUW1_7718568094,100,1,0.0
EUW1_7718568094,200,0,0.0
EUW1_7718570666,100,0,0.0
EUW1_7718570666,200,1,0.0
EUW1_7718572223,100,1,0.0
EUW1_7718572223,200,0,0.0
EUW1_7718574393,100,1,0.0
EUW1_7718574393,200,0,0.0
EUW1_7718574654,100,0,0.0
EUW1_7718574654,200,1,0.0
EUW1_7718576592,100,1,0.0
EUW1_7718576592,200,0,0.0
EUW1_7718578113,100,0,0.0
EUW1_7718578113,200,1,0.0
EUW1_7718580568,100,0,0.0
EUW1_7718580568,200,1,0.0
EUW1_7718581154,100,1,0.0
EUW1_7718581154,200,0,0.0
EUW1_7718584039,100,0,0.0
EUW1_7718584039,200,1,0.0
EUW1_7718584106,100,1,0.0
EUW1_7718584106,200,0,0.0
EUW1_7718586125,100,1,0.0
EUW1_7718586125,200,0,0.0
EUW1_7718586476,100,0,0.0
EUW1_7718586476,200,1,0.0
EUW1_7718587009,100,1,0.0
EUW1_7718587009,200,0,0.0
EUW1_7718587435,100,1,0.0
EUW1_7718587435,200,0,0.0
EUW1_7718591464,100,0,0.0
EUW1_7718591464,200,1,0.0
EUW1_7718591789,100,0,0.0
EUW1_7718591789,200,1,0.0
EUW1_7718591920,100,0,0.0
EUW1_7718591920,200,1,0.0
EUW1_7718592584,100,1,0.0
EUW1_7718592584,200,0,0.0
EUW1_7718592741,100,0,0.0
EUW1_7718592741,200,1,0.0
EUW1_7718593607,100,0,0.0
EUW1_7718593607,200,1,0.0
EUW1_7718594593,100,0,0.0
EUW1_7718594593,200,1,0.0
EUW1_7718595200,100,0,0.0
EUW1_7718595200,200,1,0.0
EUW1_7718595665,100,1,0.0
EUW1_7718595665,200,0,0.0
EUW1_7718596232,100,0,0.0
EUW1_7718596232,200,1,0.0
EUW1_7718603366,100,1,0.0
EUW1_7718603366,200,0,0.0
EUW1_7718605579,100,0,0.0
EUW1_7718605579,200,1,0.0
EUW1_7718605990,100,1,0.0
EUW1_7718605990,200,0,0.0
EUW1_7718607214,100,0,0.0
EUW1_7718607214,200,1,0.0
EUW1_7718607391,100,1,0.0
EUW1_7718607391,200,0,0.0
EUW1_7718611662,100,1,0.0
EUW1_7718611662,200,0,0.0
EUW1_7718611917,100,0,0.0
EUW1_7718611917,200,1,0.0
EUW1_7718612868,100,0,0.0
EUW1_7718612868,200,1,0.0
EUW1_7718613661,100,1,0.0
EUW1_7718613661,200,0,0.0
EUW1_7718614171,100,0,0.0
EUW1_7718614171,200,1,0.0
EUW1_7718617739,100,1,0.0
EUW1_7718617739,200,0,0.0
EUW1_7718630204,100,1,0.0
EUW1_7718630204,200,0,0.0
EUW1_7718630278,100,1,0.0
EUW1_7718630278,200,0,0.0
EUW1_7718630626,100,0,0.0
EUW1_7718630626,200,1,0.0
EUW1_7718632035,100,0,0.0
EUW1_7718632035,200,1,0.0
EUW1_7718632481,100,0,0.0
EUW1_7718632481,200,1,0.0
EUW1_7718636011,100,0,0.0
EUW1_7718636011,200,1,0.0
EUW1_7718638757,100,1,0.0
EUW1_7718638757,200,0,0.0
EUW1_7718642548,100,1,0.0
EUW1_7718642548,200,0,0.0
EUW1_7718642894,100,1,0.0
EUW1_7718642894,200,0,0.0
EUW1_7718643745,100,1,0.0
EUW1_7718643745,200,0,0.0
EUW1_7718646582,100,1,0.0
EUW1_7718646582,200,0,0.0
EUW1_7718646960,100,1,0.0
EUW1_7718646960,200,0,0.0
EUW1_7718647182,100,0,0.0
EUW1_7718647182,200,1,0.0
EUW1_7718650115,100,1,0.0
EUW1_7718650115,200,0,0.0
EUW1_7718652352,100,1,0.0
EUW1_7718652352,200,0,0.0
EUW1_7718653482,100,1,0.0
EUW1_7718653482,200,0,0.0
EUW1_7718668107,100,0,0.0
EUW1_7718668107,200,1,0.0
EUW1_7718670849,100,0,0.0
EUW1_7718670849,200,1,0.0
EUW1_7718674042,100,1,0.0
EUW1_7718674042,200,0,0.0
EUW1_7718675517,100,1,0.0
EUW1_7718675517,200,0,0.0
EUW1_7718675804,100,1,0.0
EUW1_7718675804,200,0,0.0
EUW1_7718680333,100,1,0.0
EUW1_7718680333,200,0,0.0
EUW1_7718682825,100,0,0.0
EUW1_7718682825,200,1,0.0
EUW1_7718686754,100,0,0.0
EUW1_7718686754,200,1,0.0
EUW1_7718690517,100,0,0.0
EUW1_7718690517,200,1,0.0
EUW1_7718694990,100,1,0.0
EUW1_7718694990,200,0,0.0
EUW1_7718695111,100,0,0.0
EUW1_7718695111,200,1,0.0
EUW1_7718696390,100,0,0.0
EUW1_7718696390,200,1,0.0
EUW1_7718698217,100,1,0.0
EUW1_7718698217,200,0,0.0
EUW1_7718699871,100,0,0.0
EUW1_7718699871,200,1,0.0
EUW1_7718710722,100,0,0.0
EUW1_7718710722,200,1,0.0
EUW1_7718715111,100,1,0.0
EUW1_7718715111,200,0,0.0
EUW1_7718715194,100,0,0.0
EUW1_7718715194,200,1,0.0
EUW1_7718716476,100,1,0.0
EUW1_7718716476,200,0,0.0
EUW1_7718718775,100,0,0.0
EUW1_7718718775,200,1,0.0
EUW1_7718720693,100,0,0.0
EUW1_7718720693,200,1,0.0
EUW1_7718725548,100,1,0.0
EUW1_7718725548,200,0,0.0
EUW1_7718725840,100,0,0.0
EUW1_7718725840,200,1,0.0
EUW1_7718732062,100,0,0.0
EUW1_7718732062,200,1,0.0
EUW1_7718734032,100,1,0.0
EUW1_7718734032,200,0,0.0
EUW1_7718738009,100,1,0.0
EUW1_7718738009,200,0,0.0
EUW1_7718738174,100,1,0.0
EUW1_7718738174,200,0,0.0
EUW1_7718747010,100,0,0.0
EUW1_7718747010,200,1,0.0
EUW1_7718751343,100,1,0.0
EUW1_7718751343,200,0,0.0
EUW1_7718758344,100,1,0.0
EUW1_7718758344,200,0,0.0
EUW1_7718759118,100,1,0.0
EUW1_7718759118,200,0,0.0
EUW1_7718762135,100,1,0.0
EUW1_7718762135,200,0,0.0
EUW1_7718764917,100,1,0.0
EUW1_7718764917,200,0,0.0
EUW1_7718777385,100,0,0.0
EUW1_7718777385,200,1,0.0
EUW1_7718778054,100,0,0.0
EUW1_7718778054,200,1,0.0
EUW1_7718780105,100,0,0.0
EUW1_7718780105,200,1,0.0
EUW1_7718782224,100,1,0.0
EUW1_7718782224,200,0,0.0
EUW1_7718785216,100,1,0.0
EUW1_7718785216,200,0,0.0
EUW1_7718788239,100,0,0.0
EUW1_7718788239,200,1,0.0
EUW1_7718789390,100,1,0.0
EUW1_7718789390,200,0,0.0
EUW1_7718789885,100,0,0.0
EUW1_7718789885,200,1,0.0
EUW1_7718800511,100,1,0.0
EUW1_7718800511,200,0,0.0
EUW1_7718800847,100,1,0.0
EUW1_7718800847,200,0,0.0
EUW1_7718801684,100,0,0.0
EUW1_7718801684,200,1,0.0
EUW1_7718802266,100,0,0.0
EUW1_7718802266,200,1,0.0
EUW1_7718807460,100,0,0.0
EUW1_7718807460,200,1,0.0
EUW1_7718809209,100,0,0.0
EUW1_7718809209,200,1,0.0
EUW1_7718813216,100,1,0.0
EUW1_7718813216,200,0,0.0
EUW1_7718818741,100,1,0.0
EUW1_7718818741,200,0,0.0
EUW1_7718820229,100,1,0.0
EUW1_7718820229,200,0,0.0
EUW1_7718821042,100,0,0.0
EUW1_7718821042,200,1,0.0
EUW1_7718822250,100,1,0.0
EUW1_7718822250,200,0,0.0
EUW1_7718822971,100,0,0.0
EUW1_7718822971,200,1,0.0
EUW1_7718827169,100,1,0.0
EUW1_7718827169,200,0,0.0
EUW1_7718828998,100,0,0.0
EUW1_7718828998,200,1,0.0
EUW1_7718833570,100,0,0.0
EUW1_7718833570,200,1,0.0
EUW1_7718836569,100,1,0.0
EUW1_7718836569,200,0,0.0
EUW1_7718837169,100,1,0.0
EUW1_7718837169,200,0,0.0
EUW1_7718838746,100,1,0.0
EUW1_7718838746,200,0,0.0
EUW1_7718839191,100,1,0.0
EUW1_7718839191,200,0,0.0
EUW1_7718840294,100,1,0.0
EUW1_7718840294,200,0,0.0
EUW1_7718841340,100,0,0.0
EUW1_7718841340,200,1,0.0
EUW1_7718841341,100,0,0.0
EUW1_7718841341,200,1,0.0
EUW1_7718843433,100,1,0.0
EUW1_7718843433,200,0,0.0
EUW1_7718846880,100,1,0.0
EUW1_7718846880,200,0,0.0
EUW1_7718850149,100,1,0.0
EUW1_7718850149,200,0,0.0
EUW1_7718851770,100,1,0.0
EUW1_7718851770,200,0,0.0
EUW1_7718852655,100,0,0.0
EUW1_7718852655,200,1,0.0
EUW1_7718853989,100,0,0.0
EUW1_7718853989,200,1,0.0
EUW1_7718856324,100,0,0.0
EUW1_7718856324,200,1,0.0
EUW1_7718862889,100,1,0.0
EUW1_7718862889,200,0,0.0
EUW1_7718864963,100,0,0.0
EUW1_7718864963,200,1,0.0
EUW1_7718865292,100,0,0.0
EUW1_7718865292,200,1,0.0
EUW1_7718868270,100,0,0.0
EUW1_7718868270,200,1,0.0
EUW1_7718870015,100,1,0.0
EUW1_7718870015,200,0,0.0
EUW1_7718873233,100,1,0.0
EUW1_7718873233,200,0,0.0
EUW1_7718874401,100,0,0.0
EUW1_7718874401,200,1,0.0
EUW1_7718875482,100,1,0.0
EUW1_7718875482,200,0,0.0
EUW1_7718876142,100,0,0.0
EUW1_7718876142,200,1,0.0
EUW1_7718878568,100,0,0.0
EUW1_7718878568,200,1,0.0
EUW1_7718879700,100,1,0.0
EUW1_7718879700,200,0,0.0
EUW1_7718885205,100,0,0.0
EUW1_7718885205,200,1,0.0
EUW1_7718886686,100,1,0.0
EUW1_7718886686,200,0,0.0
EUW1_7718887246,100,0,0.0
EUW1_7718887246,200,1,0.0
EUW1_7718888475,100,0,0.0
EUW1_7718888475,200,1,0.0
EUW1_7718888579,100,0,0.0
EUW1_7718888579,200,1,0.0
EUW1_7718894797,100,1,0.0
EUW1_7718894797,200,0,0.0
EUW1_7718900983,100,1,0.0
EUW1_7718900983,200,0,0.0
EUW1_7718901565,100,0,0.0
EUW1_7718901565,200,1,0.0
EUW1_7718904324,100,0,0.0
EUW1_7718904324,200,1,0.0
EUW1_7718914962,100,0,0.0
EUW1_7718914962,200,1,0.0
EUW1_7718915394,100,0,0.0
EUW1_7718915394,200,1,0.0
EUW1_7718917743,100,1,0.0
EUW1_7718917743,200,0,0.0
EUW1_7718922824,100,0,0.0
EUW1_7718922824,200,1,0.0
EUW1_7718924921,100,0,0.0
EUW1_7718924921,200,1,0.0
EUW1_7718925949,100,0,0.0
EUW1_7718925949,200,1,0.0
EUW1_7718926145,100,1,0.0
EUW1_7718926145,200,0,0.0
EUW1_7718926808,100,0,0.0
EUW1_7718926808,200,1,0.0
EUW1_7718928375,100,1,0.0
EUW1_7718928375,200,0,0.0
EUW1_7718929470,100,0,0.0
EUW1_7718929470,200,1,0.0
EUW1_7718930300,100,0,0.0
EUW1_7718930300,200,1,0.0
EUW1_7718932914,100,1,0.0
EUW1_7718932914,200,0,0.0
EUW1_7718934142,100,1,0.0
EUW1_7718934142,200,0,0.0
EUW1_7718935096,100,0,0.0
EUW1_7718935096,200,1,0.0
EUW1_7718935791,100,1,0.0
EUW1_7718935791,200,0,0.0
EUW1_7718936210,100,0,0.0
EUW1_7718936210,200,1,0.0
EUW1_7718937714,100,0,0.0
EUW1_7718937714,200,1,0.0
EUW1_7718939903,100,1,0.0
EUW1_7718939903,200,0,0.0
EUW1_7718943361,100,0,0.0
EUW1_7718943361,200,1,0.0
EUW1_7718944609,100,1,0.0
EUW1_7718944609,200,0,0.0
EUW1_7718945399,100,1,0.0
EUW1_7718945399,200,0,0.0
EUW1_7718946142,100,0,0.0
EUW1_7718946142,200,1,0.0
EUW1_7718946830,100,1,0.0
EUW1_7718946830,200,0,0.0
EUW1_7718948609,100,1,0.0
EUW1_7718948609,200,0,0.0
EUW1_7718949546,100,1,0.0
EUW1_7718949546,200,0,0.0
EUW1_7718958444,100,0,0.0
EUW1_7718958444,200,1,0.0
EUW1_7718958789,100,1,0.0
EUW1_7718958789,200,0,0.0
EUW1_7718961011,100,0,0.0
EUW1_7718961011,200,1,0.0
EUW1_7718962851,100,0,0.0
EUW1_7718962851,200,1,0.0
EUW1_7718972213,100,1,0.0
EUW1_7718972213,200,0,0.0
EUW1_7718975980,100,1,0.0
EUW1_7718975980,200,0,0.0
EUW1_7718977126,100,0,0.0
EUW1_7718977126,200,1,0.0
EUW1_7718980901,100,0,0.0
EUW1_7718980901,200,1,0.0
EUW1_7718982051,100,0,0.0
EUW1_7718982051,200,1,0.0
EUW1_7718983344,100,1,0.0
EUW1_7718983344,200,0,0.0
EUW1_7718985834,100,1,0.0
EUW1_7718985834,200,0,0.0
EUW1_7718990468,100,1,0.0
EUW1_7718990468,200,0,0.0
EUW1_7718992812,100,1,0.0
EUW1_7718992812,200,0,0.0
EUW1_7718995324,100,0,0.0
EUW1_7718995324,200,1,0.0
EUW1_7718998113,100,1,0.0
EUW1_7718998113,200,0,0.0
EUW1_7718999428,100,1,0.0
EUW1_7718999428,200,0,0.0
EUW1_7719003383,100,1,0.0
EUW1_7719003383,200,0,0.0
EUW1_7719004476,100,0,0.0
EUW1_7719004476,200,1,0.0
EUW1_7719006549,100,1,0.0
EUW1_7719006549,200,0,0.0
EUW1_7719016635,100,0,0.0
EUW1_7719016635,200,1,0.0
EUW1_7719021861,100,1,0.0
EUW1_7719021861,200,0,0.0
EUW1_7719022340,100,1,0.0
EUW1_7719022340,200,0,0.0
EUW1_7719023108,100,0,0.0
EUW1_7719023108,200,1,0.0
EUW1_7719023348,100,0,0.0
EUW1_7719023348,200,1,0.0
EUW1_7719032988,100,1,0.0
EUW1_7719032988,200,0,0.0
EUW1_7719045580,100,1,0.0
EUW1_7719045580,200,0,0.0
EUW1_7719049222,100,0,0.0
EUW1_7719049222,200,1,0.0
EUW1_7719054105,100,0,0.0
EUW1_7719054105,200,1,0.0
EUW1_7719054445,100,0,0.0
EUW1_7719054445,200,1,0.0
EUW1_7719056142,100,0,0.0
EUW1_7719056142,200,1,0.0
EUW1_7719057629,100,1,0.0
EUW1_7719057629,200,0,0.0
EUW1_7719063946,100,0,0.0
EUW1_7719063946,200,1,0.0
EUW1_7719075461,100,1,0.0
EUW1_7719075461,200,0,0.0
EUW1_7719075635,100,0,0.0
EUW1_7719075635,200,1,0.0
EUW1_7719077167,100,0,0.0
EUW1_7719077167,200,1,0.0
EUW1_7719079982,100,0,0.0
EUW1_7719079982,200,1,0.0
EUW1_7719080204,100,0,0.0
EUW1_7719080204,200,1,0.0
EUW1_7719081218,100,1,0.0
EUW1_7719081218,200,0,0.0
EUW1_7719084067,100,1,0.0
EUW1_7719084067,200,0,0.0
EUW1_7719088464,100,0,0.0
EUW1_7719088464,200,1,0.0
EUW1_7719094362,100,0,0.0
EUW1_7719094362,200,1,0.0
EUW1_7719096997,100,0,0.0
EUW1_7719096997,200,1,0.0
EUW1_7719099174,100,1,0.0
EUW1_7719099174,200,0,0.0
EUW1_7719104034,100,1,0.0
EUW1_7719104034,200,0,0.0
EUW1_7719105067,100,0,0.0
EUW1_7719105067,200,1,0.0
EUW1_7719105587,100,1,0.0
EUW1_7719105587,200,0,0.0
EUW1_7719106193,100,1,0.0
EUW1_7719106193,200,0,0.0
EUW1_7719113734,100,1,0.0
EUW1_7719113734,200,0,0.0
EUW1_7719116147,100,1,0.0
EUW1_7719116147,200,0,0.0
EUW1_7719117328,100,0,0.0
EUW1_7719117328,200,1,0.0
EUW1_7719117488,100,0,0.0
EUW1_7719117488,200,1,0.0
EUW1_7719121227,100,0,0.0
EUW1_7719121227,200,1,0.0
EUW1_7719124906,100,0,0.0
EUW1_7719124906,200,1,0.0
EUW1_7719134927,100,1,0.0
EUW1_7719134927,200,0,0.0
EUW1_7719141752,100,0,0.0
EUW1_7719141752,200,1,0.0
EUW1_7719143497,100,0,0.0
EUW1_7719143497,200,1,0.0
EUW1_7719144211,100,1,0.0
EUW1_7719144211,200,0,0.0
EUW1_7719145114,100,0,0.0
EUW1_7719145114,200,1,0.0
EUW1_7719145607,100,1,0.0
EUW1_7719145607,200,0,0.0
EUW1_7719145783,100,0,0.0
EUW1_7719145783,200,1,0.0
EUW1_7719154303,100,1,0.0
EUW1_7719154303,200,0,0.0
EUW1_7719155773,100,0,0.0
EUW1_7719155773,200,1,0.0
EUW1_7719157101,100,0,0.0
EUW1_7719157101,200,1,0.0
EUW1_7719163320,100,0,0.0
EUW1_7719163320,200,1,0.0
EUW1_7719163464,100,0,0.0
EUW1_7719163464,200,1,0.0
EUW1_7719168064,100,1,0.0
EUW1_7719168064,200,0,0.0
EUW1_7719169328,100,0,0.0
EUW1_7719169328,200,1,0.0
EUW1_7719169717,100,1,0.0
EUW1_7719169717,200,0,0.0
EUW1_7719170998,100,1,0.0
EUW1_7719170998,200,0,0.0
EUW1_7719174632,100,0,0.0
EUW1_7719174632,200,1,0.0
EUW1_7719174860,100,0,0.0
EUW1_7719174860,200,1,0.0
EUW1_7719179696,100,0,0.0
EUW1_7719179696,200,1,0.0
EUW1_7719181345,100,1,0.0
EUW1_7719181345,200,0,0.0
EUW1_7719183077,100,1,0.0
EUW1_7719183077,200,0,0.0
EUW1_7719185579,100,1,0.0
EUW1_7719185579,200,0,0.0
EUW1_7719188701,100,1,0.0
EUW1_7719188701,200,0,0.0
EUW1_7719190674,100,0,0.0
EUW1_7719190674,200,1,0.0
EUW1_7719191138,100,1,0.0
EUW1_7719191138,200,0,0.0
EUW1_7719195006,100,1,0.0
EUW1_7719195006,200,0,0.0
EUW1_7719200890,100,1,0.0
EUW1_7719200890,200,0,0.0
EUW1_7719213287,100,0,0.0
EUW1_7719213287,200,1,0.0
EUW1_7719220458,100,1,0.0
EUW1_7719220458,200,0,0.0
EUW1_7719220538,100,1,0.0
EUW1_7719220538,200,0,0.0
EUW1_7719224263,100,1,0.0
EUW1_7719224263,200,0,0.0
EUW1_7719230950,100,1,0.0
EUW1_7719230950,200,0,0.0
EUW1_7719235361,100,1,0.0
EUW1_7719235361,200,0,0.0
EUW1_7719238045,100,1,0.0
EUW1_7719238045,200,0,0.0
EUW1_7719240101,100,0,0.0
EUW1_7719240101,200,1,0.0
EUW1_7719240748,100,0,0.0
EUW1_7719240748,200,1,0.0
EUW1_7719243207,100,1,0.0
EUW1_7719243207,200,0,0.0
EUW1_7719244874,100,1,0.0
EUW1_7719244874,200,0,0.0
EUW1_7719246280,100,0,0.0
EUW1_7719246280,200,1,0.0
EUW1_7719249335,100,0,0.0
EUW1_7719249335,200,1,0.0
EUW1_7719256165,100,1,0.0
EUW1_7719256165,200,0,0.0
EUW1_7719258752,100,1,0.0
EUW1_7719258752,200,0,0.0
EUW1_7719266284,100,0,0.0
EUW1_7719266284,200,1,0.0
EUW1_7719267982,100,1,0.0
EUW1_7719267982,200,0,0.0
EUW1_7719270714,100,1,0.0
EUW1_7719270714,200,0,0.0
EUW1_7719271140,100,0,0.0
EUW1_7719271140,200,1,0.0
EUW1_7719272739,100,0,0.0
EUW1_7719272739,200,1,0.0
EUW1_7719280579,100,0,0.0
EUW1_7719280579,200,1,0.0
EUW1_7719284262,100,1,0.0
EUW1_7719284262,200,0,0.0
EUW1_7719289420,100,0,0.0
EUW1_7719289420,200,1,0.0
EUW1_7719301982,100,1,0.0
EUW1_7719301982,200,0,0.0
EUW1_7719302306,100,1,0.0
EUW1_7719302306,200,0,0.0
EUW1_7719305429,100,0,0.0
EUW1_7719305429,200,1,0.0
EUW1_7719318692,100,1,0.0
EUW1_7719318692,200,0,0.0
EUW1_7719320310,100,1,0.0
EUW1_7719320310,200,0,0.0
EUW1_7719325991,100,1,0.0
EUW1_7719325991,200,0,0.0
EUW1_7719326383,100,0,0.0
EUW1_7719326383,200,1,0.0
EUW1_7719326390,100,0,0.0
EUW1_7719326390,200,1,0.0
EUW1_7719330159,100,1,0.0
EUW1_7719330159,200,0,0.0
EUW1_7719334408,100,0,0.0
EUW1_7719334408,200,1,0.0
EUW1_7719347409,100,1,0.0
EUW1_7719347409,200,0,0.0
EUW1_7719349656,100,1,0.0
EUW1_7719349656,200,0,0.0
EUW1_7719352114,100,1,0.0
EUW1_7719352114,200,0,0.0
EUW1_7719362155,100,1,0.0
EUW1_7719362155,200,0,0.0
EUW1_7719366165,100,0,0.0
EUW1_7719366165,200,1,0.0
EUW1_7719374363,100,0,0.0
EUW1_7719374363,200,1,0.0
EUW1_7719379169,100,1,0.0
EUW1_7719379169,200,0,0.0
EUW1_7719387247,100,0,0.0
EUW1_7719387247,200,1,0.0
EUW1_7719387955,100,1,0.0
EUW1_7719387955,200,0,0.0
EUW1_7719388571,100,1,0.0
EUW1_7719388571,200,0,0.0
EUW1_7719396160,100,0,0.0
EUW1_7719396160,200,1,0.0
EUW1_7719404496,100,1,0.0
EUW1_7719404496,200,0,0.0
EUW1_7719408131,100,0,0.0
EUW1_7719408131,200,1,0.0
EUW1_7719411231,100,0,0.0
EUW1_7719411231,200,1,0.0
EUW1_7719425310,100,0,0.0
EUW1_7719425310,200,1,0.0
EUW1_7719425544,100,0,0.0
EUW1_7719425544,200,1,0.0
EUW1_7719432561,100,1,0.0
EUW1_7719432561,200,0,0.0
EUW1_7719437708,100,0,0.0
EUW1_7719437708,200,1,0.0
EUW1_7719439076,100,1,0.0
EUW1_7719439076,200,0,0.0
EUW1_7719440218,100,0,0.0
EUW1_7719440218,200,1,0.0
EUW1_7719441703,100,1,0.0
EUW1_7719441703,200,0,0.0
EUW1_7719442723,100,0,0.0
EUW1_7719442723,200,1,0.0
EUW1_7719447135,100,0,0.0
EUW1_7719447135,200,1,0.0
EUW1_7719448297,100,1,0.0
EUW1_7719448297,200,0,0.0
EUW1_7719471366,100,0,0.0
EUW1_7719471366,200,1,0.0
EUW1_7719471546,100,1,0.0
EUW1_7719471546,200,0,0.0
EUW1_7719471931,100,0,0.0
EUW1_7719471931,200,1,0.0
EUW1_7719479753,100,0,0.0
EUW1_7719479753,200,1,0.0
EUW1_7719480549,100,1,0.0
EUW1_7719480549,200,0,0.0
EUW1_7719480989,100,1,0.0
EUW1_7719480989,200,0,0.0
EUW1_7719485837,100,0,0.0
EUW1_7719485837,200,1,0.0
EUW1_7719502619,100,1,0.0
EUW1_7719502619,200,0,0.0
EUW1_7719504038,100,1,0.0
EUW1_7719504038,200,0,0.0
EUW1_7719506379,100,0,0.0
EUW1_7719506379,200,1,0.0
EUW1_7719510490,100,0,0.0
EUW1_7719510490,200,1,0.0
EUW1_7719512396,100,1,0.0
EUW1_7719512396,200,0,0.0
EUW1_7719512821,100,0,0.0
EUW1_7719512821,200,1,0.0
EUW1_7719518078,100,1,0.0
EUW1_7719518078,200,0,0.0
EUW1_7719524734,100,1,0.0
EUW1_7719524734,200,0,0.0
EUW1_7719530304,100,0,0.0
EUW1_7719530304,200,1,0.0
EUW1_7719535535,100,0,0.0
EUW1_7719535535,200,1,0.0
EUW1_7719536556,100,1,0.0
EUW1_7719536556,200,0,0.0
EUW1_7719539384,100,0,0.0
EUW1_7719539384,200,1,0.0
EUW1_7719539421,100,1,0.0
EUW1_7719539421,200,0,0.0
EUW1_7719544625,100,0,0.0
EUW1_7719544625,200,1,0.0
EUW1_7719546630,100,1,0.0
EUW1_7719546630,200,0,0.0
EUW1_7719548409,100,0,0.0
EUW1_7719548409,200,1,0.0
EUW1_7719549572,100,1,0.0
EUW1_7719549572,200,0,0.0
EUW1_7719549717,100,0,0.0
EUW1_7719549717,200,1,0.0
EUW1_7719554551,100,0,0.0
EUW1_7719554551,200,1,0.0
EUW1_7719557379,100,1,0.0
EUW1_7719557379,200,0,0.0
EUW1_7719570140,100,0,0.0
EUW1_7719570140,200,1,0.0
EUW1_7719574618,100,1,0.0
EUW1_7719574618,200,0,0.0
EUW1_7719578364,100,0,0.0
EUW1_7719578364,200,1,0.0
EUW1_7719581727,100,0,0.0
EUW1_7719581727,200,1,0.0
EUW1_7719584805,100,1,0.0
EUW1_7719584805,200,0,0.0
EUW1_7719585278,100,0,0.0
EUW1_7719585278,200,1,0.0
EUW1_7719589358,100,0,0.0
EUW1_7719589358,200,1,0.0
EUW1_7719596865,100,1,0.0
EUW1_7719596865,200,0,0.0
EUW1_7719601900,100,0,0.0
EUW1_7719601900,200,1,0.0
EUW1_7719606834,100,0,0.0
EUW1_7719606834,200,1,0.0
EUW1_7719607598,100,0,0.0
EUW1_7719607598,200,1,0.0
EUW1_7719612284,100,1,0.0
EUW1_7719612284,200,0,0.0
EUW1_7719620336,100,0,0.0
EUW1_7719620336,200,1,0.0
EUW1_7719644126,100,1,0.0
EUW1_7719644126,200,0,0.0
EUW1_7719649020,100,0,0.0
EUW1_7719649020,200,1,0.0
EUW1_7719649423,100,1,0.0
EUW1_7719649423,200,0,0.0
EUW1_7719651152,100,1,0.0
EUW1_7719651152,200,0,0.0
EUW1_7719652930,100,1,0.0
EUW1_7719652930,200,0,0.0
EUW1_7719656816,100,0,0.0
EUW1_7719656816,200,1,0.0
EUW1_7719662797,100,0,0.0
EUW1_7719662797,200,1,0.0
EUW1_7719664867,100,0,0.0
EUW1_7719664867,200,1,0.0
EUW1_7719668549,100,0,0.0
EUW1_7719668549,200,1,0.0
EUW1_7719672197,100,0,0.0
EUW1_7719672197,200,1,0.0
EUW1_7719675033,100,1,0.0
EUW1_7719675033,200,0,0.0
EUW1_7719680194,100,1,0.0
EUW1_7719680194,200,0,0.0
EUW1_7719680381,100,1,0.0
EUW1_7719680381,200,0,0.0
EUW1_7719683885,100,0,0.0
EUW1_7719683885,200,1,0.0
EUW1_7719688312,100,0,0.0
EUW1_7719688312,200,1,0.0
EUW1_7719706009,100,1,0.0
EUW1_7719706009,200,0,0.0
EUW1_7719718225,100,1,0.0
EUW1_7719718225,200,0,0.0
EUW1_7719719301,100,0,0.0
EUW1_7719719301,200,1,0.0
EUW1_7719721530,100,1,0.0
EUW1_7719721530,200,0,0.0
EUW1_7719731630,100,1,0.0
EUW1_7719731630,200,0,0.0
EUW1_7719736583,100,1,0.0
EUW1_7719736583,200,0,0.0
EUW1_7719746523,100,1,0.0
EUW1_7719746523,200,0,0.0
EUW1_7719764764,100,1,0.0
EUW1_7719764764,200,0,0.0
EUW1_7719765307,100,1,0.0
EUW1_7719765307,200,0,0.0
EUW1_7719767174,100,0,0.0
EUW1_7719767174,200,1,0.0
EUW1_7719771379,100,0,0.0
EUW1_7719771379,200,1,0.0
EUW1_7719777840,100,1,0.0
EUW1_7719777840,200,0,0.0
EUW1_7719779924,100,0,0.0
EUW1_7719779924,200,1,0.0
EUW1_7719781665,100,1,0.0
EUW1_7719781665,200,0,0.0
EUW1_7719790435,100,1,0.0
EUW1_7719790435,200,0,0.0
EUW1_7719808902,100,1,0.0
EUW1_7719808902,200,0,0.0
EUW1_7719813390,100,1,0.0
EUW1_7719813390,200,0,0.0
EUW1_7719813769,100,1,0.0
EUW1_7719813769,200,0,0.0
EUW1_7719817159,100,0,0.0
EUW1_7719817159,200,1,0.0
EUW1_7719824691,100,0,0.0
EUW1_7719824691,200,1,0.0
EUW1_7719833790,100,0,0.0
EUW1_7719833790,200,1,0.0
EUW1_7719844989,100,1,0.0
EUW1_7719844989,200,0,0.0
EUW1_7719855981,100,1,0.0
EUW1_7719855981,200,0,0.0
EUW1_7719860493,100,1,0.0
EUW1_7719860493,200,0,0.0
EUW1_7719863695,100,0,0.0
EUW1_7719863695,200,1,0.0
EUW1_7719864301,100,1,0.0
EUW1_7719864301,200,0,0.0
EUW1_7719868127,100,0,0.0
EUW1_7719868127,200,1,0.0
EUW1_7719868778,100,1,0.0
EUW1_7719868778,200,0,0.0
EUW1_7719873792,100,1,0.0
EUW1_7719873792,200,0,0.0
EUW1_7719885537,100,1,0.0
EUW1_7719885537,200,0,0.0
EUW1_7719896051,100,0,0.0
EUW1_7719896051,200,1,0.0
EUW1_7719897106,100,1,0.0
EUW1_7719897106,200,0,0.0
EUW1_7719897693,100,0,0.0
EUW1_7719897693,200,1,0.0
EUW1_7719898397,100,0,0.0
EUW1_7719898397,200,1,0.0
EUW1_7719902842,100,1,0.0
EUW1_7719902842,200,0,0.0
EUW1_7719905412,100,1,0.0
EUW1_7719905412,200,0,0.0
EUW1_7719929112,100,1,0.0
EUW1_7719929112,200,0,0.0
EUW1_7719939633,100,1,0.0
EUW1_7719939633,200,0,0.0
EUW1_7719943649,100,0,0.0
EUW1_7719943649,200,1,0.0
EUW1_7719945528,100,1,0.0
EUW1_7719945528,200,0,0.0
EUW1_7719950340,100,1,0.0
EUW1_7719950340,200,0,0.0
EUW1_7719957466,100,1,0.0
EUW1_7719957466,200,0,0.0
EUW1_7719957645,100,1,0.0
EUW1_7719957645,200,0,0.0
EUW1_7719959778,100,0,0.0
EUW1_7719959778,200,1,0.0
EUW1_7719960487,100,1,0.0
EUW1_7719960487,200,0,0.0
EUW1_7719964508,100,1,0.0
EUW1_7719964508,200,0,0.0
EUW1_7719964746,100,0,0.0
EUW1_7719964746,200,1,0.0
EUW1_7719965105,100,1,0.0
EUW1_7719965105,200,0,0.0
EUW1_7719990939,100,0,0.0
EUW1_7719990939,200,1,0.0
EUW1_7719995573,100,1,0.0
EUW1_7719995573,200,0,0.0
EUW1_7719996715,100,1,0.0
EUW1_7719996715,200,0,0.0
EUW1_7719999387,100,1,0.0
EUW1_7719999387,200,0,0.0
EUW1_7720002318,100,0,0.0
EUW1_7720002318,200,1,0.0
EUW1_7720011272,100,0,0.0
EUW1_7720011272,200,1,0.0
EUW1_7720025619,100,1,0.0
EUW1_7720025619,200,0,0.0
EUW1_7720029726,100,1,0.0
EUW1_7720029726,200,0,0.0
EUW1_7720030951,100,1,0.0
EUW1_7720030951,200,0,0.0
EUW1_7720038795,100,0,0.0
EUW1_7720038795,200,1,0.0
EUW1_7720046810,100,0,0.0
EUW1_7720046810,200,1,0.0
EUW1_7720052553,100,1,0.0
EUW1_7720052553,200,0,0.0
EUW1_7720060335,100,0,0.0
EUW1_7720060335,200,1,0.0
EUW1_7720062040,100,0,0.0
EUW1_7720062040,200,1,0.0
EUW1_7720069064,100,1,0.0
EUW1_7720069064,200,0,0.0
EUW1_7720070322,100,1,0.0
EUW1_7720070322,200,0,0.0
EUW1_7720072803,100,0,0.0
EUW1_7720072803,200,1,0.0
EUW1_7720073586,100,1,0.0
EUW1_7720073586,200,0,0.0
EUW1_7720076748,100,1,0.0
EUW1_7720076748,200,0,0.0
EUW1_7720079792,100,0,0.0
EUW1_7720079792,200,1,0.0
EUW1_7720084615,100,0,0.0
EUW1_7720084615,200,1,0.0
EUW1_7720089110,100,1,0.0
EUW1_7720089110,200,0,0.0
EUW1_7720093438,100,1,0.0
EUW1_7720093438,200,0,0.0
EUW1_7720095920,100,0,0.0
EUW1_7720095920,200,1,0.0
EUW1_7720096300,100,1,0.0
EUW1_7720096300,200,0,0.0
EUW1_7720104197,100,0,0.0
EUW1_7720104197,200,1,0.0
EUW1_7720107713,100,1,0.0
EUW1_7720107713,200,0,0.0
EUW1_7720108227,100,1,0.0
EUW1_7720108227,200,0,0.0
EUW1_7720108425,100,0,0.0
EUW1_7720108425,200,1,0.0
EUW1_7720119738,100,1,0.0
EUW1_7720119738,200,0,0.0
EUW1_7720121929,100,0,0.0
EUW1_7720121929,200,1,0.0
EUW1_7720122443,100,0,0.0
EUW1_7720122443,200,1,0.0
EUW1_7720122635,100,0,0.0
EUW1_7720122635,200,1,0.0
EUW1_7720127128,100,0,0.0
EUW1_7720127128,200,1,0.0
EUW1_7720128617,100,0,0.0
EUW1_7720128617,200,1,0.0
EUW1_7720132853,100,1,0.0
EUW1_7720132853,200,0,0.0
EUW1_7720135420,100,0,0.0
EUW1_7720135420,200,1,0.0
EUW1_7720137032,100,1,0.0
EUW1_7720137032,200,0,0.0
EUW1_7720141823,100,1,0.0
EUW1_7720141823,200,0,0.0
EUW1_7720143177,100,1,0.0
EUW1_7720143177,200,0,0.0
EUW1_7720151884,100,0,0.0
EUW1_7720151884,200,1,0.0
EUW1_7720152625,100,0,0.0
EUW1_7720152625,200,1,0.0
EUW1_7720155157,100,1,0.0
EUW1_7720155157,200,0,0.0
EUW1_7720163693,100,1,0.0
EUW1_7720163693,200,0,0.0
EUW1_7720169093,100,0,0.0
EUW1_7720169093,200,1,0.0
EUW1_7720170378,100,0,0.0
EUW1_7720170378,200,1,0.0
EUW1_7720178612,100,1,0.0
EUW1_7720178612,200,0,0.0
EUW1_7720182477,100,0,0.0
EUW1_7720182477,200,1,0.0
EUW1_7720186702,100,0,0.0
EUW1_7720186702,200,1,0.0
EUW1_7720193031,100,1,0.0
EUW1_7720193031,200,0,0.0
EUW1_7720200063,100,0,0.0
EUW1_7720200063,200,1,0.0
EUW1_7720200095,100,1,0.0
EUW1_7720200095,200,0,0.0
EUW1_7720201544,100,1,0.0
EUW1_7720201544,200,0,0.0
EUW1_7720204280,100,1,0.0
EUW1_7720204280,200,0,0.0
EUW1_7720209412,100,0,0.0
EUW1_7720209412,200,1,0.0
EUW1_7720214011,100,1,0.0
EUW1_7720214011,200,0,0.0
EUW1_7720224573,100,1,0.0
EUW1_7720224573,200,0,0.0
EUW1_7720224726,100,0,0.0
EUW1_7720224726,200,1,0.0
EUW1_7720231762,100,0,0.0
EUW1_7720231762,200,1,0.0
EUW1_7720235672,100,1,0.0
EUW1_7720235672,200,0,0.0
EUW1_7720239123,100,1,0.0
EUW1_7720239123,200,0,0.0
EUW1_7720243065,100,0,0.0
EUW1_7720243065,200,1,0.0
EUW1_7720246676,100,1,0.0
EUW1_7720246676,200,0,0.0
EUW1_7720255355,100,1,0.0
EUW1_7720255355,200,0,0.0
EUW1_7720255642,100,1,0.0
EUW1_7720255642,200,0,0.0
EUW1_7720267378,100,1,0.0
EUW1_7720267378,200,0,0.0
EUW1_7720287101,100,0,0.0
EUW1_7720287101,200,1,0.0
EUW1_7720289369,100,0,0.0
EUW1_7720289369,200,1,0.0
EUW1_7720294396,100,0,0.0
EUW1_7720294396,200,1,0.0
