puuid,tier,winrate_zscore,kda_zscore,dmg_share,gold_share,avg_game_time,champ_mastery_entropy,avg_kill_participation,avg_gold_per_min,avg_damage_per_min,avg_vision_per_min,team_first_blood_rate,team_first_tower_rate,team_first_dragon_rate,player_first_blood_rate,current_win_streak,current_loss_streak,longest_win_streak_20,longest_loss_streak_20,recent_winrate_5,recent_winrate_10,winrate_trend_10,recent_kda_5,recent_kda_10,kda_trend_10,kda_volatility_10,prediction,anomaly_score,is_anomaly,summoner_name
-3SSGr-KnG0oXgzGD5ZlcPM14faNjuJIlrmtWo7S-Q88tI-zfa6DscoqCOOsx7xr5Jj_VPvE19aHJg,Master,-0.2689316066700067,-0.200834128454113,0.1300175964812153,0.1639972677621226,1594.04,0.8592118045915259,0.5505259471779462,356.7964443675098,460.4463907552258,2.0212724916351426,0.66,0.5,0.52,0.42,0,5,4,5,0.0,0.2,-0.3999999999999999,2.2,1.9404761904761905,-1.027777777777778,0.7942046678418407,-1,-0.5386905216520187,True,규율 사제#wow
-5cT_p5mN_wG0fPnNxp-3s5WRK-vm32_mO8n1s8C-9pj07dhlCIo5kFATNxjqqxS22c2V-IvZucW-g,Emerald,-0.039272990753526,0.0498792389544879,0.1410676211052972,0.1699582997789149,1756.2,4.194946750261171,0.4866174342928554,341.2148415474513,489.9742893495268,1.4084639613621062,0.54,0.38,0.5,0.08,9,0,9,4,1.0,0.9,0.6000000000000001,5.925,5.8025,3.6883333333333335,2.6476038695394,-1,-0.5543942436197888,True,BoOmmelMütze#EUW
-6GTy3MIe3mhqQEKzr-vGSWEjkQno_Ot0t87Hoi9UO98wbo3OwrhoasCKO7HOKKcopcBh4BYts1R5g,Iron,0.0346841886694355,1.138980990059115,0.0519115869161753,0.1473115738604881,2080.3125,0.9933927290045916,0.5262720242727521,270.5408360039713,174.22484087990023,1.728380770021488,0.4375,0.375,0.375,0.1875,2,0,4,4,0.6,0.6,0.4333333333333333,6.257142857142857,7.983333333333332,5.053235653235653,5.628704877154629,-1,-0.5753927421302348,True,SeekerBlood#666
-9FOT3wcWBteK4_lme_4HswBdgSBy-D84-OM4sRKaZLNMPpbtPWQKyxebjFd_PfeghUY8rtvdf7rEw,Iron,0.4989291931773007,1.161694611135658,0.1623145489591562,0.1977629009997269,1678.3333333333333,1.251629167383495,0.3634265614275909,380.5402966880248,540.6819781670016,0.392135359638031,0.1666666666666666,0.6666666666666666,0.6666666666666666,0.0,4,0,4,2,0.8,0.6666666666666666,0.0,7.191666666666667,6.159722222222222,0.0,6.08297262375543,-1,-0.5383637031744398,True,lshenzy97#EUW
-fmi8Ze9Jrmo-_vuy4VPeOTf0I6BYpwMrkwSa7AiceYd24VcbFYyYZYGBNSpudOPbxveZ6qaoUl8RA,Emerald,0.0229612723778148,0.8665802833804969,0.2041055061951735,0.2291909540709779,1623.65306122449,0.5745082375352771,0.5771850051148658,482.6840248032448,692.3878326231371,0.7300552316808213,0.4693877551020408,0.4897959183673469,0.6326530612244898,0.1224489795918367,3,0,3,3,0.8,0.6,0.0999999999999999,11.7,8.333333333333332,1.051785714285712,6.850385228421668,-1,-0.5007791645699211,True,goths add me#1v9
-gxB9SnPQHNO_3l__WtDkhlVSQyoR_R-Uk1WimrrzYJPsDFQWWoMJnf1MQ3qQI8OLwEtOYU7eX5QXQ,Iron,-0.2843787417014245,-0.3705980944669331,0.1330172160709875,0.1611336714765216,1697.44,2.234626501667067,0.3367413410081112,282.1555924088256,400.2145047583306,0.6617780487797111,0.32,0.24,0.42,0.12,0,4,1,4,0.2,0.3,0.0,0.7733333333333334,1.2574999999999998,-0.2501948051948053,1.1775144163097468,-1,-0.5229407732195831,True,Momochi#92i
-qLE4T4lhqwYyevIr6h1I9frO7-d0XduTIGFRJH0mdLD0PZ5_NDyapsu_CwLRzw6137duPvFGtIkug,Master,-0.0283724512731933,-0.1928731796975151,0.1924475087954036,0.1921799433438159,1614.68,1.171046958966976,0.3535249134763963,408.3920407419592,696.2688543997122,0.6080940066702718,0.5,0.38,0.44,0.04,0,5,3,5,0.0,0.2,-0.3999999999999999,1.1396825396825396,1.8206746031746035,-0.5161111111111112,1.1006793816075569,-1,-0.4954522336884608,True,beanybopper#000
-ss7_PSjVyapKGGI_KrR_qFpGCoOgaazC4vio4J2ajKvccwxAkSlG5aGFpuhLKmWP6KkdekU_HN3jw,Master,0.492839052086569,0.8267928298624742,0.2610556875978163,0.2382371654617086,1605.94,2.697239226744443,0.5598899564991558,536.5041093419235,1029.8183924945824,1.2638859434232923,0.64,0.62,0.34,0.16,1,0,10,3,0.4,0.7,-0.1,3.291111111111112,7.412222222222224,-0.0246825396825371,6.011385185783045,-1,-0.523865454011854,True,I HAVE TO DO IT#favo
-x353tCo64BNCPnLRVvLbIWw0bDHi4GeOVc2Gy8MjJd2dwcn2dkCvhINfaQu30w2CYqx7Ktm0z5B0Q,Gold,-0.2321020195753803,0.4230653586998454,0.2392838979435739,0.2300148154416205,1869.14,3.266440881690434,0.4872008414488655,459.83783338824776,868.3341541644478,0.9328707742773455,0.6,0.54,0.56,0.18,0,1,8,3,0.4,0.5,-0.0999999999999999,6.616666666666667,7.861190476190475,0.7910714285714278,9.301297062282028,-1,-0.4935997091337601,True,MrCox#493
04YGbEEUPvR5Bg7mU61OwEHts35jrs5v35DY-1Ube-AJeeJGYWFnO19T_o2YBni4u-BOUcqfXMSiGA,Diamond,0.0114772408014181,0.3056372287689438,0.124608322595155,0.1525058441959639,1754.2,1.988637875045388,0.6216230060836662,330.69139843517746,467.3543919056443,3.3329244772000566,0.64,0.66,0.6,0.34,1,0,4,3,0.8,0.6,0.0999999999999999,3.9497435897435897,4.4715384615384615,-0.1880214230214232,2.787703451327701,-1,-0.496288639388567,True,IQ Diffff#EUW
0TzfH0UQ13aBVE7qCi-PgQKR7jhwfmtnXH5lBhTaATMJNFdklEGJ5z35lKojhCxswQqt79cs2BwPTQ,Diamond,0.0114772408014181,-0.0268862665194139,0.2531968642878671,0.2095548183018454,1622.1,3.88445829442491,0.4566941259732864,454.815909973501,927.9255822609828,0.9023067387241162,0.56,0.5,0.48,0.2,6,0,6,2,1.0,0.8,0.2,8.600000000000001,6.689117647058824,3.338641456582633,5.533090634920114,-1,-0.4942464202165079,True,Rakoon L9#DEAC
0fulvQfNNGcNF4NijmAwW0NTweRLY72jiAdmTl0NFkyL2RWL55wIjRuQ22LLIaYPotOO4pnMMGLPAw,Silver,-0.0678827773014785,0.6907650194898955,0.1607416546702102,0.2041611270252478,1782.98,0.6795563653681324,0.4599985189424695,410.5964899402342,717.7970565593429,1.0903906533403118,0.4940381318842756,0.4956261701084848,0.4949441960904057,0.1679790705374592,0,1,7,6,0.6,0.8,0.5,4.373333333333333,9.661666666666669,4.27659090909091,8.01154739527057,-1,-0.5006670484394362,True,Gros Pikmin#NuNu
0lmfFaUxmtVAq2UwRUUu19uyo5uwr6DZvsMf-OXUdsGF4SKuGIapvCLv-SYvF7JhptFbi1b4J1TzHw,Diamond,0.0916642494731996,0.0015704457150452,0.0793356501943976,0.1394984930441559,1659.32,0.4225426691919749,0.5522447709903265,297.7823394715226,258.252928434707,2.576472543013395,0.46,0.48,0.54,0.24,4,0,4,2,0.8,0.8,0.2,4.09,4.990833333333333,0.669999999999999,4.65012611836138,-1,-0.5007953144510456,True,Pit Rookie#BUFF
1KhMoXPXXiPPpPTYXgn2hZMqZcPmXwpt-f8sRdywplDfqL4aiwwmpATIRORWwSRX_b_8Y-A2Cm5JqQ,Diamond,0.051570745137309,0.9770589663832068,0.2051861655982645,0.2225657666981229,1670.68,0.842116745146059,0.5652838576870787,480.2066704359975,774.0934613745563,1.169100044591788,0.42,0.54,0.48,0.16,0,1,3,3,0.6,0.7,0.3999999999999999,9.187301587301588,7.5626984126984125,2.489841269841269,6.620712220743455,-1,-0.5062641169202844,True,Kadeemv2718#5264
1MD8qk3B6Tk5f3lcpu2Csf5j7TK_VQ-CgCdIvT6iYmGgDZety4s29WwhyBgBpcHGB1QI1y-0TYLNXA,Iron,-0.0817991033707197,0.0174368939900007,0.1666316643044788,0.1824501967501484,1534.74,4.878562939594425,0.3447380153167498,322.1810881164212,508.211717076432,0.6385648993350689,0.46,0.38,0.36,0.06,0,4,2,5,0.2,0.4,0.1,3.6916666666666655,5.269642857142857,3.2404761904761905,6.286709680610092,-1,-0.5173359720313229,True,yamato wb#DBZ
1PFgKHQiofr-W901_3xtpmEmARd8gHPjQL_9yXpkhS71plYYK5Huj8KfJYkTM66P6fX69S_NKpk70w,Bronze,0.3528474830467493,1.0657380889261905,0.3243870486486325,0.2662677807433776,1732.1875,1.7547404264637472,0.5661942966536393,560.2670091790214,1257.182805951713,0.6437508237209333,0.5625,0.5625,0.65625,0.34375,6,0,6,2,1.0,0.8,0.1,10.533333333333331,6.753571428571428,0.7430086580086579,7.842023783318984,-1,-0.6286261005235292,True,Suisu#babi
2TWdr30NEMpfX8o8RrIaL_nt2okktAXBW-TM4ak1ubJSbFi8M4qsRF6kbAdaonddy4-iU4LsgbjenQ,Emerald,0.1212258983746691,-0.2399500879981513,0.2886769289803488,0.232665451431931,1741.18,-1.4428232973175177e-12,0.3568153927181452,507.72886178024754,1139.5138094248448,0.573493611533089,0.58,0.72,0.5,0.4,3,0,3,3,0.6,0.5,0.0999999999999999,1.9292929292929293,2.547146464646464,1.4536507936507932,1.5749686174425783,-1,-0.5153685468643123,True,Humforle#EUW
2WyU9XNPf9MlyhSQ9iTSZOXrs5HJRuRzCAbwXVom0UM9gDmW3KjVMQYmAYf4OPa3SOvcaIjVsGGmaA,Diamond,-0.0687097678703635,0.6641236172674879,0.1128974514841146,0.1853253397209199,1635.24,-1.4428232973175177e-12,0.4859390098780266,381.0187099812737,409.3190015337871,0.7952234360265052,0.46,0.56,0.24,0.14,0,2,5,3,0.2,0.3,-0.3999999999999999,3.62,4.500277777777778,-3.349722222222222,3.7363641901066216,-1,-0.515559973823597,True,RAMMUS FROM EUNE#XDXDX
2XunbMmVRBGO-qClGBBKyPUfsbKH1L5e3HtcBbVC5lWBR_YM4tooqWqxbogtF3XEdQv3YsqAMcUs2g,Bronze,0.5778975434972998,1.001566063553147,0.2351304013377675,0.238402479439403,1856.2,0.7219280948844771,0.5076578073089701,494.8060672977478,860.9740221286511,1.0751350036850729,0.6,1.0,0.4,0.2,2,0,2,1,0.8,0.8,0.0,6.99,6.99,0.0,4.23584702273347,-1,-0.5174230982711391,True,KarottenKinsi#EUW
2emD4MKnj7jDKCA0ozA-Enxu6FIsYCDv5Frpe5MdNT4scJ_RCRAiwsfOV9sd24BrR9U4uJbfnhEykg,Master,0.2522798966897556,0.8573884629261052,0.2061469917587161,0.2222024045816059,1610.56,3.584822001740623,0.5257590804209439,487.62791874343816,765.5277929778032,1.2286441743321768,0.54,0.68,0.64,0.18,8,0,8,3,1.0,0.8,0.2,7.426666666666667,8.244285714285713,0.5376190476190468,4.825504356049161,-1,-0.533628515614828,True,Lurox#Lurox
2oggIaLZdeRNtNaIIxCwQ2BjoXHSLKEqNmEuDbRRg0NI_IKYOw2T_nGVySZzHJtQeP0qtvTnO6P1fg,Gold,0.0486105777776092,0.2485220313820904,0.1155584337426866,0.145358147124377,1744.74,1.1706635459763546,0.5492938605246848,305.6025020922268,398.4942621711429,2.1552316192455216,0.58,0.48,0.52,0.3,0,6,4,6,0.0,0.3,-0.3,1.9933333333333336,6.010555555555556,-1.1149999999999984,8.179812718584156,-1,-0.5433759724661289,True,Saber#YX80
34VDjSteZ8gSMyc6yII_X83LfKYdcPkPG0uxhU8GxrgIhnKbymLYA4U3jt4Lupb7m5LyONkXWj85Vg,Emerald,0.1212258983746691,-0.1689383659206929,0.2789876227903603,0.2398602681080335,1708.54,3.934177320635708,0.5635724744174802,516.5553695937265,1102.678174637966,0.691155381023428,0.62,0.68,0.54,0.3,2,0,2,4,0.8,0.5,0.0999999999999999,7.053333333333333,5.201666666666666,2.278452380952381,4.656669052731433,-1,-0.5004130097424903,True,Aral#659
3Nn1ysd_Jb6HMue-_9RVoIltfNL1U2PFfdMXXC7BQIkyjZdr7hxgpUHFFB4SjJ92lDmJ4QimSwcSXg,Gold,0.5966685059429696,0.4749854079551278,0.3223109887729676,0.2385077376654933,1565.8333333333333,2.5849625007125003,0.5262147486869427,541.3156780149753,1214.2080677510544,0.9877431981949988,0.8333333333333334,0.5,0.3333333333333333,0.3333333333333333,1,0,4,1,0.8,0.8333333333333334,0.0,4.953333333333333,5.516666666666667,0.0,3.7450090243673104,-1,-0.5582714906455019,True,Bonobo Boosted#EUW
3T3cq1ETahYR_L_pftEBEktiHBK27l6DQh5EdrMSzZxgEKHAwdpVgI-9097hTbC_Y-kWDsAjhqkJ0w,Iron,0.161296462626126,-0.2796364751888924,0.0858228244179389,0.1385489104101466,1999.8333333333333,0.6500224216454689,0.3172063222909087,268.175059490268,319.75612762691463,0.9002078750829771,0.3333333333333333,0.3333333333333333,0.0,0.0,1,0,2,2,0.6,0.5,0.0,1.775,1.6319444444444444,0.0,1.0788842044182545,-1,-0.5333329382317296,True,Sartreuse#EUW
4J7BnOLmyEL30gCNh4UWfX3t9HKFnIPwErkkWV8tubXjNP3XdnV9aU4cSUR8TUW1Gs59ZQUEcMmkRA,Master,0.0338129086253024,-0.0711540661277595,0.111961343156258,0.1489231846939274,1640.5102040816328,3.4586130993640856,0.6143588488231205,322.4950834941469,398.6920200214421,3.1919651171163896,0.5510204081632653,0.5510204081632653,0.6326530612244898,0.3265306122448979,0,1,9,3,0.8,0.9,0.5,4.786666666666667,4.873333333333333,2.5246031746031745,2.430411487793785,-1,-0.5551605888086915,True,Mauro Garih#EUW
4P2yXHAfyah8gkF21FR0cj0OeEx6m8vih37wILLlXKyyIm_X8qqIQMh62EKOEMR8jmyg4aYNeQ8DYg,Iron,0.0937699165158911,-0.5025125746747174,0.1882307691093338,0.1677892189185731,1934.6666666666667,2.1967916319729808,0.2798770660869505,321.313515100664,666.0524449239414,0.3609308667060895,0.6666666666666666,0.7333333333333333,0.6666666666666666,0.1333333333333333,0,2,3,4,0.4,0.3,-0.5,0.5308333333333334,0.5664285714285715,-1.096127819548872,0.3653222298637916,-1,-0.5220241989363852,True,Blanksorashiro#6721
4T1HgNPb6WztT_RC22peyG5SSuTwoOXfqKiTsYVDn20f6DISUfd8F4y0jN5jqMKoYs8vDTnQtUGa3g,Diamond,-0.1088032722062543,0.5711218128975539,0.2235759285217884,0.2323130676204184,1664.84,2.167812416012245,0.6201167080688977,493.1066890109453,808.8701626542683,1.352969973638101,0.42,0.5,0.24,0.06,2,0,2,5,0.6,0.4,-0.0999999999999999,9.533333333333337,6.275714285714286,2.340714285714285,5.935382757727224,-1,-0.5257075837494277,True,futile devices#123
4kz4nUyww9qvIBgZzTH20rPBjsQncEp5Pv2D3LsvuO7pMJpx5S7EIBoZ_Pon3SVKLSfZfoYdkZcL_Q,Bronze,0.5778975434972998,0.7452837381724724,0.3022509459448821,0.2660531676454872,2019.2,2.321928094880149,0.5021717171717172,573.7380849627423,1342.1160074650004,0.7175564593915977,0.4,0.4,0.6,0.2,0,1,4,1,0.8,0.8,0.0,6.044444444444444,6.044444444444444,0.0,3.057506447910183,-1,-0.5353236599969785,True,Kingfroos#EUW
4yIpYhCwL_aNGHJd4Owm90WOZdLdlnPH8DAGOlcmsYeJHW-JaPeAoiDAM1MNpFLBy3xIa7NbEV-wfQ,Diamond,-0.0687097678703635,0.7609966905116162,0.0745515131358788,0.1386339830609684,1755.5,2.345862112659961,0.6064560041143566,287.8718451111483,253.29047927172576,3.057251441298394,0.46,0.42,0.4,0.18,1,0,6,3,0.4,0.7,0.2999999999999999,5.306666666666667,9.653333333333332,3.1991666666666667,5.867276483457493,-1,-0.5695966549211805,True,Corazón#lαw
4yOL9CE-71ndgmPD1tnJ7suGDJrzAreG5tH7U4Ti6tZx_T8SLoVmnhra-PS1B9s1yHO5abLpvS4n4w,Iron,-0.2033468863691426,-0.4902751458366604,0.0733275469591081,0.1366918587071936,1824.12,2.069344285214007,0.2323553303430616,241.8613486212219,222.169206249877,0.7014564099312924,0.44,0.38,0.34,0.12,0,1,2,8,0.4,0.4,0.2,1.4514735264735266,1.2040700965700968,0.3158161283161285,0.8368223439281204,-1,-0.5356606047761052,True,Auralys#5346
58OIOYy3kUL18BWpR62vYBkYfMOJr2o3O3y_2DrpkZ1EinF4heBa08Bg5elgwprscfoOJHp8mBSdFg,Iron,0.120780534959985,1.0154128844946675,0.1112838740215987,0.1532002494661804,1743.4,2.644624082354803,0.4780432976342376,293.8769297064508,391.7158016928748,1.7661398709179503,0.56,0.42,0.48,0.18,0,2,6,4,0.4,0.3,-0.5,4.2057142857142855,3.983809523809524,-3.5340476190476195,3.1410674558030047,-1,-0.4959486746897764,True,IGoblinKingI#777
590XWnt1qgfJi_SbYEjGR2Il6IB965nJRWV-ygUzYytATJZIb9b2cS-cos9uTBOlW9MvdQ9sRZm_kw,Master,-0.1486520289716,-0.1432179888848906,0.2436496264140566,0.221703147199559,1663.96,3.938688570423688,0.5905119277197342,467.54163169224586,897.7017737352861,1.3381332716892524,0.66,0.56,0.5,0.42,7,0,7,4,1.0,0.7,0.2999999999999999,4.0285714285714285,4.632619047619047,1.4008730158730156,2.708415132202719,-1,-0.4975451286399053,True,Whiplash#zzzzz
5C8ZdvX3XmoprJ37iKbidsNCTNH4QgTYS1EF2rXZOBlkbRlhpzRV_T6kxQF5M6pSEvBGddbusW4nvg,Iron,-0.0412831757045787,-0.2950350956466454,0.1351791116048005,0.1604881110187925,1787.8,0.7219280948844771,0.4602916705121643,305.20454202305143,480.8669154947982,1.1930076787455892,0.6,0.8,0.2,0.2,0,1,1,1,0.4,0.4,0.0,1.5835714285714286,1.5835714285714286,0.0,0.7915871424433526,-1,-0.4934356112428359,True,MjrBezef#EUW
5rF-uJntv9b6CKKFuRpyrlvby-myBmRtDSSrZguJ-4vgrZu-9M6nLDHLXscHlkz9RVoLF3DxvWntGA,Iron,0.437541423986178,0.3587033892746799,0.1243647118800301,0.164262626582742,1923.272727272728,2.040373393681283,0.3043032530508424,323.1126340629364,468.9339442722837,0.4902875865692997,0.1818181818181818,0.2727272727272727,0.3636363636363636,0.0,0,1,4,2,0.8,0.6,-0.4,3.0755128205128206,3.625938228438229,-0.1240617715617715,4.496435560266404,-1,-0.5189749626339362,True,Omaaar37#jaime
6Nn21yELIi50TfslpQs7Woh38uDuYjmuUmsqo01k00fF2UVXanEcf6gR9HGA9EBZ1xUoWzMT2hl9IQ,Silver,0.0924819522078333,0.2371300512231489,0.1752345173282622,0.2130646687555564,1742.64,2.8141356265113284,0.4599985189424695,410.5964899402342,717.7970565593429,1.0903906533403118,0.4940381318842756,0.4956261701084848,0.4949441960904057,0.1679790705374592,11,0,11,3,1.0,1.0,0.5,4.196666666666666,6.221666666666666,2.3578571428571418,3.629003919045066,-1,-0.5160195990636632,True,LDS Rozen#EUW
6NqfHWU9bNpwT0lZyG-5tITtHLWBQB3dL8HYpmJZE6LB9f7S0_KIKXivJkuPoEY7C0Bs5V4x9XZjIw,Diamond,-0.1088032722062543,1.073144387648736,0.0800049625160044,0.1409570031173602,1564.7,0.3825426691934175,0.6193619511166311,288.80980155675906,246.30050416459312,1.9822358219475429,0.52,0.54,0.58,0.22,1,0,2,5,0.6,0.5,0.3,10.90952380952381,8.549761904761905,2.793095238095238,8.644219127239191,-1,-0.5705901193994203,True,ItsSillyCat#777
6VIt9jtXute-SZGa9AoM15pQbvi_BzJHFBguUCYuP0PDaU7hSrOUHgTouvkTma0srbhGoKUkoDdg1g,Iron,-0.299111806307294,-0.4734235450668848,0.1059978459389317,0.1525599064640493,1813.4545454545453,3.2776134368046885,0.2762496116323867,273.3375642528188,332.6540072678128,0.3483845933348531,0.1818181818181818,0.2727272727272727,0.4545454545454545,0.0,0,2,1,5,0.4,0.2,-0.8,1.3084415584415583,1.0485797535797536,0.2793489843489843,0.6849600974153379,-1,-0.5665472078562046,True,livitrixie#6516
6VVX1q8Jos-FHcNY3qu2TsN94kaYCA4Jw0FxoekSRPUtl9Q2-uDYmK7NaJ5ocidHXXwXudVrWjtf1w,Iron,0.0397486796277031,0.3598432566228469,0.1206569488446558,0.1522377304797376,1706.8,2.387125158500204,0.4291635803128359,288.23610916632447,404.3043229180229,1.311038496412259,0.4,0.54,0.44,0.1,0,8,2,8,0.0,0.2,-0.0999999999999999,0.9451839826839826,1.5878300865800867,-2.6315534547152195,1.7363761378650424,-1,-0.5301910178939816,True,Xeyanh#ducks
6_Ych9q5slts_igVLZiOrqPqd5Em3F0hPq54mFwwl3qnBmQZl7FiS5sGj3_xBKbBj6LceYfO8GB9iA,Iron,-0.299111806307294,0.148856794501808,0.2056471962049463,0.1967002461210495,1701.7272727272727,2.3685225277195503,0.3861228659254975,355.6136487678036,621.6982174035295,0.6188118277740967,0.5454545454545454,0.2727272727272727,0.2727272727272727,0.4545454545454545,1,0,1,4,0.4,0.3,0.3,5.73,3.230353535353536,2.7758080808080807,4.248348355672807,-1,-0.5072928321118029,True,Fatalfuria10#EUW
6fAC428xpQIATpS8DkQk-K3KoLP9zuEB0nWz4ejdRemY91O3DlZQvtcZ3_uO7anpovh_B-noIuOn0Q,Gold,0.3138994060452694,0.748406975161242,0.0852079743251105,0.150711335997472,1756.6153846153843,0.7732283485205895,0.6006727515497854,324.37520924790954,334.82725825183803,1.8585902701542816,0.6153846153846154,0.6923076923076923,0.6153846153846154,0.3076923076923077,2,0,5,2,0.6,0.7,0.0333333333333333,5.561111111111112,7.49388888888889,3.9438888888888894,6.947805608807559,-1,-0.5504214576239498,True,TMA CheeseFarmer#EUW
6fBzAoBDVONAm3fZqHsZsmeFLNmn06bBJDyUSKLhG5pvlpY67O5xisn4aoRp7TWsWpeqIbDkO523Hg,Master,0.0117207412929422,0.0184712416380701,0.0834011330210663,0.1456733287738806,1643.24,0.9372685007208216,0.5858501578933687,312.2716663400641,308.67984952128387,2.351619269491198,0.62,0.54,0.6,0.36,0,1,6,4,0.8,0.6,0.0,5.317575757575757,4.482121212121212,0.1214069264069266,3.310193636331443,-1,-0.4958676960606454,True,xApeHellx#EUW
6z8QLMGxOCI6oyzZBer8TfAIi_nUZfDLwz2765S5Kx2CBOpBjISBmfzYwTypYWRERbeHNKTHNX8dEw,Emerald,0.0409764538105716,0.533678879131499,0.1334305878531616,0.1926583851290871,1745.46,1.2084966928162455,0.5604341974444857,406.3991639360393,519.5550295386367,0.8333492938215887,0.34,0.52,0.42,0.02,4,0,4,2,0.8,0.7,0.0,10.133333333333333,7.534166666666667,1.930595238095238,5.836423526727077,-1,-0.4999034941455491,True,Rapid dragon#EUW
711CaUDn-R7lnButO2w3IM3sPNkTDoU8tiAbZwP-Y8IjDhrY-CnWZTwwy-NrlKWuife1doWFTiirUg,Iron,0.161296462626126,-0.1198773669614901,0.1928167713617692,0.180928969830542,1280.6,0.7219280948844771,0.2832226068432965,344.8067112170082,403.3941182697248,0.1881003148198669,0.2,0.4,0.3,0.0,5,0,5,5,1.0,0.5,0.0,3.6142857142857134,2.133809523809524,0.0,3.208871948780984,-1,-0.5351302033254747,True,MassiveLegend744#744
72q3c_CaB_EoKAuMTIt8syLgHY10xa4dVV3GHXQYN-RlzzoNTdrvj2kYXdqWcy2E6x6y8dfuOUrqnA,Emerald,-0.1195224353176237,0.1659838315493347,0.2715980222054928,0.2326839319773581,1621.88,3.1844399546192474,0.5696903510876435,471.9203410732328,936.9382770058188,0.8108087545335603,0.52,0.46,0.62,0.26,5,0,5,5,1.0,0.9,0.6000000000000001,7.366666666666667,7.243333333333334,4.002063492063493,4.62129520673102,-1,-0.5318884078260561,True,Gratefull#lol
781cB61RQ89yhIhJT7zbwDjIpAUs4R0BB7e-Mr6F24zOTcDWbbh5s8cJCZyu24zeswwV4tlw3lWGQw,Diamond,0.051570745137309,0.3448514345085784,0.0953553725208037,0.1441981716173531,1742.28,0.4670814401546753,0.5729686153433345,306.05445771313805,360.319928561612,3.149542396456852,0.4,0.42,0.54,0.12,6,0,6,2,1.0,0.8,0.3,8.5,6.034285714285715,2.287997835497836,4.29311097155186,-1,-0.5653592258263255,True,Sponegbob#Knob
7G6Qe5IyXqXoP2ihhAbQLdgnqfdRv01487VTC2OrhlV4G9IL8_BDiqgokpqWmjzIEvoezz3SB2ww-g,Master,-0.1085588364054645,-0.1218275171642651,0.1107470363157805,0.1518523489938364,1586.42,2.78152606101734,0.5813798294227298,317.5025886438357,378.4258889550274,1.9834049660527744,0.44,0.4,0.4,0.14,0,7,2,7,0.0,0.2,-0.0999999999999999,1.2505494505494503,1.7138028638028635,-0.7790542790542792,0.9994189226003624,-1,-0.5346027392961751,True,angwy janna#EUW
7Hsl-If56qBxvSe43ej7vJY2dTwZ9_Clllu9gijLsJbG8wJ-dxnSrbJOj1HolVKCXenZd4v3R9fSeg,Iron,-0.1223150310368607,-0.0642476034883923,0.0904501799864883,0.1532943090703674,1649.16,0.3825426691934175,0.3492347927005665,264.950053573115,249.0922945025215,0.5862827094159215,0.26,0.4,0.34,0.1,0,1,2,4,0.4,0.5,0.3,5.183333333333333,3.2,1.9013888888888888,5.718901409653197,-1,-0.5202820198254551,True,eta04#1988
7cNPcJMK59KHHYDcPPeu2e-aPyfMSAHqygOrxQrFfDb9tfyMd6YcZ_skQ_35rW3MrbiqMt4VQ2SozA,Diamond,-0.2290837852139267,0.16369350946179,0.0814357213502705,0.1437138440995497,1649.42,2.18849307035446,0.5718408615172256,293.6886430436029,264.3177985615944,2.658262730087299,0.6,0.42,0.48,0.26,0,1,2,4,0.2,0.3,-0.2,2.3233333333333333,3.5908333333333333,-3.279404761904762,3.830934847469421,-1,-0.5130228555407382,True,lnvencheater#EUW
7keWfFpumzBgnEuOis2URIaqRIgHmt05RvsFYej9eZ3Ja0UpnQPros5B_UahNux4q-uGzh9frS-v6g,Master,-0.2288384141038712,0.2975805865224354,0.0987949124613516,0.1455348978546224,1597.02,1.2222671310005966,0.5857474603688327,304.81571997032205,316.6169305965305,2.330196026544099,0.52,0.62,0.42,0.26,0,6,2,6,0.0,0.3,-0.2,2.076190476190476,3.111428571428571,-3.048095238095238,2.1801633007966603,-1,-0.5448651841287342,True,mageteaXD#ttv
7m4QU_zcQvFBDekvye6-jMI0NsECaXhPSanQnLr6aUy8lZ1p_oW6_q3GUuA1PQTXy6imgMx9AH3c1g,Master,-0.0684656438393289,0.1518847001164209,0.1973879496767606,0.2211177411882408,1695.44,0.1414405425389353,0.4468309105505438,465.0404415327423,694.4699230085596,0.7612584738915874,0.48,0.4,0.64,0.18,0,2,3,5,0.2,0.4,0.1,2.019047619047619,5.184523809523809,2.9002380952380946,9.011263501749308,-1,-0.4917799038980981,True,naafiri adc hehe#heheh
7rjleiFB9fQG0_pkG8ijekwTg3ziekut3l8RkAAvCWHDz2RpkyHnmsNdP7yWvWJHKhn1SQIuo3fe1g,Emerald,-0.1195224353176237,-0.4021640360028621,0.0702476792329982,0.133692271769786,1642.58,0.3274449191515909,0.5199482039442433,279.4106963225984,264.5671972486609,2.6669248997934822,0.64,0.42,0.36,0.32,1,0,3,6,0.6,0.6,0.3999999999999999,2.161904761904762,2.236507936507937,0.1789917027417029,1.1496809070157965,-1,-0.5433239499282987,True,Karavusk#cow
7rqx-r5JPA7oxVIAZ4ohmgrAu0t59yIQKduU3GoIzucdI2A4UW2LShXq7mGbk1VBDd-1rClpM0ropw,Diamond,-0.0687097678703635,0.4053515218656542,0.0851705094444331,0.1398696799882998,1685.46,3.145658881345722,0.5057976321611156,292.3461362107997,285.8527124922566,2.611514475190561,0.56,0.44,0.44,0.2,1,0,3,3,0.4,0.5,0.0,4.536666666666667,8.143333333333334,1.4941666666666666,6.419818273648146,-1,-0.4963967858888327,True,Bob Dietrichson#EUW
7yY6NisRnKtRr7-S9DDPa_eQYk01ulpsK0DErbM3AwLlDUWPtoaqz2tkiBI9W3_cuTaDWKO6S7bSFA,Emerald,0.1212258983746691,0.6006137558286097,0.0795025456642576,0.1405741545197898,1739.8,1.085509377296723,0.5839433795594161,301.0630233024792,283.2387018509573,2.2520846202769937,0.36,0.38,0.44,0.1,1,0,4,4,0.2,0.4,-0.2999999999999999,2.15,3.768333333333333,-1.7722222222222226,4.220153038299284,-1,-0.4973252806563699,True,angeldust#blue
84qPS_Om7oCtLX3WAsNzslw2_ulAgji6viTZJ89IrUOwZlrtK99dJefEJ9WFNYDkAvGW1WHAAZ0ZgQ,Gold,0.0486105777776092,0.3949966906318289,0.1490373619716364,0.1929035617217504,1812.16,3.437450925148575,0.4465855617168776,399.7376969435661,575.5565659858648,1.214570067100557,0.46,0.4,0.56,0.18,8,0,8,5,1.0,0.8,0.3,10.8,8.175,1.8696608946608952,5.976045933558409,-1,-0.5343973396258828,True,FontyAtomic90#0912
85Nn6kI1GoyN6Qdgh2fxoaj8xDnnqczAHoGUnEg4xfECGyHCqAX8kCfWXt5VqZDalnVGqxZQMl5uoQ,Emerald,0.2817247875028645,-0.2602110212752365,0.2689404816879517,0.2400408052155799,1444.08,2.194556070976505,0.4072065196891604,518.4845152676003,949.8433342590556,0.7288003464098282,0.62,0.72,0.44,0.32,9,0,10,1,1.0,0.9,-0.0999999999999999,2.5333333333333337,2.8433333333333337,-1.3600000000000003,1.8404739727701789,-1,-0.5624337000240544,True,Primebeast#EUW
85nPeuVp8Xdet7hxTPjTS962iMpvYnfBhRKCY7IPIaPO35WBDpmoJ-BS1AJEMZApjV-RrLgFG4fT-w,Iron,-0.2033468863691426,-0.3637300421028044,0.1249327679893481,0.1816716588957998,1788.98,4.0684930703328215,0.3245539278573398,327.4066779121503,421.4890643997238,0.4660444602803424,0.44,0.4,0.32,0.02,0,1,2,6,0.2,0.3,0.0999999999999999,0.9807142857142856,1.2636904761904764,-0.3014249639249637,1.169832590936125,-1,-0.4926518806192721,True,MonsterItachi#1744
8Afyrx4c1OiGrBP88Iinnp0xTR1tjo_9q2Ch-9LOKWfPAWIqtqCwCFdj52vE2qpHbWX-hj98fsJsOQ,Master,0.21218670412362,0.3763361208491864,0.0941379891531892,0.1460575496076492,1528.64,3.076998938930968,0.5459471811465949,315.160455759418,331.08381862300934,2.545041833329939,0.52,0.54,0.6,0.2,4,0,4,2,0.8,0.7,0.0,11.383333333333333,8.354761904761904,2.7323376623376614,7.602915958088688,-1,-0.5441809550630429,True,CraneLoL#EUW
8BHTcxqGkITyCk-mIE4plm6gLZX4GmNo5KKp4E7hRKH4-sP0fTGKvXyBoPGW5NJ1hZ1hnfElJ-lFsg,Gold,0.0486105777776092,0.5222864758802745,0.1061176716613011,0.1461212168049802,1718.74,3.585142250359251,0.534679984971719,290.89434421564533,356.9233771134636,2.2456076945319023,0.64,0.52,0.58,0.32,1,0,4,2,0.6,0.6,-0.0999999999999999,8.168181818181818,6.284686147186147,3.08599567099567,4.252100985547521,-1,-0.5118177107170337,True,Seonjun#EUW
8DziN1ILOMC0wcYVFK7PwR8CWF_Z4ssKhB4-bzIK2eGcnXlxs4sukHf-Me60EdOO5Nj6Rl3n9cY_fg,Iron,-0.0412831757045787,-0.1624556268509045,0.1487931958902937,0.1962579907009704,1910.8,2.638920595021496,0.3720220376141195,369.36916340979866,513.4464755579139,0.3953394088684689,0.5333333333333333,0.4,0.6666666666666666,0.0666666666666666,0,5,5,5,0.0,0.5,0.3,1.3355555555555556,2.4736752136752136,1.420861360861361,1.967899924225969,-1,-0.5109385505397751,True,FuelJK#9447
8IcdwHYkKMecBQTPrO46jo1ty1yhOOwU0MTMcy-fXKHqRAQhWChV-yiWBmzu9cGRjpOtBgDm4nDrFA,Iron,-0.3061950104447313,-0.4325329763614825,0.1329027390684197,0.1629098109312583,1779.423076923077,2.9775940442994075,0.3627092980329178,281.5638595602483,408.9573345111029,0.3516147960314896,0.4230769230769231,0.3846153846153846,0.3076923076923077,0.1923076923076923,0,2,2,9,0.4,0.4,0.3,1.5587878787878788,1.3894871794871797,0.3731784881784883,1.0869743728610366,-1,-0.5166023285475664,True,PomaresYT#AFK
8VS4E0ebjUqLZDnHtzAZLrQQglsehp5xYUh9poaE_lCWZQwC__j3K_s5lxZXH2aLTOQ-vrvxuGhNAg,Silver,0.8091118372025715,1.1683857665704078,0.4057867560308588,0.2938264859227067,1574.96875,1.7521905092319146,0.4599985189424695,410.5964899402342,717.7970565593429,1.0903906533403118,0.4940381318842756,0.4956261701084848,0.4949441960904057,0.1679790705374592,3,0,10,1,0.8,0.8,-0.1999999999999999,4.81952380952381,4.448650793650794,-6.200357142857143,2.5160438590533896,-1,-0.5146596427653052,True,Loki#GG69
8fY4jsvWpZjzwPRukzlplYNP8VLFPC7yUNTjDx3HL8i9b4Ua9vKszoUlYs7NqQw3UvqGiet1qGVNOA,Gold,0.0887123773994647,0.2629597236970612,0.2867305373387818,0.2330999369194054,1800.56,3.8042558034106446,0.55571057093441,484.1834141201566,1109.761954823517,0.6187889432073289,0.44,0.52,0.44,0.22,0,1,8,2,0.8,0.8,0.2,4.849350649350649,7.529220779220779,4.5942207792207785,5.795538780556868,-1,-0.5010675108974446,True,Backshot John#00000
90PJL5lNdRZ3146DByjiWAV-2S0NJTM9ORHV_SVdMT2DyAUHJ7I9DBfMC5QN_pCNwnTMewYpi94YVw,Emerald,0.5893476583319055,1.589164504527194,0.2379045094521422,0.2336929887542281,1460.8666666666666,2.394949047719159,0.6378363968145094,509.95000263765183,857.4642914956214,0.919118591638973,0.5333333333333333,0.6333333333333333,0.4666666666666667,0.3666666666666666,4,0,4,1,0.8,0.8,0.0,13.25,12.405,3.174603174603174,8.360097188430288,-1,-0.6234640696641682,True,SøulSilver#EUW
99tZ1fcIp4cuUc73mxz5MHQT2H4sPbSrmhyszK293lI2GHm3VB8y6Y4JD5th5BZ2cNwpNGb8jmre3A,Master,0.2383700135545655,0.3063756826744344,0.0905293644660841,0.1419868293977026,1661.591836734694,1.0502275545267128,0.5728138107156435,310.6984446037859,321.0975266573585,2.8292689386481733,0.6530612244897959,0.5102040816326531,0.5918367346938775,0.3265306122448979,1,0,4,2,0.6,0.6,-0.2,3.9630303030303033,5.754242424242424,-0.1530808080808086,5.40423081039053,-1,-0.5184579308349033,True,WithinTemptation#SIREN
9D1S-VmP4d49zFSdzLhGAoktnwem8rOuFgMicLsbpYh69zhTEpCCRtfsB4upuO2PVKakdc-8_lb9UA,Gold,0.4897303736180212,0.7905187230446372,0.2672559483861067,0.2203402115705949,1620.58,4.221467880163385,0.5126896010727969,455.8744196242432,974.3307687751712,0.7299762068399425,0.54,0.54,0.6,0.2,0,1,7,2,0.8,0.8,0.2,8.31904761904762,7.957857142857142,1.7551298701298688,6.038910870441274,-1,-0.5335643504631593,True,Freckles#EUWW
9HaIeEqbMNYfuhdF43LlGKjbrlM5Xbu4RpJsAReb3wlhx-NqZCixY-XH7n6kdfqUp54oP0Iq53fTuA,Iron,0.0165967209613368,1.133813597884482,0.211157572214161,0.1786975523172356,1449.928571428571,2.6644977791903623,0.3839866419823839,322.4288384160246,574.2458592781867,1.2091914602842782,0.2857142857142857,0.4285714285714285,0.2857142857142857,0.0714285714285714,0,4,4,4,0.2,0.5,0.25,0.6222222222222222,7.231944444444446,4.059325396825399,10.962967352116864,-1,-0.5893127777385957,True,яx7#ЖЖЖ
9NykM5CM3CnpQgkZhlSW3LAHz2N9vyb1zjM14msSVX255oXyU4ZpidyZq9HtRDbIxG9nl8wHYcZljw,Master,0.0518139338590778,0.6447996037041187,0.0888810264704192,0.1449280715811717,1616.28,2.557724439842822,0.5907692454910084,311.76911324394973,345.1169216956192,3.047758664272722,0.62,0.6,0.54,0.08,2,0,3,4,0.8,0.5,0.0999999999999999,10.3,8.855357142857143,4.981071428571428,9.203179249086498,-1,-0.5783585801997599,True,Sïgma#EUW
9tsddU3wCzUjJlCuNOprH4CqTFupHa4vSP5NM-XZN3UGP6WX0_5FqA03kFAX9yKby6yvSrLKBQX50Q,Emerald,0.7230967326054015,0.8789077415039047,0.2609734428422375,0.2369542520232575,1501.62,2.7003929240862603,0.5475529116539329,522.1926159595312,1020.6501716005802,0.7259014787691099,0.66,0.66,0.52,0.26,4,0,11,1,0.8,0.9,0.0,7.8199999999999985,6.81,-0.2955555555555564,4.203498542880681,-1,-0.5702610969346017,True,BuffEkkoOrInt#Weak
9wcn2NMEWDmyBMryXE0RMStJ3hBySdkZOPaBOHy-X_kbmbYsxSmk3lKeeOckdJKZRn-eElsrls8Kwg,Platinum,0.5029762108130585,1.1662710007730177,0.3128445173543399,0.2620779155168314,1496.4,2.321928094880149,0.4599985189424695,410.5964899402342,717.7970565593429,1.0903906533403118,0.4940381318842756,0.4956261701084848,0.4949441960904057,0.1679790705374592,0,1,4,1,0.8,0.8,0.0,8.47,8.47,0.0,4.794121400215059,-1,-0.512515958858778,True,8518 414425#EUW
9y1FAFJTXhBKGxxR7qyamvK0QAN8fVukAX4QVeXaCK4g9jfN6WzLbQO4KPSQfIPiE4XB7vVyvmVWYA,Diamond,0.051570745137309,0.547140689102103,0.0893121077159876,0.1438431497751053,1812.14,2.3073469758074823,0.588991355397448,310.19270641627656,346.23219279009027,3.230169713610924,0.48,0.7,0.52,0.06,0,2,4,5,0.6,0.5,-0.0999999999999999,3.914444444444445,5.405793650793651,0.0107936507936505,3.976528421623798,-1,-0.5145406371208956,True,Damatrixqt#EUW
9y_owdxByIQK2tunBESvkRovQvGIiPEf94eX4d9B9on286KA2_0cWXHjoSRhv_L5RCkeuVoJk4tEug,Master,-0.0283724512731933,-0.3831375163039065,0.1277627283719746,0.1461707443259421,1648.88,0.2822921890780868,0.4816778848423523,314.3949724552772,460.54952592875566,2.7167877635535747,0.64,0.46,0.58,0.36,0,3,4,3,0.2,0.5,-0.0999999999999999,3.461904761904762,2.9681746031746026,-0.5093253968253975,2.8561325473429866,-1,-0.5222499354127971,True,WWG Beluga#DMG
A00ncY8L3LDlAe40ZFEWVD1YdtSlRAbBm0X5w6a4dQP_kbkyfGsYEBY8-LGbaqbwB0RWD5oWuDtUQg,Gold,-0.004858488384865,0.6031750037494191,0.2404831829466074,0.2217395564355856,1667.1,1.3033074086006202,0.4919015347569771,427.58270912044696,828.8940326468443,0.2867952438242686,0.6333333333333333,0.4333333333333333,0.5,0.2666666666666666,0,1,8,2,0.8,0.8,0.3,10.609523809523813,9.035873015873015,3.954206349206351,8.09062066259266,-1,-0.5405113248393529,True,Goshmog#EUW
A7cr09XhelqV8JVU-iSuce0HqKABGTKg5fvXWqbV8ZYLVZ5W5hfNQsZTA74QREjt61dfYJIvaMVflQ,Gold,-0.031593021466102,0.7608893525150832,0.0980997277193293,0.1398853169142602,1856.42,2.2914123461677693,0.5782861920635585,281.26172754868924,340.6533346412214,2.215935849099728,0.52,0.58,0.5,0.16,0,1,7,3,0.8,0.7,0.1999999999999999,7.56,8.1425,1.2658333333333331,6.313141551557354,-1,-0.5244975127644629,True,Dangles#EUW
A9j8q-8xGlcv7KkuiJAjCGm0cpeZLedDP5APmIB9OxLojTbrzvPWN_Pl61BdUzWSYziES3ZenckNxA,Gold,0.1288141770213204,0.360768546504379,0.0689694492034583,0.1366667067206677,1934.32,0.4670814401546753,0.4711926664270423,277.72348402777345,260.7870712767506,2.1890198885109218,0.46,0.56,0.68,0.04,0,3,3,3,0.2,0.3,-0.3,3.868571428571428,3.7206493506493503,-0.5433982683982688,3.107484199760419,-1,-0.5412031136877439,True,flesnie#BUTZ
ABjCbxwYerPyj_9JxtTh6fv3ek1FEOHjnFZPAkwVd1E9tOUTFMgnDhr2iZVSUT1LpFTzfLqeHcRmpQ,Iron,0.0833812171143165,-0.3237648933540737,0.1339757964981078,0.16641452417811,2034.923076923077,0.3912435636263702,0.2860975956114088,304.38092555722733,470.8586061640391,0.5995682263856823,0.3846153846153846,0.3846153846153846,0.5384615384615384,0.0769230769230769,0,1,3,2,0.4,0.5,0.1666666666666666,1.4683333333333333,1.188816045066045,-1.3195172882672883,1.0177536951620658,-1,-0.4914395308219894,True,sevntiz#Youss
AE9UUl3PkyJJyrGvysdByELPt2ABiTu3C8IOyYT4ejxI4llPkZ9ijZ9IVkUbIeYIG32zU88d0kbWsw,Master,-0.1887452215377356,0.0869409963364095,0.1106124917579989,0.1504795770420909,1642.7,3.3912723800898297,0.6307953765485708,313.8632125151876,370.13792772014256,2.7607752105517407,0.34,0.44,0.58,0.2,1,0,2,6,0.2,0.4,0.2,2.061904761904762,4.585952380952381,1.6357142857142848,4.945607140550302,-1,-0.5092712373571053,True,Sundax#111
AdIEBY3pYJDg9l2p4K6gtQTB88-2UF-NyW9wTE3VE3DCR4Z8F5rg570uupbqty6ZAGvnHjIS7Ebr9g,Master,0.0518139338590778,0.4864308842409118,0.1317228707708599,0.1626597862945867,1733.98,2.6948343045881136,0.6044436656709746,353.8917813910025,469.4979594643472,2.3464573604186465,0.56,0.56,0.72,0.32,1,0,3,5,0.2,0.3,-0.3,3.080844155844156,4.668199855699855,-0.9894191919191924,5.032792010652911,-1,-0.4922538716554698,True,abyss#1v9
Afq6ktZ4E1sHVh-1KlOAaxtR7Frm-GVCHBuAfJBBFds-9mzA_g6Y_5XMZxwGLiK8UVeIDLQr1zGpLw,Master,-0.1085588364054645,-0.2362405392624469,0.2386343627504203,0.2240094294990799,1588.9,1.7431625778137254,0.4833965048151827,474.5702705079002,839.107456412648,0.6677349470114409,0.52,0.48,0.36,0.26,0,5,2,6,0.0,0.1,-0.3,1.588809523809524,1.6840873015873017,-2.211746031746032,1.3515043041606554,-1,-0.5046670640571207,True,Atze Useful#EUW
BLoIteIbi7EGyFPkR4FepNS4Y59eTzb8zWINLH9xl_zInvVe-lz25M_f8BZzYGv4v_P7p6obiKlBlQ,Master,-0.2288384141038712,0.0306828591031407,0.1070800753543405,0.1459632536049828,1701.36,3.3392052014101585,0.5525885269542677,306.90607227579966,396.552461415916,3.12346954391852,0.5,0.48,0.6,0.12,0,2,3,6,0.6,0.5,0.3,9.102857142857143,6.410952380952381,4.769880952380952,8.1051804631443,-1,-0.5410984000214862,True,TH4 Ziqa#BIERE
BOQHbJtjZdQt_sS9yWjfzvBvbaSDRQljNdnr-AN-H2z4Atfcs_rxfk0SYaCFBiycsEO9PGY5aisNbg,Iron,-0.0412831757045787,1.2785043267819605,0.1945127249475352,0.1859574612790469,1891.2,1.921928094881592,0.3962671045429665,374.1032210036257,758.3886935284846,0.7676529233627505,0.2,1.0,0.2,0.2,2,0,2,3,0.4,0.4,0.0,6.526666666666666,6.526666666666666,0.0,6.016879959284915,-1,-0.5443840439305786,True,PoissKaï#SOS
BeVmeYU8B_gx1WQeJa57fcDHzRHz4_8U9ftFj4ZNDMBQYHKO_jL-J2XTa9pmc094TGEG99_24Gb8qg,Diamond,0.051570745137309,0.5119729879086365,0.1058180383629373,0.1466564550239693,1742.6,3.3003107519584125,0.5875095474386536,312.139013936081,390.7670358676148,3.0969222344946274,0.46,0.58,0.54,0.18,0,1,7,3,0.8,0.8,0.2,5.38,5.648333333333333,0.693888888888889,2.182180993613703,-1,-0.4947310947018731,True,Kronisk Skeptisk#EUW
BuCZ9CEnyJCMOkQmz_uk4D81GiHZbGhFZIdxGr83QZFhrSq-qiYIdz6QGSortjo2nOUSpJPiZThRuA,Emerald,-0.2800213244458189,0.1138422620839822,0.1192286423881815,0.1440763247791433,1773.74,2.6094007015010257,0.4952280925081925,296.09257067409953,444.163999964709,2.7636890426364995,0.56,0.46,0.5,0.14,0,1,3,4,0.2,0.2,-0.3999999999999999,4.944761904761904,3.880714285714286,-2.1109523809523805,3.5845897892110474,-1,-0.4916031759437108,True,Inferna#Metin
C6fVmQkbEmWsG01VZR8yYjR_B8k-xi4-64jK0DvEmsy0sNvtPp8YnUorExQ-mKHJAo4HsOasAONNhQ,Silver,-0.0883374621878704,0.4433864112366572,0.1783388969466162,0.1876223793906434,1767.0,3.748066777596236,0.4599985189424695,410.5964899402342,717.7970565593429,1.0903906533403118,0.4940381318842756,0.4956261701084848,0.4949441960904057,0.1679790705374592,4,0,6,2,0.8,0.9,0.4,9.452222222222222,8.788015873015873,4.418015873015873,9.330998551913538,-1,-0.4948046317283013,True,Miss Fortune#6354
CFYIT03tZYjxxEtXVAh9BWnmPVqnqG9EWMoYvOfi3O7USlWkMnNmT6-0tsb9AsTRBfr-3I8IUS3TVQ,Master,-0.1486520289716,0.0352661103605144,0.1281541423695646,0.1522790547080901,1701.4,3.5615350140589443,0.5771369477823363,323.2943621531013,467.0478607069024,3.082417114636018,0.44,0.48,0.36,0.14,0,8,2,8,0.0,0.1,-0.3,2.6215384615384614,2.194102564102564,-1.928199023199024,0.7650072513869108,-1,-0.5664975270448903,True,Praxmax#12620
CLlwbLYUJH_1-kQLm9DqyW8DSKXJsfXVPZnduWa0wIGZPhPuXAPKnCh3nOrmT0qQqXtL-1tzpNEtJA,Diamond,0.1317577538090904,0.2473272749991045,0.1046646480536044,0.1507687108073815,1725.1,2.6748902508398538,0.5563921799644327,328.9790680198382,390.3247765582597,3.303854101044786,0.42,0.38,0.56,0.16,2,0,8,5,0.8,0.9,0.5,4.773333333333333,6.726666666666665,3.278838383838382,5.690026361977597,-1,-0.540479455848692,True,Zero To adidias#EUW
CLwZAeHPXSRzh2tyX_7Q75HatSsKfmrw-GssateMPBIyRFDxQvDy66C4J7F1TPCBiZQ0XQsyGf1BuQ,Emerald,0.5893476583319055,0.8920206203948998,0.2262136312655573,0.2192983969727503,1549.875,3.1887218755235542,0.5947819990230925,477.1197467891409,809.6128091616125,0.9334117275823192,0.5,0.7083333333333334,0.625,0.2916666666666667,3,0,14,1,0.8,0.9,0.0,4.356666666666667,8.399761904761906,0.0733730158730168,7.768553860380492,-1,-0.5660576791178848,True,xxPeke#4699
CQ2v2w51wOX2bElaFKMTbwriTAPDhqtax_TOmKXreTsN3_AY19Ea8Ri_22FjUolo1kVD7efUbFsjTA,Iron,0.4989291931773007,-0.0688265399366614,0.0785801153794112,0.1588842653856104,1707.6666666666667,1.792481250354807,0.2676581229685307,304.2937155379232,286.2752093492199,1.0380590563827627,0.5,0.8333333333333334,0.3333333333333333,0.0,2,0,2,1,0.6,0.6666666666666666,0.0,2.553015873015873,2.2941798941798943,0.0,1.822815443385742,-1,-0.5224585704209438,True,XenoBL00D#0204
D-Yf766Bcl36bGlKKgroW-5S10B5beKuTKzlf1NxOyL62B-jO5axanSF0kimvTAPU6MFNHbrQnn8fA,Iron,-0.2185403592439455,-0.0861761614339664,0.1887564247258118,0.1717847819839947,1618.3125,1.1994602932973133,0.3416083414073783,315.6850950327753,638.4914190191928,0.7640048127941267,0.375,0.1875,0.4375,0.0625,0,6,3,6,0.0,0.3,-0.0333333333333333,1.896969696969697,2.516818181818182,0.7390404040404044,1.828124889238144,-1,-0.5152182823893424,True,Wolfen767#EUW
D781caozy0JJmxb9xdf81mQ8pFlwnz8eET6R2juTSGlMs5KiYwpKlzZtHNNcRU_rgqER0DM8dFyyUA,Gold,0.0486105777776092,0.1442160458089604,0.1262350171541792,0.1659385472538152,1828.56,2.491945976624733,0.5345836188147682,335.25043647050967,443.9671887965253,1.4900963487939662,0.46,0.5,0.4,0.26,8,0,8,6,1.0,0.9,0.6000000000000001,6.388181818181819,5.36659090909091,1.1792557442557443,4.794243712925494,-1,-0.5425810073635451,True,Auresline#EUW
D8w7maXaaiV1f7ztp7mtlkUS8xvoyibRfKVJfhFSG8Ys0Sy4Bq5mFVbb4N6ZE8pfNDZ3fyaDM_F_6A,Iron,-0.1628309587030016,0.1595175658122795,0.0911256315451794,0.1466626591197472,1933.32,2.09457693432356,0.4108964439824723,263.3190035598144,301.01157347390995,1.529849984323855,0.38,0.4,0.44,0.12,0,2,2,3,0.2,0.2,-0.2,2.520634920634921,2.4295482295482294,-0.0641422466422465,2.674862010993055,-1,-0.4944160696423447,True,P3R50NNE#EUW
DEQce9BvdVSzJYza6gc2hfdv8FHR7BfKO1o62VvH5-KUVY6FLoIZBjD-XH_pldDH0SKWsYFfvcK33Q,Diamond,0.0114772408014181,-0.4013622336870058,0.2917510754817762,0.206896143716331,1777.8,-1.4428232973175177e-12,0.3715295495510998,443.3645873248416,1137.3111162349055,0.7651527148788082,0.42,0.72,0.46,0.06,2,0,2,6,0.4,0.3,-0.1,1.444761904761905,1.7673809523809525,0.5003896103896106,0.8700184075515058,-1,-0.5004492132127731,True,xAmazinger#0000
DJqhL8WU46_6wguLL2WpN2MqrgxFxVqIX2nzPrX50xO12JjUDhgBEkhB2RIulHClN1_xJZgMZktjEA,Bronze,0.5778975434972998,1.0370269846031754,0.3655053818226702,0.2467559865280619,1646.2,1.921928094881592,0.5317920735595154,518.0715944848589,1398.791675155224,0.6280574856369194,0.8,0.6,0.6,0.2,3,0,3,1,0.8,0.8,0.0,7.120833333333333,7.120833333333333,0.0,5.333274739261465,-1,-0.5898146733685674,True,AMIN RAYEN#EUW
DTUOwF1U6Ycry02SjVKms4iPaHxr4ydFVpL6Xj5bMK3mts65FKsEpb6keNSF4EKr3FQaRpwUxh8xIw,Diamond,0.1317577538090904,0.5334322597154401,0.1100043878245664,0.1470449624272956,1685.74,3.006566512498057,0.5873670817891999,316.6657689838674,402.83590856055866,2.8289534558612903,0.48,0.52,0.54,0.12,5,0,5,3,1.0,0.7,0.2999999999999999,11.78,8.676507936507935,4.796507936507935,7.718490217137569,-1,-0.5731099226174464,True,Gabbagamba#EUW
DWeuYvw3W5EsuWYna0GAcTao6lxooqbiaWhEUUq9XWO006EUJgtth65lneirNMpCNcjSjvEmwhpV4Q,Diamond,0.1317577538090904,0.4355321753979988,0.0910214237910627,0.1500081076839802,1722.82,2.604806129450887,0.5905005943355224,321.08821811512456,332.74536161221425,2.91671010198933,0.54,0.58,0.5,0.26,5,0,6,3,1.0,0.6,-0.3,10.077777777777778,6.423650793650793,0.935988455988456,6.100384007094439,-1,-0.5416502742467845,True,ChristianWarZ#EUW
EC5DufEuf20fgOKKSTbfq74aQ3pNVSP4297noeFymnJVBzl77yilxCMDcO8K0lKUMivE1RYFB6po8w,Gold,0.38400744734222,0.5390177141308921,0.1396268217668501,0.1738340211336192,1896.636363636364,0.8453509366195512,0.5191089868240492,385.3163807718946,547.5157476673893,2.0117910123394096,0.8181818181818182,0.3636363636363636,0.2727272727272727,0.0,1,0,4,2,0.6,0.7,-0.3,3.424545454545455,5.943225108225108,1.943225108225108,5.221303317230507,-1,-0.5434026354827045,True,Tokisaka Kurumi#EUW
EcI_g26c4wgmcGWZe6niVajHi-dchPBu04jTVHBQIcZCwPq_qIM4DvHMmojrEvsFgWSZLNJ3Y57WlA,Bronze,0.017772948598152,-0.1131187703898756,0.2038909650639241,0.222681580510225,1733.76,4.1395560444624095,0.4622730846540108,451.40347032633326,776.9092662156261,0.8753579953953757,0.44,0.58,0.4,0.18,10,0,10,6,1.0,1.0,0.8,6.029999999999999,5.628888888888889,3.728547563547563,4.657865907775236,-1,-0.5515068514577641,True,123letsgo#goat
Efq_4bQZ2BorEo242s1BMgU0UuU_wrRFmttPwJrrvmZLB3cxsyRiKIxdnKikjNlci1b_vba3y3ylRg,Platinum,-0.260798799219524,1.3572278154694382,0.1042250548498263,0.1493165093049654,1723.2,2.71667869031811,0.4599985189424695,410.5964899402342,717.7970565593429,1.0903906533403118,0.4940381318842756,0.4956261701084848,0.4949441960904057,0.1679790705374592,1,0,3,8,0.4,0.5,0.2,10.4,9.233333333333333,4.477380952380952,4.9267974723275705,-1,-0.5116708436800917,True,Tartare GOD#EUW
Eh_nhBPCIoqJlGYnwxDVPxlZHxCOROBj4pg0r8sVPDL5bpQ2T6TQgnN59IALsEf5qZJsZjgvnjTeDw,Gold,0.5298321732398769,0.721250968486385,0.2541610421445438,0.2008607051008061,1928.0,2.321928094880149,0.5375185098589353,455.629761565684,1078.3528867187383,0.8431613543615171,0.8,0.8,0.4,0.0,1,0,3,1,0.8,0.8,0.0,6.477777777777777,6.477777777777777,0.0,6.307706436877604,-1,-0.552249075680777,True,Nitchas#EUW
EhkVOeQHpS4tvwi7afJdWcqeVhRzX-pUCgJ6cj3G3HRsBFw_pk3dl1sBMvnL1Q27NA4Ny0mGpf61pA,Iron,0.161296462626126,0.4357235547721881,0.101420217448263,0.1525219315396142,1953.1,2.721928094877264,0.5722799422799423,276.5108895621007,339.0658276233056,0.7729867601596961,0.5,0.3,0.7,0.0,0,1,4,3,0.8,0.5,0.0,5.05,3.8791666666666655,0.0,2.2666398589101004,-1,-0.499827013337743,True,Awharuno#EUW
EkVONwkRXw3nOiWvlMgMPE5qWDLd-g_7hO_qNiQmBJ1wmX0TBtm5MgwqdRNVLJhAe47EgVrz5hSabw,Master,-0.1486520289716,-0.2754697078273146,0.1930684997087635,0.2128375682131197,1612.96,2.0536606896723164,0.3701569842586401,446.9552110773088,680.4912322093131,0.6754659481951676,0.6,0.46,0.34,0.2,0,7,3,7,0.0,0.1,-0.5,1.3242424242424242,1.241684704184704,-2.4640295815295814,0.8796234288975835,-1,-0.5391182280488337,True,Nébuleuse#WITCH
F3V-sCrG1H4bY4FLVjYLf-WD9QjaM7ENnKig9NyxtE_l_UB4uGy-NCmS_qDNV7hIdfVlENbaB_jQ0w,Emerald,0.361974232066962,0.431940649488243,0.2204151939840365,0.2115428191677724,1592.26,4.531663380241268,0.5602946811469607,444.2918746651149,816.67760376119,1.3536995076156288,0.7,0.64,0.5,0.4,3,0,11,1,0.8,0.8,-0.1999999999999999,9.396666666666668,9.265,2.748333333333333,5.703587808466605,-1,-0.5734390744864228,True,KnowingRenfri#1111
FGtKLfAvmOb872Y9vXxgsNEwF7O-YiFucfVIw4tQJ1T231ejdZc9JuQl3EJ4nO-plaDMAyouZprz2w,Diamond,0.2520382668167629,0.3338852077343795,0.1265458002656887,0.1549944903252965,1677.16,3.7868193111384927,0.5361871994914261,333.5600494322145,465.1447600685368,2.1848507484912703,0.36,0.48,0.48,0.18,6,0,6,2,1.0,0.7,-0.1,8.266666666666666,5.310714285714285,-0.9214069264069272,5.776286778335909,-1,-0.5106172855260916,True,Mike Wazowski#OJO
FTq_C7xW7y5PAZUgpRa1Of98nQwqp980-rft6uHVtiQFwHWSTFu7Bc8vlnZZvgLt9hyP-8IQefl0bQ,Silver,0.5334849583584416,1.9714033469693129,0.1629764518906713,0.1799811113392673,2070.0,-1.4428232973175177e-12,0.4599985189424695,410.5964899402342,717.7970565593429,1.0903906533403118,0.4940381318842756,0.4956261701084848,0.4949441960904057,0.1679790705374592,2,0,2,1,0.8,0.8,0.0,10.96952380952381,10.96952380952381,0.0,9.920440704130655,-1,-0.5664800775324111,True,Cpt Wackbeard#1718
F_Fa0bBjCtZSJQqvT2nO2fzYngSOvN8VrN7gUSU7jJBUS_F6BZYfoMOdWWLC4s4oMX5xZ0X44zIoow,Iron,0.2738407061431843,0.0322729616194367,0.1141876122825564,0.2029237139547189,1340.2222222222222,0.5032583347727604,0.2929843304843305,404.27044939649886,394.3764903543639,0.6922502923835787,0.4444444444444444,0.4444444444444444,0.2222222222222222,0.0,0,3,3,3,0.4,0.5555555555555556,0.0,1.2333333333333332,2.6117724867724865,0.0,2.7508556151052987,-1,-0.5231611401477583,True,Nabuchondinosaur#EUW
Few7Ig2S_iINMZ-Bv0jhcgFpKhijS9qT_AS6yLuoD9zUT778PnAls0MGLsfxGt9_eOrFhEErn7M6QQ,Bronze,0.6445790428900555,0.1457544223003856,0.2656536499956645,0.2267018938598985,2120.6666666666665,2.2516291673806093,0.5188733943651976,500.1523323739962,1272.6970723241086,1.1849489276854697,0.5,0.6666666666666666,0.8333333333333334,0.1666666666666666,2,0,3,1,0.8,0.8333333333333334,0.0,3.913257575757576,3.832476551226551,0.0,2.1522188127709136,-1,-0.5101567900437122,True,MuHaKi#00000
FoCJRJKlNli0XABOyNhPDDAjwRUjwcX4rsfdAxuYn-Ohdk7nxyqL49E32Mby8TSSQN_86zZPWmpwfQ,Diamond,-0.1088032722062543,0.1981992360425024,0.0960525740940653,0.1437770712028186,1798.98,0.1414405425389353,0.5835038453706384,299.8398397320067,353.57584304639545,3.176420126046024,0.44,0.46,0.38,0.18,0,1,2,7,0.2,0.2,-0.2,3.1083333333333334,2.9569444444444444,-0.6330555555555555,1.5321459019345431,-1,-0.5270840512823413,True,Aquarioum#EUW
GDNielDzqZs8hYpiFMj_b1M40Nr7SB-egkvICfv8CMfnd6b-LVhb2zbATbdcq5AWRVB_HynikKTcGw,Diamond,-0.3493642982215991,-0.0813605600438009,0.2079297086595039,0.2283358822718219,1538.36,2.646108062356886,0.3819213914826723,467.54803828434376,647.6848598675512,0.6754035798332785,0.5,0.34,0.48,0.1,0,6,2,6,0.0,0.2,-0.0999999999999999,1.6383333333333332,3.2358333333333333,-0.4725000000000001,3.131382482227299,-1,-0.5109614692559482,True,Agent Cooper#Peak
GICA3wKJxCYZz29jLiYvD0btqPRYkYBL4LmhoSG69Ep4E9puAzlI1VjB8y_Sxl2suy9p9oKhKJtOSQ,Diamond,0.0114772408014181,0.5631576326875212,0.0819817368622328,0.1429393658373558,1706.48,0.8972685007222643,0.6022260756542963,303.15922141218266,289.06441080307764,2.594429972972516,0.54,0.38,0.58,0.26,0,1,5,2,0.6,0.5,-0.1999999999999999,7.321428571428572,5.265865800865801,-2.935562770562769,3.568051072568464,-1,-0.5129610453016968,True,Starets Zosima#EUW
G_Tv35GOtor3z8meITcFfjTs3UisMEkRTOgdTAJvXZfjmvIdmnmgCHTWrg5MWlfZ9v2cZqQ0VUlg8Q,Iron,-0.2004528915358468,-0.4561626624116998,0.2041001658653046,0.1790579628177776,1606.5357142857142,2.7658813699471136,0.2429884614750563,319.9127559769466,582.6111184283866,0.3591856001963204,0.5,0.3928571428571428,0.2857142857142857,0.0357142857142857,2,0,2,9,0.6,0.4,0.1,0.828961038961039,1.7683266733266734,1.188070263070263,3.08797754153518,-1,-0.4978258181616931,True,blackreaper45#4545
GgGxXyd0ODWTzk6DG5wAFxFOXCcywMWL17Fv8KM-zrQdIsIKimAyoXiL6vCHkK-zMi6mHGiFP8i12A,Bronze,0.1444677974443879,0.6928555090191778,0.1249421904723262,0.1513095637489116,1907.5,0.918295834051604,0.632136761130459,299.56035509265047,391.8166503926365,1.555251296246413,0.6666666666666666,0.4166666666666667,0.5833333333333334,0.3333333333333333,1,0,4,2,0.8,0.7,0.7,4.604329004329005,6.085497835497836,1.4069264069264067,4.748582924934696,-1,-0.5256057886340301,True,Hennich#EUW
GmeN0gC_aRhPL1pIMKggF88Kc97Qstg05WF0czoODzfkTCvRahunqp0QlXCbZXARa3PjZ8brtJJdmQ,Emerald,0.1212258983746691,0.2729201964386124,0.093960603726605,0.1452019475750615,1716.74,2.0765656302254065,0.5926816437119482,310.0416147778701,345.22759881317114,2.921862905174524,0.54,0.5,0.54,0.18,0,2,7,2,0.4,0.7,-0.1,3.9044444444444446,6.485555555555555,1.5078571428571426,5.344052422674791,-1,-0.5086274145395383,True,tu21#221
GrnW9mCsCHrAXQkTFHTpL_4kW9LHVrvYxIx_a1XDusjjMBDcF6BREesssjDlfTtI2NvVEJwmGmvUhQ,Diamond,0.0916642494731996,0.4166656221121255,0.087121254167732,0.1473127114168937,1764.56,3.033727823556336,0.5107228393539578,317.37649408715885,330.2236991583724,2.9488104147935776,0.38,0.4,0.48,0.1,1,0,3,4,0.2,0.5,-0.1999999999999999,2.525,6.017261904761905,1.1853571428571428,6.177733250101563,-1,-0.4932871466115613,True,Filip312#EUW
Grozq3jrcOlxLh_GC6D9QRlyy0a6A5y7L16TJTu1fZBagZ_1F2aAj3-75IruQKhWldz1Mh4eKRHr5g,Emerald,0.1048484607085268,0.9337713939386928,0.2099593316235482,0.2249676605087309,1752.34693877551,0.6715467579847074,0.5892536867136985,460.3331916093092,737.4936546202904,1.2148940257169991,0.5510204081632653,0.4693877551020408,0.4489795918367347,0.2040816326530612,6,0,6,3,1.0,0.8,0.3,8.22,6.840000000000001,-0.3766666666666651,5.404685210280264,-1,-0.5128039589374541,True,Ekkoliner#EUW
HOFwmV_mj6nlyXPwnkEYunkO-OQb7QGZujj8T5os6WG_8ddEIn6D0RwuBpIwkSVAEsBfdQek3YrcwA,Silver,-0.0089251561583491,0.6148607981448512,0.2486696870407431,0.2431774718459001,1531.0,0.3227569588945129,0.4599985189424695,410.5964899402342,717.7970565593429,1.0903906533403118,0.4940381318842756,0.4956261701084848,0.4949441960904057,0.1679790705374592,2,0,2,3,0.8,0.7,0.4142857142857142,12.1,8.1375,5.608928571428571,6.027254361555425,-1,-0.5154153468559457,True,Krazie85#EUW
HU6gwb2WxVoP8WGxB9WIDEQvjXNUBP8Guc-AzxIRVDhTk9w2gZ8b-A7BBQpaapuleXgIsG916n0VqQ,Gold,0.1288141770213204,-0.1663825794637223,0.3056389669669769,0.2360444888303884,1776.9,3.8880471909108985,0.5097716952313847,500.1844839282165,1203.5284408041837,0.7582733329144209,0.54,0.62,0.64,0.36,0,2,5,2,0.4,0.5,-0.0999999999999999,4.743484848484849,3.778409090909091,1.431583694083694,3.1825365576127767,-1,-0.491720937833013,True,Toa#EUW
HXC_8NYuG3aPeb2hAn726qt4_8kTHsAVfwMGmER2o22Wae6n2CYWthyoe5s3CClTI9p3Wx7qFXbAKQ,Emerald,0.0008517315285228,0.563477678337203,0.0730716885417334,0.1437972461000876,1802.3,2.17166506167102,0.6192947935089897,304.9532826904908,265.5739540368878,2.633670875718761,0.48,0.44,0.42,0.18,0,1,3,4,0.4,0.4,-0.0999999999999999,5.6,5.98,-2.820000000000001,5.139308211120333,-1,-0.5101855355199406,True,Hitmonkun#SUPDF
HrAQBpjpLKQvkO2Tgvbs5JKk9RsHXcjw1JJr2y1H9UQFS85scI2ucESByHdzKoq9gs_3DXZmnitoLg,Iron,-0.1223150310368607,-0.4947946565138736,0.1262360340022133,0.1730631272299232,1863.1,1.114067026401713,0.2292040348123702,308.2240298213917,408.2826884245914,0.3621687993253843,0.38,0.42,0.52,0.04,1,0,1,8,0.4,0.4,0.3,1.268162393162393,1.3580205905205902,0.6995068820068817,0.9865691318944864,-1,-0.5035147421180481,True,Georges Russell#GBR
I27--Z8etHfJiTd2G0MJRNso9cGYbbjXoN2TbIK7u-N9e2HWGSj06ww0x8kt-vG2P2JBoySqUXks-w,Iron,0.5953956876204936,0.2562835190032114,0.1144176415612317,0.1512437826351045,1806.857142857143,2.1280852788841806,0.3584385428812673,292.52883895344246,424.5463242377884,1.175022802643914,0.4285714285714285,0.7142857142857143,0.7142857142857143,0.1428571428571428,4,0,4,1,0.8,0.7142857142857143,0.0,3.721666666666666,3.3154761904761902,0.0,3.01235692069965,-1,-0.5030015833869019,True,PTkiller2442#EUW
I5SK-laJeiK0jiNj4sCh_PHzUcR-tLrxYKP3P0fl6DFuG2U_OqZ2bdWX2iv2G2XjKEKz0UuxXWUnJw,Iron,-0.1628309587030016,-0.5258612351912708,0.095835753996507,0.172687737190117,1762.8,2.9947647031795133,0.2178938744083743,288.44639366074193,282.128814151097,0.2475886135124149,0.48,0.32,0.38,0.08,0,1,2,5,0.4,0.3,-0.1,0.560994560994561,0.344941724941725,-1.0942249417249417,0.3403924609268522,-1,-0.5003318062176472,True,ddcgame#EUW
IAKi8SihIzBe6ykV5KnB-Z8NVGIPnHsMmfwKlEk8WgPe_bzkNv0gH6OhyueOMEmpy7_js8g4_nq_kA,Gold,0.5298321732398769,-0.3334814479061996,0.1451546195384507,0.1633802775399938,1832.4,0.7219280948844771,0.360637480798771,343.79088707086646,539.3701552329588,1.0471709061907413,0.4,0.6,0.8,0.0,0,1,4,1,0.8,0.8,0.0,2.361428571428571,2.361428571428571,0.0,0.9285499387012696,-1,-0.499530325489514,True,Vaento#Naist
IMLfwPS9R7GPAcLqdrPEW0fD_8FirGKXCcXi_IGZ6uLQxteiAjd6mYLVYbeBgvOYO8U-iwplSCki8A,Emerald,0.361974232066962,0.5313292094641967,0.3152762453557829,0.2451968284107047,1584.34,2.5240241290989616,0.5904437234539955,507.5202875768716,1120.926426801749,0.588507998543069,0.58,0.56,0.58,0.24,4,0,4,3,0.8,0.5,0.0,3.4123232323232324,2.458780663780664,-0.5240764790764789,1.5595511382062408,-1,-0.4959952234403323,True,Mister Pakro#Pakro
Iw10-v2jfigP8rtblprU5mwWZKcXnoTFaZe-4HnENv-bKsAw8M-QVVo7td9nx_5n6APTcbxxeFckmg,Emerald,-0.1997718798817213,-0.1983485192485519,0.1356057024082589,0.1538929393375233,1689.32,4.498171939428561,0.5316781229962573,323.6397406563743,484.0425014077636,2.834767518023794,0.5,0.56,0.44,0.14,1,0,1,12,0.2,0.1,-0.1999999999999999,2.3295238095238093,2.1354761904761905,0.2309054834054835,1.1276912631718017,-1,-0.5272333829054691,True,SeniorNoxi#Wuxl
JIrjtpltXkk0SQJ3-HkfwXGaGhdtyFnQIUMaQXsBgglAq9Zl44thLMfPQAvjNbVA84kxxb0zXXedQQ,Platinum,-0.3813948534351949,0.4465473538104721,0.1629511851220993,0.1765289645595061,1547.1,2.0861190960408464,0.4599985189424695,410.5964899402342,717.7970565593429,1.0903906533403118,0.4940381318842756,0.4956261701084848,0.4949441960904057,0.1679790705374592,5,0,5,4,1.0,0.7,0.4999999999999999,11.323333333333334,9.945,5.295,10.26098341074361,-1,-0.5517562981997377,True,Submit a Ticket#EUW
JVsrYmeX7190Zp0tilSV0KDXJjGgYTYG6PamrP_DzCo6PRevOFMyLeE5Wfwh1vp9ktPIUMi8W9fFlw,Master,0.0518139338590778,-0.2613172104377983,0.2567022966048764,0.2337003998622227,1604.68,3.3381719394473155,0.4131670098990194,512.181568929808,1029.993862882143,0.7598696767052776,0.44,0.56,0.54,0.26,6,0,6,1,1.0,0.8,-0.0999999999999999,6.262222222222222,6.07459595959596,2.707651515151515,7.367444326009342,-1,-0.5152275178221892,True,MONKWILLCARRY#EST
JmjA30dD1jsUCcJoBFRhJ1qEvapeVV95drBxeTooVVLu_wrg6Msjm8S1CO-tnfsss7jaB5ORjrFQsw,Master,-0.0283724512731933,-0.0363444985323505,0.2269467417578143,0.2355314069134755,1636.82,2.791230685955353,0.467561324142034,499.9096118531242,845.4140633349409,0.6607136489208238,0.46,0.42,0.36,0.14,0,6,5,6,0.0,0.1,-0.5,1.0090909090909093,1.8959740259740256,-2.998073593073592,1.3453340306330983,-1,-0.5135351482285464,True,Kupiec Korzenny#Nugi
Jtl0BZhE9qZKza2LMVElN2SCfwxSc_GDQLJh7dG65gucXXW2vgYdve0Rf0y90c0ZzjrN3O1UTMwPdA,Master,0.2522798966897556,0.2279211153301806,0.0924806016426963,0.1402547805413392,1565.3,3.041273262369691,0.6026489886626256,312.3035708622599,355.75562445322817,3.198320701411989,0.6,0.62,0.56,0.28,6,0,6,5,1.0,0.9,0.6000000000000001,8.18,5.765555555555555,2.3551984126984125,5.809584354355342,-1,-0.5969099384177345,True,Honey Bee#pivel
KBXitU7vrnfJYo1gq5nixbNuk48zlIMK1bLlBpP-Be7iMMVCTgT8qkxZ3L25Fd8-5Nz2Ao8rhG0HRg,Iron,0.4989291931773007,1.5529762097237647,0.105848318987368,0.15561528505739,1588.6666666666667,0.6500224216454689,0.5071657754010694,315.6646148082023,364.08463709376616,2.577252239429711,0.6666666666666666,0.6666666666666666,0.5,0.6666666666666666,1,0,2,1,0.6,0.6666666666666666,0.0,8.016666666666667,7.388888888888889,0.0,5.778245173402615,-1,-0.5822215254429098,True,HOSPITALIZADO22#Mora
KCnKKPKpQ-P61hxD4dDF6MXEhBZI2ykIWUaufxu75WdU9rEGDKYrvQtaLwGfE8AC7eJwMXSl795X7Q,Gold,0.0486105777776092,-0.0731949635390351,0.2245848164896838,0.2341394454424149,1755.46,2.2448894517202573,0.4505323399535434,484.7361108191493,844.7538259303236,0.6254461927798397,0.46,0.54,0.38,0.22,9,0,9,3,1.0,0.9,0.4,3.773571428571428,3.508214285714286,0.557759740259741,2.3431597299034626,-1,-0.4917714187089851,True,Voice In My Head#DURKA
KEgLZ9jmwEUbBbFBiZYdhtQeG5VoOfJB07mnEEhUru0-TM6NiJg0O106HtTp-3HweMsqZ789VQHqew,Diamond,0.3322252754885444,0.2135745053238941,0.2936516100056702,0.2260216580257714,1530.12,3.0954444083608386,0.4508883209081555,483.29902894387806,1052.1891203843268,0.7445108886771992,0.52,0.58,0.48,0.22,9,0,9,2,1.0,0.9,0.3,5.05,5.278333333333333,1.943968253968254,3.301851753183356,-1,-0.5239063503260689,True,MiaufürMich#miau
KH5XAsmB6PE5zZLxLMQ4vnomRheR1TTNY2oFWEmNeDnjr__kSf20ynOkKx-gfOyxfNGUlLuQSvDzcA,Iron,0.3638761009568308,2.1290022089025618,0.114005961515217,0.1540453751979975,2110.0,1.2954618442339938,0.5854726194857773,298.10995431815,430.4264433276309,1.0704779166091123,0.6,0.4,0.5,0.4,2,0,2,2,0.8,0.6,0.0,5.506818181818181,9.198409090909092,0.0,9.938560123296542,-1,-0.5950058795798231,True,Thalmie#mama
KTj1e15ERpIsQTdAMOz1lbE5sX8iKfUzb5TwyJ5RlLU6xV4XHtw_NFgP158Nifkq8Mw-KvU-q3jqYg,Master,-0.0283724512731933,-0.0331627060037521,0.1257934603761498,0.1547616155637903,1566.72,3.6981719394473154,0.6003370393726989,324.843788154713,429.6912335840001,2.8586419955576794,0.58,0.5,0.48,0.3,7,0,7,3,1.0,0.9,0.5,5.014285714285714,6.06517316017316,2.8468795093795087,6.203479905036985,-1,-0.5785891803603966,True,CrıstinaFerreira#certa
Kg_Zh76gc4yPUnochZinHVUp9pbhRvL8gYd4CdzddU2AE4LC0zIvarDXyulSLGS4-mHG2c97I2HgRA,Iron,-0.1901171957026476,-0.410381331180714,0.1227199764345612,0.1512480559614722,1735.591836734694,2.692422077555067,0.2989488895710252,263.27482659241497,381.7686513269484,0.795892567545135,0.6938775510204082,0.3265306122448979,0.3877551020408163,0.2857142857142857,0,2,2,9,0.4,0.3,0.0,1.764835164835165,1.5251953601953605,0.1178083028083027,1.5919865041155778,-1,-0.5224279262937523,True,iqu500#EUW
KokYXAk-wQbSAryhhyIBVVIJU0XJNLqFEbd--jAxWFRGd5KYotmpyTpPAAosLW-n3NKdFlX_Q7YTCw,Iron,0.1860012965688949,-0.5040641370710716,0.1408613614527463,0.1834022370195726,1503.121951219512,2.389131705593571,0.2469520829431592,329.72213584350084,397.4527340866556,0.5696451777091303,0.5609756097560976,0.2926829268292683,0.2682926829268293,0.073170731707317,1,0,2,4,0.6,0.4,-0.0999999999999999,1.15,0.7652777777777777,-0.1906962481962482,0.7212185868375829,-1,-0.4917492956900586,True,hipertensiune#2929
KrqF2pLNlntiv4waMBHG_DiK2n2cssvuNcWF_TTsY-ScGXgKTXsmktZ85YEllZVN3bQVXJEYqaJT1w,Master,-0.1486520289716,0.0488764962073815,0.1542133842476291,0.1660584132566404,1566.46,2.3338286290153074,0.4965060051213085,354.37100967843054,563.2647912523186,2.454574427835451,0.52,0.54,0.58,0.14,0,6,3,6,0.0,0.2,-0.2,1.531111111111111,2.2884126984126985,-2.678531746031746,1.5434455814956836,-1,-0.5070570581947337,True,angel wings#wenii
L0y6flvA2Jl92Bf-WkSbA-ARtinq2bJddy6IRxOB7cSGTaMOh0O6LHuQxTJKFTGUh64KZn8MFOHvmQ,Diamond,-0.148896776542145,0.0798584017715578,0.1693164549600863,0.1719846611773006,1726.94,3.9366912610142792,0.4872028242599904,358.03535937346066,601.4177880708592,1.7351209251162336,0.54,0.66,0.5,0.2,0,2,4,4,0.2,0.4,-0.0999999999999999,6.580952380952381,7.16047619047619,4.305952380952381,8.51958316344829,-1,-0.5137495817613857,True,bocata lomo ya#BLY
L6-NGOuZaU35TLPUUhNwMrHMVj8oOYywb7KXBEuPKPM1JvFqHMZMxTlVNCK7pe_LVYJ2bSKFnCkJRw,Master,-0.0283724512731933,0.1913996153374692,0.1486266323486272,0.1529311781693719,1667.6,1.328140720015495,0.5828571948838353,328.24815962101974,556.9382683189117,3.096419512055769,0.46,0.56,0.58,0.18,0,3,2,3,0.4,0.3,-0.2,7.646666666666666,5.106666666666667,-0.2811111111111106,6.89064663954778,-1,-0.5022487420316144,True,Virtuista#VIVEA
Lbo8OqIXBskwHwwTkuvCW0TX2LLSO0z4pe2RiSmHD-44RppXXfsPgLcOlMMm_VJJL4tZd8B_Kxk88w,Iron,0.0165967209613368,0.2070180392778324,0.0381566350380972,0.1345713895152816,1777.0,0.591672778579442,0.4303208285966907,240.41255719968464,119.14889174620852,0.2674111207670997,0.2857142857142857,0.4285714285714285,0.1428571428571428,0.1428571428571428,1,0,1,2,0.4,0.4285714285714285,0.0,3.3583333333333334,3.1607142857142856,0.0,2.3809374999534967,-1,-0.5170025169459714,True,Plumette79#EUW
LgDPgRAiG2DCCl6gFmawg9X__6xU0eZhqKMfN-Zf3fKYr22AJmLDrizhmwhdBB_H0u_QIqLeph0XUw,Iron,-0.4464424523659884,0.6000049813948944,0.1269590237712653,0.1825452943302768,1739.7333333333331,3.189898095449861,0.3221223030255288,308.4068002032784,313.4334662948089,0.5552646276974497,0.4,0.2666666666666666,0.3333333333333333,0.0,0,2,2,9,0.4,0.2,0.0,10.1,5.726190476190476,3.992857142857143,6.876454700767008,-1,-0.5852046812151203,True,goosterbooster#EUW
LiWBpIGUx_P80rsPsiPQ2LUVhcT1_MkNJJ1nGQAEB22t3ELy_l2NoP6gk_1s-ucN5RQsHy42-F9lsA,Gold,-0.031593021466102,-0.2576460666037768,0.2309918007190755,0.2202550569955892,1881.08,2.6024447258478665,0.4715912815428584,449.48187320856977,863.0963739356234,0.8949289503293728,0.46,0.58,0.42,0.14,0,7,2,7,0.0,0.2,-0.4999999999999999,1.0654761904761905,1.4619047619047618,-3.4240476190476183,1.2326609216835769,-1,-0.5046292393647591,True,Mayarisa#EUW
LxmfI16iu8f8jGAcrQXD3bxXT5p9-CBUnaKSKvkeBNPiTEF5a9aGMyitLmk2cXTgWPFyNacR-rih8g,Bronze,0.0977907478694589,0.5658810259824343,0.0946161696134925,0.1575920963840869,1817.84,3.9308813799095392,0.4487631842112144,302.3857116725968,321.9847245412126,1.743861480967958,0.52,0.52,0.6,0.08,4,0,6,4,0.8,0.9,0.5,8.111428571428572,5.753441558441559,2.325865800865802,5.144551029994674,-1,-0.5231887815997526,True,Lilo#xbe
MHUCaXZ1l0As_mqfnyaGm1XSzUZ-Qxird-PDhtf3Ern3Rcs65A-xOryluxbBN18IRWU_ka2_myLBSA,Diamond,0.1317577538090904,0.3618972346499219,0.1047485002382256,0.1461167394394563,1606.48,3.4410768800047333,0.528727794751635,310.7338972338901,366.7329984083502,2.5151064287563614,0.56,0.6,0.4,0.14,1,0,5,2,0.4,0.7,0.1999999999999999,3.477777777777778,6.216666666666667,3.406984126984127,3.692142139767497,-1,-0.4943286656272295,True,lucid fog#dream
MJpVqs5n-JsBJhimvgXCDhFXUPmRGNnfHt34J_KVRz0ul6E4-AgMXpcra0DGcfSSOoCUu8Nn-Tzpyw,Diamond,0.051570745137309,0.1042100274953027,0.0936047384707471,0.142850149467733,1746.24,2.3792365361524106,0.5586459731681456,296.4215478037814,312.7344783874425,3.065729131100245,0.4,0.4,0.48,0.02,1,0,8,2,0.6,0.8,0.3,4.677777777777778,5.828888888888889,2.481746031746032,4.09323199295473,-1,-0.5145464327419382,True,Julemand25#1337
MNgyO5Rnb5wJjVw8uN28-3ZFw4VHOOUtIaRlRsMIxsngbSzP1VLA4OFJsXdRt44D_yA7JcXq287RRA,Master,-0.0283724512731933,-0.460186638616171,0.2272037172620392,0.2028775624098493,1535.28,0.6211884030722467,0.407099186053649,429.6236869766146,801.9062187560302,0.7436880291033064,0.5,0.5,0.62,0.32,6,0,6,5,1.0,0.8,0.6000000000000001,4.014285714285714,3.400595238095238,2.541269841269841,3.0944276067988445,-1,-0.5082403299425716,True,Yassuo#Kmari
MQLsljpnu4ihGQPl2wyYbrPMOxdmswrYjfb7XRUnzp83cjIICg76uws1EVMxXzQjW0_cB2NkE69q4Q,Platinum,-0.1402027450038531,0.5210260021878057,0.1255512513118388,0.1504243252602967,1703.72,0.9932840247695568,0.4599985189424695,410.5964899402342,717.7970565593429,1.0903906533403118,0.4940381318842756,0.4956261701084848,0.4949441960904057,0.1679790705374592,5,0,5,2,1.0,0.7,0.0999999999999999,13.046666666666669,9.53,3.6950793650793647,6.7876104451828665,-1,-0.5091507710501157,True,Elyra#Moon
MRXlpEFli6SWPJ86vQPMai1id40dsRiyybnK7WMooxqGeyf-3VOY2SzWM7p4IAc2fVGCJISGD-zUhg,Emerald,0.0409764538105716,0.2647750254210593,0.1228327353410632,0.1569360982663783,1719.0,1.5986651991083365,0.5482364771771435,340.11047837401765,449.4123660473993,2.870866039769908,0.6,0.32,0.62,0.48,3,0,5,3,0.8,0.8,0.3,3.506666666666667,3.7197222222222224,-1.2386904761904751,1.6675721845667557,-1,-0.5028070270745246,True,Russian Roulette#GT350
MfqBu1U1Q7Fz6WgrybQ_oDQVhj8JZRDhBwb2bm8Ln3JSZ03WKPtBp88xXC-9ue4OvNOZ7L_wJD3nAw,Master,0.0919071264252132,0.218431214554494,0.0961531741294894,0.1404950555111753,1743.1,2.17166506167102,0.575907141851394,304.9462905841337,352.33413387619663,3.3253661307653264,0.44,0.46,0.7,0.2,3,0,5,2,0.8,0.7,-0.1,7.0555555555555545,7.771230158730158,3.5877669552669547,6.94583557778204,-1,-0.5405289621155601,True,RainIsUP#EUW
Mp64g6FOroz0pQFprZQGfIWrLIvpguZgpwMV1xxLapOWp0TY_Pk_WviSDNL4rid0sTC7ja8-EUXiZg,Gold,-0.0716948210879577,0.3486497519022428,0.3283241663525897,0.2347422284616947,2133.3,2.521928094877264,0.616843186354056,479.2498153378178,1341.9989137769085,1.033851076170667,0.2,0.5,0.7,0.1,2,0,3,4,0.8,0.5,0.0,6.488888888888889,5.023611111111111,0.0,4.158594263690556,-1,-0.5124751065555537,True,Shrek#SEB
Mw76g311o3Q9Rau4O-cn8CiB2lfGR8Rq6AlABGLIqMQT0wZD-zRJE99oGuMOQfFWg82ahobtAdGzQw,Iron,-0.0412831757045787,1.652012456146065,0.2805125902987538,0.2160835259550687,1769.0,-1.4428232973175177e-12,0.5051854358734975,422.9099778291823,1102.160129335858,0.689032772032891,0.4,0.2,0.4,0.0,0,3,2,3,0.4,0.4,0.0,7.7,7.7,0.0,4.894895300208167,-1,-0.5443263971235343,True,MentorZanuka#Zizbo
MyH1b91Mj7BSk9X84K7E8NNrUjSQInWXE1MF4UMv-TmxnfyAuVjfo7e0m2XfeQTw-09_-RlmWyEhYA,Gold,-0.0716948210879577,-0.0377942793089072,0.1079252997212188,0.1529531233483577,1651.5,2.645593314441048,0.5704014307243692,307.7169884309419,356.67214876506523,2.8341210725788524,0.5,0.6428571428571429,0.6428571428571429,0.2857142857142857,2,0,4,5,0.4,0.4,-0.35,3.924285714285715,3.648253968253969,0.4649206349206354,2.854166346392554,-1,-0.4936725764660338,True,TryxepS#EUW
NZl0MQQoyHk-a35hqUS3dPTcHpWHk0aNuubheyGVNRMksgjLkD7oT60ZEsh9TJOYuwnBVCc9Gr9IsQ,Gold,-0.031593021466102,0.8728984943322727,0.0700416777974439,0.1475668112850106,1795.84,0.8576338568940608,0.5356993386273683,291.3573676453207,227.48284692241785,2.237515406397768,0.54,0.34,0.52,0.16,1,0,3,2,0.4,0.5,-0.0999999999999999,4.75,4.015,-3.087380952380953,2.2695869668289865,-1,-0.4936538609568341,True,wiiizad#EUW
NcsE7-6grFQrshoawTzHTdV-xDEQcBGHICKi5rAObN1raLh9zOAiFN2KlILHYLqp2PFL2ErGDJ18BA,Gold,-0.031593021466102,-0.0863267898187425,0.2828917096289005,0.2449561188925286,1731.84,1.488480499636654,0.5654281810746524,510.2139106661109,1055.346631820595,0.7635958088146085,0.58,0.44,0.32,0.44,0,2,6,2,0.6,0.7,0.1999999999999999,4.325,3.7375,-0.5324145299145306,2.318636003487108,-1,-0.4991623950916932,True,Rain I RTS#EUW
NkZ06qLgRj9QwlNsTdJiNMLL2RIpDVqVIM3CPRq480ZO8Pyx3PnDAwJFcT58_A0vKMmh3P75mrn0RQ,Master,-0.1887452215377356,0.2530127225697923,0.097393971378151,0.144059800029171,1655.6,1.9506624773107195,0.5943505761442143,304.16792642921706,345.0964883224467,2.747342079766294,0.48,0.42,0.46,0.16,2,0,2,8,0.4,0.3,0.1999999999999999,7.316666666666667,5.441450216450216,2.2333549783549773,7.672499749480821,-1,-0.5232376579616055,True,키즈케#0303
NpzTLSSTEsonAVf-13mtfdMmuEMtLBximtruUQfokosECyvmglmhZX3dsEPZE8PQcCfkZxWadMq2lA,Iron,0.0397486796277031,1.603239631217939,0.2395014295124322,0.1974624672936819,2078.18,0.6211884030722467,0.5480426360959086,361.54645266756086,910.7712893969618,1.338703589544877,0.62,0.4,0.6,0.24,3,0,3,5,0.6,0.5,0.2,20.142857142857142,12.315,4.854880952380954,10.650312082234002,-1,-0.5800822638187969,True,KellysHeroes#EUW
O-uDbGvDijngj6JWiHCsRGj8jGVmv1ar84LrUu507X9TsmvU_BNpq_XKOn9Z4avpOdUNkG0V1amLMw,Bronze,0.5778975434972998,-0.3211037050390061,0.264713703524819,0.2203382838129702,1628.0,-1.4428232973175177e-12,0.2837711213517665,466.294345051425,912.3730917582276,0.6699919766079224,0.8,1.0,0.8,0.0,0,1,4,1,0.8,0.8,0.0,2.1100000000000003,2.1100000000000003,0.0,0.7670723564306042,-1,-0.5322768820552425,True,Bcct#EUW
O2fYJXyX6TrqZQiWEPa3a9LKcYpCZmOIVBOXBPf0-1zYHz8PWgoxQebYICXBvSh0oWHzy3f1j9xcKw,Master,-0.0684656438393289,0.0161203687376216,0.2494332967776051,0.217781533326199,1556.12,0.977268500719379,0.4707209145170162,467.01912508462897,903.3006781073206,0.6576700349210505,0.66,0.54,0.56,0.4,0,4,3,4,0.2,0.2,-0.3999999999999999,1.4631746031746031,1.8494444444444444,-2.418611111111112,1.0929170281341067,-1,-0.5215235174382489,True,QIYANA FR33K#LIMIT
OEhNTE_eSAhtSYrgVrO_h0pZZxW7HjAZGy-1hyd7hWC49NryQicK1zIGOe6IIAEfGPQJvNAFk8WfmA,Master,0.2522798966897556,0.2015400632172757,0.2670069059917527,0.2281959534957847,1763.32,-1.4428232973175177e-12,0.4710856709523633,503.3349220463191,1030.4579138638524,0.8576617108115836,0.64,0.54,0.54,0.34,4,0,6,2,0.8,0.9,0.4,7.483333333333334,4.966666666666667,2.1519047619047624,5.202857121065523,-1,-0.5190646630165077,True,hossxox#EUW
OQdeoClVAMWxOAyQXFjPnAvJXHNDEm5wJdxqTM9ZhWUUcUaXkCbhKPwghKvOWYk6TL7zaAQnkk4_gA,Master,0.1320003189913488,-0.0001829219053713,0.2583753453231778,0.2422727656609285,1622.82,3.112949440877727,0.5030762877767232,536.1880076086596,1005.3749960106276,0.596473421877792,0.66,0.58,0.48,0.42,4,0,5,4,0.8,0.9,0.6000000000000001,4.311111111111112,3.853769841269841,1.7110714285714286,2.514299312846523,-1,-0.5093559252413615,True,yeat#cmngo
P5HkzwvFcp9sYbxVqHS31mW_hRnCTwg2Ef4A3h19rt7-LNj8msvEyGCdvSAY_09SjiANq6gBnwXOLA,Master,-0.1887452215377356,-0.3414262941124003,0.2306450356480184,0.2025712877028327,1589.52,1.1939518995215093,0.3098053764515348,430.3636286677307,782.0276787145601,0.9187400944005992,0.46,0.5,0.42,0.1,0,8,3,8,0.0,0.2,-0.3,0.8550000000000001,1.409404761904762,-0.4303860028860027,1.0848699789906588,-1,-0.5238049277728664,True,Goblingon#001
PIwLm2QxJukPgJQ9VT6yewt5F4pOTpJ2ULpctOcwDodx2Bn3tpG0wtmdVwhUqptBjmQZG_UysVWEMQ,Emerald,0.0409764538105716,-0.0983653162508289,0.2737623164502639,0.2365145319643706,1546.12,3.966886761103702,0.5001058516793975,501.5730073124427,1008.810235380237,0.5953888767878452,0.52,0.56,0.46,0.28,0,1,4,2,0.8,0.6,0.0,3.636111111111112,6.32245115995116,4.003125763125763,11.791694151973225,-1,-0.4990161882608128,True,a5aa#2008
PY7IEGDCU2IRLE3RW6LK2P9FHd3rwYK8w_AQ1Hsmrua7G87EGEhJDclTOtwUftZEuUYGfE7FlUJ7tA,Iron,0.0802646072938441,-0.1260240239639131,0.1697879042798892,0.1657229942689591,1702.16,0.9580420222234144,0.3474854498425507,313.32556049353536,556.6456818276756,1.6965285112268704,0.6,0.58,0.5,0.06,0,4,3,4,0.2,0.3,-0.3,2.2942857142857145,1.5488095238095236,-1.820238095238096,2.221419193059364,-1,-0.4914951077007576,True,Rydengiu#00512
PhVh9dAyqprKx0_xkIDW1JnVr3JsmRltKPchU9WuToGRXS188xYrOG7alk0-UfJqnLDPJxYNPX7Nzg,Emerald,-0.0793977130355749,0.1929291234295867,0.0895396853590617,0.1415052072336624,1702.68,3.3303892347304647,0.5229755904473143,298.81687914136324,337.228966405963,1.878360198476952,0.62,0.42,0.42,0.36,1,0,2,4,0.4,0.3,-0.3,2.301428571428572,2.1720779220779223,-5.269237706737706,1.7621928385114944,-1,-0.4926052074871175,True,mrpaterson#8935
PomU3NactI81AX1V0zB2cF6dY19rqCmA9jWztk_3WsaU0Oy2sjswYGWNkpNrUrZSfiLywekec7DOEw,Master,-0.0684656438393289,0.1885093875060537,0.1259331813358868,0.1492982258319831,1661.74,2.3126158090946145,0.6185550323124888,319.94074715553853,448.0181649481586,3.1476643117465746,0.52,0.44,0.48,0.3,0,3,3,4,0.4,0.3,-0.2,2.38010101010101,2.2217171717171715,-2.992647907647908,1.7803007808568063,-1,-0.4936277280849723,True,Kral Batuuu#kral
QLqbF4gFXCdQnhu1xrPMn1OMWNHnohwQwSVeXcIP-KdpqGXO7BUbz-iJWBShaMtFY-vF0wGLP9hdiQ,Master,-0.0070985123605499,0.6260631742888219,0.1389934360022019,0.160878780423864,1587.6326530612246,0.2868389047466158,0.6337920753478332,344.0043553025347,481.7216270728949,2.295419247393644,0.4897959183673469,0.4285714285714285,0.3469387755102041,0.1836734693877551,0,2,2,2,0.4,0.5,0.0,3.5700000000000003,6.318333333333333,-2.546349206349208,6.483853663781543,-1,-0.5182406036467743,True,nagini#slow
QXycH164MhzKh8fu-VXRCfLf5zDlgeqABXejT40MnVckF1mstZdy7RoIer2NIS_fhiV2RancpyY8wA,Emerald,0.4823483989131086,0.2410364731915164,0.22883604513323,0.2035618878962596,1761.68,2.539811687529763,0.4174498837610603,440.9077733189208,861.992853290203,0.634404542983048,0.52,0.56,0.64,0.12,11,0,11,2,1.0,1.0,0.5,10.61904761904762,8.05,5.71624458874459,6.111923312343155,-1,-0.6032511763223946,True,Blackbeee#EUW
QZEPj0R1jVtI3eQ4uCSOMOtTPa4mlEFQTKF0iGpix7ed_rGiQcJ-cxD0R8yehGTwTtN9m6QhRbYlcQ,Diamond,-0.1088032722062543,0.2600186589185566,0.0771999970111376,0.1406166612258072,1871.3,3.584529045983688,0.6069538224056489,301.5711533269416,291.1104243185292,2.761239677208532,0.48,0.52,0.56,0.2,0,2,3,3,0.4,0.5,-0.0999999999999999,2.382900432900433,4.073950216450217,-2.5410497835497825,3.4609087314481206,-1,-0.4957354580682429,True,Muraa#Mura
QaChG3-qxd4W3D85TDkRs9mDar0YPxQU08dXTmHxPEBncA3iUzH2KGCfEGueS8w55j7jEPUS1Lo2rw,Diamond,0.1718512581449812,0.5043402563756334,0.1674144957676447,0.188847960899662,1780.0,1.401510188726161,0.4786620911203114,391.6878387960507,643.2861166142116,1.2020425468934286,0.6,0.58,0.58,0.32,7,0,7,2,1.0,0.8,0.1,8.635,7.121071428571429,0.5890079365079375,5.193673656085677,-1,-0.5119907358096599,True,psychopathing#atman
Qll03tS7aE_whrnDMw6nX9QHAn3lZGYqDiAiT2oMOtaIYyRbWXBNbTRbjx5tu4c9DE9VREdSPPqVEw,Platinum,0.6235722650287294,0.9046613412058628,0.2949479529945029,0.2536519335852374,1604.8,2.557140442045638,0.4599985189424695,410.5964899402342,717.7970565593429,1.0903906533403118,0.4940381318842756,0.4956261701084848,0.4949441960904057,0.1679790705374592,0,1,5,4,0.8,0.8,0.2,10.258333333333333,7.929166666666667,1.6309523809523814,6.790568674026253,-1,-0.5180264779036262,True,think fast#wyua
QuCilgTDYAnqVFBIx6rrkEuLixtP1psPOi8WPfMYx5P1zghRyuUMVnB5UKwYr8pC4Vg_eeXQtk5ufw,Iron,0.3059962042909152,-0.2923580590227403,0.2224045848039493,0.194571896040643,2116.8571428571427,-1.4428232973175177e-12,0.3524772227731672,388.3125909974961,864.1592235984033,0.9319217514297627,0.1428571428571428,0.2857142857142857,0.7142857142857143,0.0,0,1,3,1,0.6,0.5714285714285714,0.0,1.7676623376623375,1.5919810348381775,0.0,0.4555882265064205,-1,-0.5178861180760742,True,curiculum#6809
QyUvOElge_xM_FGeP0IJn3CKWEpm9Rr81JAJuefvrp2voZdpnkcsNYvlxVCjcu7hTnO4Izwoq0ZiFA,Bronze,0.2505520010237718,-0.0297193015791956,0.0501549192676435,0.1374448615032134,1491.6363636363635,1.435371390770205,0.4104896417396417,274.89285859090205,158.5145197043443,2.059231505456,0.4545454545454545,0.3636363636363636,0.5454545454545454,0.0909090909090909,1,0,3,2,0.4,0.6,-0.4,2.172142857142857,3.503571428571429,3.503571428571429,2.941177572028605,-1,-0.5054067355884853,True,Gonzzalez13#EUW
R1YqrCWsAHFAVolOlv5vjWyMpAMpBGoveiseZO7PMHb-rJIRqlS6ji-taM6MBUDny9CIjp7cJ7S03A,Iron,0.5664557392875357,0.8914545065805212,0.3580731442917754,0.2476713988568585,1573.0,0.4689955935863958,0.593750146889993,501.2279694073971,1287.8410964395448,0.5177186667708351,0.5,0.5,0.6,0.3,0,1,4,1,0.8,0.7,0.0,5.697142857142857,5.31079365079365,0.0,3.632539720687634,-1,-0.5452411905107503,True,GuccixOnduras#EUW
RhkB-r33hLIPhQHJGq_nQgPKmeGlzk_-D80K0OwYu2zpPeVeChlHzQC8a7gnwp5lQq8ZlyzSa_NpMw,Iron,-0.0007672480384378,1.5484567711108508,0.1947823440924959,0.1714850443778338,1899.1,2.668951204411556,0.5629504593590392,327.6589506746483,725.6595216351625,1.9957790726390965,0.46,0.62,0.5,0.22,0,1,4,4,0.6,0.6,0.1999999999999999,7.786666666666667,10.293333333333331,6.284045121545121,10.605918683033126,-1,-0.5523383437542824,True,NoobWithBoob#uwu
RjVpYRUVJlYQpLAyCLfax_DVjbsziu_ku4YLyvu4jX8_qPG-L8beseRQj8IbuMry-hqDLV2iWCSY8Q,Bronze,0.2978352460477259,0.3626327583783927,0.2902736120794374,0.2386971589261795,1912.8,1.6345306685635237,0.5594431447115796,467.8595886247755,1096.409244760154,0.4975990726213581,0.54,0.52,0.68,0.36,0,1,6,1,0.6,0.7,-0.1,3.12,2.7278696303696304,-5.550295537795536,1.952629809755343,-1,-0.5153352391435279,True,Gorkiller43#EUW
S1sknA8CMmLrn_wxjhB68zrYVOSkWvF3z64q-7gVpw_SwI6EUxEx-hkLUwLwu7tp7DjctMGtTp_Qug,Iron,-0.345152633200636,-0.2705406250902857,0.1001108509451051,0.1590214853462611,1743.325,3.5124145846741857,0.3994377131457628,275.1917640900237,243.17857700177623,0.3205791760786656,0.475,0.275,0.3,0.2,0,2,2,5,0.4,0.3,0.0999999999999999,1.7764935064935063,1.31241341991342,-0.5769913419913419,1.4409417905911153,-1,-0.5095605467847888,True,DarkRise#2026
S20gmAXmGEJXL6J7ORxI_JVXSmPyihDA-Ub2W469tP_CkzEmU9QeJgrl7lhjNvdDlx1bubbvKbORQg,Platinum,0.1009893634274887,-0.0172483823087601,0.2077107330909462,0.1952798547095239,1658.8,2.38719443902472,0.4599985189424695,410.5964899402342,717.7970565593429,1.0903906533403118,0.4940381318842756,0.4956261701084848,0.4949441960904057,0.1679790705374592,10,0,10,5,1.0,1.0,0.7,2.993333333333333,3.2099999999999995,-0.1415873015873017,1.1125596113866836,-1,-0.4988241260958932,True,TheRogueHunter#432
SPN3M__4LsM16C5-cOejkpRXdEFwfhG4uDHf__XvISG4TBNkaGVCnaLjqdAkzZndOCvbLM7vcz-seg,Master,0.0117207412929422,-0.1766241598470206,0.2108995327261932,0.199978255489154,1601.9,0.2822921890780868,0.4896503287584782,439.00967989790274,769.7380095572731,0.8557820494067147,0.54,0.5,0.6,0.38,0,3,4,7,0.2,0.2,-0.3999999999999999,1.969047619047619,1.55,-1.6590584415584415,1.4426960463265184,-1,-0.5009881195253231,True,TOTO GOAT#GASXD
SSu8VqEUgKH9J7CFa766qRsjotlWH3ylrcOcCmRmtun1K-lleQ3xww9ydCo5x6ws2ozqp8l4F_lkrw,Emerald,0.3218495097849131,0.3438691258522136,0.2437511814807786,0.2372231131882164,1516.24,0.5660906530304199,0.5714691392566814,499.1216962715642,846.8786585557566,0.5588352259968375,0.56,0.5,0.68,0.12,1,0,8,3,0.4,0.5,-0.3,3.258095238095238,3.693214285714286,-4.158452380952381,2.012923949374074,-1,-0.4988972759423624,True,Mizehu#EUW
Sscpbc58O0XCXYkaFNvZeoS2XkP5c3vV8Il5AblWWoWto-3y3-uxEb1WMAjZqaB1BqtLzxNxMEqo6A,Diamond,-0.0687097678703635,0.2733829057981702,0.1978134111641863,0.1857269785309777,1772.12,3.603418923815644,0.5123586164576642,394.0893857787197,743.9458879863488,1.44974317726792,0.58,0.64,0.54,0.24,6,0,6,2,1.0,0.8,0.4,7.273333333333333,5.803333333333333,2.190277777777777,2.5708386007509514,-1,-0.4939381992039824,True,Duy Leo#1208
T5J1gRiD9a3O7VCIrecTx5fMfRa3lqxcs_EkjqbDTfkzDZahzqDzLhl45yg1QjJRJcUAsdj-9m2ZCg,Master,0.0518139338590778,0.6058993333706146,0.1366073424483142,0.1542115942858164,1594.5,2.9479199399235907,0.5303305364162925,335.43111490728086,497.28983098459526,2.669727287858941,0.54,0.58,0.56,0.2,6,0,6,2,1.0,0.8,0.2,9.046666666666669,9.106666666666667,3.106944444444445,8.302687650527522,-1,-0.556793512756682,True,Bmoooo#supgo
TEcqpVQFTM0XkcQSl1-zhf200Gzkt3uslnrkX23vjnxXSAE3N9kE1RwkwWHnBXcGqnGoQZixQAjdDA,Master,0.0518139338590778,0.2134427678856805,0.2768004103863339,0.2389132627176003,1667.04,1.0192118045871978,0.5375036966312631,526.6983282906702,1022.5750349937792,0.7195003173189931,0.52,0.56,0.46,0.26,1,0,7,2,0.8,0.8,0.2,4.346666666666666,8.989999999999998,3.7499999999999982,8.942023758014114,-1,-0.5247304316815824,True,TwTv Keksereslol#0001
TG0eUOEvaQ5a_egKkwhLgYtQo6Aaui2D8u664wk_e_4g7_oZW-Zr9nvVlzcaawfSO4zk_seYbDgdMg,Gold,0.0085087781557535,-0.3657451163789009,0.2968802366884841,0.2156305017958378,1759.6,2.951468762456231,0.4095602117800878,458.41773443659366,1141.7728419799785,0.992381606289764,0.66,0.68,0.5,0.44,6,0,6,4,1.0,0.6,0.0,2.061428571428572,1.6735714285714287,-0.0086898395721923,1.0972902358437373,-1,-0.5185128379634812,True,Snastidiff#EU94
TNduLqbQyiqAUq_O-Wn-buTu--t9dTOxrpy3J_KYdesJ46I6FRpfYcmJ6FalYoOE6Ef8dvQ-MqUPsg,Master,-0.2288384141038712,-0.4359179992402408,0.2096453831330351,0.214746944048607,1556.5,3.846049881508701,0.4015818900047984,438.657908052072,712.2351712378555,0.6943269606510579,0.52,0.32,0.58,0.16,0,5,1,5,0.0,0.1,-0.1999999999999999,0.9996103896103896,1.031262626262626,-1.038499278499279,0.7298618778194543,-1,-0.510953569661342,True,Kaptyn#EUW
TT3IgXMGRPl7Y3OesNgJ_P0tL0ODwuQgT5GITUbLAoQs3H4pelIup6U1PlA7fps-UBy13nvHwADVNA,Bronze,-0.0222359510375013,0.2811856630889524,0.2372567772955128,0.2243856160382162,1908.42,0.7772685007251497,0.4540231244862305,452.0260980620057,895.3352956415686,1.0391393594720502,0.58,0.6,0.34,0.18,1,0,3,7,0.6,0.7,0.6,5.807070707070707,6.155202020202021,4.4102020202020205,4.20371261839863,-1,-0.4937795473584891,True,Octamy#jjk
TU3EAD8n6z8-Bl3gL_HNRkWL9dslwfnF94SkKHGU3mZAQdJjMkIAXYGo1iAfXvFIxLd3HoK_gx1PcA,Emerald,0.2014753429387668,0.7726058817890429,0.1398735200748319,0.1849516527673041,1778.64,0.2822921890780868,0.5585038794164964,390.5255642388414,538.6187726178053,0.7117740351345933,0.66,0.56,0.72,0.2,0,3,6,3,0.4,0.6,-0.0999999999999999,4.661111111111111,8.784722222222223,1.5134126984127,8.19522889371434,-1,-0.5470951999920275,True,ShouldrPubesHavr#KEKW
TXNYLXXsTxBJ1DFhGjM7CwqL4qlO1wOgYq5I_zjoMDMJF-PGd61ZYuHYjIQESYJAuXRYrClFLZMU4g,Bronze,0.017772948598152,-0.2052161986969516,0.1992912792512278,0.1925113565128785,1794.7,2.1495263323072056,0.2787316968079616,374.3195945553138,653.4004577849805,0.5885449427709278,0.42,0.42,0.58,0.14,6,0,6,3,1.0,0.8,0.4,6.766666666666666,4.416666666666667,3.00989898989899,6.367124765369199,-1,-0.4928496547773353,True,Dr Rage#ucess
TXT5g2imKGHXPGMjktAb1IWcthjoRDON6yQ5HPipgoOknvEHxzfxSdLrObEkbmPnCCPsWiykNMtr9Q,Master,0.21218670412362,0.8511723035821561,0.0856033659944817,0.1445935400924681,1701.6,1.8322199594862083,0.6271483781952943,308.6225772327535,300.06125643666115,2.686077193682971,0.52,0.62,0.56,0.22,1,0,3,1,0.8,0.7,0.0,8.1,7.434761904761904,1.3380952380952378,5.026379866049037,-1,-0.5385221399214987,True,역천괴#22051
TZPXtP4KuhDfQZfK4mHLb662U8ZlP_otybQRFWXIr0R6tkygYHXRqncdPk8IJH41WMy26ExZmOq7TA,Iron,0.437541423986178,0.571651492014484,0.1510671714028664,0.1997966137433248,1483.0,1.2406705316723603,0.3472619600520921,377.0828786574736,471.0585207988053,0.8186630224000773,0.4545454545454545,0.5454545454545454,0.4545454545454545,0.0,1,0,3,3,0.4,0.6,-0.4,3.753571428571429,4.736785714285714,4.736785714285714,3.3739495908855446,-1,-0.5094150295876112,True,LittlZizl#Litle
Tt-tfT2PBUkLubsbh2OTWLW3C_DBKmly0P4VRz6SrAwkCSygK9sNl7jE4Q9mmvVdQFe7Z0eBeSWY9g,Iron,-0.0412831757045787,0.2246470423631527,0.1706915931183501,0.1988544395488378,1693.58,3.0862531128258253,0.3984284723484481,363.0291583230632,555.0234757666251,0.9314546232555372,0.48,0.36,0.48,0.2,0,7,2,7,0.0,0.1,-0.4,2.071428571428572,2.1317857142857144,-3.926244588744588,1.529707896952879,-1,-0.5056697367382895,True,Zucchetta#EUW
Tu_spBocKO2nIjP1HWH1sGMIH1ot04TV-cOlcuvN8-A28m8sEBDna_qzJ8BPugU3jS-U_1xpgmWrdA,Gold,0.2090177762650317,0.2649861994549023,0.2305868992714244,0.217707410264739,1803.58,3.994653794508564,0.5261457912308377,442.9139467668329,847.1561441955981,0.7855104047411252,0.5,0.5,0.46,0.22,4,0,5,2,0.8,0.9,0.4,8.692063492063493,6.90436507936508,4.074126984126985,8.066614984326858,-1,-0.4922288593321789,True,Mr Cheeserman#KIRA
UQS5dIBf6WPu5Cvkxed2AefF35rMSODTOknZTkkLZhnoIvYkaAtbI2k0eiQat_nt02hgsY7rwtl2yQ,Master,-0.1887452215377356,-0.0510827228926267,0.2453100389664073,0.222183666311007,1685.24,4.081076879996078,0.4372270373056836,470.67467237567945,901.6192739834744,0.7761014508509152,0.52,0.32,0.5,0.16,0,5,4,5,0.0,0.2,-0.3999999999999999,1.0667460317460318,1.4567063492063492,-3.472914862914863,1.0870321536464431,-1,-0.5010478258425239,True,Rinju#Death
UT_-iwtVYAZmuqECvdT972uBAbCD3JLoaEXmJIK8H_ftEHAcLx40CyOeKeb1fNJUCkQha2lhreOu0A,Diamond,0.0916642494731996,0.1754271021018807,0.134465642461813,0.1587859476753779,1623.72,4.050881379910981,0.5698225269438488,339.7453365344442,490.1395863832446,2.245951253548543,0.66,0.68,0.52,0.32,0,1,3,1,0.6,0.6,-0.0999999999999999,7.428571428571429,5.631746031746031,0.7382753357753353,8.26191025113033,-1,-0.5155196278846512,True,Bicky#EUW
UXqudLdAbbgqm5aHXdBk_tdGTmD_Ipcvyp1VqPcmilVb68a4sTXe203eciLnLcT5ir8dFEY06TRZMw,Diamond,0.0916642494731996,0.7563868594962899,0.084762481295736,0.1447409374778016,1664.88,2.866874190400322,0.5857426172338946,307.02813891483106,303.91514249828737,2.655802570066184,0.48,0.7,0.48,0.14,0,1,5,3,0.6,0.4,-0.1999999999999999,5.980808080808081,5.670404040404041,-2.7920959595959616,4.445111314753654,-1,-0.5381063929542895,True,очи зЕлени мой#свят
UYZJtZS6GD7Dp2Tggx7jmjtc7GyCdgiwoucoqu-dqAM_2arjE_c5lP-a5_8jFSqxxfeXSVVEMCxkcw,Diamond,-0.0286162635344726,0.170952161669437,0.0678985175280643,0.1367659524773549,1853.46,1.699470570785711,0.5789711306048708,290.51929867568833,259.1797007721321,2.9728176806126383,0.42,0.4,0.46,0.24,0,2,5,3,0.6,0.6,0.0999999999999999,3.536666666666666,3.082142857142857,-1.683253968253969,2.027982043263809,-1,-0.5064426341109134,True,CebCeb#FEZ
UgfYYsu2GMLUA8pRO-zH5QmwmEJNtJQEJJhwo4LV_Pekr8LDrX2wqqNE3uu0aFKnH1gHXYjWnPID0w,Diamond,0.2119447624808721,0.9035718487923128,0.0589278129473541,0.1414956873006895,1830.4,-1.4428232973175177e-12,0.5575307090887636,303.1026982886162,207.52986751838955,3.2422890081669333,0.56,0.4,0.56,0.22,1,0,6,2,0.6,0.7,0.0,9.15,6.921666666666667,0.6466666666666665,6.343597165646633,-1,-0.5729228692134684,True,xXBananaMonkeyXx#EUW
Unb3Qu1WqitXmPuqUADiP3TfjWAaRV5x_AZrz1IvwZpJve1OflPtD8O5qyyRt6E0fiGQPQ1bkrcN9w,Emerald,0.0811011760926203,0.7284425395135904,0.070999848245577,0.1414666473132254,1795.88,0.6060906530289772,0.5843085106591797,293.3552199708572,273.1031022789637,2.8467646236709463,0.48,0.46,0.48,0.16,3,0,3,2,0.6,0.5,-0.0999999999999999,13.16,8.639999999999999,1.7142929292929274,9.272561674100636,-1,-0.5739057177796139,True,CloudedAlex#EUW
UoXTcmWGDa9rwYk-XpyR3Q8hxp7bt-eEqDJBxcBsI1gQ1Y9GKnY3Kr-THcb54j7HxngemPcD1ONZ3A,Master,-0.2288384141038712,0.2385317510430174,0.1027789381477642,0.1463320032250677,1652.32,2.039330832223552,0.5403860128654321,308.1850890945844,332.7872748310133,2.4793464645227545,0.42,0.54,0.52,0.18,0,2,1,8,0.2,0.1,-0.1999999999999999,4.765714285714286,3.300634920634921,-2.756309523809524,2.223285482593862,-1,-0.5283741582669149,True,Bus Driver Num 1#EUW
Us_PtblZlGIlUiQUV6LlJdt74qJmM1irSBE8Cz4al_AGxoEFykUZUEsvyiqlVfyM_5YciaSYuj9nCQ,Master,-0.1887452215377356,-0.171194840850184,0.0807301295482461,0.1509554838562742,1599.12,0.4225426691919749,0.6463782937824365,317.4754761814957,258.7323112476902,3.115196378147127,0.52,0.5,0.6,0.42,0,2,2,4,0.2,0.2,-0.3,3.6292857142857136,3.786666666666666,1.2690548340548342,2.6540429199358617,-1,-0.5572284597604091,True,Tolzdi#PLAYB
VQ00S-BoshdQTG1UIKhmtuEbFtDHVmhNTPNa22tDnh0xkHConukSipYjNPzy54ZjfQ1C4EfEymHHJQ,Bronze,0.8241061566397824,0.4588975637605962,0.1901689737436281,0.1675731189411124,1535.3076923076924,3.026986833346302,0.518066012132098,369.717410445421,599.7284504436254,1.948451375281468,0.5384615384615384,0.9230769230769232,0.7692307692307693,0.2307692307692307,5,0,7,1,1.0,0.9,-0.0999999999999999,6.458333333333333,5.059166666666666,0.3091666666666661,2.7296684017172,-1,-0.5378952624491043,True,AFKennedy#Cait
VVVgWGl_fghmMiitqQfLNQo3CStUPBIzrPv3Jh06v21UQ5eP9PKql7MA5TUnL-lM0vDYG3BUHOY21g,Iron,0.6217047315595462,0.3895968049640447,0.2906877797483389,0.2438751107295122,1922.4545454545453,2.0048861640846294,0.5379982313577264,500.3087543612868,1168.4379268886487,0.6659716740848375,0.6363636363636364,0.5454545454545454,0.5454545454545454,0.3636363636363636,4,0,4,1,0.8,0.8,0.8,3.441240981240982,3.827691197691197,1.0276911976911975,1.8824207925998824,-1,-0.531509778933505,True,zeriigaming#EUW
VXc7f9x1LnpYV77T6XFhdkA4VAJDzrZFdqzSARAxUDVOKRhQzqSkKlWLmxmLqQI2OH4kugjct8MDCw,Master,-0.1085588364054645,0.3058021808653746,0.1044854727968312,0.1455873729220788,1670.82,3.850881379913867,0.5990189510405795,309.5921205337379,385.1229752725187,2.6381483382148936,0.58,0.38,0.48,0.16,0,1,3,4,0.6,0.4,-0.0999999999999999,9.267619047619046,6.5094047619047615,3.194642857142857,8.016636762393487,-1,-0.5366806287607666,True,FredSpaghet#EUW
VdaOxNMuBKtKwEW_iWB4Am5lZZxNDhGmHozbap110Ro-ylwWIpfw3BaC83Fm1-9lKUFqeyn7tWraHw,Diamond,-0.1088032722062543,0.1998855386807727,0.1055818838884258,0.1471601667418725,1635.94,4.238242690990224,0.5371633985280775,311.2479331638879,379.5214254769908,2.232390760904912,0.42,0.38,0.5,0.1,5,0,5,4,1.0,0.8,0.6000000000000001,6.959999999999999,5.805,3.9359615384615374,4.274082422644135,-1,-0.5254478909952595,True,Glomerular#EUW
VmsBKnsc4hYAIGe62cLlzCNCJnt89rK0Lhb-qtTe4w40jIgyp08sA993vHqqGFDjq3l1ScnMuyjz4A,Master,-0.2525670382756657,-0.0387517483610091,0.1047990020240276,0.1473873627773424,1633.8775510204082,3.5119432636938392,0.6268078347685604,305.3083404834469,368.0807346500723,3.03312290839392,0.4081632653061224,0.2857142857142857,0.3877551020408163,0.2040816326530612,0,2,2,3,0.2,0.4,0.0,1.5615584415584416,2.3141125541125542,-1.3569588744588748,1.6282999766866353,-1,-0.5164085473086477,True,Kyllikki#Gösta
VtrCothgtRO5F9UOeHlqdKNzf2cffazQlNu4XnJ8pe7PBCf1yNo-i6g5ZBaOt0Y6_FuhJDiVQRW9xA,Iron,0.4989291931773007,0.7132734775156375,0.2451147875037347,0.1937325361730816,2112.833333333333,0.918295834051604,0.4003745400599263,389.4008802269083,1011.7490383248322,0.469566390562782,0.5,0.5,0.6666666666666666,0.0,1,0,2,1,0.6,0.6666666666666666,0.0,5.4412698412698415,4.751058201058201,0.0,6.850154459730746,-1,-0.5078259599923366,True,KC Slix#0000
VvjFO_Y4o8TW2qcRERSKOhRNZOMXpTf9-683JgCQVQ9rA_Qa0KsurqxLbLFhEsWwBl2m5K0sv5TIIw,Emerald,0.2014753429387668,0.4954963965420719,0.1100031033727313,0.1483269911721144,1497.24,3.5590795706010936,0.6092836095316403,307.6869836471115,375.5448324729001,2.6442684777851344,0.6,0.58,0.54,0.32,2,0,6,2,0.6,0.6,-0.0999999999999999,4.165,3.8541666666666665,-1.0646428571428577,3.3261573800207755,-1,-0.512579964811417,True,zta#EUW
W-khdIOSl1r72bOly77Sq-fy9KVtQnx3MsjmN3240H9FQRIvDLjqH72FAORfAzDBF3GD9vrZXewbWw,Iron,0.161296462626126,1.168263341765709,0.238640884157244,0.2272539280681808,1664.875,2.499999999991344,0.4225719232082953,459.2548212009922,962.1221681140748,0.6648966917552661,0.75,0.625,0.125,0.125,1,0,2,2,0.6,0.5,0.0,6.488571428571428,6.180357142857143,0.0,5.264726369907557,-1,-0.5133868236166057,True,Witalorda#9053
W68dGNRTuWDHi8VmDoymiHEcGzZaANqmBuNZKTqYleaTKg-N8QDTWTjW1965a9zJbJKYLC6zJr7oWg,Gold,0.610035772483588,0.6430567859548265,0.2827084130625451,0.2359307150659555,1762.24,3.5114687624446903,0.5797551164352255,489.6642242758693,1095.234631645167,0.793003723188829,0.5,0.62,0.56,0.26,0,1,9,1,0.8,0.9,0.0999999999999999,5.796153846153846,7.155854700854701,2.7143864468864463,5.377444758449641,-1,-0.5406343417389126,True,her dumb pup#9 9 9
WF65F-_HCot6kQtZsL8nS6pdXkoN_qkWXJMfAVrDYi1kf_FTwYt86j1gPlMNzXofVk78Rq4yUiAtgQ,Iron,0.4989291931773007,2.519337542798507,0.0951395009875425,0.153885525603966,1708.5,-1.4428232973175177e-12,0.5897107094497905,304.4980690215692,362.0113205365524,1.8822074405221387,0.8333333333333334,0.6666666666666666,0.8333333333333334,0.1666666666666666,1,0,2,1,0.6,0.6666666666666666,0.0,7.10952380952381,10.424603174603176,0.0,9.914681547023402,-1,-0.6246369014004055,True,mtfbaseball#380
WdzSk89q9GWIwVskl3sIevon2vHdDW22x1utloBClRMuR7eSNfPRnyPALsK6BB5hupXe6spnmv2IQQ,Master,0.1320003189913488,0.372585061502278,0.095010815703982,0.1747883681592852,1555.76,0.2822921890780868,0.6013988224590071,369.50776887623744,316.02404618445667,1.5635125428505336,0.58,0.52,0.46,0.24,6,0,6,2,1.0,0.8,0.1,8.833333333333334,6.874166666666667,1.1415476190476197,4.0668586874064525,-1,-0.5425480752338495,True,Timobaby1#24768
WphdLkVB-aVKu_2jFGJ2x5fm7CvB1dsvoZBZ6C9SzhnRXnVmEjhALhm6kPfGSu4VGys40F4V5YIz_Q,Bronze,-0.1022537503088081,1.2118664266429255,0.1233798213606676,0.1498982786072672,1864.32,0.8584707364948319,0.5752883222221628,280.7623237423308,362.80157530202735,2.100373232275763,0.54,0.3,0.44,0.26,3,0,4,4,0.8,0.6,0.0999999999999999,12.4,8.766666666666666,-2.023333333333333,6.296471675117387,-1,-0.5739479850036382,True,Almaozzy#EUW
Wt0svuF5NV78PNc2kI2JhJzvo9LuH0SQvdCvd8u7AKsm4j7HpSlSNbXi0S-0qYdE9utsLdhdICv4Zg,Master,0.0117207412929422,0.1347485681688644,0.2416025906960582,0.2318360810370782,1558.34,3.634571622396584,0.4878785745529531,495.813960123342,781.0576934960125,0.7072334836153612,0.54,0.36,0.48,0.18,0,6,4,6,0.0,0.2,-0.3,1.5126984126984129,2.0813492063492065,-3.818650793650793,1.5387098568058877,-1,-0.4989641747596088,True,gûcûmyetenekadar#1999
XAsiWVL_3_uNtE_RpwyXC0xaGhhW7WmD_BEQYye3SaqtCnAWdB_meZxnQDNk6L1JeSHbMEJ2Px2daQ,Diamond,-0.3092707938857083,-0.1550444060810831,0.1996205179023844,0.1829127982153213,1621.92,3.3387740441321223,0.4491089778947441,380.4098447809983,736.4201793777459,2.2358977864649416,0.52,0.64,0.5,0.1,0,4,2,11,0.2,0.1,-0.1,3.657142857142857,2.545238095238095,0.6054653679653677,2.399273557859165,-1,-0.5163437422913212,True,DisneySentMe#TTV
XCLxNt3nCzkXhVmV4H2TV7bY2RJzyyi2q3FQCxRJMKTfOIby76KbkfwbNQzn81_kawJZVsdYkDEIPA,Diamond,0.0114772408014181,0.23027806781294,0.2716524489149933,0.2403259023318306,1687.76,1.4513146886396222,0.4851290325335299,517.5855614131955,1002.1189894399112,0.6517750162668835,0.62,0.52,0.54,0.2,5,0,5,3,1.0,0.7,0.2999999999999999,8.783333333333335,6.0675,2.467380952380952,5.2003504823126,-1,-0.5054418197663454,True,IM LEARNING#KEEP
XQoJQw1YRhHifJ56GcpoJjedlqb2ulk85SjqSW6ZUdnJL5tfDHwFEJFNMq_I8zX9ahVVY5z_drZmcw,Diamond,-0.148896776542145,0.2108887744793428,0.0766408386565612,0.1436867020191206,1536.94,2.8615162955160747,0.5281138522624954,293.9718269376156,248.6111370713675,1.8493664869826028,0.42,0.38,0.34,0.24,1,0,2,3,0.4,0.4,0.0,6.816428571428571,5.357261904761904,1.394761904761903,7.090063478386567,-1,-0.5024080983253341,True,Niizu#0705
Xd4DCIJkZXxEGP3GTHSAO6mw-AevU4FwaAheKSgIdEah7QwwwAr5Geqj1upaM3V6QM9szaO2aFUuGA,Master,-0.0283724512731933,0.0211515296345728,0.1013312222553031,0.146518580106241,1604.26,1.852167761409886,0.6152175246223337,315.22583304159906,355.7714903956,3.165302871222001,0.48,0.56,0.46,0.38,3,0,6,7,0.8,0.9,0.7,3.623809523809524,4.316666666666666,2.4028282828282825,2.38059640196001,-1,-0.5597018650100859,True,COLD4509#COLD
XxWn9L9eDwOGWhJBOpuri8zbFIJqu6gTw5KHR4bJwVEPE3_XHkN5new__uGs7U12HKcuptae6WnuIg,Master,-0.0283724512731933,-0.1215229513321756,0.0788251051264876,0.1483710738684896,1613.44,0.4689955935863958,0.6306547262382565,310.22383571085646,272.3582786163661,2.609523898155581,0.34,0.42,0.36,0.1,0,3,3,3,0.2,0.3,-0.3,3.123015873015873,3.490674603174603,-0.8509920634920638,2.729612182569817,-1,-0.5211178356935102,True,Biotic#123
XywsYL5DY92ga89VlzNH-6pCJPSUpmUceLly6hYVCEXA3QB0iYb2d6j2TkwOr8YmSWtlNULqCB020w,Master,-0.3892111843684134,0.1154405707919894,0.0995744575088784,0.1492856396777709,1642.08,2.726428310974071,0.5694755667590284,312.32449294873294,351.2512921858727,2.440411319592123,0.46,0.52,0.38,0.16,0,1,2,6,0.4,0.3,0.0999999999999999,6.493333333333334,4.421666666666667,-0.4947619047619049,4.392277313649492,-1,-0.4951193766413846,True,Algorithm#Keria
YAU3z2d_f3I2aSSvKExQvcj-8u8TVh82lxTiGP4aquKVUwSRuZzNygBpxlBoAn3IANuY52AD9VnnYw,Bronze,0.6445790428900555,1.054161858685016,0.2299654794517508,0.1884109682028232,1799.1666666666667,0.2498822928303001,0.5156081081461591,387.8656172647168,816.0045415535533,0.399466220846219,0.625,0.625,0.7916666666666666,0.2083333333333333,2,0,10,2,0.6,0.6,-0.4,2.2966666666666664,2.3129166666666667,-9.69922619047619,1.1046311130116393,-1,-0.5397638815645143,True,excaladrios#EUW
YBO8wckQGdKaPgFNGH3WFnjlUS97upeYFLhOf7EEnnnSPsIXjOna68alOLOSGUVOlFpmEQJjANv7dQ,Diamond,0.051570745137309,0.0941732567443674,0.0685951465268152,0.1455533948656127,1654.04,0.2822921890780868,0.5723648545999805,314.2216847683331,262.2566972303363,2.186575956248808,0.44,0.62,0.54,0.12,0,1,4,2,0.4,0.6,0.0999999999999999,2.4333333333333336,3.1158730158730163,-0.5259451659451657,1.741763035882621,-1,-0.4913401882557384,True,Ryflax#EUW
YShuUcZ7gNZAV-EPQDonllLIc62IPptfwiMlceaNB62EaY5q60ytmZiO30S1D55a5-Lc2_9tf_PqzA,Diamond,-0.0687097678703635,-0.0614501734008097,0.0856246272949341,0.1408825706593698,1616.18,2.4960220272555595,0.5446319833836739,296.69912499448003,302.68542015995604,2.5351538384904986,0.4,0.42,0.56,0.18,0,2,4,6,0.2,0.2,-0.3999999999999999,2.05912087912088,2.54206043956044,-2.967661782661782,1.8623691021602309,-1,-0.5167984971045015,True,beko#sup
YV5FwhbNwe2vjUN5qBWhMsJbxjD48EillTIQzxONQAkQ0agcbtAUhsgf8UfRlnASKPd6Nv4uWt4CsA,Gold,-0.0127215863499347,0.7651970559688599,0.2132147531500161,0.2121168188231588,1866.676470588236,3.1585272846014423,0.5270284904956434,412.40920183689946,733.6618333097099,0.6627619054413565,0.1470588235294117,0.3823529411764705,0.4705882352941176,0.0294117647058823,2,0,2,5,0.8,0.4,-0.2999999999999999,15.855555555555554,9.256944444444446,3.021309523809526,10.668715894736,-1,-0.5576593249833716,True,ObviousLuki#EUW
YX_IX23pwmlbRFPNKlo52fJ2MCupEeCUSie_Z4NW5acE80i--fXMxSgU4T_ce9ICAtOVQQPkZw0Rwg,Gold,0.3694249747524541,0.1382293167075722,0.2917914444755994,0.2242984231196163,1893.56,2.9468644248976137,0.4805921344878539,458.1057420589186,1142.4815116309123,1.0617767513261862,0.62,0.52,0.58,0.3,0,1,9,5,0.8,0.9,0.6000000000000001,5.761904761904762,4.4303968253968256,2.851103896103896,5.019288018323351,-1,-0.531856158650239,True,deos ultimate#EUW
Yq2TVJbCgwx9t9Gdej4X7jeOb7l-ylvY3GT5Uv5vcmRSv99Qt7wkKNU__rRJe1n8NukG8CEdy_xZ-Q,Emerald,-0.0793977130355749,0.3586702113937708,0.1075579090067134,0.1462334339579241,1482.9,1.0783220795440367,0.5841023512048269,288.13036590726585,285.47237832154985,1.980172241860811,0.56,0.48,0.42,0.26,4,0,4,2,0.8,0.7,0.0999999999999999,4.663333333333333,5.4590476190476185,-0.4111904761904768,5.057738710301077,-1,-0.4986544146772068,True,Astralknightx#EUW
Z04S5VcrvAQHP0CQSKlfY5LWM3QD8ZxYGqXLHm2OpuEVXLUlFWdeCwc-P7x3HbL9qncYGv-nzuDpCw,Diamond,0.051570745137309,0.4724704326089612,0.0579029073854737,0.1367273273720026,1754.3,0.2422921890795294,0.5677796514351892,286.9877272521378,205.69845261118004,1.6532830175167696,0.54,0.54,0.4,0.12,0,2,3,4,0.4,0.4,0.0,4.585714285714286,4.492857142857143,-0.6033333333333335,2.619725020622101,-1,-0.5033265473624721,True,biewerzerstörer#EUW
Z8lJDqcQthaQfUCwLqW4WGA9IgVtA6u-4BtJrrgvP5rO-KG5mJ1deZmeMP-I8ZNJ2LwWP0wkPDOoKQ,Iron,-0.0007672480384378,0.8182510565783235,0.0699689413684475,0.1425010075622052,1946.4,1.0106635459806828,0.4960541678617586,265.1424937513588,245.28000088085625,1.916640744774179,0.38,0.32,0.36,0.2,1,0,3,5,0.8,0.5,0.3,5.41,3.771666666666667,-1.1646031746031738,2.092394295750418,-1,-0.5146856565895523,True,FaithAlbright#135
ZEoAgW3LjKpWGq2uRJsCmKYHoD0iZoyzHkox6QXGutaxsMzDhmIl_cWccPGPuPtQUafcbMl07_hmIA,Silver,-0.1079739596788066,-0.286844939792456,0.2110229956666224,0.1731513806205107,1800.54,1.6669267093578433,0.4599985189424695,410.5964899402342,717.7970565593429,1.0903906533403118,0.4940381318842756,0.4956261701084848,0.4949441960904057,0.1679790705374592,0,9,2,9,0.0,0.1,-0.4,1.4079365079365078,1.599098124098124,-0.7772925685425685,0.8455536282413092,-1,-0.5007480237793789,True,chemauro#EUW
ZKzXdoJbEoIAGLyXVo6OX2a_WzTGvSVQ4CJpp3_WFsiOGGzyOIkeBwFBVgQBoS_bI3eOg7tZS6LGXg,Iron,-0.1223150310368607,0.7286949831152487,0.3115363979897173,0.2465512761637409,2157.4,4.7814678801532855,0.5070422857936332,482.5632802740918,1332.271035902122,0.4537549720657408,0.72,0.64,0.2,0.28,2,0,2,6,0.4,0.4,0.1,3.0987179487179484,2.350495337995338,-3.98680624930625,1.4982138069344644,-1,-0.5730109915431413,True,immelkalvopora#12345
ZLBHGaoap2TGDrU7tlGIMsxNr5sFReQFLywJ0qyCGgMOQaD08In7cAuK6ER22syDsvCoNblGmX97Ug,Gold,0.011850594790908,-0.032572577190551,0.0982969256362716,0.153291713942474,1647.5,3.5178941475994234,0.5322860278038072,295.61911942627177,315.1605164837612,2.0319030662154027,0.4166666666666667,0.3333333333333333,0.2916666666666667,0.25,7,0,7,4,1.0,0.8,0.6000000000000001,7.125714285714285,5.201190476190476,3.2264646464646463,4.532352491180314,-1,-0.5635208059380729,True,ncross10#EUW
Zi2GQED_rPOe3ER_CWB6rZN73gVGTjzx0ng-hINYu3o_FDRveDlKnxGTN4vhLdEShoSZeD4iqh795g,Bronze,0.4445345447117882,1.27862803693766,0.2330828742480011,0.2139013010074075,1876.2,2.523231428788965,0.4648788164365117,428.3053882987607,891.977828751746,0.7648318902838942,0.5333333333333333,0.4666666666666667,0.4666666666666667,0.2,3,0,3,1,0.8,0.7,-0.1,10.8,8.043333333333333,0.0933333333333328,5.70352814785141,-1,-0.5175075409742113,True,omega squirt#EUW
ZiissNjSkW9cxwGOcEWpk-iozlBD09crYX8JE_J2rtKxMB1ze0SunhNjLuxfeDmSmiQYCOO1SIoV1g,Gold,0.1288141770213204,0.465129794039144,0.2824845341317435,0.2323497562451489,1572.38,4.191272380079731,0.5543292934705244,479.26258268857583,1031.2365904613218,0.6544861665446712,0.54,0.6,0.48,0.22,0,1,7,2,0.8,0.7,-0.1,9.575,7.0666666666666655,2.1849999999999987,6.915366343634057,-1,-0.5224928291657147,True,hdWh Nastynaigo#EUW
Zpelnur1y1WeUbAfXhfP1MY2ptHXOUUeTFSAGdZpZ4tfz_N9NLhJiaL2UDy8rMcONcpeOHhj2TNMLA,Diamond,0.2520382668167629,0.2720757646604477,0.0958338206109206,0.1424782546697437,1723.6,3.9550849517894857,0.5560130854577134,303.263838085159,344.4304209556324,2.87013780302501,0.48,0.54,0.5,0.22,9,0,9,2,1.0,0.9,0.3,3.281385281385282,3.762359307359308,0.5348593073593078,1.3341725884088704,-1,-0.5456021438770842,True,DąrkSoul#3916
ZyRNZUlf6b35s-PU2eZzXLl1irpEjowk0sr03IcAX3DOlTFiZjGnjp565jMrLODfcU2zTUKbVPWEHA,Diamond,0.0114772408014181,0.0451356038476699,0.0867272626687675,0.1376442118818078,1683.22,2.0841107529619007,0.5883828876518061,289.7024435494772,309.343227266302,2.525844063483546,0.58,0.42,0.32,0.24,0,1,6,2,0.8,0.7,0.2999999999999999,6.114285714285714,5.015421245421246,2.4336030636030643,3.209377966240226,-1,-0.5222562123284717,True,MisøgynistMaster#Misø
_-rJwN4kl8qTDw-uut_KrwbbiSlL3auveV7Mr6E9lZKVRXUqKpLccipumWvyD_dliSXYAwrABblWtQ,Iron,0.5953956876204936,1.527711861146647,0.2398383559840481,0.2093255598970858,1931.428571428572,0.8631205685637457,0.4096069196909533,403.2069869973407,823.5550159423699,0.8544986178408556,0.4285714285714285,0.4285714285714285,0.7142857142857143,0.0,4,0,4,1,0.8,0.7142857142857143,0.0,9.35,7.309523809523809,0.0,6.719244200829843,-1,-0.548997431186871,True,Thyhel#EUW
_ACPtDdinxcuoY9yUg9DeywMTmpSJ0-dxhzmdWqjsMXoOLErk5lgY-ZmVJVI8iLE9lP8hUbLmvlR5w,Master,-0.2689316066700067,-0.1655582591124726,0.1228847496997808,0.1555164686517318,1699.34,3.088102070171285,0.5601763324832898,324.19792304996014,443.85212721597634,2.442737958083579,0.62,0.46,0.4,0.26,0,13,2,13,0.0,0.0,-0.3,1.7600000000000002,1.88436507936508,-0.3689682539682539,1.017366341028093,-1,-0.5660727031229972,True,Bubba#sauro
_DWIzQtFLDEHfDqnYC2oiDcPlqEnrzXTX4YG78UulPj2jVTjVsSi_6AnZD7DZt5aTbBrBzZfVNZdog,Gold,0.1288141770213204,0.6850959083008902,0.1139789880312907,0.1570545414735986,1713.28,2.049948667223977,0.5747720836784276,323.4983875155625,397.245229633843,2.338939776171701,0.52,0.44,0.6,0.32,0,1,4,4,0.8,0.6,0.0999999999999999,8.752380952380951,8.462301587301587,5.418492063492064,6.814518197036937,-1,-0.5446317094797584,True,PROJECT RockY#EUW
_Gp_EDtCvxK-IJDs2HhYlbPawU0eIURYZWCD1VPnQ8rZPJRUU94mYzDZPTVeMeFdZsiaXTWpdo_kng,Gold,0.0085087781557535,0.5228045389946256,0.1026014437495836,0.150944784621901,1760.96,3.2181719394502,0.5437786543726133,309.1894984360612,370.5002361111829,2.485486826663846,0.5,0.58,0.48,0.18,9,0,9,6,1.0,0.9,0.6000000000000001,7.752380952380951,8.446406926406926,5.870487012987012,6.937415074877739,-1,-0.6127379554732706,True,grinder#8000
_lqZDIsDpNjtHjAW25vNFnoeonCx4gvlHV6Wh8dVZ9FApZwTxHZR15p9Dde2MCv1uH1gZIv1r2Ud_Q,Diamond,0.1317577538090904,0.7419286105245646,0.139647440423088,0.193902326105147,1660.06,0.1414405425389353,0.5431625719729791,405.437730869357,497.7186664733105,0.9277116497191904,0.42,0.4,0.54,0.2,0,1,5,5,0.6,0.7,0.1999999999999999,11.366666666666664,8.866666666666667,4.8775,8.158771694045345,-1,-0.5436969814907424,True,MattShawｼ#TSC
a5rHUh06P7f3_wAFSDkjOFfZl25i0BNaFoR5-zcFhc3WNK39dPFW7qvOOJzuALjJBDvSJnYYuQEZtQ,Emerald,-0.3602707690099166,-0.4965749360478188,0.1680575092102825,0.1630532946743154,1717.0,4.445533250517902,0.5405102769517963,339.62571336055873,582.8673492260816,2.310166164487592,0.42,0.52,0.34,0.2,1,0,2,6,0.2,0.3,0.0999999999999999,1.7266666666666666,1.6696645021645022,0.5140909090909092,0.9785556002254352,-1,-0.5008197071083921,True,bnzrmfw#EUW
a7lSQERDaI_UKrLEgVuta3RzCLBmDA4C9GXBsMyp7yqlJEaz_MdQwetFWH5i5HYmIhKEvWAu3OXalQ,Diamond,0.0916642494731996,0.4176380778802381,0.0988686996232702,0.1447946960890844,1714.58,3.1182426910060923,0.5271192851263986,307.81242643140627,361.4954497242788,2.4927709023659217,0.5,0.5,0.48,0.12,0,1,4,5,0.8,0.4,-0.4,7.0,4.550909090909091,-5.817992007992009,3.983991623510063,-1,-0.5061564020722427,True,Tazoneta#GOATH
aBgih_RE8uUaU133eTO5hWdvo7x6-lL6oyNdYfX9PadAkttsq-sUiIs-lrOICVhhcpZ0AqWeqhPTcA,Emerald,-0.4137703987193151,-0.5832806653225312,0.1400606394657598,0.1672822569919278,1368.0,0.918295834051604,0.2617361657487542,359.0667735247507,391.4165743270308,0.436472413951981,0.0,0.3333333333333333,0.3333333333333333,0.0,0,2,1,2,0.3333333333333333,0.3333333333333333,0.0,1.375,1.375,0.0,1.0358169078880044,-1,-0.5724769500587928,True,JamalsLastDance#FNC
aE0A78aQctFMhRbArIhCa85nb6XO1UXW2-LiWwYjMTkEscuYy6WJc23s3eA_3FhfLIVtuI2PVCWz9g,Diamond,0.2520382668167629,0.6713403770198535,0.1124686607947081,0.151988946493663,1677.3,2.649549053556321,0.6181083896523513,330.62775616614715,410.1327957631053,2.630262258178285,0.46,0.6,0.68,0.24,2,0,3,1,0.8,0.6,-0.2,4.308888888888889,5.854444444444445,-0.6922222222222221,5.106743181904288,-1,-0.5002993704058093,True,RihnoxHD#EUW
aOC1hyJbvZI4EPutEo9pVCm9E9Sj1M4ek39LBFTYjNY26r_AIP_Ss096-H_MufYjzIbzp-O4A8gLIA,Iron,-0.0412831757045787,0.2580543201625711,0.0985826247641456,0.1612431264289895,1734.6,0.7219280948844771,0.4074739769094607,307.416919486064,338.65996428622066,2.112589575773264,0.6,0.4,0.5,0.4,0,2,2,3,0.4,0.4,0.0,4.811428571428571,3.321038961038961,0.0,5.266098955790466,-1,-0.4933988930716495,True,sono gay#6969
a_cF5zTFidoHUj4G6sy_VVVhIW8MJlYvgoqV8rtYi-pBpdUBfYc-h4Tk5S3K8g2seqn_3NILhBM7Sg,Diamond,-0.0687097678703635,0.3688518932833907,0.1112513069198084,0.152459738463827,1646.72,3.6063701301316566,0.5820785955657535,318.5508526123942,383.5749360729442,2.662333227845634,0.36,0.5,0.52,0.24,5,0,5,2,1.0,0.7,0.1999999999999999,5.68,5.73,-0.1175641025641027,4.1271041771306045,-1,-0.5032560951800897,True,Toshiro#361
aiYJfkj7BDvk-aYK6RouWcQUsXIPfVLTWEv4oWyHLgnhI5QqnBu7ZKJ-EMfWoNiFALZZ1FV9H7zT5A,Emerald,0.2014753429387668,0.8819009753130147,0.2684850777602215,0.2481271157430652,1510.9,0.2822921890780868,0.6411437062184879,534.3295321913871,958.8400266083167,0.8794507239996918,0.56,0.52,0.64,0.26,1,0,4,1,0.6,0.7,0.0,10.82,9.693333333333332,0.5188888888888883,9.944834505075152,-1,-0.5865857099758143,True,MECARRY4NOBRAINS#6077
arhzKZhT8R4rpIl1cUWZbLd1vwxa4ujvS7w_6b4AZ4Nk_gd0BNIkW39mlLpGWDEX6L8jwcscb_icvg,Emerald,0.0409764538105716,-0.1796146960073321,0.1645102416853112,0.1818746472786042,1712.28,0.9004680458955866,0.5148483081978811,393.1615736572053,602.4405158107967,1.5700245639132135,0.7,0.48,0.5,0.48,6,0,6,2,1.0,0.9,0.3,3.3599999999999994,3.919444444444444,1.5337301587301586,2.4627866577706485,-1,-0.5035349778088744,True,iduos#sonpi
auIzls0NihBMzyoB0dSINP0J3WluOEcfdWZBUKfm53U7b0Yvm4AtpRwHiF7Tz4NWTOKniyZpd4YBHw,Emerald,-0.0793977130355749,0.4062522893336325,0.1860378732669447,0.2215962896468352,1665.28,4.090044500307326,0.5123244017477727,454.15877486777697,685.6228560203527,1.074845074864775,0.46,0.34,0.4,0.08,2,0,3,6,0.6,0.3,-0.3999999999999999,11.03,6.628333333333333,-0.0430952380952396,8.416927553712485,-1,-0.5044800357486141,True,yubel lol#twtv
b57tMqk_iwe3JWHgZm_aN5zSYb0PfB2kHinR8XskBFbNONRysEcgcoAuUU__OotO0dGKqKGTWT2_mw,Master,-0.0684656438393289,-0.0787984256598293,0.0690347750067694,0.1398286949263083,1697.28,0.7011884030693613,0.6293528187000277,295.6192037826033,245.44725149187644,2.3446973611925306,0.58,0.5,0.58,0.22,3,0,3,3,0.8,0.6,0.1999999999999999,3.916666666666667,3.6916666666666673,0.9594444444444452,1.708756045262817,-1,-0.497311797919418,True,Jussy3#Taric
bKDKIK2TmKaRDNg5fHh-DD8GHevvxYTD9fFY7USQ9YPMIhufIHLodI1rKA_qeJbVYKgCmpwkg7d4xA,Iron,0.161296462626126,-0.1421898060832675,0.080871334232574,0.152961282662575,2114.5,0.543564443196711,0.445275191289629,296.41796643148075,332.2287418426007,1.5816954215584178,0.25,0.375,0.25,0.125,2,0,2,2,0.6,0.5,0.0,2.105757575757576,2.0637175324675328,0.0,0.6866252835543342,-1,-0.5224432278022639,True,Counter34#EUW
bR6q5FHBY5W7ik8kKYpWVpGQcKETf-i46Y7ulvWCdwLvjzLPzVxlpPT5GZ9004I7CKRxBMXAHoAKSw,Master,-0.0283724512731933,-0.0243017235328308,0.2412517711160432,0.2389422512496241,1671.58,1.628860699194875,0.5057633267443732,521.530774552068,909.4224340038742,0.961842372291043,0.48,0.5,0.54,0.22,0,6,4,6,0.0,0.1,-0.6,1.983809523809524,1.707738095238095,-1.232698412698413,1.619434937040115,-1,-0.5176352222958325,True,TwTv Roan lol#Roan
baQdicFI7wHpi05rioddiSdN4yf1Ui72oFgf_saCqQVJ5o9o49tXiPj1t-mybYMxvwAFQ0zeWThEgA,Diamond,0.051570745137309,0.4671497216916753,0.0698095610881127,0.1448470748343487,1651.48,0.9372685007208216,0.5784132278967129,310.83076007981094,256.0077859958763,2.61978376964541,0.54,0.58,0.46,0.2,2,0,3,3,0.8,0.5,-0.1999999999999999,8.754285714285714,6.354285714285714,-0.7937301587301597,7.19791705824152,-1,-0.5213481290057553,True,Ð E F Ξ C T ˇ#EUW
bf7xy-hqDvZLLXKrTHEMpj1iasKdmbpMVW9VkPEBgzzKFD6NGwiFa6ShN0-UEoyI2vkqnjxGo6s20Q,Master,-0.1486520289716,-0.0451921883036684,0.2174248648246543,0.2242681752705648,1644.18,1.5913818225294107,0.5274532917515414,477.70202931510937,790.2300983043903,1.0916956047229556,0.46,0.52,0.34,0.12,0,6,2,6,0.0,0.2,-0.3,1.805555555555556,1.9869444444444448,-1.9711507936507937,0.8094389632240253,-1,-0.5006158483463512,True,Judas#bomba
boM2RdR5x0LdX-c3Zei2lbwkgDmp5YxWXaQGK2-I6eDLWx8iSI5Se08My8KNETmBKxgAiF-P3ScBkw,Gold,0.5298321732398769,-0.0058730102382756,0.2181491861787802,0.2204378538735532,1758.8,-1.4428232973175177e-12,0.584028252449305,481.9666932725787,795.4013438487931,1.0542325802459451,0.0,0.4,0.8,0.0,3,0,3,1,0.8,0.8,0.0,3.64,3.64,0.0,1.2554591900088898,-1,-0.517091270498237,True,Deisukey#Aydel
bsdKRQGUwnk6IJ-Ya1O7yqUgQT6Bo3KDQTO0nMIoTZEz4nKSX3LlaMnEs0AXZb6N9zS7MohCxkO1yQ,Master,0.0117207412929422,0.5583856587529203,0.0944750974889633,0.1455212987034894,1610.46,3.28682826419308,0.5751447145285962,310.42069079044506,328.4186389274039,2.5316489713612107,0.54,0.56,0.54,0.18,0,4,4,4,0.2,0.4,-0.1999999999999999,2.3363553113553115,8.249130036630035,1.8419078144078127,10.785964812852498,-1,-0.5730944472883346,True,LNG 1xn#GOAT
c7Xsx1juTmA5zM4VS1dZ9-nwztfk9ZSl8cndeRTeSG0y-JL4XVjQ39Yzq7K7391dQ9_HwUhyTnizgA,Master,0.1320003189913488,0.2793914289121793,0.2460312704150609,0.2287058054706902,1616.1,1.8015101887189475,0.4839215952965227,503.2152566934004,901.3437527664324,0.8008726105715924,0.54,0.54,0.48,0.12,7,0,7,1,1.0,0.9,0.2,5.231666666666667,6.199166666666667,-1.5974999999999984,5.1169712857205765,-1,-0.4953354787288182,True,Big Mara Ippo#yuh
cH11dbCzYMb67JB4Diz21xPNj0iwg9gfqEGj2mA-pO5xZEuxlRrUub6axItHmgVn4UFux3Cccq2g8A,Gold,-0.0716948210879577,-0.0002095124176351,0.0780636783139334,0.1402862543422456,1546.8125,2.37169636449364,0.4517448058088213,268.51519667090366,235.8356306132501,1.8003120919875135,0.625,0.53125,0.40625,0.21875,0,1,7,7,0.8,0.7,0.3999999999999999,5.74,4.543888888888889,1.3836507936507934,3.9138646005081874,-1,-0.5101150157206783,True,Pipen#TDB
cI_pEegh3AhMxuM8OTMo-pPvXH418X2dmfOKUubd9HEKYd_Aj896HrcPFEh8Dg6G1imMu1XHqcyC9w,Master,0.0117207412929422,0.5825356710559193,0.1558679630326806,0.1710681708172693,1594.28,2.464808618580466,0.5160949245857772,360.5731331958187,514.3453275020827,1.6015581347595624,0.54,0.52,0.66,0.16,5,0,5,4,1.0,0.6,0.0999999999999999,18.12,10.748095238095235,2.027142857142856,9.01948469047055,-1,-0.5473258696956426,True,Blazen#EU1
cWlHRsosVigMcjFEpiD5dnv92CWVoVegaRJrumnxQkmoeiu7n1DOgoP7mfqvVXG2so3SPnpOg7GEyQ,Diamond,-0.2290837852139267,0.0047560326229378,0.0958966069472503,0.1408036160581717,1667.2,3.0250150825206683,0.5186982329907756,296.164121880508,329.693580185848,2.987558929901549,0.52,0.54,0.48,0.38,0,5,2,5,0.0,0.4,0.0,1.401923076923077,3.1423901098901097,1.0893345543345545,3.452429581679158,-1,-0.5435377908620496,True,Danmaranda#EUW
cxLQOSm9wXixOETex_DbThPgORdaEkBE5nMIWCraBCxrtoeYZANlBqiSkMkNPnzV4ExsiBRCBDH2rA,Master,-0.1085588364054645,0.2750101392193682,0.1006865730498409,0.1409568600945523,1581.7,0.2822921890780868,0.6031757426504748,301.0243019417368,354.25942685749214,2.5061776578130126,0.48,0.48,0.48,0.2,1,0,7,6,0.2,0.4,-0.0999999999999999,2.1278571428571427,3.778928571428571,-0.4760714285714287,2.77551654249518,-1,-0.5127315387494519,True,zzzxxwwwwqqqqq#133
cy-eXBoJeljUM2oG_HbECq4LQhZB1o-8k1h42xQ4WggfsEhJPHBBXVjos6L2E2Ut8fUksI8VyBw9Xg,Emerald,0.1613506206567179,1.235627782687618,0.1069631515696631,0.1449876832171912,1514.66,2.7396669531420144,0.6049551214205124,293.34271244357853,325.7221626032481,2.011543870990958,0.64,0.58,0.56,0.36,1,0,3,4,0.8,0.6,0.1999999999999999,12.506666666666666,8.298333333333334,1.9383333333333328,7.284810872249495,-1,-0.5815543518506933,True,l Love Kalista#EUW
d1JAdlaEVabKjhLKHerab4rptzCrdDxIXrxsLF2jwGTaQGdWlnCCd3m7MvUisyWrcDvWeTg7cNoqhA,Gold,0.6142570145490465,0.5650035613184748,0.2235539794998017,0.2034814025627839,1836.421052631579,2.2579993393644977,0.4369445744820556,410.5681404984095,878.6120373379687,0.9023298428305206,0.4736842105263157,0.6842105263157895,0.3947368421052631,0.0789473684210526,11,0,11,1,1.0,1.0,0.0999999999999999,4.533333333333333,6.716666666666667,-2.4678571428571434,4.868435751518825,-1,-0.5610987513489744,True,Small Spark#Seb
dCX9ACwp8PeSrUIVYlkXlHjmJVic64U9y4bBrvX0S1PlNkrQ0v-xQlrkdQQWE_M3ljaFn3WbR2Ok8g,Bronze,-0.2622893488514218,0.2302787596543013,0.1071575962426708,0.1589390319505454,1673.46,2.635980012244211,0.4731268190547354,293.2022328519906,318.86079771490165,1.7496395229288668,0.54,0.36,0.36,0.2,1,0,4,6,0.6,0.7,0.4999999999999999,11.175,8.763055555555557,5.822341269841271,10.333387399052109,-1,-0.5623938198007953,True,TheJorge924#EUW
dHbM6Jq6VIFtsYY-MpiYmOqjj7kFjVoRMzYWyGrVaEy3HgIe9KUVnZ2MdFVkh3EnIhmg-l8i-eLQDA,Bronze,0.1377996475051121,0.6594987571063722,0.1881320728641686,0.2002884120141283,1892.24,1.0448447792922129,0.4512508093446926,408.98641796543416,721.3896366737978,0.9806891987084716,0.6,0.62,0.64,0.22,0,1,4,1,0.8,0.7,0.0999999999999999,7.141666666666668,8.524642857142858,4.749960317460319,6.462921500572505,-1,-0.5019140002277359,True,pandzzii#EUW
dVRrHIDC_AMlcJN--G1-upuNWvADB7hqff7BgCdsAQnD3N_FAqJjb_SNk8_zi2MohrUqXtKXsx6ajQ,Diamond,-0.148896776542145,0.0267001978879091,0.1478726706844577,0.1545235090263951,1815.86,1.354854218767064,0.5627627359458511,330.0548621947218,571.2797666404587,2.7286322206185862,0.52,0.46,0.36,0.28,0,10,4,10,0.0,0.0,-0.7,2.197619047619048,2.8837301587301587,-2.5404761904761903,2.127221061489484,-1,-0.577627731597883,True,unstable player#EUW
eOuVC4uVx_LaSzB3wLw8hYlu8QCydwPqw4UGlWuVKbL81rRy32vLUo-_HFrQtj2z2MAAYEbAGzQcyg,Iron,0.4989291931773007,0.0732247368351005,0.1111245442821997,0.1599361079616827,1943.1666666666667,2.2516291673806093,0.3588591467725763,334.1977054313448,462.086446937602,1.4824995303647508,0.5,0.8333333333333334,0.0,0.0,3,0,3,2,0.6,0.6666666666666666,0.0,2.728501400560224,2.7404178338001866,0.0,1.800404025333766,-1,-0.4963718737714547,True,fated to perish#jfl
eqHwgnkHu6Mo7VHpDPUBoExcfs1rP9rDP3wIae63qNz6CheQkm88ro4EMjm2FMMOiW9j4nwoLL8i1Q,Emerald,0.2817247875028645,1.459071635050381,0.0761316994765926,0.1547345166711004,1744.42,0.7772685007251497,0.6151439947244343,324.8258885345289,281.6531253412897,2.2627013168558854,0.58,0.46,0.44,0.14,3,0,6,1,0.8,0.8,0.0,12.671428571428573,11.479047619047618,2.033214285714285,6.251715846102425,-1,-0.5842119934335281,True,ZileanOutOfFog#RIDER
er22F7JXh9BhjyTarlJiDHOnXM2uqyDT8W4JluNwjm8Pbprs5sLHZS1vHW_BLz5tajR5kXprvFui4w,Bronze,-0.1022537503088081,0.4976294840281741,0.1255102519055297,0.1631065301819199,1739.72,2.4578480731712387,0.5150928220175134,314.97207607721606,460.5031648488878,1.7978050579412417,0.52,0.44,0.64,0.32,2,0,3,3,0.4,0.4,-0.1999999999999999,7.45,8.365634920634921,3.638968253968255,9.607693624188173,-1,-0.5318200984928616,True,TheMasterlol2#EUW
es5twVGXrPoW9vibesy0YRuEoiyBtD3Q4Ozr5Z6hk_YUesBY8b8XlURX3tnBZoBYW7fMii_FX6zoNg,Master,-0.1085588364054645,-0.2543125938879619,0.1121055041773312,0.1446416548939218,1604.96,3.026437264027215,0.5695707988357349,312.72690589291176,370.30745760737847,2.736463327162559,0.48,0.56,0.38,0.26,0,5,4,5,0.0,0.3,-0.3999999999999999,1.9745310245310244,2.502113997113997,-1.097693695193695,1.9318544774905688,-1,-0.5250646520203166,True,buf enchanters#EUW
f6q8XrzlUTDOZW8a_SLqI-uQIf5M4nb6u7_sDja6N4_fJ9dLCXOJba42faSbQOaD-lwLUsdZuLcUNQ,Iron,0.0165967209613368,-0.1898126930156051,0.0679038697253608,0.1334267479148816,2104.714285714286,2.1280852788841806,0.3347412622150256,263.1310412145239,258.05716667215023,1.2854484978921945,0.4285714285714285,0.4285714285714285,0.5714285714285714,0.0,1,0,1,2,0.4,0.4285714285714285,0.0,1.9297619047619048,1.914115646258504,0.0,0.5636863649367808,-1,-0.5201053107749491,True,Nocurse#EUW
fLE-sImnuH15y5SapPd7QmrGiqTlZFd4IvVlNQQh8IGJutZp1t2U9PVB8EF9Od99W82TjcWzsfoF7w,Diamond,0.0114772408014181,0.3597184578787565,0.094881360970934,0.1487207006483493,1725.2,1.9683570801445136,0.5596590592328754,319.38939910876326,346.07015328691455,2.609937170451638,0.62,0.52,0.52,0.28,1,0,7,3,0.4,0.7,0.1999999999999999,3.286666666666666,6.338571428571429,2.078571428571429,7.558170917559859,-1,-0.4929125447805437,True,SirKT#7447
fx3Vfg9zE9wUbTYxn7fNCQTsf1GAuCwHNV0XvDFeYfj1MSwwpfloZYYToWhCZc4frdpT99fo6QzaGQ,Master,-0.2288384141038712,-0.0448487913550907,0.1807449129825865,0.1883975803334289,1586.4,0.1414405425389353,0.5727882354932516,395.2925680528959,661.2255918417095,2.27689298138198,0.32,0.54,0.54,0.1,0,2,2,6,0.2,0.4,0.2,3.7422510822510815,3.330606060606061,0.8819552669552673,2.813197886153349,-1,-0.4953540591308301,True,Quevedo#cpev
g7mfs0i-efIa0DOl0-Iw61qUy9yJQa4uVjs1D3Xqa6ly6UrVrQGCXQVazepfh4no2SiWZiLh_m8nzQ,Bronze,0.3378441456833794,0.7111930692734212,0.3293911294508944,0.2333421666886978,1522.56,3.528884070517439,0.5083944422646544,445.9249726458152,1022.1178488387168,0.3688726739105126,0.48,0.48,0.52,0.2,3,0,4,3,0.8,0.8,0.3,8.08,7.995,3.323333333333334,5.008415418073864,-1,-0.5122860673573438,True,FCBisbeschte#EUW
gONnlX8aRHP_CkA9QLd8gQK8KheyYr7e-rVOMFEwoNVsGzfnof_4NI5z6hXxhCPVltaTyiq9ygOUYw,Iron,0.0054659716025069,0.6155571313555391,0.0904044680014877,0.1520403984703728,1760.5,0.7062740891847152,0.4691455992155627,274.8997994351288,259.3362553665939,1.915958136676664,0.4230769230769231,0.3076923076923077,0.5,0.0769230769230769,0,3,2,3,0.4,0.3,-0.2,6.385,6.1025,2.7025,6.802569010226129,-1,-0.5389698794553469,True,LOL architect   #EUW
g_uAZJFeFvYcfuNGUYhqu00_qdKjOAVhX7kWBxTDJG66RP14zw2WyKJlp7YDBLOzJEPcV4YXJD3M8A,Gold,-0.1920002199535246,0.1685379926963049,0.1304532752545042,0.1528998953722001,1833.9,1.3862272125949622,0.5412785925199146,307.11535881860254,467.58494140453314,2.256063168132623,0.48,0.38,0.48,0.26,0,2,3,2,0.4,0.5,0.0,2.5166666666666666,5.977777777777777,2.1841269841269835,8.842254405012499,-1,-0.4964544825130029,True,Kuest#GOD
geeP6eS5sVITB6FwzvEiTYiU6VWlqPfxNUUl_KTVEZMDcdLtcLLUtU_gZeBH2OEIdA8hV5oj-lKOKw,Master,0.0919071264252132,-0.2275522161040212,0.1042263945512126,0.1459505350797938,1478.8,0.3825426691934175,0.4675767787160704,318.6253681815804,363.4308660016808,3.0649484661592714,0.64,0.6,0.42,0.4,2,0,2,3,0.6,0.5,0.0,3.345,4.0825,1.220992063492063,4.520764515605249,-1,-0.534662685720138,True,WEEEEEZZZY#cry
geoy1q2H1XHSUDFUtqw96Pa0SOeoDSeCNycByv847bbY3CewPQgFZQ7NvhFeqfaIXVWDtEir1W7mSg,Master,-0.2689316066700067,-0.1119363040887873,0.089766871999679,0.1470146041003942,1600.56,2.5366396833590006,0.5582842966913456,299.5884284506328,287.98536847101053,2.87703590179697,0.34,0.3,0.32,0.1,0,2,1,8,0.2,0.4,0.3,1.6111111111111112,2.98936507936508,0.7534126984126992,1.9332681785877857,-1,-0.5554736860119399,True,nickname ptaku#xpp
gkcTIlxTeYolYx-NwBbugoKtDRmAjEZrCjuOYSoBZjLkprax0AiXoL-pkLhw50eIRzEXXaS6DVV70g,Master,0.21218670412362,0.132006773274197,0.102998288428615,0.1482626703299978,1520.36,3.5551704254993624,0.6007943079857532,323.66082617079684,372.4327547522069,3.060791384812368,0.44,0.6,0.54,0.18,3,0,3,1,0.8,0.8,0.2,4.6866666666666665,5.315555555555556,1.232222222222222,3.295714388919849,-1,-0.5068758131520943,True,justcant#EUW
gxg7W0_nVi9lxv2zqAe-vE2PY-KKLWoVUCPFyzK1TbqugwmIPzdxmVIdreUnG1cT_aq5R--KBK76BQ,Master,0.0518139338590778,0.5106957862875418,0.1791431461885115,0.2072294717122192,1673.54,2.508436570908619,0.5887217861262176,450.6778107817625,668.1519784271052,1.0653323060697852,0.44,0.44,0.54,0.16,4,0,5,2,0.8,0.9,0.5,7.5,8.933333333333334,4.206111111111111,5.915234568468101,-1,-0.5035415890067834,True,Leo Bonhart#EUW3
h9I0Ix-f3e-6Dmk9o16uV5UF9-PrdIf3KxOu1PrjhG1lbukMzR6r_m8m-DSfk9by7SZHEBcAnNi8sA,Emerald,0.0008517315285228,0.603593670798756,0.0705412254895509,0.1407008239173984,1723.66,1.294165070819297,0.5466376108805776,288.7438807238972,245.24420364981404,3.015085610630445,0.36,0.54,0.52,0.08,1,0,3,4,0.4,0.4,-0.1999999999999999,4.666666666666667,3.1869047619047617,-5.26809523809524,3.418280065389929,-1,-0.5171286592325902,True,Sky Of Lightning#EUW
hFw9WKHU-5qADz57KGOaft6A-oyxw4pTHrtU2DI3lOQ7MoV2JeRCALZnGVZJHPfX7di0I2Q3Xc1nvg,Master,-0.1486520289716,0.6885098168470567,0.1078727928722594,0.1490986874304334,1636.04,1.4371547773130695,0.5886729978039488,316.7077671296051,385.26727093102267,2.746500131418742,0.46,0.52,0.46,0.2,0,2,3,4,0.4,0.4,-0.0999999999999999,5.59047619047619,7.015238095238095,-1.3672619047619057,7.574838944427373,-1,-0.5186603288412889,True,AngeIl#EUW
hKzVRt-YIHCOaAcTwL0mzafJAQXLinCtpKJIWGeouL1mPj_W0-H7RBGHjQpGtPvhZzV6gugYr4kSpg,Master,0.0919071264252132,0.4108899037123704,0.1058926350260006,0.1440018633404218,1664.82,3.284974925418593,0.6091688857873315,311.5458053570837,387.88735822147953,3.511720677616012,0.56,0.56,0.56,0.32,1,0,3,2,0.6,0.5,-0.1999999999999999,6.933333333333335,4.823232323232324,0.6388095238095239,3.147187685461037,-1,-0.5122048375447239,True,piip ja tuut#EST
hUJt9yR6Kyqk9Qf9nK6glOXb9Y0ZkQvjYQgw4qoiSJ0mVt4KZFyT-lacJpCOFIDzgqgJQCaeT2gOTw,Master,0.0518139338590778,0.0763061607537062,0.2341133013928317,0.2105690856225125,1643.32,3.1677269422951566,0.4666428394928182,462.15187852382985,843.4195866017818,1.049072224348137,0.54,0.58,0.58,0.16,0,1,8,2,0.8,0.8,0.2,9.206666666666669,8.47,5.411031746031746,7.512677433659868,-1,-0.4979798387876129,True,1453#2905
hVdxDOeuMwMu_CilyLblZ4G-8OlBiqsVuFnLJMCxzirtaUz7691O9i_SC72QIZeg8kfkzuyGbxdRRw,Gold,0.168915976643176,0.546637205631837,0.0808086032059092,0.1436546304739772,1836.54,3.748438191086861,0.5067774826035157,287.5643608805985,301.82976700918795,1.9470680778539864,0.6,0.42,0.4,0.14,1,0,5,3,0.4,0.5,-0.3,7.133333333333335,5.448809523809524,-0.0928571428571425,5.503008994468143,-1,-0.4918320234662528,True,1D20#Miki
hkQwKKhk1opq-rty8_Rq_2Yo6J4IQqvs1VoxqfUFdM7EPW9XtTKgPR6vkNmWYfcpgOrF_nv3O1o3Qg,Platinum,0.2215854176431597,0.2262606861933857,0.3152619601065633,0.2507229377325106,1627.72,1.4537949574562214,0.4599985189424695,410.5964899402342,717.7970565593429,1.0903906533403118,0.4940381318842756,0.4956261701084848,0.4949441960904057,0.1679790705374592,3,0,9,1,0.8,0.8,-0.0999999999999999,8.01,8.33,3.027619047619048,5.621174254548599,-1,-0.4935293171633043,True,nikiosis#EUW
hxi1_SSmQd_ThFA3bjqMDU0x6lq1_-IDIRI8wOwAZyvD5iQDITv0PXMhx19wAA2jsXP-QVPHs1oG9w,Emerald,-0.1596471575996725,-0.1916414323432677,0.0845515996421383,0.1404698458232594,1650.3,1.4913146886396222,0.5539964827181919,289.86274721141893,275.6213699007953,1.9566245544189471,0.58,0.46,0.46,0.1,6,0,6,3,1.0,0.7,0.1999999999999999,3.5333333333333328,2.388636363636364,-0.3473160173160168,1.7681696462929188,-1,-0.5084983924214648,True,namivazquez#wave
iELYvG0U8cXnxaOc3i7beltG0qkUIp4QCNhAywE1qnVi0iBkMcCgiRfdAqqKTnVaFuiiD1OLfoMM8Q,Platinum,0.0205919939503749,0.0687392299745471,0.1367348594362837,0.1615114489842734,1683.22,3.1300993795734824,0.4599985189424695,410.5964899402342,717.7970565593429,1.0903906533403118,0.4940381318842756,0.4956261701084848,0.4949441960904057,0.1679790705374592,7,0,7,2,1.0,0.8,0.3,8.4,7.2475,4.549166666666666,7.217863690178695,-1,-0.4968686862492298,True,Shokuyoku#EUW
iP8aVuAjaLtLniOpXORglSvsGQBZtYCAPDFHKgOvEoEYALC4UuwO38f9o9V9xqi703QZAkVTyeFtzQ,Master,0.0919071264252132,0.4418003073724925,0.0779033123282836,0.1364163917169547,1702.68,2.1744992506725462,0.6078344880486448,293.0520632303015,290.06787795760584,3.167623959664532,0.48,0.42,0.54,0.14,0,1,4,2,0.8,0.7,0.1999999999999999,6.197619047619048,6.1971428571428575,-0.4104761904761904,4.267790269782252,-1,-0.5103234235739942,True,Honda CBR 500 R#WROOM
iRbV_-cApwPjbebzl0zOX5quemTIWluTBlOVmSPCrGyWka8g-NHl8iPvBE_39aLncEOsNoQjc8GyVg,Master,0.0518139338590778,0.4707655769141782,0.2031911842703226,0.2083434478262417,1692.26,0.4021791901993874,0.5301850534100019,454.1395910709346,801.6409267424565,1.0394914889159204,0.42,0.5,0.64,0.06,5,0,5,2,1.0,0.9,0.5,9.66,7.611944444444444,1.491706349206349,4.967585368984428,-1,-0.5179650870570837,True,Urwald Differenz#EUW
iX41OKcENbRcOLv5d62TQFXIRBsLXouKTo6yZZz3x-Z_2uvCyuI5Z53IG9qJY_w1uDAyJTMbPczDLw,Silver,-0.1480651420561345,0.0185920405837407,0.2199272899980195,0.2072943692418279,1833.52,1.6415101887232757,0.4599985189424695,410.5964899402342,717.7970565593429,1.0903906533403118,0.4940381318842756,0.4956261701084848,0.4949441960904057,0.1679790705374592,0,1,10,7,0.8,0.9,0.6000000000000001,8.52,7.418874458874458,5.38819264069264,8.030794617921456,-1,-0.5210058692027517,True,PUNISHERIOOOOOO#EUW
ivkZ21nqQBUeUwZPlEkUBAy-mlKikjfpPixtFUEdmICvU7gJDelA_y33Ejdha2uvFS2qJkwwcXsKhA,Gold,0.1288141770213204,0.4703932328004125,0.1864127288709702,0.1896940581181217,1952.3333333333333,1.9301249653077568,0.5288124361645365,395.4919000666604,732.5405921355923,1.3565884575336085,0.6,0.1333333333333333,0.6666666666666666,0.3333333333333333,0,1,4,2,0.8,0.6,0.0,9.58,6.692164502164502,3.58025974025974,4.968474484429111,-1,-0.5243751148173121,True,Ramtin de ragger#2070
jDK9MTxsM201p0jli8ddLg2Nw3vut7elLQWT9NAHNZ9cMXrpdAQOwgUsH2FU5_VKWZ42Q6AD70Yaxg,Iron,0.4989291931773007,0.0596005653303522,0.1865929241753231,0.2002892844544474,2250.833333333333,1.459147917022917,0.3655972033770541,388.1636176555796,733.8328736900472,1.0179465334002389,0.1666666666666666,0.6666666666666666,0.3333333333333333,0.0,2,0,2,2,0.6,0.6666666666666666,0.0,2.665714285714286,2.697619047619048,0.0,0.6746055088661762,-1,-0.4994196475537906,True,dbebcuebve#NTMD
jTUky_JtQNBo3JIeBu33pOGlJZ-7RDo8sqMXeBZ30tagyMCzWUvNa4zIcKN5sR68AdgE3R9XdkXiBg,Master,-0.2689316066700067,-0.0851329072590714,0.0950949519958939,0.1399308728495199,1634.08,3.282977616013511,0.5943158051717411,291.341807057571,294.93587438242594,2.368579591968232,0.44,0.32,0.46,0.24,0,1,3,5,0.4,0.5,0.3,3.47,5.105,2.6592857142857147,5.264145229759529,-1,-0.4982291322108744,True,Tacket#Supp
jk_6VBycju9yRbciqlu9Dkhb93mjHTBLRtKXFmFmzTs8qGeQTSedYfvLp_zIYFliMBq54uwHQYf6Uw,Iron,-0.0412831757045787,0.3522880435962579,0.0743595070357946,0.1439797615096121,1980.15,2.2149798205063824,0.4759628160495229,262.4403535857827,260.08509706477287,1.896348887429038,0.65,0.6,0.4,0.1,2,0,2,3,0.6,0.5,0.2,5.665555555555556,4.4534126984126985,1.6726984126984124,2.590348679216637,-1,-0.4933195840361467,True,Martijn1221#Marty
jvDkKZ-5ItGQZyYp5WaA6IUyx7WlaOOTcbxmuw2oiRprtiVEec7gN66v3YLx4wzTqsJon1PEEmKWXA,Diamond,-0.0286162635344726,0.171793261663669,0.0766559895700376,0.1459697509135477,1668.66,3.2409803066113136,0.5438560859282981,303.42438584658163,270.6512925515904,3.3106883542705026,0.38,0.32,0.44,0.16,1,0,4,3,0.8,0.6,0.1999999999999999,7.925,5.602884615384616,2.118750416250416,3.82735320833614,-1,-0.5015289803827028,True,tov abale#motek
jvXQrL0jB4usSUe5_Ts7St4RbYyYFzkmZrKyDXGrh_KBVsmeXGKgKs_96MMBFJyOIUspG7oWUVQAiQ,Platinum,0.5029762108130585,0.7190579060958174,0.0928229516008828,0.1438569625661997,1878.2,-1.4428232973175177e-12,0.4599985189424695,410.5964899402342,717.7970565593429,1.0903906533403118,0.4940381318842756,0.4956261701084848,0.4949441960904057,0.1679790705374592,2,0,2,1,0.8,0.8,0.0,6.660000000000001,6.660000000000001,0.0,3.582513084414347,-1,-0.4917071077772538,True,PLS BUY ANTIHEAL#EUW
k-D4htX_RznvoyBE_VfGR5udbuZvHjwDzt4xFRtJkyPYTM2UkALRSvQTg5y1A32QzPMEVtsELINn3Q,Iron,-0.3248946693675655,-0.3991415523145291,0.1154668127636917,0.1626385560118459,1888.86,1.9981825739085723,0.3044968143162269,301.60893910405144,405.6568950785063,0.5534217848007874,0.48,0.42,0.46,0.16,0,3,3,6,0.2,0.2,-0.3,1.192121212121212,1.1713852813852814,-0.5698647186147183,0.8780308022022985,-1,-0.5197247715270912,True,b4nkrptt#EUW
k1O20Z-c-kJjvoWVdqAKPSNryd9k9n-Ucp1-JiWX3lCzK-KKSFPbUFRg9zqpgpMxAtLu9qHkUN-qow,Silver,0.5585419473442715,0.0960967415564118,0.2288053495307994,0.2052439870381791,1709.875,3.7499999999798015,0.4599985189424695,410.5964899402342,717.7970565593429,1.0903906533403118,0.4940381318842756,0.4956261701084848,0.4949441960904057,0.1679790705374592,10,0,10,2,1.0,1.0,0.5,2.773333333333333,2.809285714285714,-2.8064804639804635,1.3523694038742329,-1,-0.5062423004979894,True,BossFaJa#EUW
k9K1V2FBibk4LYVX1CyeK3s6HM2rmxpViOM8wDdZKvIFi7ZJb27iAEY6hULfowWfgzzy_7OPljlvMA,Master,0.0117207412929422,0.7412841137783857,0.2079518127842377,0.2240485297314939,1627.5,2.668716745572455,0.6119355064919403,479.7775509858643,775.0854878019004,0.823820954583278,0.6,0.54,0.56,0.22,0,3,8,3,0.2,0.5,-0.1999999999999999,5.945454545454545,9.431060606060608,3.436060606060608,9.293888293869063,-1,-0.5539005135698888,True,Rising#2005
kYBsJllkiC1bXJViM6Sa8J5yd4QZnypMm-wVR9WIYLKlu1MMlhgB3v7XqHW8mLSkiy-k75zaf5ujkA,Master,0.0117207412929422,0.3491219888787837,0.0728950665422223,0.1447420076999091,1642.08,0.4225426691919749,0.6130595275346642,304.4408100022319,250.9922431488524,2.452772179359548,0.48,0.5,0.54,0.24,0,5,3,5,0.0,0.3,-0.1,2.4789682539682536,4.463769841269841,1.9410317460317463,4.501707236303047,-1,-0.5476330892701651,True,Ulaubishe#EUW
khgPhvmRO4NDu-U9uNkUS4y0jkYUS0p_QegrtK9hwzs09leLWVwZ-21GL4NCT1WHO6SDs4HXMn55MA,Emerald,0.1212258983746691,0.5384654245078586,0.0582955178479952,0.1360287516252444,1733.24,1.08484477929077,0.5861550151062975,286.1415788362732,204.1799704781114,2.239631136079038,0.58,0.34,0.4,0.1,3,0,6,2,0.8,0.7,0.0,7.75,7.55,0.6166666666666654,6.999821426293673,-1,-0.5604980717421785,True,Nosomi#EUW
l2jmvrKpOdqvIoNfPgiHMWnOAZ_V8RPS0QD2hVy6SCPSBp_DAf7rmlhjB0_uV4q1dro4wIGG7spcug,Iron,0.0802646072938441,1.333866093818998,0.1061179357857517,0.1513582145871274,1784.1,0.3825426691934175,0.5559811821957564,280.9862327273902,340.7639517886884,1.3903218526188952,0.44,0.4,0.52,0.1,0,2,5,5,0.4,0.3,-0.3,8.44,6.705,-0.6057142857142859,5.334198106973948,-1,-0.5422381521960765,True,L4mmA#EUW
l5_X8ogkAKiyE3WOv0jqKRueAYvVKbh5ABuazBCqPQoYPZMKdNRRLzDiSVmfug0scOzyelwGXbBLVQ,Master,0.1720935115574844,0.3193161383151185,0.2177847530521298,0.2432416899448671,1593.8,3.556300260851298,0.5246007898311753,542.156249770572,810.7614641637,0.8655393664339089,0.48,0.56,0.58,0.12,6,0,6,3,1.0,0.8,0.3,5.625555555555556,6.4302777777777775,3.267619047619047,6.317214191310034,-1,-0.5008072822399613,True,Stanley#LFT
lA0wM7trtSYEVDMu0dwkyZPpWEnLWMofFKkz0nbvmUrYGGODdwHvlzT7vbqNaPaGd9V9Fp4wSgs6LA,Iron,-0.0919280852872549,1.5358079364861326,0.3159908864492152,0.2514583711904477,1522.75,1.7499999999942293,0.5710774635003926,476.9702674784249,1163.711057948138,0.7163860740395694,0.5,0.25,0.75,0.125,0,2,1,2,0.4,0.375,0.0,9.002597402597402,7.33495670995671,0.0,5.503018033829315,-1,-0.586465253943623,True,Trywkimorm#5947
lHpJAaSqDCC5ZGnSi6pPVDVJH8MFBzpKEL3CQKfo7U5XATo485o3qlXVnmqwcKJE_318v9ASN3an9w,Gold,0.0887123773994647,0.4948459113432669,0.2003747892353049,0.1999270431318943,1765.86,3.6380046144980014,0.5235300420719383,396.5271493165472,732.6462433521217,1.0421673439796355,0.38,0.5,0.56,0.2,2,0,2,2,0.8,0.6,0.0999999999999999,8.343076923076923,10.119157509157509,7.019395604395604,8.39733892362748,-1,-0.4954682678338983,True,VanRavn#6407
lQx3ol8KFnC3OFJ1-za7t9K69uuA_vjSVp65k7cAvuTtB5nvgghSrs6csZ1fbF0j71BJH99aAQEJYQ,Gold,0.5298321732398769,-0.2740604761578648,0.11770338239518,0.1612342221787419,2215.0,2.321928094880149,0.4969410004346096,351.8188279074332,486.2947217950834,2.0914976227793183,0.8,0.4,0.8,0.0,4,0,4,1,0.8,0.8,0.0,2.593333333333333,2.593333333333333,0.0,1.1251469039887882,-1,-0.5435940311291808,True,GokuCrlh#EUW
lZ-rNOLR1LjligN6OER4Qq5KzpWdejPRz4a4rqflUGbHOmzqjCUoWryR-n2BRxfYQqiX1hWyZHB2Yw,Silver,0.2127554993398174,0.1291534296289463,0.1723568339049053,0.1855780070040107,1879.78,3.037946117584496,0.4599985189424695,410.5964899402342,717.7970565593429,1.0903906533403118,0.4940381318842756,0.4956261701084848,0.4949441960904057,0.1679790705374592,12,0,12,1,1.0,1.0,0.3,4.846666666666667,4.9775,1.9155494505494504,2.509559639325859,-1,-0.5124151483198417,True,Uhzeoc#EUW
lmlqALK3r9DKh4Z5daTShVmzfxng2XENnjbH-swCThqKOdkZPkV2C_xy0c5xP0yJh6JfZ2tyrPA9Fg,Iron,-0.2033468863691426,-0.2985759736029233,0.1236025304167025,0.1558704984849065,1893.34,2.23482288402337,0.3177530695546731,280.8891947263803,404.0719070705706,0.7193726144598307,0.46,0.4,0.3,0.1,0,4,2,4,0.2,0.2,-0.0999999999999999,1.4595238095238094,1.6542207792207797,-0.0792388167388167,1.1063073148496765,-1,-0.5278163101748231,True,Indiana94#EUW
lnrVtfWgueEonRSksqUL6Ts8F2Y_hAri2v_18Y1VD8WkjLBbpYw2ri3v-_DaFita4lgHomN3weC7Zw,Master,-0.2689316066700067,-0.5486594014118259,0.2398334328985124,0.2174419063208529,1601.08,0.4225426691919749,0.3506212395940617,464.6045049882725,845.9115771341742,0.9060416261413192,0.4,0.62,0.5,0.1,0,1,2,7,0.2,0.2,-0.0999999999999999,0.9142857142857144,1.224642857142857,-0.2463095238095241,0.793541549028955,-1,-0.5062388604632263,True,Žygis#EUW2
lp9L5gCPmhUStG0ZS6sJjjJtG-lbg2OVcO1tkHMzItKIEcl1aDQGwS7i2U1v-B5x99TF4zGPYaZecw,Gold,0.0085087781557535,0.3634913855502672,0.3403408224669212,0.2584739997929761,1850.76,3.5076013114846485,0.5701061874315057,538.4583358247365,1374.1847727160584,0.5213095636961322,0.62,0.5,0.58,0.32,0,2,6,3,0.4,0.4,-0.2999999999999999,2.2383333333333333,3.604880952380952,-1.19746336996337,2.2298882232289667,-1,-0.5173128596930318,True,Lil Ruler#KRR
lqHm8krSh1wgBMVGTQN2XxRunFgPUMPMqr2MxkqO6coc8UJ07QNljrlSFGtOnuU5ff8wq4lvk06Oqw,Bronze,-0.1422626499444616,0.1179362698661109,0.1052100821339477,0.152866477057598,1795.56,3.528563821893042,0.5035076860845178,282.38018870187403,354.41775052893945,2.049955088862325,0.56,0.32,0.58,0.24,3,0,4,9,0.8,0.4,-0.0999999999999999,8.266666666666666,5.047142857142857,1.985119047619048,7.28856478629304,-1,-0.5165752752820079,True,Baschirotto#Lecce
lrkq_Z-fT6pvLMQclBPR6GN2QpPD0t_iGl6EjQKJRlT1NWQXWvIkDFyMB6gQWMGr4SjaYZU7kOw0Ww,Iron,-0.0412831757045787,-0.1338554420015208,0.118868997166678,0.1445080161904102,1606.2,-1.4428232973175177e-12,0.2017167500691527,259.5183146969832,378.7827542456437,0.3636280339055727,0.6,0.4,0.6,0.0,1,0,1,2,0.4,0.4,0.0,2.0898989898989897,2.0898989898989897,0.0,3.2245904979076028,-1,-0.5049774935651525,True,LeagueOfMyFam#42069
m5T8odQ7PKaSO2N7MS9xmRXtUXj58YEF0zZdWG5FrkyIFv2vJ-j-xXNGUcszM82sqtSzFSr5U1BTAA,Gold,0.4496285739961655,0.0803102373738521,0.3358649113125265,0.2415477939951708,1811.58,5.02875843967952,0.5123941545448043,488.19876734196095,1279.0098043867015,0.6540138431043571,0.44,0.68,0.5,0.14,0,1,13,1,0.8,0.9,0.0,1.5654761904761905,3.5585714285714283,-2.472380952380953,2.550823185346741,-1,-0.5434718436535197,True,ddeityy#7388
m7uZr4oF_Obh9FAbeOo25X7x_Q3rgSlsyd-wphZuja39PH4j1AHgNThZHlrY7rm5u0N0hcADijYhXQ,Platinum,0.5029762108130585,1.1001361729597965,0.2343897238402044,0.2387198824123398,1583.54,0.3825426691934175,0.4599985189424695,410.5964899402342,717.7970565593429,1.0903906533403118,0.4940381318842756,0.4956261701084848,0.4949441960904057,0.1679790705374592,2,0,9,1,0.6,0.8,0.0,7.784999999999999,9.975833333333332,1.980833333333332,9.484166959552464,-1,-0.5420644261643195,True,KHAZIX ON ACID#DEVO
mId8MLeTy14NM8ch9YV8PYY8Tq97mx90VDPBxVOCBW6n-2Rxt3gK6pywSrmM79rKEcLhi-Uydij8hQ,Diamond,-0.0286162635344726,0.130974579145555,0.0714475439248712,0.1404772853126518,1669.28,1.3622356896351304,0.5853014859279971,295.46278543012085,231.9731028562365,2.6493125871814005,0.54,0.58,0.5,0.28,4,0,4,2,0.8,0.7,0.1999999999999999,5.961904761904762,4.889285714285714,1.42420634920635,3.0072995566758505,-1,-0.5144113218889128,True,PalaZune#EUW
mJA4QBcbkvQn1fZS7oSlHIxiQuGEFIFGab4EiRSMK5HNQXNpO1Ws8RiEmimlz6wYkCI3owDygZ5yfw,Gold,-0.1306680558259807,-0.2515619933168879,0.1522105984878943,0.1743926153288669,1778.3529411764705,-1.4428232973175177e-12,0.3215739121580102,346.6521539999121,541.2317245992741,0.7017969527720566,0.7647058823529411,0.5294117647058824,0.6470588235294118,0.0588235294117647,2,0,2,5,0.8,0.7,0.5571428571428572,2.351666666666667,3.106626984126984,1.033327664399093,2.6818957034972266,-1,-0.4946565748655632,True,Grief tyrant#EUW
mN9U3hSbm9PHNAkXSN9CgmFgBT4CxvPqfsCuEnB-3itaZXwV8BQOJbWxlqsHQ2wcAUk9AgeQYVh2zA,Iron,-0.1763362679250487,-0.0998680028884132,0.1103011952469988,0.1629757895366533,1668.1333333333334,-1.4428232973175177e-12,0.3295325208936824,277.8175468496412,249.21006475784523,0.760852933470301,0.1333333333333333,0.2666666666666666,0.0666666666666666,0.1333333333333333,1,0,1,3,0.6,0.4,0.2,1.64,1.855,-1.025,1.8083763435745337,-1,-0.5257370815113438,True,laprenticouillle#EUW
mwvv9_aI0r0DKbTiicIMkOg1HkevBB0XbV4TqDJoJKS2qRiDOgJdYmfBWNy_a5OQbHf9xCJVsZpf6Q,Diamond,0.1718512581449812,0.1338575920812782,0.1080055284950955,0.1554230745051404,1690.74,0.9143095546333526,0.4954336009021652,339.2958344203627,375.2146768419223,3.1131376034699385,0.54,0.54,0.58,0.36,8,0,8,3,1.0,0.8,0.3,5.402777777777778,4.783531746031746,-0.6232142857142868,4.41252055586098,-1,-0.5340033782326864,True,Pykïe#EUW
mxbwPqD4wy2DR-WdfDh4dtQw4CPxQYJoD_QEzZLb-obi-inhzQ9QPeDuqhaQbc4pre-8KY3e_LK4Ng,Master,0.0117207412929422,0.5075324020936879,0.1381267574407861,0.1940608214272212,1607.84,0.3825426691934175,0.5606825346627196,409.1517217261761,494.57843194122535,0.8980508409541456,0.6,0.46,0.48,0.22,0,7,2,7,0.0,0.2,-0.3,0.913888888888889,3.495039682539683,-2.0101984126984123,4.505944714405002,-1,-0.5392039688260578,True,FISTA#R2R
nSIVjO4SKkzM-zjkRbeAP9TVCBqSxQHtNRe_NHt6UXBueVe7ACv-PpuTJsjCK2AXpgqFGJLHQUBEBA,Iron,-0.1223150310368607,-0.0148679395078707,0.1690347286913494,0.2122471255448274,1555.08,3.386644112990248,0.3896375021877821,374.3859936837287,535.4818760421889,0.3989172959408115,0.38,0.38,0.32,0.06,0,2,3,8,0.4,0.2,-0.3999999999999999,1.6452380952380952,1.3726190476190476,-2.958264790764791,0.7090692455686806,-1,-0.4950361649926984,True,Aim In Heaven#1999
nXESA3BwltkxDL-o5PZ0KDjMgiEPIClyLZo3m8HcLv4NDMZP8QF2VaWPgm3QlIjNu2vW3Yq6r6SiVw,Master,-0.1486520289716,-0.2311686575355686,0.2783748689517727,0.2105854859661451,1643.64,1.05066354597924,0.5047619314136922,450.83944198260514,1062.5495204264862,0.7671263330961424,0.54,0.48,0.56,0.2,0,6,2,6,0.0,0.1,-0.4,1.130952380952381,1.5754761904761905,-0.5045238095238096,1.2983955955135476,-1,-0.5201801859103873,True,TwitchTV Nyro#euw2
ney3E9eWVaFO8G2_Lq72yuErs8gO-2HwkCdNLiISz4Wr1ZfrQPvje64UK3kDyXHlXVOoDwZSXZ2PIw,Iron,0.0165967209613368,1.507988443564284,0.3298764333859151,0.2394794523447786,1679.571428571429,-1.4428232973175177e-12,0.4375564152544045,464.40603801520086,1251.6222776384482,0.7686130660167406,0.7142857142857143,0.7142857142857143,0.4285714285714285,0.5714285714285714,0,1,2,2,0.6,0.4285714285714285,0.0,9.459090909090907,7.247564935064935,0.0,10.188704268362908,-1,-0.6130139309120912,True,20Lucky01#EUW
ngte9K4HgP1a0UJHse8JVbSfBD3zi51HJAHJ-8yqX1Ctndi6Ayw1fAeHbeo7HcIQ2it5FVCPA5PXCA,Emerald,-0.3201460467278678,-0.2280019868138214,0.2040515310075582,0.2084608177799079,1625.26,3.145486984773734,0.4728067736578912,432.9829110557337,744.8191795429582,0.8625847364960574,0.42,0.46,0.48,0.12,0,6,1,6,0.0,0.1,-0.1999999999999999,0.7910256410256411,0.9943223443223445,-0.5646549284049285,0.4551489886985899,-1,-0.5067484777982567,True,Yme#KR12
nnPvULNK43s9Aqtk-5yvjpybmPPN1UZO4T9kUNRqhNdK2nMxpJZi8ElpkdRPvPoqyuau1Orh5Wi1Cw,Master,0.4429271184838286,0.078299996183895,0.2523221047913194,0.2009490058874713,1483.142857142857,4.432747661202317,0.4360273856899144,446.2223355564036,833.372816362529,1.400354993969471,0.5102040816326531,0.6938775510204082,0.5510204081632653,0.2244897959183673,8,0,8,1,1.0,0.9,0.0,4.195238095238095,3.622619047619048,-1.930790043290043,3.092938935463066,-1,-0.5129350823040243,True,BOMBADAGLASPOLAN#BOMBA
o5yBY-_Xn-SfMSbfRK50MISA-gH3pFtHFrpGyvp3Z2LXf5TA6OysQlz_4AHNQyxMrjS3SU288sclXQ,Iron,0.161296462626126,0.9987395628132504,0.1592351119341089,0.1634487972746564,1877.9166666666667,2.2295739585064087,0.4821495412585838,297.28129269388774,522.6799012868022,2.8819398176419835,0.6666666666666666,0.4166666666666667,0.6666666666666666,0.1666666666666666,0,1,2,2,0.4,0.4,-0.6,3.173809523809524,5.394047619047618,-1.522619047619048,7.222230518484682,-1,-0.5487536347385963,True,Uplift#Shuck
oEXLC-Dc-GTBQkqEOgq89NuHC26M7-SIjxJXZ4n1LDfPvQthIrEJBGcQmkYsucTsqH0EhIlfJxOlUA,Diamond,0.051570745137309,0.3263244500232259,0.1005362826811824,0.1551012284553995,1538.62,2.989791701671218,0.555142113893933,323.16979778408086,328.0656458645901,1.7858966558335403,0.56,0.6,0.44,0.24,2,0,10,3,0.8,0.9,0.3,5.478571428571429,5.418730158730159,0.0026587301587301,4.028524118826113,-1,-0.5117315400331707,True,Selkie#Ewe
oHPltM7x12MHpp0nSeOK_Cktj2WqfoShP-vAnDSwGL7h19rP5vAPfCGLZZLcA4DXfbqiOjRierReUQ,Bronze,0.1778085471407656,0.0736137285739445,0.3228994807013452,0.2537028789441225,1688.98,3.416057612729189,0.482429645154969,547.2277208552603,1196.6205672777846,0.6243507909790188,0.6,0.6,0.48,0.24,2,0,8,1,0.8,0.8,-0.0999999999999999,6.316666666666666,5.314404761904762,0.7144047619047624,2.8755348733449795,-1,-0.4981659223094203,True,Cpt Santiano#1234
oyBSbQF7Xxq7HY1M7gNNjxicp9W5IkozFD3-d5lZp9nmaoOi2ZhvOB4AuuDCkspsyjcEOEAbdxBl4w,Master,-0.0283724512731933,-0.0362195895654892,0.101413752603106,0.1443865488465156,1633.34,3.006769743805084,0.613431556007876,308.098190862454,347.7210603339956,3.125445801977993,0.34,0.4,0.46,0.16,0,3,4,3,0.2,0.5,0.0999999999999999,3.7616666666666654,3.7061630036630033,0.8098137973137973,2.2733493232202537,-1,-0.4912402678801267,True,abagnale1#EUW
pA2DSXqylTBRD4fZPG-y-Oa50vnj1tVdRf_mVWdEKpyonDSigXyEj1AQytBhvDX7ZfOokxBvckunjg,Bronze,0.1778085471407656,1.0280684107923506,0.1121867710801191,0.1611818572103149,1832.28,1.2224015904608792,0.5431004622774921,307.70984551583655,395.0504283444593,1.211920907275559,0.66,0.58,0.38,0.18,4,0,4,4,0.8,0.5,-0.0999999999999999,4.8,4.340746753246753,-2.837092074592076,3.620626491036444,-1,-0.5065392925160254,True,CEClLlA#EUW
pG_IEwrfXuRL1mdGFABNegbYJ3BHJvxfQBazXk4HyRZ_cEIdZ2EJ6EO49moBHev-6VE9xbtNm808aw,Iron,-0.0412831757045787,0.6678966021087531,0.0660710773546011,0.1468136278355098,1788.45,1.1320689971011266,0.3544955906256685,252.77928702967463,191.63149777085573,0.7088693300580556,0.55,0.375,0.5,0.075,1,0,4,4,0.4,0.5,0.0999999999999999,5.769047619047619,6.604523809523809,2.1295238095238096,9.38095808858903,-1,-0.5382808456269792,True,UniiC8#EUW
pH7knhARauEw_eiMgotUP4NpSBYJRJ1OOpmPVMUwjQ_6vHsF3qn7k6HmepGPGTtE5YpCbfBd4Eeqlw,Master,-0.2689316066700067,-0.4308122640455149,0.2515327719157089,0.2040127612528044,1681.72,1.0331150199250665,0.4397105462322034,426.60987229051057,911.1656439331956,0.734915283346846,0.42,0.5,0.32,0.06,0,3,3,8,0.2,0.1,-0.1999999999999999,1.443939393939394,1.2386363636363638,-1.388991841491841,0.8775167138600637,-1,-0.4946314475477568,True,OzkuPr0#EUW
pNxZaIpN8OOwhJ7VPP07TJk7OJj3nfvZY5QHZaE9zb0Nx92OkF1pEzGPO2MK7qGdcStzoCMxp8-ROw,Gold,-0.1117966207098134,0.1277469004621978,0.0833415005415541,0.1394911886124475,1783.1,2.0481020701813826,0.5184082489328872,263.7944769275235,271.1480308652084,2.1506171684116144,0.36,0.4,0.4,0.12,1,0,4,5,0.8,0.6,0.3,7.626666666666667,6.900119047619048,3.4822619047619043,6.9072408614458505,-1,-0.5122093666616906,True,Naayne#SLYT
p_yt3oUAmhjBrCSwo4jWRVtMKaIJEhiwHxRTvauWXADM8OHtQvwYdkkhig6mt3yGxOM59sPIOIdAeg,Iron,0.0487522191090677,0.0312483519271426,0.2489643951069519,0.1721149915537733,1425.6666666666667,-1.4428232973175177e-12,0.4027075052606967,333.57631101579085,490.7749499682946,1.062735571630986,0.3333333333333333,0.3333333333333333,0.1111111111111111,0.1111111111111111,1,0,1,2,0.4,0.4444444444444444,0.0,2.7742857142857145,2.6085537918871253,0.0,2.639565289127125,-1,-0.5058359804391238,True,Dalamannen#EUW
ptyrmaVDgBMEs1-ZaPbaPiCtUgxmsMH7RV1shzgFm3DKaR_ZND4E3GpqoPx1e9h37zom-lRLRcXjvw,Iron,-0.0412831757045787,0.7151132403350997,0.0500904097145789,0.139571766599685,1893.8,-1.4428232973175177e-12,0.4608333333333333,275.6577341565814,171.42022707906693,1.9977654478190063,0.8,0.4,0.2,0.0,1,0,1,3,0.4,0.4,0.0,4.756837606837608,4.756837606837608,0.0,5.2937048857984905,-1,-0.5849841366691639,True,ThyBeardedDan#LGBTQ
qhQxr0iQZtkvtaYDC6U8QQOHWckEUAcRkkMhBUy_t-EMsJDIyT14Ruo7MRIvd4CzB1P_jL5y8ypkJg,Bronze,-0.0622448506731548,1.8684387704958867,0.1862890905495224,0.1599580907444181,1883.28,1.0192118045871978,0.4426928357761285,296.29467577061024,640.173630657388,1.59775242258837,0.38,0.36,0.34,0.08,3,0,5,4,0.8,0.5,-0.0999999999999999,15.8,11.175,-0.6916666666666664,7.978134180370747,-1,-0.5521437639624751,True,Shawna#200MS
qrbaOYr1mWecYNmbNTfrfH_50hjR8QO0Y-2BTg0kHGssERElql1HLEMfJqJtr2GdexBZyL6u9FuieA,Diamond,-0.0687097678703635,-0.1208302799490114,0.0962414994228283,0.1439497738284763,1696.3,3.826120633061709,0.5724380161912535,307.4472431547654,362.0474214355386,2.405114755571734,0.46,0.48,0.46,0.22,5,0,5,3,1.0,0.6,0.1999999999999999,6.8,4.898888888888889,2.441717171717172,3.780367413066856,-1,-0.494132501934408,True,MieuToo#EUW
quubJN2SaSp36zI4OeKGkmI2FndBhx2xXJOgxP8jVaaeRSr3OPet2wWRNKDyUTBaOXN6CUonuONrYw,Gold,0.4496285739961655,0.8864766540983103,0.2480536934449113,0.2407723613060174,1733.22,1.0343095546304673,0.5912671932772097,505.14945615129176,933.3991530852218,0.5761487310989898,0.46,0.62,0.5,0.1,4,0,5,2,0.8,0.7,-0.1,6.471428571428572,7.730952380952381,1.1434523809523809,6.187506613753079,-1,-0.5129998678758249,True,Sir of hunt#EUW
qvwgL5z524YfarRqDLWKcCd40ucRqsfUvXzmZTA0zYd566i-_WuXJfp18R1fmeyerY5RzNgcPgYY4Q,Silver,-0.1079739596788066,0.9817528966375394,0.220107387140332,0.2180518794838915,1884.24,3.524255803414973,0.4599985189424695,410.5964899402342,717.7970565593429,1.0903906533403118,0.4940381318842756,0.4956261701084848,0.4949441960904057,0.1679790705374592,0,5,4,5,0.0,0.3,-0.3999999999999999,3.2111111111111112,3.3855555555555554,-6.604920634920635,1.1260994627474077,-1,-0.4939786614889074,True,Feigii#EUW
rKWP16ORWQ2sR4Owaqv9ibK-FpbVKuqn4-d1V1OUlTyUmFGyWJ5ErzkP50tu5Z665GRkuyxHjGfZXg,Bronze,0.0577818482338055,0.8995070159814991,0.0747868047695378,0.1396192781185124,1941.64,2.4316752953452845,0.5490877160592158,271.8757817591476,261.2670029788228,1.7711929401094226,0.58,0.62,0.52,0.14,2,0,7,4,0.8,0.9,0.6000000000000001,4.227777777777778,8.680555555555555,4.924285714285714,6.943780523818632,-1,-0.585141743519053,True,NormalRafa#EUW
rrbYvc9O01mmy5p0CrDcryH0RyPmMn8qjrvVZ3CvZz6dvYQAF5Oya05-vNt05nNWr3diOz7EkBBzWg,Master,-0.1085588364054645,0.2353011479335223,0.1939096460191421,0.2062076469561342,1611.74,3.74039292407472,0.6147214161833885,435.5033655614721,723.0619713677709,1.523119237708656,0.48,0.4,0.66,0.16,0,1,5,4,0.4,0.3,-0.3999999999999999,10.74,6.44888888888889,0.5429365079365089,10.64452615371098,-1,-0.5137701486868685,True,molodoy jg#FURIA
rtwhWdyb5j0y5uXPNNWpJ1v-9_24o4dyvKjDCOLF0k1GX7WhFvI05TD9jaDJ-zzPLOYVp-74twEROQ,Iron,-0.017450277077437,-0.5016003276137392,0.0884225330991896,0.1448432242972663,1700.6470588235295,1.253297578458715,0.2668041412441339,252.2375024509361,289.8667425131863,0.5373471995639676,0.4117647058823529,0.5294117647058824,0.2941176470588235,0.0,1,0,3,4,0.4,0.5,0.2142857142857143,1.0,0.923939393939394,-0.0260606060606058,0.6568807402470089,-1,-0.5168356226423712,True,Seiun#1303
sGUl3zymeBqvvNfSs7n0XlsE9bU9cbTYAaBjR2E3QgSkdrmUN_YQNsbx_Ftl3cbHAbCId1Wbvl7asA,Emerald,0.0008517315285228,0.2608449164396133,0.1551915019963649,0.1561425048081584,1653.74,1.1939518995215093,0.6121511467158642,326.3715496324874,526.4492668771384,2.0998841015941765,0.48,0.52,0.46,0.34,6,0,6,6,1.0,0.9,0.6000000000000001,8.166666666666668,6.486666666666667,3.612857142857143,2.882599135810905,-1,-0.5614916007687081,True,ChenRonD#EUW
sNJ6sXmiIHGN10KT1ixvnsnacURn2w6BL2vSfT0xPAG2moAgiETAqevpG7HXTUJeKKW0yQzaCzR43Q,Diamond,-0.0687097678703635,0.2466809444004887,0.1283277161870528,0.1578895868408886,1778.18,3.869791701665447,0.5549451598006829,331.8041789131484,456.70857581780814,2.300733060115143,0.6,0.48,0.36,0.32,2,0,6,6,0.4,0.3,-0.5,4.846794871794872,3.457791375291375,-1.840899100899101,3.381048598985773,-1,-0.4933227839768236,True,melder323#EUW
sThGUA4i2JG9x2pHHeThRXUjcrdpavbObQXTBB-FzSMhfw7gK_Eh3riqDdRp9POX_JsHJoEgvGExpg,Gold,0.1288141770213204,0.2505095706368547,0.2473831168603369,0.2205277065261947,1702.86,2.7729616955157845,0.4246008762912548,453.7833111286152,886.8126338516346,0.4949054994805293,0.5,0.48,0.56,0.1,9,0,9,6,1.0,0.9,0.6000000000000001,2.83,4.3185714285714285,-0.060714285714285,3.676914374815913,-1,-0.5074995632344406,True,Morsen#EUW
saayaaowO8ljV4isjidRVQAWHoPwyIaLhCjq6F0d7_bEAtvPUIWnQk6JwXgqXWslK5F2os67Ox9BXA,Iron,0.1017142160582716,-0.0862247142428963,0.152367837330023,0.1836996265046691,1516.529411764706,3.175123135099033,0.2902189404449261,334.7776262781412,495.4916863130774,0.420450687775493,0.2352941176470588,0.5882352941176471,0.5294117647058824,0.0,0,2,3,2,0.4,0.5,0.0714285714285714,0.3656565656565657,1.2217171717171718,-2.471820243248815,0.9933573119010268,-1,-0.4976171570135355,True,iDevice#3003
smUFj3IjLV1o1ObP5LFFdwP6Dx0KCqAYE10G8Sqt0OFbf_zVgEpglT1ZSwD14-m9xMr8nlasVF-vrw,Bronze,-0.2222804492157683,0.0007870442607327,0.2526238967272045,0.2373638598623382,1851.78,4.193269689480486,0.4700187960822506,442.46302350406825,905.9421821561234,0.6480798767306605,0.52,0.46,0.28,0.28,3,0,3,2,0.8,0.6,0.0999999999999999,8.58,5.536067821067821,3.1300757575757574,7.631468811084629,-1,-0.5062051024140977,True,NemrodLP#EUW
spgMn15fiNgqsyDCnRwJINSe2ahYyFZFmKv0wrPCoqZwQtKfwm3pJy3e7IGArgrBVkqqSUiHWg8gvg,Iron,0.4989291931773007,-0.3125432892105879,0.1209700123372046,0.1524693099194924,1820.8333333333333,0.6500224216454689,0.2272062148197609,280.6140294186892,335.80910874288685,1.0464449295868026,0.5,0.5,0.6666666666666666,0.0,2,0,2,1,0.6,0.6666666666666666,0.0,1.3199999999999998,1.5285714285714285,0.0,1.3712494371544686,-1,-0.5148391805412688,True,FelinBison#EUW
syjcyDED_wJ8D3ktNsWaYHS9DtQ0hCVcCep2e2w_p2X6pi-H3cGu835h1mjPS5jRpE2I97qA6KNDAA,Gold,0.0085087781557535,0.7121792041137185,0.067941419304375,0.1456851533042377,1725.9,0.6670730006400536,0.5216006485539391,292.05823257925186,240.93652134950088,1.768776015038955,0.5,0.46,0.42,0.16,0,1,3,4,0.6,0.5,0.0,5.752380952380952,5.29047619047619,-1.9150793650793647,4.006779968289464,-1,-0.4918685429357305,True,αlεxςf18#EUW
tPZUUmQBQnE-lB_f97kOHY0JbF9zjTA3npQFp7_acYnRxeCf-lb492R9a24xVTasMMnBg063vW5VjA,Master,0.0338129086253024,0.5084924554016589,0.1900193841643667,0.2273337473544604,1561.2448979591836,0.4293251506681599,0.5557931376122454,485.6122851028898,666.8701984540284,0.800721481054427,0.6326530612244898,0.4897959183673469,0.2857142857142857,0.2653061224489796,1,0,4,2,0.6,0.6,0.0999999999999999,9.573333333333334,9.212380952380952,5.387987012987013,8.32930847020548,-1,-0.5571525750337101,True,Bekosama#XXXXX
tQcVYhbfCfiQ5hosjJxtTQCdB-UCjwnYlrf69jfyPfJ58aloPRRzNzOv1cUQdnevz_-ltT6gcS7llw,Bronze,0.1778085471407656,0.6128269670197269,0.1708283568645288,0.1684775759048645,1924.48,3.010506252050721,0.5672727893161269,333.4377290647065,610.2486456375236,1.8341033164291547,0.56,0.36,0.58,0.34,8,0,8,2,1.0,0.9,0.2,4.411103896103897,6.312218614718615,-0.8061147186147188,5.824519798262172,-1,-0.5457220535865442,True,Dobrydodo2#EUW
telRMdibtBr_6PbPbPoG_SBTyUm2_3-WkdkvbDk78OrAu9Ar45sNsgc49Vqc-NPk2w4CC50_ytogNA,Gold,0.0085087781557535,0.0652972006317493,0.209160667272601,0.2266811920724104,1902.18,2.797222614160503,0.5023165501191311,486.6493989725283,891.4081640705716,0.6555170744516269,0.62,0.64,0.52,0.18,11,0,11,4,1.0,1.0,0.6,5.0,4.61904761904762,0.7046031746031751,2.110529965362699,-1,-0.5410485817661156,True,Twinnis#EUW
uJNKMuoyss3mtW9cPXXG_ubdzNFO19gpk9geLTo25g8C9q6SH9TF9wnuHIS4HZmjEu3o7oi5pUJENg,Iron,0.069214808839442,-0.3621935067673612,0.2245335275034984,0.1831244842047114,1503.090909090909,2.826879484038239,0.3245518447795266,326.85706048062053,578.0655153430239,0.4329874245875932,0.4545454545454545,0.4090909090909091,0.3181818181818182,0.3181818181818182,0,1,3,4,0.4,0.3,-0.3,0.9154901960784312,0.9245632798573976,-1.0055954503013325,0.5551666865488958,-1,-0.4950350652991974,True,Captain Joe#123
usStY9kccBzljXIr4wG7CY15rqdpOP1R6TE_yKnZlFhloZlUklQL58aeq8osOScStRCeq5xAvUNZtQ,Gold,-0.1117966207098134,0.1353781564288442,0.1447560221694466,0.1692064569431413,1707.72,4.69947057075253,0.4980321803539644,343.5812496134507,441.8330519090404,2.200292792141814,0.54,0.46,0.4,0.08,5,0,5,3,1.0,0.8,0.5,8.2,6.042857142857143,3.149696969696969,3.972008065520809,-1,-0.5151952053536885,True,ExoticPick#PICK
uw8SFMzhhQTJuqZP8xa9ME-ShE4cprbH8FXAzxin3B1Kr4glhl4DzKqoFR21h0khvyv_mbSKir67SA,Master,0.0518139338590778,0.801306576552284,0.108963562528896,0.1492202210724792,1570.52,2.943049107857837,0.5532315974866361,311.90051109937235,342.15552944787834,2.8800406222155392,0.48,0.5,0.44,0.18,0,1,4,2,0.6,0.6,-0.0999999999999999,6.316666666666666,5.983333333333333,-3.1533333333333333,3.6577163488833966,-1,-0.5003245040555855,True,spread love1#EUW
uxXdDu90Q39eS_WYbEJGRJl_KyeSNIuel6Rg2hGXsXwb5sSIE1zxX5uKT_jPGezFHEQZR6vK0ASTmQ,Master,-0.2689316066700067,0.5102709235119826,0.1145400826395866,0.165885869786425,1604.56,1.9557287506275207,0.5683003558170939,346.59797472382024,385.5331165664642,2.3379051875814274,0.38,0.48,0.3,0.16,0,7,3,7,0.0,0.3,0.0999999999999999,2.1083333333333334,5.694166666666666,1.5279761904761902,6.408997635702828,-1,-0.5672771044942859,True,breaking ties#001
vOtyr0JG0aehUHilJRA5-J5yPJMIApqhkYlqx8Go8nFlEto9Ahkfe_k7tBBtDTE9qeyRNWbJbDYG9w,Platinum,-0.019606690788182,0.2486801692743488,0.0891229868800913,0.1423674970175313,1867.42,1.5652306387703727,0.4599985189424695,410.5964899402342,717.7970565593429,1.0903906533403118,0.4940381318842756,0.4956261701084848,0.4949441960904057,0.1679790705374592,0,6,5,6,0.0,0.3,-0.3,2.635,2.9310714285714283,-5.974761904761904,1.449060455829406,-1,-0.4917665524928157,True,Suco de Fruta#66030
vncKxnCkzKmM1zTB0XDWEXOyEckwMb9qdi-KxPvmrSlZjqrWD6KqNVJytakszOtRCQejqIuI5C9RDg,Diamond,0.1718512581449812,0.1775376528005002,0.1057185471870274,0.1485187478345896,1641.12,2.164024129104732,0.5978065198112571,325.2945647861128,378.1495110700096,2.9140108672963403,0.58,0.5,0.58,0.4,2,0,5,2,0.6,0.6,-0.0999999999999999,3.046717171717172,3.7719300144300143,-1.3091414141414144,3.1360130019134687,-1,-0.4977339322845813,True,CANT WIN#EUN
voNNNAEq0AlDBqrmi9FDwEK_Gcp3BN1xPRRRkwjrg1sMMK-yL74FYZWOnXLfH3MS8Z0HrviO0xl6QA,Diamond,0.1718512581449812,0.5389336433803935,0.1903871834995479,0.2085718864308977,1733.74,1.1354312795503865,0.5443178357958303,446.1100658171909,725.7218604561218,1.3089926698368328,0.54,0.42,0.62,0.16,7,0,7,3,1.0,0.8,0.2,16.43333333333333,10.166666666666668,6.247380952380953,9.01172076304582,-1,-0.5815383107318309,True,ShacoTism#123
vr_FYFEr5ZLmVernQ_mB41HWEnrDmGG8qbip1np5nzyA50YxYM6UBuukQDJtHx-QKZUviJvq8hUhjA,Gold,0.2624868424275058,0.3179936550813617,0.206249777994431,0.2242255535457251,1952.5,0.6500224216454689,0.6628926335668238,466.9436799563375,772.7455258297015,1.1921917438300256,0.1666666666666666,0.5,0.8333333333333334,0.0,0,1,4,1,0.8,0.6666666666666666,0.0,5.3133333333333335,4.903968253968254,0.0,2.0932808619351144,-1,-0.4934486963613052,True,Chris#rito
w0yxYEk2Tr1A4cd_pBgt3KaCA27lpRN5GJejh4kH4BHqwtAvCcsy0rH-2E6G0Ha0u08s4a1vHTtYOA,Gold,0.0085087781557535,0.0710886286137046,0.1050074365364018,0.1573832484841003,1729.28,2.486439344656589,0.514493173033065,321.44180520727406,386.4388278299411,1.850344780984264,0.64,0.64,0.6,0.36,3,0,3,3,0.8,0.5,-0.1999999999999999,6.936666666666667,4.676904761904762,-0.9813095238095232,5.245809260344715,-1,-0.4936746482328693,True,Sebø#RIZ
w8Eey_myrc6AuNUM9kINyAGhI1tz28EAir2kn07Iv5c29fX6B1etwfS846U_YKzOGptvX9YWYNFRFQ,Master,0.0518139338590778,-0.3139983126895546,0.2505987633504898,0.2041700431046115,1641.76,1.3860585185008505,0.3783927222849392,445.1532681103717,946.7072729595776,0.8941893449150773,0.62,0.56,0.54,0.34,0,5,3,5,0.0,0.3,-0.2,1.196363636363636,1.2326262626262623,-0.8797546897546897,0.667468157758506,-1,-0.4935574431444056,True,Sankaizer#aga
wC0hVNprKYp1QcQbRdCjhasB22eqFouSme5r7nqslGZsvdaGBGYsB1FKYTLQeCkd8N9vXdIm6C5JRQ,Master,0.0919071264252132,-0.1140961225949362,0.0930924991425709,0.1394249141846068,1627.42,3.5720629939262363,0.5629921694243282,306.0693490675148,369.0110665844963,3.127636613714781,0.48,0.44,0.48,0.3,0,3,5,3,0.4,0.4,-0.2999999999999999,5.475042735042735,3.6982356532356535,0.4005769230769234,5.245009643605677,-1,-0.5042069092000123,True,yuta okkotsu#main
wT4SpLnGck-Qe7EBjw0Vwnli1Dptt3hU3dJd-fiR-K2O2zxOxPqOGamUTkLlKx1o8QpwX4VC-AM45Q,Master,0.0117207412929422,-0.2433968068748866,0.2749478620477849,0.2481622216695198,1600.32,3.507277761286877,0.5473009160613609,536.5635739929471,1035.4990613412824,0.8209800707771037,0.52,0.42,0.64,0.22,0,6,13,6,0.0,0.4,-0.5,1.5546031746031748,3.6189682539682537,0.8065440115440112,4.066474761744658,-1,-0.5767195072482754,True,getogetogeto#EUW
wWhlb3CkY5ReHr6kRlntmim-XVug62x6rJXlhquAL9HFhGb8IajAjWkZ8mIihOavx7MI3351Ug9HjQ,Silver,0.0523907698305055,0.7841326729194965,0.0793371641566085,0.1458066622952703,1758.5,1.171046958966976,0.4599985189424695,410.5964899402342,717.7970565593429,1.0903906533403118,0.4940381318842756,0.4956261701084848,0.4949441960904057,0.1679790705374592,6,0,6,1,1.0,0.8,0.1,5.622222222222222,7.471111111111111,2.858611111111111,5.7261673563206825,-1,-0.5136268762827051,True,MakronDémission#4444
wlj5su2eJZujaI8YeV0zq8_H47j-qKMJ3xh8HVv7CUZLB9xTNLZk2xSR7mozWus4lTnBjoHcxeSqtg,Gold,0.4295776741852377,0.4292681690394108,0.0703544363426511,0.1369930618143031,1886.375,1.7499999999942293,0.5156055756101128,297.1833990765215,279.8356491152777,2.1606478238870106,0.5,0.625,0.5,0.125,1,0,5,1,0.8,0.75,0.0,3.9583333333333335,5.338244047619048,0.0,5.060538288962701,-1,-0.5126038517649696,True,Lasme#S04
xHuFe16qYAZkanASBMAszaAg-immAjkuTnF0aGYr1un5DlKli1T5tdKe-PG-Hs66d0FjFK1gAEkWCA,Diamond,0.1718512581449812,0.2628208397158947,0.2964071156209886,0.2274669732437511,1607.46,0.2822921890780868,0.5733213753011428,498.7790301474714,1177.634490148229,0.6650269295699865,0.5,0.58,0.6,0.22,5,0,7,2,1.0,0.7,-0.1,9.84,8.222380952380952,2.1239285714285714,7.507604625370488,-1,-0.5655958461875028,True,Nyro#0001
xNJ_bAjS2xWgtb9EIElTHV4bk8g8RNTpZQseYDUai4AnXXT6hnEtOX08SzJs4FEDFYhqDTt2bXNjjg,Bronze,0.1778085471407656,0.0390361248016412,0.2678702328207702,0.2237166797766083,1671.84,4.45817193943433,0.4169648928822193,454.110528494971,972.5119789271272,0.6685004358711288,0.58,0.6,0.46,0.2,1,0,9,2,0.8,0.9,0.3,12.533333333333331,7.344761904761903,5.724891774891773,8.773222297335117,-1,-0.5565996145610751,True,CallMeWicked#EUW
xUNS9XN3ovPG2tzPquPX1IDYgBwxEFv4mmJFYZsZ8uFwuVif3zrx7u9IX3XPikmtRlBVabkcrZgfRQ,Gold,-0.1117966207098134,0.4592394605133973,0.1857739828834123,0.1747300435993102,1800.04,3.8432978646205993,0.5093663580785438,359.8601740246458,682.5644435375888,2.1451157964226457,0.52,0.54,0.48,0.24,1,0,5,4,0.2,0.6,0.3,3.8742857142857146,9.437142857142856,2.6,9.54387548031058,-1,-0.5073636458693537,True,Chat Ban Prophet#Toxic
xYA5EGec42LQdOCZLksSeL34XqZJ9BnIug9L34vP8AX4ToIEBbCYzRO1x4an3wm-80lu6-rW8SFvMQ,Iron,-0.3184974176308064,-0.1300983813755211,0.1063141655748355,0.1550345824519313,1705.9473684210527,2.0345723658013672,0.3952259857445616,289.8229595830251,313.46871284297004,0.5103087902249952,0.5789473684210527,0.4736842105263157,0.4736842105263157,0.3157894736842105,0,3,2,6,0.4,0.2,-0.1333333333333333,1.400952380952381,2.599194139194139,1.0502625152625154,2.298736087387573,-1,-0.4989238330570342,True,Percebeboybroski#1234
xg8NvNbbth5OL6C-wn36uMPe_RMFrPVubUsvvT3mnQ2v7Cg4C3LNMJ5Vo7ASFzxkxtI_-bjZvKEqMg,Master,-0.1298327753181078,-0.0165968883977631,0.1014775079360838,0.1455406336917652,1497.8367346938776,2.200404843900988,0.587487576177045,308.05016387348974,349.3015815637156,2.63103482123273,0.6326530612244898,0.4897959183673469,0.4693877551020408,0.3673469387755102,0,1,4,5,0.8,0.4,-0.1999999999999999,5.79047619047619,4.284126984126984,0.8016666666666672,2.717428144743536,-1,-0.5055587866188278,True,BONJOUR L AMI#happy
xsjCbLljM4DMF-Li8ERWesOacq-p397BntsYA9fFaoAuItGnF9FsKyJ0ivc1QDAZ74_-VpyWOOOvAg,Diamond,0.1317577538090904,0.4275900558031834,0.0918070365598838,0.1468536663902117,1798.24,3.685588129784059,0.5897977325906589,312.0336735113971,337.27660541249514,2.4989766308224803,0.58,0.5,0.5,0.18,2,0,4,5,0.8,0.7,0.4999999999999999,5.907142857142857,7.057142857142857,4.59276862026862,5.765091110312489,-1,-0.5229706442479768,True,WishUponMe#GGWP
yJ8a9ISNNeiuVu0G8jKcrCNW3Luq7MwmxXVVypsE9xG0k32I86-QBmw99IG7FSOQTIjOFQGqRQ857w,Bronze,-0.1022537503088081,-0.4374187091127645,0.2226304963802277,0.1918525278365896,1742.68,4.402699061514934,0.4022545321819391,366.3720518490437,756.8475849263831,1.0886412621540615,0.38,0.42,0.36,0.1,0,6,5,6,0.0,0.3,-0.3999999999999999,0.9255699855699856,1.3394408369408368,-0.5813924963924963,0.9028276726859508,-1,-0.51781666546172,True,nikopro03#EUW
yJgt8WhzIzGPOBv7-wWbehIWW-yxXiGE9bWwAFuMHjVjP2ESoDqju3LR94vKjRzkChGwq4SxrvdtEA,Emerald,0.2014753429387668,0.4145627191030588,0.1987544852664752,0.2172970344811073,1801.48,2.268496371936488,0.5738685304431894,463.34580012369474,727.7634051358773,0.9708290658326736,0.56,0.5,0.7,0.14,5,0,8,3,1.0,0.7,-0.1,10.2,7.121111111111111,0.7970634920634918,6.474720929206997,-1,-0.5108765103253703,True,D Bladez#666
yM2yIq8eJt7RFhflviNaJdXXYNEeS77B8po2dbBF6O99sLXwrDTkOEQshvq3DVDmqV92QRDduo2gcw,Iron,0.161296462626126,-0.420084672577115,0.2103269452695409,0.1942088836033793,1739.06,0.5621791901950594,0.2718585234636206,359.36621747047155,655.84967406814,0.550724246847215,0.34,0.42,0.38,0.12,6,0,6,5,1.0,0.7,0.2999999999999999,0.8386904761904763,1.1630681818181818,0.0381963869463868,0.7809946961186693,-1,-0.5074339810643703,True,MOHICAN066#EUW
y_rhZOZPxpw89KUI-guCPmbryoyVpPbJ5iEJa1oaOvXfV3aFoJxGSRZmm30PpfR4rdEmFXRwVC3qmA,Emerald,0.1212258983746691,-0.0543360386044147,0.2629440989907037,0.2228536422759675,1515.42,4.269791701655349,0.510376965833976,460.7378668833487,895.8929677766045,0.5323378339455112,0.54,0.7,0.58,0.36,8,0,8,3,1.0,0.9,0.5,2.2972222222222225,2.556706349206349,0.0031959706959701,1.690808880464315,-1,-0.531063136399279,True,Aspect#1403
zMd2EJAtaxAP6bNVN5VUgecB2Kn4Y0mjgbEca7vMFpdCbikYWZ7EpI9jadTfCd9P_HujurhVmJCKeA,Silver,0.0523907698305055,-0.1793458922726067,0.2294056396097128,0.2189228004869225,1865.36,4.598562939605965,0.4599985189424695,410.5964899402342,717.7970565593429,1.0903906533403118,0.4940381318842756,0.4956261701084848,0.4949441960904057,0.1679790705374592,10,0,10,3,1.0,1.0,0.6,3.4266666666666667,3.185,0.613571428571428,1.6547146447516428,-1,-0.4952089323048103,True,Pateken#6969
zgyADnAGArxke5cijSxSivofr4jTpYoifzjZvuOYM4c7x4RHFVlQij5TF26rEKdPrxeCFRJX5Bhwvw,Emerald,0.1212258983746691,0.1318069223750742,0.1180250177505748,0.1505146083925156,1757.38,4.688367439517983,0.5472911991782685,322.4345762998968,448.0200594091508,2.7932476701451687,0.5,0.46,0.54,0.32,0,3,8,3,0.2,0.5,-0.0999999999999999,2.602777777777778,3.1297222222222225,-1.7301190476190471,1.832448460697084,-1,-0.5064660115846621,True,Konsolenchef#EUW
zk9eVlLaYDxZKp7wxxe009iPerh0KnBVwK4hdqKMKL5NGFMoayfhxFQGZm9DD45ZTVbS9fXKMUJwPQ,Diamond,-0.0286162635344726,-0.3523570896763111,0.2770106595389824,0.2152814126283389,1647.54,4.2692750706775335,0.420401868829797,467.14908342355295,1006.0599501840088,1.0422464584090685,0.56,0.62,0.56,0.28,0,4,3,4,0.2,0.3,-0.3,1.086666666666667,1.4229761904761904,-1.076417748917749,1.0819276660155226,-1,-0.4936760105754382,True,Uthred#Uth
zxrwr-Iye-Th5s3__jMTuWkCedCrb0a_N6ngx5Dm_vI1a52O9OdkKEBy7LSMWCtclxWcj7p1qVYY3g,Emerald,-0.2398966021637702,-0.0178687879109053,0.1105027203408189,0.1454783837142751,1614.22,3.0928786893232774,0.5393901856568719,292.29442203532693,354.150202302951,1.88037249038504,0.38,0.4,0.5,0.16,1,0,4,5,0.6,0.4,-0.1999999999999999,8.075,6.226785714285715,2.07452380952381,7.183955401233787,-1,-0.4986317838151559,True,dari1#eel
