match_id,game_duration_sec,team_id,is_winner,lane_cs_10m,jungle_cs_10m,total_cs_10m,takedowns_early,aces_before_15m,first_turret_kills,first_turret_time_sec,earliest_dragon_time_sec,earliest_baron_time_sec,early_laning_advantage,control_wards_placed,avg_kill_participation,total_gold_earned,total_xp,avg_champion_level
EUN1_3645017795,1371,100,0,160,58.000000059604645,218.00000005960464,14,0,0,,674.7254426750001,,1,3,0.4,34284,37939,11.0
EUN1_3645017795,1371,200,1,199,40.00000002980232,239.00000002980232,35,0,5,943.0549777320001,1021.8931878640001,,0,2,0.40555555555555556,42955,46058,11.8
EUN1_3735399589,1920,100,1,201,60.00000008940697,261.00000008940697,22,0,5,710.9698922020001,380.095052382,1779.1522323640002,2,0,0.38666666666666666,62532,79728,15.8
EUN1_3735399589,1920,200,0,163,46.000000059604645,209.00000005960464,25,0,0,,751.9225907770001,,0,0,0.4882352941176471,54848,72547,15.6
EUN1_3736618095,1224,100,1,189,52.00000008940697,241.00000008940697,32,0,0,,1131.775440821,,0,3,0.4,40954,46675,12.0
EUN1_3736618095,1224,200,0,216,56.00000002980232,272.0000000298023,27,0,5,773.702744207,388.37992509500003,,2,2,0.37894736842105264,36094,40467,11.0
EUN1_3739094986,2467,100,1,212,40.000000059604645,252.00000005960464,16,0,5,874.688105993,852.397014107,1823.659108834,0,0,0.425,77236,96669,17.4
EUN1_3739094986,2467,200,0,180,58.000000059604645,238.00000005960464,27,0,0,,513.7054241010001,,0,0,0.5625,65914,83844,16.8
EUN1_3739581421,2391,100,1,209,66.00000005960464,275.00000005960464,13,0,0,,421.334383729,1933.627855808,1,5,0.6064516129032257,74359,94754,17.4
EUN1_3739581421,2391,200,0,229,48.000000059604645,277.00000005960464,9,0,5,980.2155794600001,831.0762669840001,,0,4,0.38,62704,78660,15.8
EUN1_3761519201,1346,100,0,176,54.00000002980232,230.00000002980232,17,0,5,842.2482463790001,,,1,0,0.4714285714285714,34172,38983,10.8
EUN1_3761519201,1346,200,1,176,48.000000059604645,224.00000005960464,20,0,0,,572.760603789,,0,5,0.4,39729,46736,11.8
EUN1_3793780723,2035,100,1,205,56.00000008940697,261.00000008940697,15,0,5,989.433020765,1846.203380954,,0,7,0.525,65469,80487,16.6
EUN1_3793780723,2035,200,0,169,50.80000004172325,219.80000004172325,15,0,0,,446.451670088,1655.2733750900002,0,1,0.4193548387096774,60984,81497,16.4
EUN1_3795666094,1768,100,1,185,60.000000059604645,245.00000005960464,18,0,5,899.792403257,1205.110170491,,1,3,0.396,66133,81229,16.4
EUN1_3795666094,1768,200,0,179,52.000000059604645,231.00000005960464,21,0,0,,501.19521777700004,,0,1,0.4608695652173913,51751,64838,14.4
EUN1_3800561409,1961,100,0,196,60.00000008940697,256.00000008940697,9,0,0,,,1704.0609430410002,0,12,0.4076923076923077,60464,74714,15.8
EUN1_3800561409,1961,200,1,218,58.00000008940697,276.00000008940697,31,0,5,934.5278408300001,670.243952035,,0,3,0.41025641025641024,65686,83601,16.4
EUN1_3888698488,1859,100,1,206,70.00000005960464,276.00000005960464,28,0,0,,378.794619832,1534.232047943,0,3,0.5136363636363637,69056,78856,16.2
EUN1_3888698488,1859,200,0,211,60.000000059604645,271.00000005960464,24,0,5,918.562730213,1105.602216793,,0,5,0.4814814814814815,57558,68200,15.0
EUN1_3890952143,2363,100,1,185,72.00000011920929,257.0000001192093,25,0,5,796.639150158,534.699291743,1937.232525268,1,0,0.3762711864406779,86986,109296,18.2
EUN1_3890952143,2363,200,0,160,40.00000002980232,200.00000002980232,23,0,0,,,,0,2,0.4807017543859649,80062,99292,17.8
EUN1_3890982550,2421,100,1,212,48.00000002980232,260.0000000298023,17,0,0,,388.628114319,1382.1892794710002,1,0,0.5428571428571429,80962,101119,18.0
EUN1_3890982550,2421,200,0,178,50.00000002980232,228.00000002980232,26,0,5,873.2286114530001,709.506553629,,1,5,0.4875,71737,84537,16.6
EUW1_6817506840,1744,100,0,188,28.0,216.0,35,0,0,,922.3262424999999,,1,4,0.38260869565217387,54699,63295,14.2
EUW1_6817506840,1744,200,1,195,50.000000059604645,245.00000005960464,21,0,5,1008.5866573999999,410.5712061,1402.4048349,1,3,0.48484848484848486,61228,70423,15.0
EUW1_6817634722,1783,100,1,210,54.00000002980232,264.0000000298023,16,0,5,887.8618339,345.9248301,,2,6,0.43571428571428567,57831,69515,14.8
EUW1_6817634722,1783,200,0,192,72.00000011920929,264.0000001192093,12,0,0,,670.6586421999999,,0,13,0.4608695652173913,50634,65342,14.2
EUW1_6817663548,2351,100,0,206,54.00000002980232,260.0000000298023,9,0,0,,1283.9777127,1820.8171998,0,9,0.41463414634146345,75452,92312,17.4
EUW1_6817663548,2351,200,1,211,56.000000059604645,267.00000005960464,24,0,5,923.9319601999999,535.0066151,2278.0040844,0,1,0.4615384615384615,79775,97875,17.8
EUW1_6817783270,1349,100,0,151,44.000000059604645,195.00000005960464,12,0,0,,,,0,3,0.6363636363636364,33809,40136,11.0
EUW1_6817783270,1349,200,1,190,54.00000002980232,244.00000002980232,31,0,5,928.5218779999999,426.6590665,,1,5,0.5037037037037038,47215,50195,12.4
EUW1_6817833559,1938,100,0,196,62.000000059604645,258.00000005960464,24,0,5,888.2378795999999,,,1,7,0.43125,57986,67777,14.6
EUW1_6817833559,1938,200,1,188,52.000000059604645,240.00000005960464,24,0,0,,372.45653519999996,1306.6143167,0,2,0.4666666666666666,67188,80746,16.2
EUW1_6817944924,2062,100,1,157,52.500000059604645,209.50000005960464,14,0,0,,777.7136502,1563.2145337,1,1,0.4,64911,82378,16.2
EUW1_6817944924,2062,200,0,198,40.00000002980232,238.00000002980232,11,0,5,922.0022462,1645.6198861999999,,0,7,0.33793103448275863,60953,79702,15.8
EUW1_6818000162,1631,100,1,160,57.50000008940697,217.50000008940697,30,0,5,865.8474891,642.2058188,,1,8,0.3869565217391305,58744,64617,14.4
EUW1_6818000162,1631,200,0,191,56.000000059604645,247.00000005960464,13,0,0,,1408.5132363999999,,0,1,0.48461538461538456,51802,57636,13.6
EUW1_6818001169,1285,100,1,173,48.000000059604645,221.00000005960464,29,0,0,,1090.6316216,,1,5,0.4,45099,52105,12.6
EUW1_6818001169,1285,200,0,221,66.00000011920929,287.0000001192093,12,0,5,864.4666976999999,,,0,2,0.36666666666666664,36662,42029,11.2
EUW1_6818043187,2352,100,1,176,54.500000059604645,230.50000005960464,17,0,5,890.7453085999999,730.6283894,1830.3376847,0,4,0.4878048780487805,76972,96985,17.6
EUW1_6818043187,2352,200,0,166,40.00000002980232,206.00000002980232,18,0,0,,1412.6102999,,1,13,0.4068965517241379,63367,81108,16.2
EUW1_6818608642,2376,100,0,204,61.75000008940697,265.75000008940697,35,0,5,922.233987,455.20202079999996,1827.2514924,0,9,0.365,74493,80773,16.2
EUW1_6818608642,2376,200,1,165,44.000000059604645,209.00000005960464,25,0,0,,1513.7880842,2227.3662279,0,11,0.5660377358490567,84012,96920,17.6
EUW1_6818842378,1627,100,0,168,60.000000059604645,228.00000005960464,13,0,0,,,,0,4,0.32,40765,53020,13.0
EUW1_6818842378,1627,200,1,215,64.00000005960464,279.00000005960464,9,0,5,949.9439221,365.0950327,1419.3168348,0,6,0.4347826086956522,51055,64038,14.4
EUW1_6819270989,1614,100,0,206,62.00000008940697,268.00000008940697,16,0,5,840.2060892999999,364.0670217,,1,4,0.5666666666666667,48376,54282,13.2
EUW1_6819270989,1614,200,1,193,56.00000008940697,249.00000008940697,21,0,0,,736.5796471,1407.1322122,1,11,0.4666666666666667,58673,67625,14.8
EUW1_6819295737,926,100,0,123,52.00000008940697,175.00000008940697,2,0,0,,389.27369339999996,,0,2,0.26666666666666666,20400,24379,8.4
EUW1_6819295737,926,200,1,224,46.00000002980232,270.0000000298023,41,0,5,679.9340561,789.300945,,3,0,0.3142857142857143,34089,34082,10.0
EUW1_6819908006,1656,100,0,150,48.40000003576279,198.4000000357628,25,0,5,873.8556130999999,489.34256899999997,,0,3,0.4,47168,53189,12.8
EUW1_6819908006,1656,200,1,182,62.800000071525574,244.80000007152557,19,0,0,,822.0780992,1400.9357874,0,0,0.48,60162,68785,14.8
EUW1_6820040707,1965,100,1,211,66.00000005960464,277.00000005960464,18,0,5,888.1310067,372.5750541,1834.8688717999999,0,2,0.4054054054054054,70576,86577,16.8
EUW1_6820040707,1965,200,0,217,52.00000008940697,269.00000008940697,18,0,0,,712.2583238999999,1391.8746922,0,8,0.48484848484848475,65763,80754,16.2
EUW1_6820125811,1961,100,0,166,46.000000059604645,212.00000005960464,11,0,0,,,,0,1,0.48888888888888893,54485,65001,14.4
EUW1_6820125811,1961,200,1,173,48.000000059604645,221.00000005960464,25,0,5,803.817958,714.5028811,1722.1348275,1,4,0.4238095238095238,65019,76486,15.8
EUW1_6820565229,913,100,0,147,52.00000008940697,199.00000008940697,5,0,0,,,,0,1,0.3333333333333333,20721,24981,8.6
EUW1_6820565229,913,200,1,203,74.00000005960464,277.00000005960464,28,0,5,670.2705131,765.9218953,,2,2,0.35,30268,31975,9.6
EUW1_6820906514,1368,100,1,244,56.00000008940697,300.00000008940697,27,0,5,841.6398277,529.8265851,1286.9492358,0,8,0.45517241379310347,51747,58099,13.4
EUW1_6820906514,1368,200,0,161,58.000000059604645,219.00000005960464,17,0,0,,865.6017085999999,,0,3,0.43636363636363634,39979,44560,11.8
EUW1_6821016094,1353,100,1,187,58.00000002980232,245.00000002980232,15,0,5,946.3434116,810.5284945,,1,6,0.4344827586206897,47545,54106,12.8
EUW1_6821016094,1353,200,0,179,52.00000008940697,231.00000008940697,10,0,0,,377.4925667,,0,0,0.275,36957,44121,11.8
EUW1_6821136162,1908,100,1,194,58.00000008940697,252.00000008940697,27,0,0,,878.8732653999999,1745.0343684,0,9,0.475,61596,73931,15.6
EUW1_6821136162,1908,200,0,219,48.00000002980232,267.0000000298023,23,0,5,948.3540614,,1347.3510566999998,1,11,0.42608695652173917,57818,66680,14.6
EUW1_6821401584,913,100,0,157,36.00000002980232,193.00000002980232,3,0,0,,,,0,1,0.3,19672,24091,8.2
EUW1_6821401584,913,200,1,210,52.00000002980232,262.0000000298023,44,0,5,671.5257819999999,569.0733789999999,,3,5,0.34285714285714286,32824,33080,10.0
EUW1_6821403996,3158,100,1,148,62.00000008940697,210.00000008940697,14,0,0,,557.0941235,1993.5305317999998,0,4,0.512280701754386,101233,133029,18.0
EUW1_6821403996,3158,200,0,174,64.00000008940697,238.00000008940697,16,0,5,695.2699157999999,1261.2956689999999,,1,1,0.42592592592592593,92923,112282,17.8
EUW1_6821439859,1322,100,1,185,70.40000006556511,255.4000000655651,34,0,0,,645.3341287999999,1224.9495038,1,1,0.4148148148148148,44977,51100,12.6
EUW1_6821439859,1322,200,0,196,64.00000008940697,260.00000008940697,35,0,5,832.0300500999999,1001.3527082999999,,1,3,0.3833333333333333,43256,46214,12.0
EUW1_6821514198,1369,100,1,151,48.000000059604645,199.00000005960464,29,0,5,761.8039243,750.7928774999999,,0,3,0.5277777777777779,46197,52239,13.0
EUW1_6821514198,1369,200,0,150,66.00000005960464,216.00000005960464,23,0,0,,343.8499931,,0,0,0.49411764705882355,37043,41479,11.0
EUW1_6821528436,1845,100,0,165,52.000000059604645,217.00000005960464,15,0,5,866.956646,,,0,3,0.41428571428571426,52809,60410,14.0
EUW1_6821528436,1845,200,1,154,58.000000059604645,212.00000005960464,26,0,0,,699.1165523,1749.189247,0,1,0.48292682926829267,62283,74780,15.8
EUW1_6821583867,995,100,0,141,50.00000008940697,191.00000008940697,21,0,0,,,,0,0,0.4666666666666666,24750,28534,9.4
EUW1_6821583867,995,200,1,169,52.00000008940697,221.00000008940697,25,0,5,860.4088518,733.9721346,,1,1,0.3625,29350,31336,9.2
EUW1_6821604035,1441,100,0,127,58.00000008940697,185.00000008940697,11,0,0,,,,0,1,0.3333333333333333,35078,43631,11.4
EUW1_6821604035,1441,200,1,220,67.6000000834465,287.6000000834465,12,0,5,601.8062146999999,709.4079588,,1,0,0.33999999999999997,44587,52545,12.8
EUW1_6821854997,1438,100,0,184,42.00000002980232,226.00000002980232,11,0,0,,,,0,2,0.3166666666666667,37314,43268,11.4
EUW1_6821854997,1438,200,1,209,48.00000008940697,257.00000008940697,40,0,5,902.7052785999999,601.8851055,,1,8,0.46875,51440,55107,13.2
EUW1_6821917173,1503,100,1,184,48.00000002980232,232.00000002980232,35,0,5,722.9544356,506.7495103,,0,1,0.5636363636363636,52262,54920,13.0
EUW1_6821917173,1503,200,0,204,58.000000059604645,262.00000005960464,18,0,0,,,,0,5,0.5368421052631579,45949,50176,12.6
EUW1_6821996174,2346,100,1,172,54.00000008940697,226.00000008940697,34,0,5,738.5200803,656.3495346,1427.2964666,0,15,0.46341463414634154,81657,95958,17.4
EUW1_6821996174,2346,200,0,221,47.60000005364418,268.6000000536442,39,0,0,,992.1818895,1984.9597454,0,9,0.5069767441860465,77110,98129,17.8
EUW1_6822146682,2708,100,1,170,48.40000003576279,218.4000000357628,19,0,5,849.1045293,1300.3316742,2530.0118585,0,7,0.33617021276595743,82922,98749,17.6
EUW1_6822146682,2708,200,0,165,43.60000005364418,208.60000005364418,17,0,0,,605.7743795,1955.763951,0,0,0.496,83902,110891,18.0
EUW1_6822217814,2020,100,0,152,52.000000059604645,204.00000005960464,31,5,5,860.0987425,1584.0765451,,1,5,0.3458333333333333,66151,72241,15.4
EUW1_6822217814,2020,200,1,151,49.75000002980232,200.75000002980232,30,0,0,,359.941956,1903.140146,0,1,0.3841269841269841,73434,84183,16.6
EUW1_6822251604,1152,100,0,165,50.00000002980232,215.00000002980232,15,0,0,,,,0,4,0.3875,32403,36715,10.4
EUW1_6822251604,1152,200,1,165,36.000000059604645,201.00000005960464,21,0,5,854.6226284999999,620.5851481,,0,4,0.36190476190476184,35469,42406,11.4
EUW1_6822627597,1342,100,1,171,44.000000059604645,215.00000005960464,32,0,5,927.5013352999999,1314.5328527,,0,5,0.4666666666666667,45699,50402,12.6
EUW1_6822627597,1342,200,0,209,58.00000002980232,267.0000000298023,12,0,0,,588.0610551,,1,9,0.5,36500,41102,11.0
EUW1_6822681311,1330,100,1,207,64.00000005960464,271.00000005960464,53,0,5,837.9858803999999,760.8344708,,0,2,0.4608695652173913,55899,60741,13.8
EUW1_6822681311,1330,200,0,204,62.00000008940697,266.00000008940697,21,0,0,,440.4660494,,0,8,0.4,37256,41057,11.2
EUW1_6822721744,1978,100,0,191,72.00000008940697,263.00000008940697,20,0,0,,1690.5316034,1467.3444193,0,14,0.526829268292683,73022,93711,17.4
EUW1_6822721744,1978,200,1,233,60.00000008940697,293.00000008940697,30,0,5,730.5680277,685.9777971,,0,5,0.375,70981,78385,15.8
EUW1_6822832321,1643,100,0,217,56.000000059604645,273.00000005960464,22,0,5,862.4539556999999,,,0,7,0.4818181818181818,48731,54460,12.8
EUW1_6822832321,1643,200,1,210,54.000000059604645,264.00000005960464,31,0,0,,415.697065,1448.8080708999998,1,5,0.3707317073170732,60667,68880,15.0
EUW1_6823098300,1762,100,1,226,62.000000059604645,288.00000005960464,15,0,5,807.6454236,1112.2587853999999,,0,5,0.43999999999999995,62629,69828,14.8
EUW1_6823098300,1762,200,0,205,52.00000002980232,257.0000000298023,27,0,0,,409.8307139,1404.7815131999998,1,7,0.482051282051282,61421,71767,15.2
EUW1_6823106444,2168,100,0,149,58.00000002980232,207.00000002980232,25,0,5,855.6675828,546.8324137999999,1359.2284128,0,3,0.4292682926829269,71060,78664,16.2
EUW1_6823106444,2168,200,1,160,47.00000002980232,207.00000002980232,19,0,0,,2037.7164257999998,,0,10,0.5608695652173913,74279,85449,16.8
EUW1_6823203666,914,100,1,201,62.40000006556511,263.4000000655651,51,0,5,762.0116221,838.2646017999999,,1,2,0.40800000000000003,32170,32891,10.0
EUW1_6823203666,914,200,0,180,55.6000000834465,235.6000000834465,2,0,0,,472.9852373,,0,4,0.4,20379,24473,8.2
EUW1_6823204786,1846,100,0,179,58.00000008940697,237.00000008940697,24,0,5,856.3035506,,,0,10,0.3771428571428571,63979,69403,15.0
EUW1_6823204786,1846,200,1,205,52.00000002980232,257.0000000298023,25,0,0,,341.43124029999996,1660.7082242,1,7,0.425531914893617,71994,84736,16.6
EUW1_6823211154,1474,100,0,204,56.00000008940697,260.00000008940697,13,0,0,,1241.2741836999999,,0,5,0.4,41425,48703,12.6
EUW1_6823211154,1474,200,1,232,62.000000059604645,294.00000005960464,20,0,5,760.5915413,574.7347278999999,,0,8,0.37857142857142856,52531,57102,13.6
EUW1_6823278182,1429,100,1,187,54.000000059604645,241.00000005960464,19,0,5,894.126534,1162.3907429,1262.7358851,0,6,0.4,56385,62403,14.0
EUW1_6823278182,1429,200,0,191,48.00000002980232,239.00000002980232,39,0,0,,853.6596521,,0,3,0.47407407407407404,46701,48949,12.2
EUW1_6823280821,1622,100,1,201,44.750000059604645,245.75000005960464,20,0,5,890.2013736,1139.2142907,1278.3570482,3,2,0.3692307692307692,60202,67556,14.6
EUW1_6823280821,1622,200,0,156,65.25000002980232,221.25000002980232,16,0,0,,510.42333779999996,,0,5,0.5125,46086,53884,13.2
EUW1_6823293723,2159,100,0,203,60.000000059604645,263.00000005960464,20,0,5,954.6508452999999,,,0,3,0.4666666666666667,61573,71553,15.2
EUW1_6823293723,2159,200,1,210,70.00000008940697,280.00000008940697,18,0,0,,979.6140644999999,1623.2234852,0,17,0.46976744186046515,74420,96583,17.4
EUW1_6823350302,1646,100,1,198,56.000000059604645,254.00000005960464,19,0,5,1080.5653379999999,698.7702572,,0,7,0.5333333333333333,55738,59571,13.8
EUW1_6823350302,1646,200,0,198,50.00000008940697,248.00000008940697,19,0,0,,,,0,13,0.40740740740740733,50030,55998,13.2
EUW1_6823506701,1692,100,1,211,62.000000059604645,273.00000005960464,19,0,5,838.7381282,592.9484927999999,,0,5,0.4357142857142858,54274,59080,13.6
EUW1_6823506701,1692,200,0,154,44.000000059604645,198.00000005960464,12,0,0,,,,0,1,0.45,48266,56937,13.4
EUW1_6823726499,1673,100,0,184,45.000000059604645,229.00000005960464,16,0,0,,636.3778527,,1,2,0.34285714285714286,49655,60679,14.0
EUW1_6823726499,1673,200,1,152,56.75000008940697,208.75000008940697,24,0,5,880.6023333999999,1102.4609323,1561.2726019,0,0,0.4,51801,65828,14.6
EUW1_6823735701,2037,100,0,164,59.50000008940697,223.50000008940697,16,0,0,,,1534.6626932,1,0,0.5621621621621621,65238,75434,15.2
EUW1_6823735701,2037,200,1,202,60.500000059604645,262.50000005960464,27,0,5,899.5647252,390.3381129,,0,4,0.4558139534883721,70795,82843,16.6
EUW1_6824004130,1594,100,0,203,47.000000059604645,250.00000005960464,32,0,0,,858.750636,,0,12,0.5034482758620691,49928,52836,12.8
EUW1_6824004130,1594,200,1,189,52.000000059604645,241.00000005960464,40,0,5,823.8115124,487.8415584,1447.3354875999999,0,11,0.4926829268292683,61588,64445,14.6
EUW1_6824181292,1754,100,1,195,58.000000059604645,253.00000005960464,35,0,5,604.2552571,390.31000769999997,1429.9906681,2,3,0.388,63459,67850,14.8
EUW1_6824181292,1754,200,0,138,64.00000008940697,202.00000008940697,25,0,0,,,,0,2,0.3870967741935484,52593,61866,14.0
EUW1_6824322351,2272,100,1,218,63.600000113248825,281.6000001132488,22,0,0,,825.8844972999999,1346.9922907999999,0,7,0.5244444444444444,81602,101595,17.6
EUW1_6824322351,2272,200,0,213,54.40000006556511,267.4000000655651,25,0,5,680.7471644999999,1192.5982443999999,2019.6203160999999,0,11,0.4304347826086957,75842,92392,17.4
EUW1_6824388423,1650,100,1,184,44.000000059604645,228.00000005960464,21,0,5,985.8305905999999,588.3547315,,0,2,0.39999999999999997,55465,64459,14.4
EUW1_6824388423,1650,200,0,201,58.00000008940697,259.00000008940697,13,0,0,,1094.8878176,,0,2,0.4222222222222222,47626,56223,13.2
EUW1_6824651714,2040,100,0,203,62.000000059604645,265.00000005960464,26,0,0,,1140.9629447,,0,13,0.4594594594594595,63108,71182,15.2
EUW1_6824651714,2040,200,1,167,48.000000059604645,215.00000005960464,34,0,5,1068.4328896,752.8470249,1588.3171834,0,5,0.5387755102040817,74094,84179,16.6
EUW1_6824705098,1682,100,1,194,57.750000059604645,251.75000005960464,34,0,5,638.7272802,747.4197862999999,1522.7624813,0,5,0.4818181818181818,59329,62588,14.2
EUW1_6824705098,1682,200,0,195,52.00000002980232,247.00000002980232,23,0,0,,426.9104506,,0,10,0.6,46609,49927,12.4
EUW1_6824772956,2163,100,1,205,42.000000059604645,247.00000005960464,35,0,5,890.8224345,845.8897803,2097.4480491,1,4,0.5470588235294118,70607,79546,16.0
EUW1_6824772956,2163,200,0,205,43.750000059604645,248.75000005960464,9,0,0,,338.32600579999996,1691.4672752,1,25,0.4727272727272728,63001,73160,15.4
EUW1_6825880769,2200,100,0,216,50.000000059604645,266.00000005960464,17,0,0,,1221.2563146999998,,0,6,0.44000000000000006,70868,84952,16.4
EUW1_6825880769,2200,200,1,221,63.6000000834465,284.6000000834465,19,0,5,902.6769958,463.3236902,1521.5208499999999,0,9,0.5722222222222222,77538,98368,17.6
EUW1_6825894398,1478,100,0,187,70.00000008940697,257.00000008940697,10,0,0,,,,0,1,0.37333333333333335,42305,50055,12.4
EUW1_6825894398,1478,200,1,216,76.00000008940697,292.00000008940697,38,0,5,859.5238978,354.9808165,1388.2252469999999,1,12,0.4444444444444445,52599,62158,14.0
EUW1_6825929972,1983,100,0,215,62.000000059604645,277.00000005960464,29,0,0,,730.2910637,,0,7,0.4514285714285714,67203,75771,15.8
EUW1_6825929972,1983,200,1,216,54.00000008940697,270.00000008940697,44,0,5,843.8259853999999,1072.9171814,1803.5700425,0,6,0.4339622641509434,73420,88058,17.0
EUW1_6826008512,2569,100,0,195,40.000000059604645,235.00000005960464,21,0,0,,787.2246144999999,1260.9150894,0,8,0.55,84855,104839,17.8
EUW1_6826008512,2569,200,1,222,58.00000008940697,280.00000008940697,20,0,5,847.2614662999999,462.92997429999997,1706.4410289,1,19,0.46976744186046515,89471,114316,18.0
EUW1_6826092178,2070,100,0,203,60.00000008940697,263.00000008940697,32,0,0,,1565.1195106,1683.6030406999998,0,11,0.5,71332,85854,16.6
EUW1_6826092178,2070,200,1,218,66.00000005960464,284.00000005960464,26,0,5,852.7490435999999,531.3078404,,1,4,0.45714285714285713,73064,85966,17.0
EUW1_6826172971,965,100,0,246,64.00000008940697,310.00000008940697,5,0,0,,,,0,3,0.3333333333333333,24300,30416,9.4
EUW1_6826172971,965,200,1,225,50.000000059604645,275.00000005960464,40,0,5,713.7199124,543.1253403,,0,5,0.5058823529411764,32274,35238,10.4
EUW1_6826213635,2150,100,1,212,54.00000008940697,266.00000008940697,16,0,5,747.0350516999999,462.2911883,2034.4234572999999,0,11,0.4375,72191,91383,17.0
EUW1_6826213635,2150,200,0,185,44.00000002980232,229.00000002980232,13,0,0,,1493.0762493999998,1292.9556547,0,0,0.4685714285714286,71012,89420,17.2
EUW1_6826269299,1511,100,1,199,56.00000008940697,255.00000008940697,26,0,0,,,1265.4181231999999,0,5,0.49411764705882344,56188,61325,13.8
EUW1_6826269299,1511,200,0,220,62.000000059604645,282.00000005960464,40,0,5,831.2754662,457.15530459999997,,0,6,0.375,51068,53671,12.8
EUW1_6826272759,1828,100,0,232,48.00000008940697,280.00000008940697,12,0,0,,,,0,6,0.4,54548,68232,15.0
EUW1_6826272759,1828,200,1,215,72.00000008940697,287.00000008940697,11,0,5,980.9466524999999,701.2879942,1473.1816299,0,7,0.5128205128205129,65238,78988,16.2
EUW1_6826305420,1823,100,1,200,46.00000002980232,246.00000002980232,50,0,5,794.1403247999999,1443.2366846,1732.473599,1,10,0.511864406779661,77515,76815,15.8
EUW1_6826305420,1823,200,0,163,47.75000008940697,210.75000008940697,36,0,0,,439.50152779999996,,0,15,0.5333333333333334,62422,64457,14.6
EUW1_6826309165,1877,100,0,234,58.000000059604645,292.00000005960464,16,0,5,897.4743042,803.0268480999999,,0,2,0.4608695652173913,55820,64273,14.2
EUW1_6826309165,1877,200,1,225,56.000000059604645,281.00000005960464,25,0,0,,394.9622344,1441.1070444,1,4,0.475,66586,78057,16.0
EUW1_6826350576,1793,100,0,198,44.000000059604645,242.00000005960464,20,0,0,,599.9032563999999,,0,3,0.46896551724137936,55844,64757,14.2
EUW1_6826350576,1793,200,1,183,54.000000059604645,237.00000005960464,30,0,5,667.5943073999999,934.0083444999999,,0,5,0.41621621621621624,65647,71752,15.4
EUW1_6826375178,1445,100,0,196,48.000000059604645,244.00000005960464,12,0,0,,873.8000228999999,,0,1,0.3555555555555555,38462,47587,12.2
EUW1_6826375178,1445,200,1,202,62.00000002980232,264.0000000298023,10,0,5,894.6471672,538.2065106,,0,3,0.4714285714285714,47368,54421,12.8
EUW1_6826376490,1717,100,0,228,50.60000002384186,278.60000002384186,14,0,5,666.3694353,1459.0303929,,0,7,0.45600000000000007,53793,61346,13.8
EUW1_6826376490,1717,200,1,206,54.00000008940697,260.00000008940697,15,0,0,,342.9458924,1369.832943,1,6,0.5823529411764705,60607,70275,15.2
EUW1_6826399561,1887,100,0,197,67.00000008940697,264.00000008940697,16,0,5,893.5632377999999,,,1,3,0.35,55652,65376,14.4
EUW1_6826399561,1887,200,1,190,45.00000008940697,235.00000008940697,21,0,0,,703.6227235,,0,6,0.45714285714285713,65648,77690,15.8
EUW1_6826748732,2363,100,0,183,54.000000059604645,237.00000005960464,32,0,5,825.9685052,796.2180316,,0,5,0.5476190476190477,74046,82901,16.6
EUW1_6826748732,2363,200,1,161,56.00000011920929,217.0000001192093,23,0,0,,374.9088538,1706.0337072,0,7,0.53125,74171,89799,17.2
EUW1_6826801904,1996,100,0,187,56.000000059604645,243.00000005960464,29,0,0,,444.4958167,,1,0,0.4896551724137931,60918,71562,15.4
EUW1_6826801904,1996,200,1,195,66.00000008940697,261.00000008940697,16,0,5,938.2807524,915.4987278,1826.5701872,0,2,0.4604651162790698,70993,84625,16.4
EUW1_6826831564,2268,100,1,198,76.8000001013279,274.8000001013279,34,0,5,888.0636191,,1374.2292548,1,9,0.4245614035087719,85497,98737,17.2
EUW1_6826831564,2268,200,0,192,49.200000047683716,241.20000004768372,22,0,0,,371.1956272,,0,3,0.515,74097,90180,17.2
EUW1_6826856284,2125,100,0,224,64.00000011920929,288.0000001192093,23,0,5,738.983939,859.8878599,,0,6,0.43499999999999994,69412,86365,17.0
EUW1_6826856284,2125,200,1,200,62.000000059604645,262.00000005960464,20,0,0,,486.7839856,,0,3,0.4470588235294118,69418,79318,16.0
EUW1_6826892526,1592,100,1,199,64.00000008940697,263.00000008940697,21,0,5,923.6475111,419.1528118,1314.4585505999999,0,7,0.42000000000000004,59800,71320,15.2
EUW1_6826892526,1592,200,0,201,82.00000008940697,283.00000008940697,28,0,0,,759.2546482,,0,7,0.4521739130434782,49514,59222,13.8
EUW1_6826917952,1455,100,0,199,48.00000008940697,247.00000008940697,21,0,0,,,,0,7,0.4416666666666667,47241,52112,13.0
EUW1_6826917952,1455,200,1,209,70.00000005960464,279.00000005960464,45,0,5,836.7076955,541.5611761,1385.5257193999998,1,0,0.4651162790697675,61398,65276,14.4
EUW1_6826946276,2028,100,0,152,62.00000008940697,214.00000008940697,14,0,0,,,,0,8,0.4444444444444445,58001,72814,15.4
EUW1_6826946276,2028,200,1,184,48.00000002980232,232.00000002980232,31,0,5,884.3066573,585.5515922,1640.4669649,1,6,0.49767441860465117,68276,81031,16.4
EUW1_6827091730,1371,100,1,167,54.000000059604645,221.00000005960464,27,0,5,862.663289,851.1196100999999,1319.1000265,0,3,0.4972972972972974,48948,56687,13.4
EUW1_6827091730,1371,200,0,200,55.75000008940697,255.75000008940697,28,0,0,,390.14795649999996,,1,8,0.411764705882353,39050,41919,11.4
EUW1_6827104281,1847,100,1,188,54.000000059604645,242.00000005960464,17,0,0,,1685.1240911,1565.0164822,0,4,0.43076923076923074,66571,76851,15.6
EUW1_6827104281,1847,200,0,189,68.00000008940697,257.00000008940697,27,0,5,949.5652892999999,647.6037248,,0,8,0.44571428571428573,58492,66729,14.8
EUW1_6827111903,973,100,1,217,56.00000008940697,273.00000008940697,26,0,0,,383.48574299999996,,0,2,0.35,29104,33523,9.8
EUW1_6827111903,973,200,0,209,58.00000008940697,267.00000008940697,4,0,0,,,,1,2,0.2,23888,28947,9.0
EUW1_6827161165,1332,100,0,181,48.000000059604645,229.00000005960464,9,0,0,,,,0,5,0.3428571428571428,33098,37807,10.6
EUW1_6827161165,1332,200,1,192,46.000000059604645,238.00000005960464,31,0,5,744.8124868,618.1372948999999,,1,3,0.4764705882352941,46507,50661,12.8
EUW1_6827206133,1963,100,0,184,58.000000059604645,242.00000005960464,15,0,5,905.4469828,1278.1077581,,0,1,0.43,57100,64574,14.4
EUW1_6827206133,1963,200,1,192,68.00000008940697,260.00000008940697,12,0,0,,838.0832372,1666.7947176999999,1,11,0.5548387096774193,61474,76399,16.0
EUW1_6827242583,2578,100,0,195,60.00000008940697,255.00000008940697,23,0,0,,405.28681639999996,2313.0134117,0,6,0.5086956521739131,81225,100274,17.6
EUW1_6827242583,2578,200,1,181,54.000000059604645,235.00000005960464,31,0,5,828.4030983,784.6007291,,1,5,0.4235294117647059,84138,92543,17.4
EUW1_6827303465,1949,100,1,181,58.00000008940697,239.00000008940697,25,0,5,880.5147873999999,1066.6768313999999,,0,9,0.4,63073,75945,15.6
EUW1_6827303465,1949,200,0,199,44.000000059604645,243.00000005960464,7,0,0,,,1886.5651881,0,10,0.4,57157,73440,15.4
EUW1_6827367057,2050,100,0,196,40.000000059604645,236.00000005960464,10,0,0,,404.0874493,,0,3,0.41600000000000004,65303,77395,16.0
EUW1_6827367057,2050,200,1,176,70.00000008940697,246.00000008940697,31,0,5,852.6138811,815.7266572,1308.2817696,0,2,0.3791666666666666,73433,85850,16.8
EUW1_6827481136,1662,100,1,199,52.00000008940697,251.00000008940697,43,0,0,,439.78506489999995,1288.5922303,1,3,0.40888888888888886,66552,71016,15.0
EUW1_6827481136,1662,200,0,228,54.000000059604645,282.00000005960464,19,0,5,772.6700903999999,,,1,9,0.31666666666666665,49799,57916,13.2
EUW1_6827520226,1812,100,0,198,60.000000059604645,258.00000005960464,23,0,0,,,,0,8,0.43684210526315786,61858,77998,16.0
EUW1_6827520226,1812,200,1,223,62.000000059604645,285.00000005960464,21,0,5,689.4229609,656.0612067,,1,2,0.375,64210,68930,15.0
EUW1_6827572781,2383,100,0,179,36.00000002980232,215.00000002980232,16,0,0,,764.9131242,,0,2,0.44444444444444436,65771,84014,16.8
EUW1_6827572781,2383,200,1,219,56.000000059604645,275.00000005960464,16,0,5,861.1977208,410.9476325,1398.8751508,0,4,0.40555555555555556,80719,104541,17.6
EUW1_6827711006,2716,100,1,133,48.00000008940697,181.00000008940697,18,0,0,,1030.5155366,2105.5488543,1,13,0.5381818181818182,88626,118367,18.0
EUW1_6827711006,2716,200,0,177,38.0,215.0,18,0,5,949.6504805,667.2045613,1561.9855994,0,5,0.5130434782608695,80947,92742,17.2
EUW1_6827973458,1933,100,0,149,44.000000059604645,193.00000005960464,26,0,0,,693.9528669,,0,5,0.5166666666666666,52383,60158,13.8
EUW1_6827973458,1933,200,1,199,48.000000059604645,247.00000005960464,16,0,5,949.2843851,1799.8048043,1893.9759743,1,1,0.4108108108108108,64626,73733,15.4
EUW1_6827989388,912,100,0,166,52.50000008940697,218.50000008940697,6,0,0,,,,0,0,0.3,21085,25020,8.4
EUW1_6827989388,912,200,1,188,46.000000059604645,234.00000005960464,36,0,5,858.3803719,742.9177417,,1,3,0.36,29387,31900,9.6
EUW1_6828397067,1436,100,0,191,56.00000008940697,247.00000008940697,10,0,0,,,,0,0,0.36666666666666664,39919,51479,12.8
EUW1_6828397067,1436,200,1,170,65.75000005960464,235.75000005960464,12,0,5,694.7726471999999,535.483001,,0,1,0.4,47366,53430,13.0
EUW1_6828458568,1553,100,0,193,46.00000002980232,239.00000002980232,14,0,0,,401.2631361,,0,4,0.36666666666666664,39626,49639,12.6
EUW1_6828458568,1553,200,1,178,60.000000059604645,238.00000005960464,14,0,5,915.7289364,761.2115527,,0,2,0.43200000000000005,49586,63494,14.2
EUW1_6828492873,1340,100,0,141,51.75000008940697,192.75000008940697,21,0,0,,608.2730159,,0,0,0.35,38453,41983,11.2
EUW1_6828492873,1340,200,1,186,62.000000059604645,248.00000005960464,39,0,5,590.7621618,1112.0330407,,2,5,0.3885714285714285,47804,48505,12.4
EUW1_6828509215,1554,100,0,181,56.000000059604645,237.00000005960464,5,0,0,,973.1734359999999,,0,1,0.4222222222222222,39026,48091,12.4
EUW1_6828509215,1554,200,1,163,70.00000008940697,233.00000008940697,14,0,5,983.8460038,568.9955474999999,,0,5,0.3354838709677419,51273,63286,14.4
EUW1_6828727087,2014,100,1,196,67.25000008940697,263.25000008940697,28,0,0,,1221.6032189999999,1686.7932214999998,1,4,0.46938775510204084,74384,88658,17.0
EUW1_6828727087,2014,200,0,182,58.00000002980232,240.00000002980232,26,0,5,769.6664486999999,490.34991709999997,,0,12,0.44799999999999995,61313,69044,15.2
EUW1_6828747038,1275,100,1,190,60.00000008940697,250.00000008940697,25,0,5,896.3773842999999,1150.1677946,,0,2,0.43200000000000005,41719,48062,12.2
EUW1_6828747038,1275,200,0,217,46.000000059604645,263.00000005960464,10,0,0,,830.6757614999999,,1,2,0.3142857142857142,31411,37840,10.6
EUW1_6828796210,1962,100,1,195,36.000000059604645,231.00000005960464,13,0,0,,953.1282980999999,1555.6092793999999,0,6,0.5225806451612903,61135,69096,14.8
EUW1_6828796210,1962,200,0,195,48.00000002980232,243.00000002980232,21,0,5,833.3677656,539.7885878,,0,5,0.5111111111111112,61286,68569,14.8
EUW1_6828807103,1559,100,0,165,52.000000059604645,217.00000005960464,21,0,0,,883.3612519,,0,3,0.45384615384615384,48550,57484,13.4
EUW1_6828807103,1559,200,1,204,58.000000059604645,262.00000005960464,31,0,5,786.9508672999999,562.9474154,1468.5027294,0,4,0.43076923076923074,57671,64326,14.2
EUW1_6828864351,1776,100,1,199,70.00000008940697,269.00000008940697,22,0,5,786.4397607,401.36254249999996,1536.5826711,2,12,0.41,64602,73448,15.8
EUW1_6828864351,1776,200,0,164,44.00000002980232,208.00000002980232,25,0,0,,,,0,1,0.4903225806451613,57057,67787,14.8
EUW1_6828885774,1639,100,1,196,72.00000005960464,268.00000005960464,31,0,5,729.2105071,427.1870381,1438.3379553,1,4,0.49000000000000005,60551,68683,15.0
EUW1_6828885774,1639,200,0,159,46.000000059604645,205.00000005960464,8,0,0,,1228.8338377,,0,4,0.3888888888888889,43163,54788,13.2
EUW1_6829485875,1753,100,1,193,62.000000059604645,255.00000005960464,20,0,0,,806.1599001999999,1508.6528448,1,3,0.5588235294117647,61515,71718,15.4
EUW1_6829485875,1753,200,0,219,56.000000059604645,275.00000005960464,15,0,5,790.5777058,437.50259539999996,,0,2,0.4375,48554,57073,13.6
EUW1_6829505438,2038,100,0,189,56.000000059604645,245.00000005960464,18,0,5,860.4415495999999,,,0,5,0.40800000000000003,59877,75687,15.6
EUW1_6829505438,2038,200,1,157,62.000000059604645,219.00000005960464,26,0,0,,533.3637056,1451.7342942999999,0,7,0.4,76430,92697,17.4
EUW1_6829587875,916,100,1,211,74.00000014901161,285.0000001490116,32,0,0,,,,1,2,0.3555555555555555,29894,34798,10.0
EUW1_6829587875,916,200,0,190,60.00000002980232,250.00000002980232,7,0,0,,487.0741018,,0,1,0.28,22597,27600,9.0
EUW1_6829619827,1738,100,1,179,40.0,219.0,10,0,0,,558.3298998,,0,5,0.48571428571428565,56685,64774,14.2
EUW1_6829619827,1738,200,0,201,42.00000002980232,243.00000002980232,21,0,5,1045.3887879,,,0,3,0.4709677419354839,52993,58597,14.0
EUW1_6829633860,2322,100,1,205,70.00000008940697,275.00000008940697,25,0,5,970.0722328999999,487.58426649999996,1916.3616218,0,7,0.44000000000000006,82848,99001,17.4
EUW1_6829633860,2322,200,0,203,48.000000059604645,251.00000005960464,23,0,0,,1577.8868545999999,,0,3,0.496,77834,94412,17.4
EUW1_6829658307,1741,100,0,170,40.00000008940697,210.00000008940697,18,0,5,923.1094935,525.0964018,,0,0,0.4,45482,51296,12.6
EUW1_6829658307,1741,200,1,158,50.000000059604645,208.00000005960464,36,0,0,,868.1420247,1605.7700114,1,4,0.46875,56678,62278,14.0
EUW1_6829697451,1928,100,1,220,50.00000002980232,270.0000000298023,22,0,5,986.909267,1338.4258926999998,1473.1319968,1,21,0.5733333333333334,67978,82126,16.4
EUW1_6829697451,1928,200,0,211,72.00000011920929,283.0000001192093,10,0,0,,598.2795118,,0,5,0.4933333333333333,55666,69701,15.0
EUW1_6829700742,2326,100,1,203,58.000000059604645,261.00000005960464,22,0,5,904.745628,757.4627760999999,2229.8973877999997,0,15,0.4222222222222222,79025,103922,17.6
EUW1_6829700742,2326,200,0,196,68.00000008940697,264.00000008940697,17,0,0,,1804.7458992,,0,9,0.4238095238095238,73761,88349,17.0
EUW1_6829718164,2164,100,0,173,70.00000008940697,243.00000008940697,31,0,0,,511.4810356,1840.3096798,1,2,0.4789473684210527,66171,77423,16.0
EUW1_6829718164,2164,200,1,223,50.000000059604645,273.00000005960464,9,0,5,921.2893575999999,893.8418405,,0,4,0.44571428571428573,71214,85703,16.2
EUW1_6829761861,1351,100,1,184,70.00000008940697,254.00000008940697,14,0,5,860.0692991,1281.2388492,,0,5,0.3625,46266,56488,13.2
EUW1_6829761861,1351,200,0,195,47.500000059604645,242.50000005960464,29,0,0,,542.5267673,,2,2,0.36666666666666664,40099,47969,12.4
EUW1_6829804360,2611,100,0,213,44.00000008940697,257.00000008940697,22,0,0,,421.2299468,,0,20,0.4303030303030303,78947,93903,17.2
EUW1_6829804360,2611,200,1,218,54.00000008940697,272.00000008940697,21,0,5,1026.7092745999998,846.3244427999999,2103.8188225,0,11,0.4333333333333333,87759,112584,18.0
EUW1_6829894466,2210,100,0,219,60.00000008940697,279.00000008940697,19,0,5,948.6952954,1031.8423175,,0,4,0.4875,72791,87677,16.8
EUW1_6829894466,2210,200,1,203,66.00000008940697,269.00000008940697,28,0,0,,675.7025119,1520.5884377,0,5,0.4826086956521739,78696,98964,17.4
EUW1_6830073188,925,100,1,215,52.000000059604645,267.00000005960464,41,0,5,762.6851134999999,509.0443451,,1,6,0.43157894736842095,31913,33215,10.0
EUW1_6830073188,925,200,0,163,60.00000008940697,223.00000008940697,14,0,0,,,,2,4,0.35,24669,27646,9.0
EUW1_6830115577,2379,100,0,170,62.000000059604645,232.00000005960464,18,0,0,,,,0,6,0.48,77496,96876,17.8
EUW1_6830115577,2379,200,1,169,44.000000059604645,213.00000005960464,39,0,5,859.3337121999999,594.2091601,2044.7911345999999,2,4,0.47301587301587295,88193,107403,17.8
EUW1_6830137121,2307,100,1,194,44.00000008940697,238.00000008940697,18,0,5,985.2918956999999,596.3322982999999,1787.3161229999998,0,10,0.4791666666666667,77809,95953,17.4
EUW1_6830137121,2307,200,0,173,54.000000059604645,227.00000005960464,20,0,0,,1279.7480197999998,,0,12,0.5212121212121212,69329,81470,16.4
EUW1_6830187587,2045,100,0,180,38.000000059604645,218.00000005960464,21,0,0,,,,0,2,0.496551724137931,59363,72619,15.4
EUW1_6830187587,2045,200,1,179,60.00000008940697,239.00000008940697,25,0,5,951.9943380999999,662.894629,1271.6499867,1,7,0.5217391304347826,71115,85691,16.8
EUW1_6830239409,2078,100,1,202,54.000000059604645,256.00000005960464,50,0,5,609.6255122,428.20552879999997,,3,0,0.3939393939393939,79712,83506,16.8
EUW1_6830239409,2078,200,0,158,35.60000005364418,193.60000005364418,34,0,0,,1433.1745726,1280.3834766,0,8,0.5111111111111112,79356,88302,17.0
EUW1_6830276278,1296,100,1,186,72.00000008940697,258.00000008940697,31,0,5,761.9529338,553.4726923,,1,4,0.3806451612903226,46132,48006,12.2
EUW1_6830276278,1296,200,0,209,36.00000002980232,245.00000002980232,12,0,0,,948.1082429999999,,1,1,0.36666666666666664,38028,43030,11.6
EUW1_6830317725,1711,100,0,173,50.000000059604645,223.00000005960464,12,0,0,,555.305749,,0,6,0.4083333333333333,49196,55898,13.4
EUW1_6830317725,1711,200,1,172,64.00000008940697,236.00000008940697,38,0,5,892.6169972,879.2246068,,1,5,0.4382978723404255,62902,68459,14.6
EUW1_6830364939,2321,100,0,172,44.000000059604645,216.00000005960464,18,0,0,,426.1113832,,0,11,0.4242424242424242,69831,83975,16.4
EUW1_6830364939,2321,200,1,186,60.000000059604645,246.00000005960464,11,0,5,920.3776891,750.9275891999999,1760.047867,0,13,0.5,79520,101751,17.8
EUW1_6830481319,1566,100,0,165,44.000000059604645,209.00000005960464,36,0,0,,,,0,6,0.4,46950,51992,12.8
EUW1_6830481319,1566,200,1,181,70.00000005960464,251.00000005960464,37,0,5,770.008638,559.871868,1469.2527816,1,6,0.363265306122449,62624,66976,14.6
EUW1_6830551415,1892,100,0,187,54.00000008940697,241.00000008940697,19,0,0,,396.563722,,0,0,0.4444444444444445,54655,64366,14.2
EUW1_6830551415,1892,200,1,174,52.000000059604645,226.00000005960464,33,0,5,920.2203661,795.5303187999999,1721.9366656999998,1,5,0.4125,69352,81994,16.4
EUW1_6830855745,2732,100,1,235,62.000000059604645,297.00000005960464,25,0,0,,420.45519429999996,1849.3888591,1,17,0.3517241379310345,96780,128765,18.0
EUW1_6830855745,2732,200,0,225,70.00000008940697,295.00000008940697,16,0,5,956.7261332999999,1146.198302,,0,13,0.47346938775510206,89722,112980,18.0
EUW1_6830888490,954,100,0,200,58.000000059604645,258.00000005960464,5,0,0,,,,0,5,0.5,22438,28446,9.2
EUW1_6830888490,954,200,1,205,60.00000008940697,265.00000008940697,32,0,5,741.9953074,514.0190736999999,,0,5,0.3888888888888889,30895,34298,10.0
EUW1_6831164008,1861,100,0,187,56.40000006556511,243.4000000655651,21,0,0,,,,1,9,0.425,50520,62462,14.4
EUW1_6831164008,1861,200,1,201,52.000000059604645,253.00000005960464,28,0,5,969.3554026999999,507.4800224,,1,2,0.36666666666666664,66289,75771,15.6
EUW1_6831188605,1220,100,0,185,40.000000059604645,225.00000005960464,20,0,0,,,,0,3,0.5777777777777777,32046,36650,10.4
EUW1_6831188605,1220,200,1,211,54.00000002980232,265.0000000298023,34,0,5,825.8241128999999,626.0157687,,1,4,0.42666666666666664,42870,46405,11.8
EUW1_6831228505,2085,100,0,213,44.00000008940697,257.00000008940697,17,0,5,923.7874496,870.2361532,,0,14,0.384,59206,74025,15.4
EUW1_6831228505,2085,200,1,190,58.000000059604645,248.00000005960464,15,0,0,,521.0644207,1429.5872187,1,9,0.45882352941176474,70696,84910,16.8
EUW1_6831257411,2054,100,0,177,40.000000059604645,217.00000005960464,26,0,0,,1837.2134125999999,,1,0,0.41142857142857137,63111,72550,15.2
EUW1_6831257411,2054,200,1,168,36.00000002980232,204.00000002980232,29,0,5,980.474254,778.9333138,1938.8119848,0,7,0.4666666666666666,74115,86508,17.2
EUW1_6831331423,2582,100,1,151,52.00000008940697,203.00000008940697,15,0,0,,2320.3127836999997,2220.5810713,1,0,0.39148936170212767,84420,111011,17.8
EUW1_6831331423,2582,200,0,165,40.000000059604645,205.00000005960464,18,0,5,766.6363875,761.7286677,,1,4,0.4528301886792453,80546,103051,17.8
EUW1_6831335689,3395,100,0,176,58.00000008940697,234.00000008940697,8,0,5,715.1343329,1250.3443194,2377.6271813,1,1,0.43720930232558136,95751,127056,18.0
EUW1_6831335689,3395,200,1,167,60.000000059604645,227.00000005960464,19,0,0,,446.131262,1438.7687962,2,1,0.5740740740740741,107755,136650,18.0
EUW1_6831786456,1705,100,0,184,58.00000008940697,242.00000008940697,7,0,0,,,,0,4,0.4352941176470589,47269,57898,13.6
EUW1_6831786456,1705,200,1,183,47.750000059604645,230.75000005960464,22,0,5,864.9605412999999,734.1690378999999,1339.8152436,2,10,0.5071428571428571,58273,69686,15.0
EUW1_6831814930,1447,100,0,233,56.000000059604645,289.00000005960464,12,0,0,,426.15264529999996,,0,4,0.4600000000000001,38310,47908,12.2
EUW1_6831814930,1447,200,1,248,74.00000008940697,322.00000008940697,20,0,5,987.6602234999999,742.0852950999999,,2,6,0.51,48292,51629,12.4
EUW1_6831868073,1768,100,1,175,70.00000008940697,245.00000008940697,10,0,0,,492.15299489999995,,0,2,0.44000000000000006,55842,66975,14.8
EUW1_6831868073,1768,200,0,174,50.00000002980232,224.00000002980232,38,0,5,869.2636593,1048.4789907,,1,6,0.4486486486486487,52144,59826,13.8
EUW1_6832004266,989,100,1,214,46.00000002980232,260.0000000298023,39,0,5,701.0734579,721.5355556999999,,1,3,0.43636363636363634,33248,32585,9.8
EUW1_6832004266,989,200,0,180,47.750000059604645,227.75000005960464,17,0,0,,,,0,6,0.48571428571428565,26017,30298,9.6
EUW1_6832043189,2311,100,0,197,50.000000059604645,247.00000005960464,17,0,0,,759.657487,,0,16,0.5857142857142857,68662,79367,16.0
EUW1_6832043189,2311,200,1,198,64.00000005960464,262.00000005960464,22,0,5,853.1367892,391.42455029999996,1471.5138997,0,8,0.38636363636363635,82236,100602,17.8
EUW1_6832045389,1697,100,0,209,48.000000059604645,257.00000005960464,18,0,0,,563.4613485,,0,4,0.4230769230769232,56633,66967,14.6
EUW1_6832045389,1697,200,1,222,78.00000008940697,300.00000008940697,39,0,5,941.2097431999999,893.8333061,,1,1,0.4,69253,76315,15.8
EUW1_6832131934,1636,100,1,212,74.00000008940697,286.00000008940697,19,0,5,926.3460325,530.5048146,,0,6,0.6,57626,65787,14.8
EUW1_6832131934,1636,200,0,199,64.00000008940697,263.00000008940697,14,0,0,,,,2,6,0.4133333333333334,43755,53116,13.0
EUW1_6832200433,2628,100,1,177,64.00000008940697,241.00000008940697,12,0,0,,864.6304361,1678.7101125,0,2,0.5,79413,103185,18.0
EUW1_6832200433,2628,200,0,187,70.00000008940697,257.00000008940697,12,0,5,1216.3148704999999,1929.1434001999999,,2,6,0.49696969696969695,79830,103548,17.4
EUW1_6832290304,1745,100,0,169,36.000000059604645,205.00000005960464,19,0,0,,,,0,3,0.4413793103448276,52442,61702,14.0
EUW1_6832290304,1745,200,1,164,66.00000008940697,230.00000008940697,19,0,5,684.8892809,525.2121803,,1,3,0.35500000000000004,59821,69549,15.0
EUW1_6832299255,1518,100,1,176,44.000000059604645,220.00000005960464,25,0,5,1055.8374062999999,,,1,6,0.3823529411764706,49083,50550,12.6
EUW1_6832299255,1518,200,0,162,44.000000059604645,206.00000005960464,15,0,0,,441.4047243,1324.3990136999998,1,1,0.4695652173913044,45202,51664,12.8
EUW1_6832331921,2053,100,1,169,41.000000059604645,210.00000005960464,16,0,0,,1748.9703299,1947.8136422999999,0,3,0.4631578947368421,69992,84206,16.6
EUW1_6832331921,2053,200,0,190,77.00000008940697,267.00000008940697,17,0,5,933.0071889,775.5213315999999,,1,3,0.4521739130434782,60546,74936,15.8
EUW1_6832368906,1511,100,1,188,50.000000059604645,238.00000005960464,15,0,5,759.7256029,616.7308565999999,,1,3,0.40869565217391307,48277,54103,13.0
EUW1_6832368906,1511,200,0,167,56.00000008940697,223.00000008940697,20,0,0,,,,0,4,0.3538461538461538,43937,49018,12.2
EUW1_6832399020,1712,100,1,153,72.00000008940697,225.00000008940697,28,0,0,,747.9954252,1643.554273,0,2,0.41025641025641024,60921,72656,15.2
EUW1_6832399020,1712,200,0,172,68.00000008940697,240.00000008940697,26,0,5,895.1456918,,,1,4,0.3333333333333333,54476,62500,14.2
EUW1_6832529111,2110,100,0,187,58.000000059604645,245.00000005960464,12,0,0,,690.3722424,,0,3,0.6153846153846154,56754,68957,15.0
EUW1_6832529111,2110,200,1,199,56.00000008940697,255.00000008940697,17,0,5,992.6036296999999,1064.3950442,1576.1900945999998,0,14,0.49714285714285716,70575,88375,17.0
EUW1_6832556050,1842,100,1,204,62.00000008940697,266.00000008940697,18,0,5,871.3818411999999,1517.5570633999998,1553.1091013999999,0,4,0.4057142857142857,63509,74019,15.4
EUW1_6832556050,1842,200,0,219,64.00000005960464,283.00000005960464,14,0,0,,486.1591208,,0,2,0.4416666666666667,55202,69315,15.2
EUW1_6832574394,979,100,0,183,52.00000002980232,235.00000002980232,13,0,0,,,,0,1,0.325,24801,28922,9.2
EUW1_6832574394,979,200,1,176,56.00000008940697,232.00000008940697,30,0,0,,397.9228554,,1,2,0.3428571428571428,30296,34202,10.0
EUW1_6832597834,2035,100,1,171,54.000000059604645,225.00000005960464,17,0,5,926.4508030999999,820.4029292,1950.814113,1,0,0.43999999999999995,68644,83702,16.4
EUW1_6832597834,2035,200,0,154,56.000000059604645,210.00000005960464,18,0,0,,489.4542404,,0,2,0.42666666666666664,57047,70163,15.0
EUW1_6832628066,1813,100,0,138,46.00000008940697,184.00000008940697,25,0,5,810.0642647,,,0,1,0.4461538461538462,52469,58266,13.8
EUW1_6832628066,1813,200,1,142,48.00000002980232,190.00000002980232,18,0,0,,549.5949668,,0,3,0.4651162790697675,64501,74445,15.6
EUW1_6832727303,1928,100,0,166,48.000000059604645,214.00000005960464,25,0,5,954.8759934,446.7008601,,0,3,0.37073170731707317,61143,71342,15.4
EUW1_6832727303,1928,200,1,205,46.000000059604645,251.00000005960464,27,0,0,,1201.8246574,1487.0333088,0,4,0.32592592592592595,70963,80588,16.0
EUW1_6832890547,1628,100,1,165,64.00000005960464,229.00000005960464,35,0,5,903.0140941999999,541.3987588,1617.9308526,0,4,0.45,58785,65186,14.4
EUW1_6832890547,1628,200,0,162,50.00000008940697,212.00000008940697,25,0,0,,,,1,8,0.5411764705882354,43113,51510,12.8
EUW1_6832950437,2022,100,0,190,53.20000001788139,243.2000000178814,39,0,5,859.9072203999999,470.28557029999996,1676.2193991,0,2,0.4121212121212121,66440,73549,15.2
EUW1_6832950437,2022,200,1,182,52.800000101327896,234.8000001013279,17,0,0,,1109.1456845999999,1257.0097322,0,7,0.5238095238095238,68105,77909,16.0
EUW1_6833377352,2072,100,0,204,47.750000059604645,251.75000005960464,14,0,0,,1349.5883959,1242.2386735999999,0,3,0.48,62028,75850,15.6
EUW1_6833377352,2072,200,1,215,58.000000059604645,273.00000005960464,14,0,5,876.710166,590.6104611999999,1640.6726148999999,1,8,0.4545454545454545,67143,79121,16.0
EUW1_6833464531,1891,100,1,193,59.25000008940697,252.25000008940697,28,0,5,895.0435239999999,1287.1921373999999,1734.8029698,0,6,0.54375,64456,74561,15.4
EUW1_6833464531,1891,200,0,167,74.00000008940697,241.00000008940697,20,0,0,,456.3413617,,0,3,0.40714285714285714,57707,68710,15.0
EUW1_6833903608,1733,100,1,213,62.00000008940697,275.00000008940697,28,0,5,766.1799589999999,542.6958657,,2,3,0.40555555555555556,61386,67169,14.8
EUW1_6833903608,1733,200,0,166,44.00000002980232,210.00000002980232,21,0,0,,,,0,1,0.5478260869565218,50683,62723,14.0
EUW1_6833995313,1707,100,1,171,50.750000059604645,221.75000005960464,32,0,0,,522.8611042,,0,1,0.44000000000000006,63903,69631,15.0
EUW1_6833995313,1707,200,0,189,50.250000059604645,239.25000005960464,34,0,5,858.9740479,,,1,1,0.38888888888888895,56161,58777,13.8
EUW1_6834155214,918,100,1,172,46.000000059604645,218.00000005960464,53,0,5,629.4580639,739.0062203,,2,1,0.34705882352941175,35476,33647,10.0
EUW1_6834155214,918,200,0,148,36.000000059604645,184.00000005960464,26,0,0,,,,0,1,0.4,24962,25714,8.6
EUW1_6834194946,2004,100,1,198,48.000000059604645,246.00000005960464,41,0,5,890.6916344,445.21499409999996,1681.1601391,0,9,0.41600000000000004,74762,86256,16.6
EUW1_6834194946,2004,200,0,160,30.000000059604645,190.00000005960464,25,0,0,,906.0315592999999,,0,6,0.4444444444444445,64761,76070,15.8
EUW1_6834384156,1583,100,1,173,66.00000005960464,239.00000005960464,31,0,5,872.5110083999999,344.1707345,,0,2,0.47441860465116276,55367,60124,14.0
EUW1_6834384156,1583,200,0,203,40.000000059604645,243.00000005960464,23,0,0,,1444.5512214,,0,2,0.5,50319,54706,13.2
EUW1_6834475678,1810,100,1,193,62.00000008940697,255.00000008940697,37,0,0,,734.2069879,1354.1965209,0,5,0.475,66238,79040,16.2
EUW1_6834475678,1810,200,0,205,52.000000059604645,257.00000005960464,16,0,5,886.1540537999999,411.8085878,,1,1,0.39999999999999997,53821,66577,14.4
EUW1_6834543912,2298,100,1,213,58.000000059604645,271.00000005960464,22,0,5,855.819391,387.74649539999996,1987.8074373999998,0,19,0.40930232558139534,78903,94879,17.4
EUW1_6834543912,2298,200,0,221,68.00000011920929,289.0000001192093,28,0,0,,,,0,8,0.4875,78362,95805,17.6
EUW1_6835165214,2047,100,0,208,58.00000008940697,266.00000008940697,10,0,0,,565.0351383999999,1529.9143494999998,0,12,0.528,61562,70316,15.0
EUW1_6835165214,2047,200,1,189,68.00000008940697,257.00000008940697,35,0,5,908.4419631,897.5748381999999,1915.7361809,0,3,0.44000000000000006,70857,85261,16.4
EUW1_6835401917,2184,100,0,183,48.00000008940697,231.00000008940697,26,0,0,,986.3352269999999,1736.0179160999999,0,1,0.4,74465,83630,16.2
EUW1_6835401917,2184,200,1,191,50.000000059604645,241.00000005960464,27,0,5,922.5467347,1296.4366582999999,,0,4,0.4703703703703703,75527,84156,16.6
EUW1_6835458373,2075,100,0,194,56.000000059604645,250.00000005960464,23,0,0,,531.812294,,0,18,0.4588235294117647,70822,79966,16.0
EUW1_6835458373,2075,200,1,208,54.00000008940697,262.00000008940697,35,0,5,709.8292024,879.5892172,1413.5119323,1,7,0.425,81381,92700,17.4
EUW1_6835578604,914,100,1,230,58.000000059604645,288.00000005960464,37,0,5,814.4335361,850.2517474,,1,6,0.4333333333333333,31433,33471,10.0
EUW1_6835578604,914,200,0,204,52.00000002980232,256.0000000298023,8,0,0,,488.5292833,,0,1,0.32,23247,26538,8.6
EUW1_6835593294,1667,100,1,192,58.00000008940697,250.00000008940697,26,0,5,898.594651,998.2863080999999,,2,0,0.432258064516129,54712,62050,14.2
EUW1_6835593294,1667,200,0,168,76.00000008940697,244.00000008940697,16,0,0,,645.0073974,,0,2,0.41,49743,60875,13.8
EUW1_6835804005,1032,100,1,214,48.00000008940697,262.00000008940697,27,0,5,854.4037245,472.4409573,,0,2,0.3739130434782608,35208,37259,10.6
EUW1_6835804005,1032,200,0,178,66.00000008940697,244.00000008940697,15,0,0,,806.8928717,,0,0,0.34545454545454546,28852,31761,9.6
EUW1_6836869873,2007,100,0,178,50.000000059604645,228.00000005960464,24,0,5,1063.6998895,712.4595048,,0,2,0.4928571428571429,60738,71451,15.2
EUW1_6836869873,2007,200,1,140,56.000000059604645,196.00000005960464,25,0,0,,375.4194272,1604.1373067,1,4,0.3957446808510638,68518,82892,16.6
EUW1_6836982638,1694,100,1,213,44.000000059604645,257.00000005960464,37,0,5,798.5988603,1028.6253702,,2,3,0.4439024390243903,61123,66899,14.8
EUW1_6836982638,1694,200,0,151,70.00000005960464,221.00000005960464,13,0,0,,390.4631609,1404.3152767,0,4,0.4466666666666666,56428,68785,15.0
EUW1_6837022921,1936,100,0,174,56.000000059604645,230.00000005960464,37,0,0,,856.8473465,,1,4,0.45098039215686275,67429,74326,15.6
EUW1_6837022921,1936,200,1,177,54.00000008940697,231.00000008940697,43,0,5,812.8080438,1226.2458166,1439.5124597,1,7,0.3673469387755102,71784,74654,15.6
EUW1_6837323825,1226,100,0,190,44.000000059604645,234.00000005960464,13,0,0,,,,0,3,0.30666666666666664,35652,39331,10.8
EUW1_6837323825,1226,200,1,191,52.000000059604645,243.00000005960464,31,0,5,897.7465255999999,627.5780791999999,,1,5,0.4206896551724138,43366,47439,12.2
EUW1_6837393728,1658,100,0,144,54.000000059604645,198.00000005960464,37,0,0,,471.8571804,,1,4,0.4962962962962963,47128,51599,12.6
EUW1_6837393728,1658,200,1,156,72.00000008940697,228.00000008940697,8,0,5,852.5904111,813.6132981999999,1234.4940056,1,8,0.4384615384615385,54333,62951,14.4
EUW1_6837833507,1441,100,0,143,48.000000059604645,191.00000005960464,16,0,0,,429.81643069999996,,0,4,0.3818181818181818,42550,49541,12.6
EUW1_6837833507,1441,200,1,204,44.000000059604645,248.00000005960464,24,0,5,815.6989208,854.7623757,,1,0,0.34054054054054056,52102,56307,13.4
EUW1_6837849638,1816,100,1,216,50.000000059604645,266.00000005960464,19,0,5,939.5818654999999,824.9277264,1382.4164145999998,2,2,0.34545454545454546,67613,80589,15.6
EUW1_6837849638,1816,200,0,196,48.000000059604645,244.00000005960464,25,0,0,,,,0,2,0.34594594594594597,56778,66542,14.6
EUW1_6837860860,1630,100,1,176,50.00000002980232,226.00000002980232,35,0,5,887.7736494999999,749.0137473999999,1463.1944119999998,0,3,0.45,61081,68128,15.0
EUW1_6837860860,1630,200,0,198,56.00000008940697,254.00000008940697,21,0,0,,402.888407,,2,5,0.32,44377,50986,12.6
EUW1_6837872857,1998,100,0,160,62.00000008940697,222.00000008940697,26,0,5,731.5006781999999,1675.1046588,,0,0,0.5085714285714286,63272,69835,15.0
EUW1_6837872857,1998,200,1,181,60.000000059604645,241.00000005960464,35,0,0,,615.8792618,,0,2,0.375,67423,70990,15.0
EUW1_6837928379,2094,100,1,149,66.00000005960464,215.00000005960464,28,0,5,836.4853923,931.8046324,,2,1,0.3571428571428571,71208,78918,16.2
EUW1_6837928379,2094,200,0,179,44.000000059604645,223.00000005960464,20,0,0,,576.0758844,,1,4,0.44324324324324327,65217,79338,16.2
EUW1_6837953490,1903,100,1,184,56.00000008940697,240.00000008940697,42,0,5,769.6338824,578.6445699,1516.4174137,0,9,0.46222222222222226,74326,78679,16.2
EUW1_6837953490,1903,200,0,180,50.000000059604645,230.00000005960464,36,0,0,,,,0,10,0.4787878787878788,60570,67960,14.8
EUW1_6838778218,2014,100,0,146,33.60000005364418,179.60000005364418,19,0,0,,,,0,3,0.425,57210,70054,15.0
EUW1_6838778218,2014,200,1,186,44.40000003576279,230.4000000357628,17,0,5,897.6391878,702.1080248,1976.2807839999998,0,6,0.3288888888888889,70080,84138,16.6
EUW1_6839137493,1352,100,0,162,48.000000059604645,210.00000005960464,11,0,0,,,,0,3,0.4444444444444445,33617,37839,10.6
EUW1_6839137493,1352,200,1,186,46.000000059604645,232.00000005960464,34,0,5,755.9605826999999,607.6267396,1306.3216356,2,7,0.36585365853658536,50588,54668,13.2
EUW1_6839157404,1580,100,0,158,58.000000059604645,216.00000005960464,16,0,0,,377.1143606,,0,6,0.5,43629,49970,12.8
EUW1_6839157404,1580,200,1,188,44.000000059604645,232.00000005960464,22,0,5,854.8679328,752.0444984,1485.7683292,0,6,0.5483870967741935,54732,60848,14.0
EUW1_6839291492,2552,100,1,193,42.000000059604645,235.00000005960464,30,0,0,,932.8768597,2101.7409571999997,0,3,0.39999999999999997,93747,120575,18.0
EUW1_6839291492,2552,200,0,197,40.000000059604645,237.00000005960464,33,0,5,853.3702039,1638.1440261,1461.1459579999998,0,4,0.35600000000000004,87506,108140,17.8
EUW1_6839298123,1270,100,0,184,52.00000008940697,236.00000008940697,14,0,0,,,,0,1,0.37142857142857144,35668,41015,11.0
EUW1_6839298123,1270,200,1,240,50.00000008940697,290.00000008940697,28,0,5,632.4490476,622.7180735,,2,3,0.3483870967741935,47536,47634,12.0
EUW1_6839405840,1953,100,1,145,46.00000008940697,191.00000008940697,23,0,0,,1318.3894136,1533.0803483999998,0,11,0.4975609756097561,69832,84121,16.8
EUW1_6839405840,1953,200,0,173,42.000000059604645,215.00000005960464,30,0,5,897.2888994,602.2735539,,0,4,0.4057142857142857,61034,74202,15.6
EUW1_6839436456,2033,100,0,235,54.00000002980232,289.0000000298023,17,0,5,774.3750811,,,0,1,0.4193548387096774,67142,76509,15.8
EUW1_6839436456,2033,200,1,222,56.000000059604645,278.00000005960464,22,0,0,,554.2509703,1441.1176302,0,17,0.531578947368421,71706,91602,17.4
EUW1_6839478670,1447,100,1,216,72.00000011920929,288.0000001192093,36,0,5,670.6611934,1124.2106855,1302.0953645,0,3,0.4292682926829269,57945,62028,14.0
EUW1_6839478670,1447,200,0,193,58.000000059604645,251.00000005960464,22,0,0,,429.73595079999996,,0,11,0.4206896551724138,50052,54677,13.0
EUW1_6839700447,1359,100,1,174,70.00000008940697,244.00000008940697,52,0,5,850.6191329,372.4085713,,2,5,0.4708333333333333,56103,55248,13.4
EUW1_6839700447,1359,200,0,208,52.000000059604645,260.00000005960464,19,0,0,,,,0,1,0.4631578947368421,41745,47697,12.2
EUW1_6839783933,1833,100,0,236,52.000000059604645,288.00000005960464,24,0,5,787.8344834999999,417.0290655,,1,14,0.5125,56238,62289,14.0
EUW1_6839783933,1833,200,1,207,66.00000008940697,273.00000008940697,17,0,0,,729.6149181999999,1730.8142874,0,11,0.6303030303030304,63906,76539,15.6
EUW1_6839850639,932,100,1,206,70.00000008940697,276.00000008940697,31,0,5,641.6597722,540.811453,,1,3,0.37272727272727274,35067,34208,10.0
EUW1_6839850639,932,200,0,202,44.000000059604645,246.00000005960464,12,0,0,,,,0,1,0.45714285714285713,24868,28582,9.0
EUW1_6839875245,1906,100,0,181,70.00000005960464,251.00000005960464,34,0,5,897.745907,709.0219258,,0,10,0.5314285714285714,63555,72385,15.2
EUW1_6839875245,1906,200,1,208,63.750000059604645,271.75000005960464,25,0,0,,373.9292843,1484.2626888,0,9,0.4967741935483871,65890,75659,15.8
EUW1_6839893214,1697,100,0,205,52.000000059604645,257.00000005960464,11,0,0,,,,0,1,0.35000000000000003,47921,56645,13.4
EUW1_6839893214,1697,200,1,199,53.00000002980232,252.00000002980232,30,0,5,927.4510001,716.2957923,,0,2,0.42857142857142855,60784,70451,15.0
EUW1_6839938554,1698,100,0,187,73.6000000834465,260.6000000834465,42,0,0,,,,0,4,0.4975609756097561,61654,66194,14.6
EUW1_6839938554,1698,200,1,188,52.00000008940697,240.00000008940697,43,0,5,838.6367074999999,473.802266,1296.9957494,0,13,0.43673469387755104,65368,72335,15.4
EUW1_6839983279,1592,100,1,213,52.000000059604645,265.00000005960464,27,0,0,,484.055253,1433.6126109,1,9,0.5,57800,65720,14.6
EUW1_6839983279,1592,200,0,206,70.00000008940697,276.00000008940697,28,0,5,708.7760480999999,807.2887601,,0,7,0.34074074074074073,53330,57927,13.6
EUW1_6840011104,1688,100,1,190,66.00000011920929,256.0000001192093,33,0,5,930.9916323,485.8642605,1420.6669144,0,5,0.4488888888888889,61858,71518,15.2
EUW1_6840011104,1688,200,0,178,56.000000059604645,234.00000005960464,17,0,0,,,,0,7,0.4521739130434782,48921,56997,13.4
EUW1_6840059363,1210,100,1,212,41.000000059604645,253.00000005960464,23,0,0,,1144.2192774,,0,6,0.3904761904761905,39807,42938,11.4
EUW1_6840059363,1210,200,0,242,59.000000059604645,301.00000005960464,17,0,5,891.0837454,404.5398781,,0,5,0.4545454545454546,35715,38892,10.6
EUW1_6840066645,911,100,0,193,56.000000059604645,249.00000005960464,9,0,0,,,,0,3,0.45,22631,25019,8.4
EUW1_6840066645,911,200,1,208,74.00000008940697,282.00000008940697,49,0,5,722.2605073999999,520.1802147999999,,2,6,0.392,33616,33441,10.0
EUW1_6840098387,1885,100,1,177,44.000000059604645,221.00000005960464,20,0,0,,604.3706714,1516.0814071,0,10,0.4242424242424242,62670,74389,15.4
EUW1_6840098387,1885,200,0,191,54.000000059604645,245.00000005960464,23,0,5,898.7680474,940.6277557999999,,1,5,0.432258064516129,59325,69030,14.8
EUW1_6840274568,2027,100,1,181,60.000000059604645,241.00000005960464,48,0,5,871.3840197999999,334.3875948,,2,5,0.47857142857142854,73239,82071,16.2
EUW1_6840274568,2027,200,0,193,49.500000059604645,242.50000005960464,32,0,0,,,1481.4472653999999,0,2,0.44375,63976,72824,15.6
EUW1_6840353537,2125,100,0,217,48.000000059604645,265.00000005960464,36,0,5,1053.3063161,338.29597559999996,,0,15,0.6054054054054054,68930,84609,16.8
EUW1_6840353537,2125,200,1,220,64.8000001013279,284.8000001013279,20,0,0,,670.0988510999999,1370.9399308,0,14,0.5351351351351351,75343,91299,17.0
EUW1_6840452561,1939,100,1,238,66.00000005960464,304.00000005960464,19,0,5,771.3705213999999,544.1877774999999,1400.0278782999999,1,18,0.525,72241,82348,16.6
EUW1_6840452561,1939,200,0,177,68.00000008940697,245.00000008940697,15,0,0,,,,0,5,0.5157894736842106,56829,69700,15.0
EUW1_6840495382,1932,100,0,213,60.00000008940697,273.00000008940697,27,0,5,845.3458442,718.6322137999999,,1,2,0.548148148148148,57161,64470,14.4
EUW1_6840495382,1932,200,1,211,68.00000008940697,279.00000008940697,13,0,0,,1386.5958768,1794.0142554,0,12,0.5285714285714287,63710,74367,15.6
EUW1_6840553221,1752,100,0,191,48.000000059604645,239.00000005960464,32,0,0,,1050.1041017,,0,9,0.625,58516,64609,14.4
EUW1_6840553221,1752,200,1,214,78.00000008940697,292.00000008940697,27,0,5,928.3287839,353.5168806,1452.5310938999999,0,12,0.4066666666666666,60152,67805,14.8
EUW1_6840604565,1770,100,0,179,48.00000002980232,227.00000002980232,17,0,5,941.2403271999999,1137.6161832,,0,7,0.40909090909090906,49995,58569,13.6
EUW1_6840604565,1770,200,1,202,52.00000008940697,254.00000008940697,22,0,0,,797.6678125999999,1366.1400743,1,4,0.47777777777777775,61697,72985,15.4
EUW1_6840668547,2198,100,1,197,40.000000059604645,237.00000005960464,25,0,5,932.6671233,1529.3183454999999,1936.8845514999998,0,5,0.3789473684210526,80953,102354,18.0
EUW1_6840668547,2198,200,0,179,45.00000002980232,224.00000002980232,38,0,0,,448.11312089999996,,0,6,0.46530612244897956,72289,83861,16.6
EUW1_6841019268,1597,100,1,174,58.000000059604645,232.00000005960464,12,0,5,895.2528659999999,633.4347376,1442.2483002,0,3,0.39,49979,59666,13.8
EUW1_6841019268,1597,200,0,186,52.000000059604645,238.00000005960464,8,0,0,,,,0,0,0.3846153846153846,41611,49317,12.4
EUW1_6841124461,1835,100,0,190,50.00000002980232,240.00000002980232,38,0,5,854.6296939,909.3299821999999,,0,2,0.515,59874,63488,14.2
EUW1_6841124461,1835,200,1,219,48.000000059604645,267.00000005960464,29,0,0,,516.9389615,1469.6592424,0,4,0.5047619047619047,70040,72978,15.4
EUW1_6841191545,2020,100,1,201,46.000000059604645,247.00000005960464,5,0,0,,937.957096,1842.5762316999999,0,5,0.47333333333333333,65396,88897,16.8
EUW1_6841191545,2020,200,0,216,64.00000005960464,280.00000005960464,7,0,5,1070.6525299999998,598.4209241,,1,10,0.42000000000000004,60755,77113,15.8
EUW1_6841266608,1693,100,0,202,56.00000008940697,258.00000008940697,21,0,0,,,,1,6,0.4230769230769231,49241,57921,13.8
EUW1_6841266608,1693,200,1,237,42.00000002980232,279.0000000298023,30,0,5,734.9787352999999,546.5098780999999,1459.3708523,0,6,0.5850000000000001,61445,70444,14.8
EUW1_6841462525,2211,100,1,203,36.000000059604645,239.00000005960464,21,0,5,857.2769082,1037.2279698,1775.6405054,0,12,0.4742857142857143,69004,86748,16.6
EUW1_6841462525,2211,200,0,166,56.00000008940697,222.00000008940697,15,0,0,,674.0078599,,0,3,0.44347826086956516,60316,76663,15.8
EUW1_6841473503,2166,100,1,207,60.00000008940697,267.00000008940697,10,0,0,,529.8678984,1256.9163543,0,9,0.3828571428571429,78602,103788,17.8
EUW1_6841473503,2166,200,0,214,62.00000008940697,276.00000008940697,27,0,5,617.5354249999999,869.7805698,,0,10,0.4363636363636364,69912,86299,16.6
EUW1_6841609856,2100,100,0,216,42.000000059604645,258.00000005960464,24,0,0,,760.8544807,,0,11,0.5647058823529412,65466,77464,15.8
EUW1_6841609856,2100,200,1,226,55.250000059604645,281.25000005960464,16,0,5,768.2753728,362.91098969999996,1403.3432735,0,13,0.4486486486486487,73565,90458,17.2
EUW1_6841702830,1355,100,0,173,44.00000008940697,217.00000008940697,12,0,0,,,,0,4,0.3777777777777778,33401,40698,11.2
EUW1_6841702830,1355,200,1,206,78.00000008940697,284.00000008940697,21,0,5,855.4847159999999,481.33254969999996,1270.4330545999999,2,6,0.3483870967741936,52676,58956,13.6
EUW1_6841704126,1838,100,0,142,39.60000005364418,181.60000005364418,34,0,0,,1582.4604072,,0,2,0.5086956521739131,60506,67740,14.8
EUW1_6841704126,1838,200,1,180,38.000000059604645,218.00000005960464,28,0,5,768.1181921,927.5055821,1488.87625,2,2,0.4409090909090909,63038,69662,14.8
EUW1_6842104103,1868,100,1,225,46.000000059604645,271.00000005960464,40,0,5,840.9871913,535.2894911999999,1323.1195974999998,0,10,0.4916666666666666,67915,79348,16.4
EUW1_6842104103,1868,200,0,221,64.00000008940697,285.00000008940697,12,0,0,,,1735.2539121,0,6,0.45600000000000007,61056,72944,15.6
EUW1_6842140226,2104,100,1,166,66.00000005960464,232.00000005960464,28,0,5,818.9382707,514.725328,1513.1833004999999,0,3,0.4204081632653061,78394,93312,17.2
EUW1_6842140226,2104,200,0,189,52.000000059604645,241.00000005960464,42,0,0,,852.7886328999999,,0,3,0.40384615384615385,75960,86690,16.8
EUW1_6842150142,1603,100,0,219,66.00000008940697,285.00000008940697,8,0,5,716.6864709,,,1,1,0.31111111111111106,43067,50931,12.8
EUW1_6842150142,1603,200,1,213,48.000000059604645,261.00000005960464,29,0,0,,487.97763089999995,1407.8493231,0,8,0.45294117647058824,57289,67236,14.4
EUW1_6842171888,2327,100,1,233,58.80000004172325,291.80000004172325,33,5,5,747.0968226,915.7591229,1293.668081,1,8,0.4461538461538462,89493,107845,17.8
EUW1_6842171888,2327,200,0,214,46.00000002980232,260.0000000298023,38,0,0,,,,0,13,0.5409090909090909,78420,98916,17.6
EUW1_6842175832,1726,100,1,199,54.000000059604645,253.00000005960464,37,0,5,678.9770648,492.5682013,,0,11,0.42608695652173917,60283,66368,14.6
EUW1_6842175832,1726,200,0,207,52.000000059604645,259.00000005960464,4,0,0,,1547.8750905,,0,4,0.423076923076923,56051,67017,14.8
EUW1_6842183713,1663,100,0,188,44.000000059604645,232.00000005960464,22,0,0,,,,0,2,0.34285714285714286,46110,57538,13.4
EUW1_6842183713,1663,200,1,212,54.00000008940697,266.00000008940697,26,0,5,841.822544,657.1682932,,0,7,0.3641025641025641,58212,64177,14.2
EUW1_6842197958,1929,100,1,185,44.000000059604645,229.00000005960464,34,0,0,,1166.3319456,,0,3,0.44324324324324327,64922,74093,15.4
EUW1_6842197958,1929,200,0,188,54.000000059604645,242.00000005960464,27,0,5,855.8542595,770.1609814999999,,0,2,0.3870967741935484,63175,70878,15.0
EUW1_6842222969,2079,100,1,198,56.40000003576279,254.4000000357628,26,0,0,,876.5184807999999,1405.0769109,0,2,0.42745098039215695,75485,84914,16.6
EUW1_6842222969,2079,200,0,198,61.600000113248825,259.6000001132488,25,0,5,932.4624683999999,395.7184506,1799.1022338999999,0,2,0.3777777777777777,76631,96083,17.4
EUW1_6842453231,2272,100,1,194,58.00000002980232,252.00000002980232,30,0,5,902.616264,824.2549237,1452.8009273999999,0,6,0.403125,80094,104469,17.6
EUW1_6842453231,2272,200,0,204,60.000000059604645,264.00000005960464,12,0,0,,435.7101666,,0,3,0.42777777777777776,73679,97795,17.4
EUW1_6842476106,1562,100,1,177,62.00000008940697,239.00000008940697,26,0,5,926.7409104,751.630046,,1,2,0.4473684210526316,50395,58691,13.4
EUW1_6842476106,1562,200,0,153,52.000000059604645,205.00000005960464,1,0,0,,371.4820254,,0,9,0.5,35130,46013,11.8
EUW1_6842490247,1606,100,0,178,44.00000002980232,222.00000002980232,19,0,0,,,,0,5,0.32727272727272727,44711,51288,12.6
EUW1_6842490247,1606,200,1,192,45.200000047683716,237.20000004768372,33,0,5,941.1033226999999,762.0030201999999,,0,5,0.4,57164,61609,14.0
EUW1_6842606048,1665,100,0,121,56.00000008940697,177.00000008940697,30,0,0,,607.6263961999999,,0,0,0.4148148148148148,47459,51888,12.8
EUW1_6842606048,1665,200,1,171,70.00000008940697,241.00000008940697,32,0,5,929.4487319,1311.3542902,,1,1,0.3782608695652174,60548,68782,14.8
EUW1_6842724541,2057,100,0,184,36.000000059604645,220.00000005960464,20,0,5,935.9153967,572.408926,,1,23,0.48571428571428565,59537,69889,15.0
EUW1_6842724541,2057,200,1,151,50.00000002980232,201.00000002980232,18,0,0,,910.6013945999999,1642.7862785999998,1,5,0.5483870967741935,64743,75746,15.8
EUW1_6843317942,1830,100,0,213,45.000000059604645,258.00000005960464,25,0,5,810.3102666999999,1094.5932384,,1,6,0.496,56847,60753,13.8
EUW1_6843317942,1830,200,1,180,52.00000008940697,232.00000008940697,30,0,0,,407.0720778,1402.1537957,0,8,0.5542857142857143,65149,71047,15.0
EUW1_6843383869,2072,100,1,213,64.80000007152557,277.8000000715256,26,0,5,896.6693598999999,1033.6037251999999,1921.2735071,1,9,0.46521739130434775,75502,84644,16.8
EUW1_6843383869,2072,200,0,193,48.000000059604645,241.00000005960464,19,0,0,,372.55963049999997,1465.0863892,0,3,0.48125,66598,77745,16.0
EUW1_6843431933,1751,100,0,220,44.000000059604645,264.00000005960464,22,0,0,,1176.3238532999999,,0,7,0.5199999999999999,57602,60240,13.8
EUW1_6843431933,1751,200,1,206,54.00000002980232,260.0000000298023,26,0,5,850.2111213,533.8872200999999,1602.4945008999998,0,6,0.535483870967742,60942,67250,14.6
EUW1_6843463303,1890,100,0,213,45.00000002980232,258.0000000298023,10,0,5,743.5934457,342.0172938,,0,4,0.4666666666666666,62042,69472,14.8
EUW1_6843463303,1890,200,1,201,60.000000059604645,261.00000005960464,44,0,0,,1016.8993511,1268.1384555,0,11,0.49433962264150944,71304,82367,16.4
EUW1_6843709569,969,100,1,234,79.60000011324883,313.6000001132488,53,5,5,617.4630718999999,726.8604339,,1,4,0.42400000000000004,36282,37756,10.6
EUW1_6843709569,969,200,0,205,62.40000003576279,267.4000000357628,9,0,0,,403.3333465,,0,3,0.45,24933,29748,9.4
EUW1_6843713951,1812,100,1,175,62.000000059604645,237.00000005960464,25,0,5,674.4784237,498.5473967,1322.9424169,2,8,0.4,63844,73787,15.2
EUW1_6843713951,1812,200,0,174,36.000000059604645,210.00000005960464,21,0,0,,,,0,1,0.47857142857142854,56841,65360,14.4
EUW1_6843727637,2289,100,0,214,57.6000000834465,271.6000000834465,11,0,0,,1114.5908204,2020.3053419999999,0,8,0.48108108108108105,70048,85111,16.6
EUW1_6843727637,2289,200,1,236,68.40000009536743,304.40000009536743,26,0,5,924.0481605,450.39952439999996,,0,12,0.475,76545,89681,16.8
EUW1_6843736338,1469,100,0,184,58.000000059604645,242.00000005960464,18,0,0,,,,0,3,0.45,42031,49712,12.4
EUW1_6843736338,1469,200,1,213,60.000000059604645,273.00000005960464,29,0,5,810.6580776,446.86607469999996,,1,7,0.4121212121212121,51999,56425,13.2
EUW1_6843766898,1518,100,1,187,48.000000059604645,235.00000005960464,47,0,5,722.7854702999999,481.4512315,1376.7976661999999,1,14,0.40909090909090906,59557,63261,14.2
EUW1_6843766898,1518,200,0,153,46.000000059604645,199.00000005960464,28,0,0,,,,0,4,0.39999999999999997,43514,46377,12.0
EUW1_6843856252,1435,100,1,197,62.00000008940697,259.00000008940697,19,0,5,1032.4578566,575.0994499999999,,2,2,0.3652173913043478,44493,50264,12.4
EUW1_6843856252,1435,200,0,151,42.750000059604645,193.75000005960464,10,0,0,,,,0,3,0.3846153846153846,37372,45710,11.6
EUW1_6844023823,1567,100,1,200,42.000000059604645,242.00000005960464,27,0,0,,1335.5030374,1451.8154304,0,6,0.5393939393939393,55338,63032,14.2
EUW1_6844023823,1567,200,0,229,56.00000008940697,285.00000008940697,41,0,5,944.1498006999999,558.1473536999999,,1,8,0.37857142857142856,51394,54042,12.8
EUW1_6844116043,2031,100,1,195,42.00000002980232,237.00000002980232,36,5,5,925.2371460999999,390.330535,1907.3932817999998,0,5,0.4340425531914893,77445,85167,16.2
EUW1_6844116043,2031,200,0,177,60.00000008940697,237.00000008940697,29,0,0,,1593.5705501,1474.6857959,0,2,0.44800000000000006,73664,85750,16.6
EUW1_6844176513,1712,100,1,230,66.00000008940697,296.00000008940697,6,0,5,859.6588188,615.4154152,1441.0316908999998,0,12,0.43157894736842106,56230,67634,14.8
EUW1_6844176513,1712,200,0,211,48.40000006556511,259.4000000655651,15,0,0,,,,0,6,0.52,48782,59254,13.6
EUW1_6844219263,2014,100,0,217,56.00000008940697,273.00000008940697,25,0,0,,,,0,3,0.4628571428571429,64025,76586,15.8
EUW1_6844219263,2014,200,1,205,78.00000008940697,283.00000008940697,28,0,5,707.5342840999999,467.8956828,1681.8936004999998,2,3,0.4444444444444445,74554,87960,17.0
EUW1_6844404160,2165,100,1,175,48.00000008940697,223.00000008940697,33,0,5,865.6865101999999,482.4270554,,0,1,0.5,72285,77527,16.0
EUW1_6844404160,2165,200,0,162,60.000000059604645,222.00000005960464,19,0,0,,828.8686524999999,1764.5370633,0,1,0.5791666666666667,77433,85696,16.8
EUW1_6844734503,1655,100,1,235,40.00000002980232,275.0000000298023,43,0,5,731.6587353,362.4555104,1503.3354313999998,0,11,0.43200000000000005,66910,69988,15.0
EUW1_6844734503,1655,200,0,186,62.00000008940697,248.00000008940697,27,0,0,,1193.1691689,,0,10,0.5703703703703703,52008,58139,13.6
EUW1_6844745938,2334,100,1,189,54.000000059604645,243.00000005960464,18,0,0,,564.0116135999999,1604.7377913999999,1,11,0.5578947368421053,77222,96441,17.6
EUW1_6844745938,2334,200,0,193,59.3500000834465,252.3500000834465,26,0,5,970.2159545999999,1220.8389006999998,,0,20,0.5235294117647058,74505,89378,16.8
EUW1_6845216936,1917,100,1,220,58.00000008940697,278.00000008940697,18,0,0,,953.4433161999999,1795.9958144,1,2,0.5578947368421053,67479,79286,16.2
EUW1_6845216936,1917,200,0,207,56.000000059604645,263.00000005960464,17,0,5,991.5134185,,,0,4,0.5714285714285714,55480,67890,14.8
EUW1_6845318076,1104,100,0,176,54.000000059604645,230.00000005960464,21,0,0,,,,0,3,0.45,31216,36045,10.2
EUW1_6845318076,1104,200,1,204,68.00000008940697,272.00000008940697,51,0,5,734.6207537,506.49005769999997,,0,7,0.46896551724137936,42912,43009,11.4
EUW1_6845322007,1985,100,1,224,58.000000059604645,282.00000005960464,14,0,5,1116.5101184999999,1090.7800306,1491.8691758,0,7,0.48965517241379314,69579,85967,16.8
EUW1_6845322007,1985,200,0,207,64.00000008940697,271.00000008940697,16,0,0,,423.3885352,,0,3,0.47777777777777775,56936,74658,15.6
EUW1_6845356808,2596,100,1,182,62.00000008940697,244.00000008940697,18,0,0,,1280.1330476,2550.2212007999997,0,8,0.45999999999999996,85194,111442,17.8
EUW1_6845356808,2596,200,0,230,68.00000005960464,298.00000005960464,16,0,5,923.4722548,419.0461517,2054.504742,0,1,0.495,80927,102830,17.8
EUW1_6845377999,1949,100,0,163,56.000000059604645,219.00000005960464,14,0,0,,868.0344971,,0,3,0.5153846153846153,59880,74778,15.6
EUW1_6845377999,1949,200,1,224,58.000000059604645,282.00000005960464,24,0,5,854.7062844,525.2416175,1492.877381,1,17,0.45,67319,82807,16.8
EUW1_6845683592,2006,100,0,234,52.00000008940697,286.00000008940697,10,0,5,888.4353424,572.4882341,,1,2,0.4,67071,76174,15.8
EUW1_6845683592,2006,200,1,202,70.00000005960464,272.00000005960464,21,0,0,,926.2853361,1454.0227059,1,3,0.52,70319,86691,17.0
EUW1_6845787824,2590,100,1,169,55.75000008940697,224.75000008940697,18,0,0,,1048.1909411,,0,13,0.4844444444444444,82977,101836,17.4
EUW1_6845787824,2590,200,0,196,40.000000059604645,236.00000005960464,13,0,5,892.1061701,614.4042886999999,1739.5278524999999,0,4,0.4451612903225806,80388,97260,17.4
EUW1_6845855316,1953,100,1,177,66.00000005960464,243.00000005960464,36,0,5,680.7268743,393.1665885,1581.9804275,0,8,0.5173913043478262,70499,79652,16.2
EUW1_6845855316,1953,200,0,205,56.00000008940697,261.00000008940697,28,0,0,,729.9688163999999,,1,9,0.48108108108108105,62778,71669,15.2
EUW1_6845879560,1385,100,0,176,39.750000059604645,215.75000005960464,7,0,0,,,,1,2,0.4666666666666666,36331,42330,11.2
EUW1_6845879560,1385,200,1,156,74.00000008940697,230.00000008940697,28,0,5,680.6477804,538.4033840999999,1257.754094,1,7,0.38125,50965,55818,13.2
EUW1_6845888115,1794,100,0,156,38.000000059604645,194.00000005960464,13,0,0,,759.8009791999999,,0,0,0.4230769230769231,53200,61219,14.0
EUW1_6845888115,1794,200,1,225,48.000000059604645,273.00000005960464,31,0,5,742.2933772,399.3096359,,0,2,0.43888888888888883,61415,66981,14.8
EUW1_6846338352,2081,100,0,163,58.00000008940697,221.00000008940697,24,0,0,,572.109201,,0,13,0.54,60917,72843,15.4
EUW1_6846338352,2081,200,1,201,60.00000008940697,261.00000008940697,27,0,5,900.6502845,901.6854939,1615.8195578999998,2,6,0.46521739130434786,74015,89748,16.8
EUW1_6846405835,1382,100,1,181,74.00000008940697,255.00000008940697,27,0,0,,390.38135689999996,1273.0382326,1,3,0.3939393939393939,52771,57857,13.6
EUW1_6846405835,1382,200,0,202,52.000000059604645,254.00000005960464,29,0,5,993.7798755,747.4435555,,1,7,0.37272727272727274,42916,47254,12.2
EUW1_6846580847,1490,100,1,198,40.00000008940697,238.00000008940697,38,0,5,707.9959652,659.8884505999999,,2,3,0.36603773584905663,58602,61989,14.0
EUW1_6846580847,1490,200,0,156,42.000000059604645,198.00000005960464,22,0,0,,,,0,2,0.4214285714285714,46814,49638,12.6
EUW1_6846581404,1832,100,1,226,69.20000010728836,295.20000010728836,29,0,5,812.4486046,769.7634853,,1,5,0.39183673469387753,68444,79036,15.8
EUW1_6846581404,1832,200,0,187,48.00000002980232,235.00000002980232,17,0,0,,423.04865759999996,,0,8,0.4461538461538462,54784,65203,14.4
EUW1_6846708002,2032,100,1,126,32.000000059604645,158.00000005960464,26,0,5,863.6539682,926.1798513,,0,4,0.55,65040,81552,16.4
EUW1_6846708002,2032,200,0,171,58.000000059604645,229.00000005960464,5,0,0,,,,0,4,0.37,56523,67270,14.6
EUW1_6846789167,2542,100,0,176,32.000000059604645,208.00000005960464,28,0,5,966.9129231999999,2236.3105281999997,,0,1,0.4,80055,93513,17.6
EUW1_6846789167,2542,200,1,132,62.000000059604645,194.00000005960464,21,0,0,,912.7525211999999,2329.2556704999997,1,1,0.4229508196721311,87230,114082,17.8
EUW1_6847004445,1569,100,0,152,52.000000059604645,204.00000005960464,8,0,0,,570.5198104,,0,3,0.3625,41128,51153,12.6
EUW1_6847004445,1569,200,1,171,66.00000008940697,237.00000008940697,30,0,5,709.2981781,946.5027160999999,,1,0,0.46829268292682935,55677,61284,14.0
EUW1_6847060391,2696,100,0,147,52.80000004172325,199.80000004172325,22,0,5,976.3918137999999,616.6924772,,0,3,0.42641509433962266,84756,98130,17.4
EUW1_6847060391,2696,200,1,213,47.20000007748604,260.20000007748604,36,0,0,,1019.5422822999999,,2,6,0.48378378378378384,96891,112840,18.0
EUW1_6847518985,938,100,0,190,48.00000008940697,238.00000008940697,6,0,0,,,,0,2,0.3,21846,26938,8.8
EUW1_6847518985,938,200,1,218,52.000000059604645,270.00000005960464,34,0,5,860.3997536999999,672.5748407,,0,3,0.4235294117647058,29718,32699,9.8
EUW1_6847587273,1202,100,0,185,52.000000059604645,237.00000005960464,11,0,0,,493.79250759999996,,0,5,0.3,30294,32317,9.8
EUW1_6847587273,1202,200,1,167,60.00000008940697,227.00000008940697,31,0,5,833.8771843,,,0,1,0.4769230769230769,38811,41695,11.2
EUW1_6847726370,1331,100,1,196,63.000000059604645,259.00000005960464,27,0,5,974.3114562,476.2559487,,1,8,0.35333333333333333,44398,54030,13.0
EUW1_6847726370,1331,200,0,183,50.000000059604645,233.00000005960464,15,0,0,,,,0,4,0.36666666666666664,35765,43977,11.6
EUW1_6847777131,1703,100,0,190,62.000000059604645,252.00000005960464,26,0,0,,,,0,2,0.3833333333333333,54183,62155,14.0
EUW1_6847777131,1703,200,1,214,56.00000008940697,270.00000008940697,27,0,5,894.7085096,816.2558015,,0,9,0.4153846153846154,60880,74296,15.4
EUW1_6847826148,2656,100,0,217,39.500000059604645,256.50000005960464,23,0,5,709.0900318,483.9728083,1749.7743384999999,1,3,0.47111111111111115,87851,115009,18.0
EUW1_6847826148,2656,200,1,187,54.500000059604645,241.50000005960464,26,0,0,,800.1498416,1319.0581058999999,0,2,0.45200000000000007,95720,125444,18.0
EUW1_6847850599,1679,100,0,199,61.6000000834465,260.6000000834465,38,0,5,865.0698512,753.5413039,,0,3,0.4533333333333333,52162,59658,14.0
EUW1_6847850599,1679,200,1,178,52.40000006556511,230.4000000655651,33,0,0,,1122.730063,1499.537128,0,0,0.43157894736842106,63234,73177,15.4
EUW1_6847906051,1445,100,1,171,48.00000008940697,219.00000008940697,34,0,0,,521.6892325,1289.9109274999998,0,8,0.42162162162162165,53143,60365,13.8
EUW1_6847906051,1445,200,0,172,58.000000059604645,230.00000005960464,18,0,5,955.8308314,,,0,5,0.4375,41442,46242,12.0
EUW1_6847960752,1582,100,1,181,58.00000002980232,239.00000002980232,33,0,5,734.1710289,521.0500536,1466.7671366,1,2,0.3857142857142857,59131,66317,14.6
EUW1_6847960752,1582,200,0,131,64.00000011920929,195.0000001192093,19,0,0,,,,1,4,0.46923076923076923,47129,52362,12.6
EUW1_6847967627,2289,100,0,211,56.000000059604645,267.00000005960464,18,0,0,,360.1572845,,1,8,0.4208333333333333,75632,95469,17.6
EUW1_6847967627,2289,200,1,203,58.00000008940697,261.00000008940697,35,0,5,862.9347586,1080.2269233,1706.2494706,2,9,0.3639344262295082,82048,103157,18.0
EUW1_6848011613,2067,100,0,186,58.000000059604645,244.00000005960464,7,0,5,1008.4606990999999,,1765.6512099,0,0,0.5565217391304348,62892,71503,15.2
EUW1_6848011613,2067,200,1,157,48.00000002980232,205.00000002980232,25,0,0,,356.3504777,,0,0,0.46341463414634143,68158,81735,16.6
EUW1_6848033181,1350,100,0,152,44.00000002980232,196.00000002980232,24,0,0,,1004.5919773999999,,0,4,0.4,37703,39886,11.0
EUW1_6848033181,1350,200,1,170,62.00000008940697,232.00000008940697,27,0,5,890.9324340999999,660.8643602999999,,1,10,0.432258064516129,43612,45689,12.0
EUW1_6848038489,1869,100,1,166,48.00000002980232,214.00000002980232,24,0,0,,382.6264938,1786.5218052,0,3,0.37333333333333335,65461,77795,15.8
EUW1_6848038489,1869,200,0,204,62.00000011920929,266.0000001192093,19,0,5,804.1425025,773.0912343,,0,11,0.43076923076923085,58547,64159,14.2
EUW1_6848086780,1614,100,1,168,60.00000008940697,228.00000008940697,37,0,5,809.0336264,520.9448335,1241.3822986999999,0,2,0.3276595744680851,59696,70415,15.4
EUW1_6848086780,1614,200,0,129,36.00000002980232,165.00000002980232,23,0,0,,,,0,3,0.3866666666666667,51081,60686,14.0
EUW1_6848089892,2309,100,0,166,46.000000059604645,212.00000005960464,32,0,0,,702.0221011,1704.6880147,0,3,0.372,72752,88723,17.2
EUW1_6848089892,2309,200,1,171,40.00000008940697,211.00000008940697,16,0,5,1036.8553955,1711.8214408,1311.6218081,0,1,0.46274509803921565,79890,101382,17.4
EUW1_6848097426,1799,100,1,221,60.00000008940697,281.00000008940697,31,0,5,895.5071979999999,1007.7025857,1444.3581699,0,7,0.48108108108108105,64468,77903,16.0
EUW1_6848097426,1799,200,0,172,62.000000059604645,234.00000005960464,12,0,0,,637.9391548,,0,5,0.5,50811,65121,14.6
EUW1_6848162949,2133,100,1,157,56.50000008940697,213.50000008940697,19,0,0,,905.8973381,2003.2880487999998,1,9,0.47804878048780486,73282,91040,17.2
EUW1_6848162949,2133,200,0,197,45.50000002980232,242.50000002980232,17,0,5,957.7872983999999,371.6408171,,0,5,0.36842105263157887,61227,73665,15.4
EUW1_6848212405,2236,100,1,205,54.000000059604645,259.00000005960464,22,0,0,,1593.2574095999998,1393.5065290999999,0,9,0.5209302325581395,80884,97343,17.4
EUW1_6848212405,2236,200,0,239,56.000000059604645,295.00000005960464,14,0,5,950.0141532,340.2492567,,0,1,0.4,70143,83475,16.6
EUW1_6848302675,2544,100,1,208,54.000000059604645,262.00000005960464,12,0,5,859.9138183,1494.8743628,1656.530563,0,5,0.5227272727272727,80134,96891,17.4
EUW1_6848302675,2544,200,0,186,62.00000008940697,248.00000008940697,19,0,0,,475.4561913,2441.3403456,0,9,0.5297297297297298,76144,96296,17.4
EUW1_6848302705,2461,100,0,210,44.00000002980232,254.00000002980232,19,0,5,767.7329057999999,757.6817695999999,1538.2471060999999,0,7,0.5081081081081081,80850,93569,17.0
EUW1_6848302705,2461,200,1,162,46.000000059604645,208.00000005960464,29,0,0,,1753.9842333,1951.8713814,0,7,0.42400000000000004,84490,100559,17.6
EUW1_6848385654,1599,100,1,200,56.00000008940697,256.00000008940697,31,0,0,,1221.8657151999998,,0,1,0.475,55105,61369,14.0
EUW1_6848385654,1599,200,0,191,58.000000059604645,249.00000005960464,17,0,5,905.3566013999999,910.0546733,,1,4,0.4695652173913044,48994,55012,13.0
EUW1_6848388626,1764,100,0,200,48.00000002980232,248.00000002980232,20,0,5,952.7026156999999,409.20593709999997,,0,4,0.408695652173913,51170,59804,13.8
EUW1_6848388626,1764,200,1,195,70.00000008940697,265.00000008940697,26,0,0,,1174.7386136999999,1339.510979,1,12,0.5365853658536586,61628,70807,15.2
EUW1_6848406942,1092,100,0,166,58.00000002980232,224.00000002980232,18,0,0,,436.819752,,0,3,0.3666666666666667,30983,33423,10.0
EUW1_6848406942,1092,200,1,213,52.00000008940697,265.00000008940697,30,0,5,855.764694,881.1935874999999,,2,6,0.43809523809523815,37220,39260,11.0
EUW1_6848437256,2222,100,0,191,62.00000008940697,253.00000008940697,14,0,5,975.8477383,550.0469024,,1,10,0.4064516129032258,69057,78824,15.6
EUW1_6848437256,2222,200,1,189,40.00000008940697,229.00000008940697,24,0,0,,968.4117957,1742.9321658,0,7,0.4666666666666667,73912,92486,17.4
EUW1_6848443393,1897,100,0,204,42.00000002980232,246.00000002980232,30,0,5,636.2596399,419.1124063,,2,9,0.3666666666666667,59938,64553,14.6
EUW1_6848443393,1897,200,1,193,48.00000008940697,241.00000008940697,32,0,0,,990.7520606999999,1777.4164458,1,10,0.44800000000000006,69423,82279,16.4
EUW1_6848444696,1293,100,1,189,58.00000008940697,247.00000008940697,32,0,5,745.5585715999999,701.4883163,,0,5,0.3692307692307692,51227,55149,13.2
EUW1_6848444696,1293,200,0,183,64.00000008940697,247.00000008940697,16,0,0,,366.41680249999996,,0,9,0.3333333333333333,34654,42424,11.2
EUW1_6848496342,2002,100,1,199,56.00000008940697,255.00000008940697,29,0,5,839.9265371,352.8949062,1510.2190698,0,5,0.4588235294117647,70023,82777,16.6
EUW1_6848496342,2002,200,0,202,66.00000008940697,268.00000008940697,10,0,0,,,,0,2,0.4666666666666667,57373,73393,15.4
EUW1_6848501694,2132,100,1,185,64.00000008940697,249.00000008940697,17,0,0,,507.7931878,2071.7834594,0,4,0.4536585365853659,71831,94990,17.4
EUW1_6848501694,2132,200,0,208,60.50000008940697,268.50000008940697,9,0,5,1025.7205149,851.4194372999999,,0,6,0.43478260869565216,64451,77672,15.8
EUW1_6848505881,1824,100,1,218,48.000000059604645,266.00000005960464,26,0,0,,584.7398876,,1,9,0.40540540540540543,64713,75494,15.6
EUW1_6848505881,1824,200,0,196,66.00000005960464,262.00000005960464,12,0,5,624.9220371,1226.7290510999999,1775.8268704,0,6,0.4521739130434783,59725,67898,14.8
EUW1_6848535025,1590,100,0,211,58.000000059604645,269.00000005960464,19,0,5,711.9599784999999,355.8718717,,1,1,0.5555555555555556,46876,53401,13.0
EUW1_6848535025,1590,200,1,194,52.00000008940697,246.00000008940697,41,0,0,,950.2728986999999,1527.4219068999998,1,4,0.4122448979591836,62173,68890,15.0
EUW1_6848744722,1344,100,0,145,62.000000059604645,207.00000005960464,15,0,0,,386.26314099999996,,1,0,0.3333333333333333,33599,40663,11.0
EUW1_6848744722,1344,200,1,160,43.750000059604645,203.75000005960464,19,0,5,846.1253535999999,783.4619991,,1,2,0.3230769230769231,41146,47690,12.0
EUW1_6848759012,2057,100,0,159,48.000000059604645,207.00000005960464,34,0,0,,1622.82603,,1,1,0.4264150943396226,69538,80092,16.2
EUW1_6848759012,2057,200,1,163,39.000000059604645,202.00000005960464,17,0,5,804.7663951999999,845.9909718,,0,1,0.4057142857142857,66134,69966,15.0
EUW1_6848794927,3573,100,1,190,40.00000002980232,230.00000002980232,10,0,5,799.1000798,431.3216366,1613.9864358,1,3,0.46399999999999997,110479,143226,18.0
EUW1_6848794927,3573,200,0,176,45.750000059604645,221.75000005960464,10,0,0,,901.5752156,2696.4646508,0,1,0.6204081632653061,111489,147358,18.0
EUW1_6848867170,2175,100,1,188,52.000000059604645,240.00000005960464,16,0,0,,450.761808,1665.5294251,0,3,0.49444444444444446,70546,88308,17.2
EUW1_6848867170,2175,200,0,169,46.00000002980232,215.00000002980232,18,0,5,899.4461593,,,0,5,0.5111111111111111,62289,74350,15.6
EUW1_6848916071,1718,100,0,151,52.000000059604645,203.00000005960464,17,0,0,,,,0,3,0.42666666666666664,52123,59375,13.6
EUW1_6848916071,1718,200,1,202,58.000000059604645,260.00000005960464,14,0,5,708.7634838,358.94535759999997,,1,0,0.42000000000000004,55595,62246,14.2
EUW1_6848952653,2437,100,0,198,74.00000008940697,272.00000008940697,23,0,5,1021.8002406999999,779.3672136,1613.4070694,0,8,0.4409090909090908,83212,102857,17.4
EUW1_6848952653,2437,200,1,221,60.00000008940697,281.00000008940697,28,0,0,,1480.4304728,,0,8,0.49787234042553197,90826,109055,18.0
EUW1_6848972954,1635,100,0,169,54.000000059604645,223.00000005960464,9,0,5,862.4424975,,,0,1,0.4526315789473684,44707,53518,13.2
EUW1_6848972954,1635,200,1,189,56.000000059604645,245.00000005960464,25,0,0,,373.99334719999996,1538.20051,1,6,0.45,58041,66186,14.6
EUW1_6848998786,1768,100,0,212,62.000000059604645,274.00000005960464,34,0,0,,593.4491267,1243.8023262,1,6,0.4615384615384615,55434,66421,14.6
EUW1_6848998786,1768,200,1,219,60.00000008940697,279.00000008940697,32,0,5,900.7156865,938.7610721,1682.2140812,0,0,0.4904761904761904,67442,80163,16.0
EUW1_6849058625,1749,100,0,205,50.000000059604645,255.00000005960464,26,0,0,,,,0,9,0.42857142857142855,50581,58770,13.6
EUW1_6849058625,1749,200,1,219,52.00000008940697,271.00000008940697,16,0,5,928.7416357,347.6545827,1516.6975171,1,12,0.45517241379310347,58304,70383,15.4
EUW1_6849075734,1377,100,1,215,54.00000008940697,269.00000008940697,63,0,5,801.147466,635.5836995999999,,1,2,0.5043478260869565,53875,54519,13.2
EUW1_6849075734,1377,200,0,153,52.000000059604645,205.00000005960464,12,0,0,,,,0,1,0.42105263157894735,38654,43744,11.6
EUW1_6849100159,1448,100,1,192,62.00000008940697,254.00000008940697,28,0,5,770.4642362,443.5272664,,1,3,0.48999999999999994,50615,58655,13.6
EUW1_6849100159,1448,200,0,172,56.00000008940697,228.00000008940697,7,0,0,,,,0,2,0.325,34296,43527,11.4
EUW1_6849119578,2025,100,1,195,54.000000059604645,249.00000005960464,38,0,5,681.4332114,480.3864279,1581.7284471,0,5,0.5361702127659574,67158,69436,15.0
EUW1_6849119578,2025,200,0,178,44.000000059604645,222.00000005960464,22,0,0,,968.9247135999999,,0,3,0.5161290322580645,61727,64786,14.4
EUW1_6849139367,1551,100,1,191,56.000000059604645,247.00000005960464,28,0,5,951.3284821999999,724.5220691999999,,1,5,0.46976744186046515,56431,63988,14.2
EUW1_6849139367,1551,200,0,180,52.000000059604645,232.00000005960464,21,0,0,,351.192255,,1,4,0.4133333333333333,40598,45525,11.8
EUW1_6849165289,913,100,1,213,72.00000011920929,285.0000001192093,42,0,5,819.5517178,393.8268526,,1,4,0.42000000000000004,31109,33094,9.8
EUW1_6849165289,913,200,0,169,46.000000059604645,215.00000005960464,9,0,0,,,,0,0,0.3,21587,25972,8.8
EUW1_6849181822,2136,100,1,189,60.00000008940697,249.00000008940697,18,0,0,,665.1451261,1730.5198477,0,5,0.5449999999999999,69303,86137,17.0
EUW1_6849181822,2136,200,0,172,66.00000005960464,238.00000005960464,9,0,5,949.0237126999999,997.7969536999999,,0,13,0.40714285714285714,62313,76044,15.8
EUW1_6849200096,1592,100,0,166,44.000000059604645,210.00000005960464,22,0,0,,,,1,9,0.43157894736842106,44549,47686,12.2
EUW1_6849200096,1592,200,1,201,52.000000059604645,253.00000005960464,27,0,5,809.9403239999999,334.5974685,1343.3152227,0,10,0.5117647058823529,55958,62174,14.0
EUW1_6849256110,2407,100,1,213,54.00000008940697,267.00000008940697,16,0,5,867.5239753999999,781.3430402,,0,9,0.43999999999999995,84525,99561,17.6
EUW1_6849256110,2407,200,0,156,64.00000005960464,220.00000005960464,34,0,0,,414.9850103,1676.0103685,1,7,0.4426229508196721,84741,102667,18.0
EUW1_6849354395,1928,100,1,145,56.00000002980232,201.00000002980232,17,0,0,,454.4436009,1604.8560983999998,0,2,0.45,64768,74181,15.6
EUW1_6849354395,1928,200,0,163,58.00000008940697,221.00000008940697,20,0,5,538.6234704999999,1360.2332809,,0,0,0.4588235294117647,62271,68726,15.2
EUW1_6849360675,2818,100,1,203,68.00000008940697,271.00000008940697,17,0,0,,346.3829174,2730.0058868,1,2,0.5222222222222223,95209,116709,18.0
EUW1_6849360675,2818,200,0,193,60.00000008940697,253.00000008940697,7,0,5,921.7161305,711.1939914999999,1835.5189968999998,0,5,0.4647058823529412,88919,113145,17.6
EUW1_6849396049,2464,100,0,200,66.75000008940697,266.75000008940697,16,0,0,,1460.5845388,,0,15,0.5130434782608695,81886,101010,17.4
EUW1_6849396049,2464,200,1,182,48.00000002980232,230.00000002980232,27,0,5,797.2194373,467.4479111,1887.9447258,0,2,0.44651162790697674,84073,101436,18.0
EUW1_6849433079,1630,100,0,174,51.20000007748604,225.20000007748604,21,0,5,927.7886188,,,1,12,0.39090909090909093,48636,55748,13.2
EUW1_6849433079,1630,200,1,192,70.00000005960464,262.00000005960464,37,0,0,,509.75714789999995,1242.599732,1,6,0.4604651162790698,60960,67435,14.4
EUW1_6849461832,2779,100,1,232,58.000000059604645,290.00000005960464,23,0,5,939.1199134,922.4049294,1845.8516316,0,12,0.5361702127659574,93252,116026,18.0
EUW1_6849461832,2779,200,0,224,52.000000059604645,276.00000005960464,26,0,0,,360.7338726,2267.731504,1,17,0.52,90590,121600,18.0
EUW1_6849467779,1435,100,0,190,52.00000008940697,242.00000008940697,11,0,0,,,,0,4,0.45,37551,47958,12.2
EUW1_6849467779,1435,200,1,203,66.00000005960464,269.00000005960464,20,0,5,702.7284062,460.80364849999995,1245.5963252,0,12,0.392,52653,60857,13.8
EUW1_6849493588,1649,100,1,175,46.40000003576279,221.4000000357628,18,0,5,717.0097387999999,521.7816571,1517.2286854,1,8,0.4387096774193548,56922,65612,14.6
EUW1_6849493588,1649,200,0,189,67.60000011324883,256.6000001132488,9,0,0,,,,1,2,0.42000000000000004,45189,55172,13.0
EUW1_6849536643,1391,100,0,177,50.000000059604645,227.00000005960464,12,0,0,,,,0,6,0.45,37523,43467,11.6
EUW1_6849536643,1391,200,1,233,52.000000059604645,285.00000005960464,25,0,5,712.8061644,339.69265939999997,1239.0869883999999,1,6,0.39285714285714285,50786,56417,13.2
EUW1_6849542622,1898,100,0,164,52.000000059604645,216.00000005960464,29,0,5,680.8370484,354.90394349999997,,0,6,0.39,63222,68034,14.6
EUW1_6849542622,1898,200,1,163,54.000000059604645,217.00000005960464,35,0,0,,723.5970774,1711.3834055,0,6,0.4666666666666667,66201,73907,15.4
EUW1_6849604719,1683,100,0,196,44.000000059604645,240.00000005960464,25,0,5,719.5150914,,,0,3,0.4363636363636364,49893,53244,12.8
EUW1_6849604719,1683,200,1,170,42.000000059604645,212.00000005960464,36,0,0,,682.0891028,1444.2381633,0,3,0.492,63301,71784,15.2
EUW1_6849639197,1360,100,0,154,52.000000059604645,206.00000005960464,24,0,0,,,,1,4,0.42105263157894735,38175,41748,11.2
EUW1_6849639197,1360,200,1,192,52.000000059604645,244.00000005960464,26,0,5,881.7242587,377.804067,,0,3,0.36000000000000004,46788,51159,12.8
EUW1_6849642287,1528,100,1,166,54.00000008940697,220.00000008940697,41,0,5,890.3184405999999,857.5085876999999,,2,6,0.4208333333333333,58125,63473,14.4
EUW1_6849642287,1528,200,0,184,28.0,212.0,9,0,0,,1184.571348,,0,4,0.32857142857142857,39009,44697,11.8
EUW1_6849662730,2526,100,0,200,52.000000059604645,252.00000005960464,12,0,5,953.9035762,1137.162118,,0,6,0.49523809523809526,80397,96503,17.6
EUW1_6849662730,2526,200,1,187,52.000000059604645,239.00000005960464,19,0,0,,811.4537488999999,1736.7036295999999,0,4,0.475,85385,106465,18.0
EUW1_6849742621,1961,100,0,140,34.00000002980232,174.00000002980232,27,0,0,,710.5373228,1869.8552379,1,2,0.46829268292682935,64503,82032,16.4
EUW1_6849742621,1961,200,1,202,44.00000002980232,246.00000002980232,17,0,5,793.3948002,1695.5983219999998,1488.5845869999998,1,3,0.3771428571428571,66718,74983,15.2
EUW1_6849765490,1960,100,1,199,58.00000011920929,257.0000001192093,17,0,0,,450.51397269999995,1803.7452051999999,0,8,0.4631578947368421,72139,86693,16.8
EUW1_6849765490,1960,200,0,218,56.00000002980232,274.0000000298023,35,0,5,731.7548883999999,1146.4077565999999,1386.8226803999999,0,0,0.59375,66894,74818,15.6
EUW1_6849892400,1135,100,1,193,66.00000008940697,259.00000008940697,13,0,5,763.9663290999999,810.6425815,,1,0,0.3684210526315789,36610,42380,11.2
EUW1_6849892400,1135,200,0,157,56.00000002980232,213.00000002980232,8,0,0,,456.8279373,,0,3,0.5333333333333333,25274,30419,9.6
EUW1_6849934641,2302,100,1,217,64.00000005960464,281.00000005960464,24,0,5,895.4830886999999,672.3724479,2149.4248512,0,14,0.4789473684210527,78605,96818,17.4
EUW1_6849934641,2302,200,0,210,70.00000011920929,280.0000001192093,15,0,0,,1818.2212298,1639.70904,0,6,0.39473684210526316,76024,92510,16.8
EUW1_6849962714,2114,100,1,160,58.00000008940697,218.00000008940697,27,0,0,,345.0667476,1714.5677025999998,0,4,0.4304347826086957,71715,85995,17.0
EUW1_6849962714,2114,200,0,186,69.6000000834465,255.6000000834465,14,0,5,852.425791,1515.7674812,,1,6,0.38285714285714284,67752,85094,16.6
EUW1_6850005306,1711,100,0,168,52.00000008940697,220.00000008940697,21,0,0,,1397.2912251,,0,1,0.392,47012,60345,13.8
EUW1_6850005306,1711,200,1,159,42.00000002980232,201.00000002980232,14,0,5,806.6925689,657.4128529,,0,1,0.3290322580645161,55167,63592,14.4
EUW1_6850274974,1253,100,0,224,68.00000008940697,292.00000008940697,20,0,5,915.5627149,480.4706144,,0,4,0.44000000000000006,35622,40746,10.8
EUW1_6850274974,1253,200,1,198,54.000000059604645,252.00000005960464,38,0,0,,837.6317290999999,,0,6,0.4962962962962963,42164,44979,11.8
EUW1_6850434499,1871,100,0,219,52.000000059604645,271.00000005960464,20,0,0,,1016.0121845,,0,25,0.496,57571,66497,14.6
EUW1_6850434499,1871,200,1,147,66.00000005960464,213.00000005960464,35,0,5,839.6157813,548.1938491,1633.8857389999998,0,11,0.53,65936,70258,15.2
EUW1_6850475193,1948,100,1,220,58.000000059604645,278.00000005960464,21,0,5,854.6382534999999,728.6038546999999,,1,9,0.4136363636363637,70517,87516,16.6
EUW1_6850475193,1948,200,0,216,62.00000008940697,278.00000008940697,18,0,0,,402.00173659999996,,0,7,0.39999999999999997,62433,78903,16.0
EUW1_6850537420,2222,100,0,195,68.00000008940697,263.00000008940697,17,0,0,,345.5952367,,0,4,0.48275862068965514,69019,78987,16.2
EUW1_6850537420,2222,200,1,175,58.000000059604645,233.00000005960464,24,0,5,856.8630211,676.7487724,2157.7346508,0,15,0.5076923076923078,74532,92126,17.2
EUW1_6850607023,1578,100,0,195,48.00000008940697,243.00000008940697,23,0,0,,,,0,2,0.36363636363636365,46558,51903,12.8
EUW1_6850607023,1578,200,1,191,62.00000002980232,253.00000002980232,31,0,5,915.8992135999999,472.3704057,1522.8557308,1,6,0.46842105263157896,57046,63640,14.2
EUW1_6850674285,2022,100,1,188,50.000000059604645,238.00000005960464,20,0,5,863.1030194,962.4946117,1781.1373141,0,6,0.5333333333333334,71827,84970,16.8
EUW1_6850674285,2022,200,0,218,60.00000008940697,278.00000008940697,14,0,0,,589.7720938,,0,9,0.47142857142857136,64937,75837,15.6
EUW1_6850685549,2131,100,0,230,62.00000008940697,292.00000008940697,14,0,5,868.0377017,,,0,17,0.5923076923076923,68582,88298,16.8
EUW1_6850685549,2131,200,1,237,71.50000008940697,308.50000008940697,13,0,0,,380.09242609999995,1853.4506021999998,0,7,0.3655172413793103,77320,101498,17.6
EUW1_6850689407,2069,100,0,184,52.000000059604645,236.00000005960464,28,0,5,1029.8348449,,1538.0277964,0,0,0.4375,61974,68339,14.8
EUW1_6850689407,2069,200,1,182,66.00000008940697,248.00000008940697,20,0,0,,583.5109361,,1,8,0.4904761904761905,67510,77191,15.8
EUW1_6850930299,1387,100,0,169,48.000000059604645,217.00000005960464,9,0,0,,,,0,2,0.45,33397,40932,11.2
EUW1_6850930299,1387,200,1,165,42.000000059604645,207.00000005960464,34,0,5,821.3859001999999,571.0760752,,0,3,0.42222222222222217,49831,52743,12.8
EUW1_6850938510,2217,100,1,213,53.75000002980232,266.7500000298023,30,0,5,862.3048304,833.6569799,2055.5709349999997,0,4,0.4229508196721311,79410,94636,17.6
EUW1_6850938510,2217,200,0,158,64.00000008940697,222.00000008940697,23,0,0,,1503.261475,,0,4,0.4341463414634147,70435,90064,17.0
EUW1_6850991931,1917,100,0,182,48.000000059604645,230.00000005960464,36,0,5,863.4932491,900.4898953999999,,1,0,0.3878787878787879,59395,60325,14.0
EUW1_6850991931,1917,200,1,174,48.00000008940697,222.00000008940697,31,0,0,,1666.0767856,1816.0370573999999,0,3,0.5130434782608696,70237,80749,16.4
EUW1_6851026197,2062,100,0,199,52.000000059604645,251.00000005960464,44,0,5,807.5089935999999,383.8653263,1787.5801259,0,6,0.4424242424242425,65608,75754,15.8
EUW1_6851026197,2062,200,1,197,54.000000059604645,251.00000005960464,42,0,0,,732.2866617999999,,0,11,0.5,72617,86401,16.6
EUW1_6851545481,1111,100,1,211,70.00000008940697,281.00000008940697,42,0,5,727.7234141,521.8976503,,2,1,0.3485714285714286,42499,38526,10.6
EUW1_6851545481,1111,200,0,171,0.0,171.0,16,0,0,,,,0,0,0.4833333333333334,34193,33350,9.8
EUW1_6851561457,1148,100,0,164,28.0,192.0,2,0,0,,,,0,0,0.35,25914,31182,9.4
EUW1_6851561457,1148,200,1,201,58.00000008940697,259.00000008940697,42,0,5,734.8618352,648.1798173,,2,2,0.3756097560975609,46148,46031,11.8
EUW1_6851758066,2010,100,1,171,66.00000005960464,237.00000005960464,18,0,0,,552.8864323,1851.3577317,0,8,0.386046511627907,73310,93420,17.0
EUW1_6851758066,2010,200,0,204,48.00000008940697,252.00000008940697,18,0,5,946.2265345999999,,,0,8,0.44000000000000006,56655,71535,15.2
EUW1_6852086064,2278,100,1,181,48.00000008940697,229.00000008940697,27,0,5,974.6713176,726.4999107,2156.9065014,0,5,0.5142857142857142,76353,96376,17.8
EUW1_6852086064,2278,200,0,160,57.750000059604645,217.75000005960464,17,0,0,,1717.2660572,1562.8547968,0,3,0.4636363636363637,71864,89262,17.2
EUW1_6852525314,2113,100,0,176,60.00000008940697,236.00000008940697,9,0,0,,1621.5475878999998,1879.7100546,0,5,0.5615384615384615,64340,82069,16.4
EUW1_6852525314,2113,200,1,204,58.00000002980232,262.0000000298023,27,0,5,763.8189752999999,586.5664982999999,,1,7,0.41052631578947374,70220,82599,16.4
EUW1_6852612972,1666,100,1,171,58.00000008940697,229.00000008940697,30,0,5,660.5585601,672.1995822,,0,5,0.41538461538461535,59883,65079,14.6
EUW1_6852612972,1666,200,0,147,48.000000059604645,195.00000005960464,12,0,0,,997.8781405999999,,0,0,0.35333333333333333,49053,56348,13.2
EUW1_6852614899,2201,100,0,214,54.00000008940697,268.00000008940697,13,0,5,891.2184801999999,1446.8753858999999,,0,8,0.3769230769230769,65544,77080,16.0
EUW1_6852614899,2201,200,1,200,48.000000059604645,248.00000005960464,26,0,0,,686.4478085,1700.5458242999998,0,16,0.548,77825,98274,17.6
EUW1_6852693622,1624,100,0,177,44.750000059604645,221.75000005960464,18,0,0,,,,0,4,0.5,52399,59729,14.0
EUW1_6852693622,1624,200,1,227,61.250000059604645,288.25000005960464,64,0,5,762.4086110999999,392.44894139999997,,1,10,0.39344262295081966,68576,70089,15.2
EUW1_6852720700,2263,100,0,120,42.00000002980232,162.00000002980232,20,0,0,,1542.5232041,,0,0,0.4279069767441861,79545,94925,17.4
EUW1_6852720700,2263,200,1,206,52.00000008940697,258.00000008940697,32,0,5,878.9058788,433.30830649999996,1695.4709939,1,7,0.34800000000000003,79793,98615,17.2
EUW1_6852779114,1812,100,0,118,68.00000008940697,186.00000008940697,23,0,0,,824.554052,,0,2,0.4114285714285715,61929,73280,15.2
EUW1_6852779114,1812,200,1,212,54.000000059604645,266.00000005960464,33,0,5,537.8798262,500.2506787,1385.7667795,1,2,0.4133333333333333,62851,69601,15.2
EUW1_6853115160,1348,100,0,207,43.10000005364418,250.10000005364418,15,0,0,,,,0,3,0.509090909090909,38409,45883,11.8
EUW1_6853115160,1348,200,1,217,70.00000008940697,287.00000008940697,22,0,5,831.5745327999999,362.2867649,1301.4035387,0,9,0.376,49683,57434,13.4
EUW1_6853192903,1890,100,0,211,56.55000004172325,267.55000004172325,37,0,0,,,1384.2962524,1,3,0.5375,63470,76599,15.6
EUW1_6853192903,1890,200,1,221,66.80000007152557,287.8000000715256,27,0,5,726.1543878,486.85114369999997,1819.7762668,1,6,0.47441860465116276,72045,85530,16.6
EUW1_6853485744,2344,100,0,197,42.000000059604645,239.00000005960464,16,0,0,,898.4192868,,0,8,0.40625,71750,84414,16.6
EUW1_6853485744,2344,200,1,187,52.000000059604645,239.00000005960464,16,0,5,873.8055408,565.2016632,1780.8358498,1,6,0.41509433962264153,86994,107144,17.8
EUW1_6853550175,2355,100,1,181,42.000000059604645,223.00000005960464,29,0,0,,367.0848163,2181.7876604,0,1,0.48461538461538456,83147,96911,17.4
EUW1_6853550175,2355,200,0,193,48.000000059604645,241.00000005960464,31,0,5,806.4776909,717.1882443,1776.0931409999998,0,10,0.5392857142857143,84799,96846,17.8
EUW1_6853592069,954,100,0,185,64.00000008940697,249.00000008940697,9,0,0,,,,0,3,0.3666666666666666,23597,29427,9.2
EUW1_6853592069,954,200,1,200,49.000000059604645,249.00000005960464,22,0,0,,861.0923267999999,,0,5,0.2777777777777778,27879,33829,10.2
EUW1_6853621227,2031,100,0,167,52.000000059604645,219.00000005960464,26,0,5,876.9813633,670.6816752999999,,0,3,0.4,69996,82030,16.4
EUW1_6853621227,2031,200,1,163,58.000000059604645,221.00000005960464,23,0,0,,1032.266431,1713.0685598,0,1,0.37916666666666665,72549,87822,16.8
EUW1_6853793808,1989,100,1,152,48.000000059604645,200.00000005960464,22,0,0,,747.0997267,1805.6728759999999,2,2,0.44545454545454544,64614,76517,16.0
EUW1_6853793808,1989,200,0,155,50.00000008940697,205.00000008940697,17,0,5,870.8027228999999,1901.5617012999999,,1,0,0.4444444444444445,53143,63065,14.2
EUW1_6854075589,2186,100,1,200,57.750000059604645,257.75000005960464,20,0,5,770.0901355,428.13785149999995,1804.4005579999998,0,10,0.4461538461538462,76827,94695,17.4
EUW1_6854075589,2186,200,0,208,55.50000008940697,263.50000008940697,18,0,0,,862.0795208,,0,4,0.46428571428571425,67637,80661,16.4
EUW1_6854108729,1256,100,0,182,54.000000059604645,236.00000005960464,14,0,0,,,,1,7,0.45999999999999996,34876,39973,11.0
EUW1_6854108729,1256,200,1,219,52.00000002980232,271.0000000298023,28,0,5,773.8490969999999,585.0816047,,0,6,0.38571428571428573,44188,45617,11.8
EUW1_6854120185,1561,100,1,208,48.00000002980232,256.0000000298023,31,0,5,852.6806138,528.2080397,1483.3341747,0,5,0.48571428571428565,57186,63807,14.2
EUW1_6854120185,1561,200,0,207,48.00000008940697,255.00000008940697,25,0,0,,,,0,3,0.48235294117647065,46601,51210,13.0
EUW1_6854144881,1664,100,1,213,40.000000059604645,253.00000005960464,15,0,0,,833.3450081999999,1559.8006905,0,10,0.4451612903225806,56463,71827,15.2
EUW1_6854144881,1664,200,0,256,58.000000059604645,314.00000005960464,22,0,5,845.9683765999999,374.4956777,,1,3,0.4,55132,60663,13.8
EUW1_6854161072,1111,100,1,220,74.00000008940697,294.00000008940697,28,0,5,675.1078729,510.17697869999995,,1,2,0.47407407407407404,45519,43747,11.6
EUW1_6854161072,1111,200,0,193,44.000000059604645,237.00000005960464,17,0,0,,,,0,1,0.4,30313,32372,9.6
EUW1_6854171134,1331,100,1,203,50.000000059604645,253.00000005960464,27,0,5,801.3567453,486.6798435,,0,2,0.5384615384615384,46438,51099,12.4
EUW1_6854171134,1331,200,0,204,60.000000059604645,264.00000005960464,30,0,0,,849.2289635999999,,0,6,0.4470588235294118,39849,43640,11.6
EUW1_6854601246,1748,100,0,180,44.000000059604645,224.00000005960464,19,0,5,971.2741252,,,0,2,0.47407407407407404,52676,63511,14.4
EUW1_6854601246,1748,200,1,197,58.000000059604645,255.00000005960464,20,0,0,,913.3300206,,1,1,0.4235294117647059,62069,73382,15.4
EUW1_6854621500,1766,100,1,225,73.50000008940697,298.50000008940697,21,0,5,905.3757589999999,465.0775773,1334.223459,2,3,0.3608695652173913,70999,83799,16.6
EUW1_6854621500,1766,200,0,186,40.00000002980232,226.00000002980232,22,0,0,,1155.2437701,,1,3,0.5120000000000001,50094,64211,14.4
EUW1_6854648531,1525,100,1,228,51.00000008940697,279.00000008940697,16,0,5,849.2026681,1159.6898836999999,1307.9509583,1,8,0.4424242424242425,55764,62455,14.0
EUW1_6854648531,1525,200,0,201,62.000000059604645,263.00000005960464,20,0,0,,427.7631156,,1,2,0.4947368421052632,42866,51837,12.6
EUW1_6854655270,1441,100,0,145,36.000000059604645,181.00000005960464,16,0,0,,,,0,4,0.4133333333333334,37524,45934,11.8
EUW1_6854655270,1441,200,1,153,46.000000059604645,199.00000005960464,30,0,5,767.6685821,619.022986,,0,1,0.36,51081,59637,13.8
EUW1_6854666855,1626,100,0,189,64.00000011920929,253.0000001192093,19,0,0,,,,0,3,0.3473684210526316,45518,53593,13.0
EUW1_6854666855,1626,200,1,174,50.00000002980232,224.00000002980232,29,0,5,669.4025457,575.473717,1535.0189636,2,8,0.37435897435897436,60911,69652,14.8
EUW1_6854679179,1516,100,0,241,56.00000008940697,297.00000008940697,6,0,5,867.0390463,,,0,3,0.38333333333333336,42913,53434,13.0
EUW1_6854679179,1516,200,1,198,74.00000005960464,272.00000005960464,38,0,0,,489.00264749999997,,1,3,0.4212765957446809,60403,66988,14.8
EUW1_6854681679,1988,100,1,226,74.00000011920929,300.0000001192093,13,0,5,950.0824024,1167.2503167,1364.1324628,0,10,0.5789473684210527,71113,89925,17.2
EUW1_6854681679,1988,200,0,213,48.0,261.0,20,0,0,,501.6077224,,0,3,0.42222222222222217,60458,76759,15.8
EUW1_6854722295,2164,100,1,191,43.750000059604645,234.75000005960464,28,0,0,,933.0505443,2004.3083416,0,3,0.5137254901960785,76830,91050,17.2
EUW1_6854722295,2164,200,0,219,64.50000008940697,283.50000008940697,20,0,5,849.2048218,541.299362,,0,4,0.4809523809523809,70384,81839,16.4
EUW1_6854728912,1777,100,0,235,66.00000005960464,301.00000005960464,14,0,0,,,,0,3,0.41904761904761906,54840,65209,14.6
EUW1_6854728912,1777,200,1,233,52.000000059604645,285.00000005960464,29,0,5,967.7653739,425.0601905,1502.1643364,0,7,0.4238095238095238,65644,80818,16.4
EUW1_6854775996,2174,100,0,189,58.00000008940697,247.00000008940697,25,0,0,,1327.6940058,,0,10,0.552,73594,83458,16.6
EUW1_6854775996,2174,200,1,167,72.00000005960464,239.00000005960464,33,0,5,856.8250863999999,481.2220357,1699.7005712,0,9,0.44651162790697685,74647,84111,16.6
EUW1_6854854417,1005,100,0,191,42.50000002980232,233.50000002980232,6,0,0,,,,0,1,0.45,25057,29896,9.4
EUW1_6854854417,1005,200,1,200,58.00000008940697,258.00000008940697,27,0,5,715.1050174999999,578.3037032999999,,0,6,0.4533333333333333,32184,34303,10.2
EUW1_6854904620,2046,100,1,182,54.00000008940697,236.00000008940697,13,0,0,,1127.6291256,1842.3665177999999,0,3,0.645,72639,86403,17.0
EUW1_6854904620,2046,200,0,188,68.00000005960464,256.00000005960464,34,0,5,680.2901281999999,461.1050191,1280.3944361,0,1,0.3939393939393939,65162,70120,15.0
EUW1_6855179249,1598,100,1,203,60.40000006556511,263.4000000655651,37,0,5,823.4477832,657.4810961,1414.5746930999999,1,8,0.41621621621621624,59636,67828,14.6
EUW1_6855179249,1598,200,0,185,52.000000059604645,237.00000005960464,14,0,0,,,,0,4,0.3866666666666666,44615,57482,13.4
EUW1_6855233097,1389,100,1,226,60.50000008940697,286.50000008940697,31,0,5,677.9014827999999,580.8926582,,3,7,0.40975609756097564,54325,54145,13.2
EUW1_6855233097,1389,200,0,148,48.75000008940697,196.75000008940697,13,0,0,,,,0,2,0.5,38609,43242,11.8
EUW1_6855383528,2189,100,1,189,46.000000059604645,235.00000005960464,18,0,0,,617.5525028,2076.0092658999997,1,3,0.6382978723404256,75048,86079,17.2
EUW1_6855383528,2189,200,0,197,60.00000008940697,257.00000008940697,21,0,5,904.4562646999999,1762.333391,1309.556744,0,12,0.5538461538461539,70636,81873,16.4
EUW1_6855400708,1559,100,0,181,64.00000005960464,245.00000005960464,33,0,0,,441.4016827,,1,4,0.4000000000000001,46753,52453,12.8
EUW1_6855400708,1559,200,1,197,48.000000059604645,245.00000005960464,28,0,5,950.4702977,888.6269612,1390.0409151,0,6,0.41578947368421054,59220,66619,14.6
EUW1_6855776168,1749,100,0,177,70.00000005960464,247.00000005960464,22,0,0,,453.9562105,,0,8,0.34814814814814815,56250,66364,14.8
EUW1_6855776168,1749,200,1,204,68.00000008940697,272.00000008940697,31,0,5,842.9692417,813.4115564,1372.7738821,2,5,0.4,66410,79888,15.8
EUW1_6855825775,1609,100,1,180,41.250000059604645,221.25000005960464,35,0,5,745.9554456999999,,,2,3,0.43636363636363634,56478,59826,13.8
EUW1_6855825775,1609,200,0,212,64.00000005960464,276.00000005960464,28,0,0,,583.9361077,1459.4945456,1,2,0.40487804878048783,58544,67900,14.6
EUW1_6855863861,1835,100,1,213,72.40000006556511,285.4000000655651,4,0,0,,1189.3605813,1497.5565434999999,0,7,0.512,58307,71840,15.4
EUW1_6855863861,1835,200,0,204,57.6000000834465,261.6000000834465,17,0,5,772.6058859999999,473.88327769999995,,1,9,0.4909090909090909,51667,62284,14.2
EUW1_6855910825,1756,100,0,187,52.00000008940697,239.00000008940697,20,0,0,,407.5814681,,1,8,0.5,50193,55658,13.2
EUW1_6855910825,1756,200,1,219,86.00000008940697,305.00000008940697,31,0,5,870.0578601,845.4832739999999,1599.9725055,0,5,0.4127659574468085,67097,76696,15.8
EUW1_6856122311,2046,100,0,198,36.000000059604645,234.00000005960464,27,0,5,884.3800202,555.0045109,,0,8,0.5142857142857145,66350,76497,15.8
EUW1_6856122311,2046,200,1,171,50.000000059604645,221.00000005960464,14,0,0,,1053.2774003,1606.9746931999998,0,3,0.5487179487179488,64521,77497,16.0
EUW1_6856499132,1581,100,0,182,42.00000002980232,224.00000002980232,4,0,0,,1162.901997,,0,4,0.4,45635,52815,12.6
EUW1_6856499132,1581,200,1,162,45.60000005364418,207.60000005364418,25,0,5,858.7640852,373.71376019999997,,1,2,0.3526315789473684,52300,59103,14.0
EUW1_6856532978,1830,100,0,175,44.000000059604645,219.00000005960464,23,0,0,,,,0,1,0.42666666666666664,54429,64811,14.4
EUW1_6856532978,1830,200,1,197,58.000000059604645,255.00000005960464,18,0,5,896.8185798,737.7258303,1640.3568900999999,0,1,0.4171428571428571,64909,74928,15.6
EUW1_6856569083,1833,100,1,124,54.000000059604645,178.00000005960464,36,0,0,,762.8696628,,1,3,0.4230769230769231,62463,70104,15.0
EUW1_6856569083,1833,200,0,156,48.000000059604645,204.00000005960464,31,0,5,715.0471031,,,1,1,0.3636363636363636,54003,60570,13.8
EUW1_6856875819,1477,100,0,212,62.40000006556511,274.4000000655651,11,0,0,,389.1765771,,0,4,0.37142857142857144,43788,53312,13.0
EUW1_6856875819,1477,200,1,232,63.6000000834465,295.6000000834465,27,0,5,731.4844913999999,828.3926260999999,1347.4703576,0,9,0.3454545454545454,55792,65273,14.4
EUW1_6856898705,1986,100,1,202,44.000000059604645,246.00000005960464,36,0,0,,434.164811,1767.3959978,0,4,0.4595744680851063,69928,84628,16.6
EUW1_6856898705,1986,200,0,210,50.00000008940697,260.00000008940697,16,0,5,809.9280531999999,1521.2876691,,0,14,0.37037037037037035,59981,71273,15.4
EUW1_6856924328,1685,100,0,207,64.50000005960464,271.50000005960464,7,0,0,,,,0,3,0.35,47224,57914,13.6
EUW1_6856924328,1685,200,1,173,57.500000059604645,230.50000005960464,33,0,5,824.2472822999999,728.7367975999999,1550.4019701999998,0,10,0.44444444444444436,61675,74775,15.6
EUW1_6856961261,2622,100,0,199,66.00000005960464,265.00000005960464,21,0,0,,1293.0590345,,0,8,0.5236363636363637,88084,105917,17.6
EUW1_6856961261,2622,200,1,206,59.75000008940697,265.75000008940697,50,0,5,776.3309287,517.8921904,1538.8267265,1,11,0.45614035087719296,94747,115508,18.0
EUW1_6857012147,1800,100,0,228,56.00000008940697,284.00000008940697,18,0,0,,,,0,3,0.6421052631578947,52580,62908,14.4
EUW1_6857012147,1800,200,1,231,62.00000008940697,293.00000008940697,29,0,5,897.6076676,499.49214659999996,1303.8049342,0,11,0.5666666666666667,65397,77953,16.0
EUW1_6857098335,2327,100,0,155,58.00000002980232,213.00000002980232,21,0,5,895.5231407,402.1975343,,0,3,0.42000000000000004,71065,83158,16.4
EUW1_6857098335,2327,200,1,154,48.000000059604645,202.00000005960464,21,0,0,,1159.0362693,1921.3503088999998,1,0,0.5153846153846154,78161,96084,17.8
EUW1_6857158962,1655,100,0,189,52.00000008940697,241.00000008940697,7,0,0,,447.0079867,,0,2,0.3692307692307693,42187,54938,13.2
EUW1_6857158962,1655,200,1,165,73.00000008940697,238.00000008940697,14,0,5,914.2847055999999,874.1975018999999,,0,2,0.5,54171,68085,14.8
EUW1_6857160272,1689,100,1,182,58.000000059604645,240.00000005960464,13,0,5,871.0420994,363.7337626,1622.9698912,0,1,0.367741935483871,55460,70563,15.2
EUW1_6857160272,1689,200,0,173,48.000000059604645,221.00000005960464,17,0,0,,805.5705082999999,,0,0,0.43200000000000005,48710,60918,13.8
EUW1_6857204096,1717,100,1,187,67.00000008940697,254.00000008940697,10,0,5,721.5701252,527.7550646999999,1455.0039993999999,2,1,0.3151515151515151,55132,64977,14.4
EUW1_6857204096,1717,200,0,151,46.000000059604645,197.00000005960464,8,0,0,,,,0,3,0.3684210526315789,45404,57512,13.6
EUW1_6857257770,2003,100,1,184,58.000000059604645,242.00000005960464,29,0,0,,383.1787472,1915.4610387,1,0,0.45384615384615384,71750,80586,16.4
EUW1_6857257770,2003,200,0,146,36.00000008940697,182.00000008940697,25,0,5,1004.209391,963.5390751,1533.1134531999999,0,5,0.5684210526315789,63931,75012,15.6
EUW1_6857336257,1489,100,1,200,70.00000008940697,270.00000008940697,38,0,5,593.6905995,486.4858413,1283.1971704,1,4,0.372093023255814,55596,59962,13.8
EUW1_6857336257,1489,200,0,210,52.000000059604645,262.00000005960464,13,0,0,,,,0,1,0.47368421052631576,47118,52178,12.8
EUW1_6858097421,1535,100,0,200,52.000000059604645,252.00000005960464,7,0,5,851.5494196999999,,,0,4,0.34545454545454546,42156,48781,12.2
EUW1_6858097421,1535,200,1,169,54.00000002980232,223.00000002980232,23,0,0,,388.6162463,,1,2,0.4193548387096774,50031,59037,13.8
EUW1_6858123012,1149,100,0,148,48.000000059604645,196.00000005960464,10,0,0,,733.2982376,,0,3,0.4,29459,35664,10.4
EUW1_6858123012,1149,200,1,177,54.000000059604645,231.00000005960464,21,0,5,693.3650827,386.97185659999997,,1,5,0.44545454545454544,37594,40880,11.2
EUW1_6858150624,2075,100,1,174,46.000000059604645,220.00000005960464,26,0,5,983.6026284,1299.9388990999998,2021.3748822,1,4,0.4318181818181818,71602,88223,17.0
EUW1_6858150624,2075,200,0,166,52.00000002980232,218.00000002980232,10,0,0,,401.828674,,0,3,0.43809523809523815,55010,71702,15.4
EUW1_6858183847,1869,100,0,167,52.00000008940697,219.00000008940697,26,0,5,826.7923523999999,491.0257699,,0,4,0.4727272727272728,57566,66039,14.6
EUW1_6858183847,1869,200,1,167,48.000000059604645,215.00000005960464,28,0,0,,955.5606180999999,,0,0,0.5282051282051282,63772,72946,15.2
EUW1_6858212376,2318,100,1,169,42.800000071525574,211.80000007152557,16,0,5,865.5566451999999,2164.4605596,1769.8335333999999,0,2,0.4,74579,100846,17.6
EUW1_6858212376,2318,200,0,172,45.200000047683716,217.20000004768372,8,0,0,,382.8169175,,0,0,0.336,66100,85906,17.0
EUW1_6858240473,1959,100,0,162,52.000000059604645,214.00000005960464,2,0,0,,,,0,6,0.6545454545454545,49185,59069,13.6
EUW1_6858240473,1959,200,1,186,66.00000008940697,252.00000008940697,9,0,5,1035.6340991,386.2841846,1848.0050602,0,0,0.41875,61052,78005,16.0
EUW1_6858778648,1745,100,0,211,41.000000059604645,252.00000005960464,11,0,0,,,,0,1,0.4333333333333334,47051,58639,13.6
EUW1_6858778648,1745,200,1,182,53.00000002980232,235.00000002980232,17,0,5,840.4350148999999,599.4380903,1517.2174777999999,0,4,0.41818181818181827,57197,71938,15.2
EUW1_6858825534,2526,100,0,200,60.00000008940697,260.00000008940697,16,0,5,760.9024155999999,743.0368199999999,1395.2390696999998,0,4,0.3567567567567568,76087,100397,17.6
EUW1_6858825534,2526,200,1,177,62.00000008940697,239.00000008940697,7,0,0,,1434.7738126,2156.4378807,0,0,0.38461538461538464,82874,110583,18.0
EUW1_6858917672,1469,100,1,173,58.000000059604645,231.00000005960464,27,0,5,821.835801,425.7675925,,1,11,0.4421052631578948,55515,59311,13.8
EUW1_6858917672,1469,200,0,198,40.000000059604645,238.00000005960464,26,0,0,,,,0,3,0.45,43918,47418,12.0
EUW1_6859035199,2117,100,1,193,49.200000047683716,242.20000004768372,18,0,5,760.8836338,1465.2653837999999,1602.1231619999999,0,2,0.5260869565217392,72577,83748,16.6
EUW1_6859035199,2117,200,0,172,48.00000002980232,220.00000002980232,18,0,0,,329.59639169999997,2020.8551306,0,4,0.5411764705882354,66438,82022,16.4
EUW1_6859262821,1702,100,0,175,50.000000059604645,225.00000005960464,32,0,0,,933.1427423,,1,4,0.4482758620689656,48014,54642,13.0
EUW1_6859262821,1702,200,1,177,40.000000059604645,217.00000005960464,20,0,5,890.0813342,1248.2046802999998,1600.351034,2,4,0.4727272727272728,59436,67655,14.6
EUW1_6859703295,1427,100,0,198,44.000000059604645,242.00000005960464,20,0,5,1026.3299096,513.0808255,,0,3,0.3894736842105263,40513,46786,11.8
EUW1_6859703295,1427,200,1,195,58.00000002980232,253.00000002980232,24,0,0,,1335.2710786999999,,0,10,0.4121212121212121,49585,54279,13.2
EUW1_6860055427,1073,100,0,212,0.0,212.0,18,0,0,,,,0,5,0.43999999999999995,26290,28478,9.0
EUW1_6860055427,1073,200,1,229,77.00000008940697,306.00000008940697,26,0,5,894.5360380999999,369.520174,,1,1,0.425,35996,38347,10.8
EUW1_6860269330,1836,100,1,181,60.000000059604645,241.00000005960464,15,0,5,846.7228253999999,853.4447217999999,,2,0,0.41764705882352937,59888,65528,14.6
EUW1_6860269330,1836,200,0,183,38.00000002980232,221.00000002980232,12,0,0,,,,0,1,0.6592592592592592,53651,67613,14.8
EUW1_6860824768,1991,100,0,195,74.00000008940697,269.00000008940697,19,0,5,1057.9401063999999,825.7687307,,0,10,0.40909090909090906,59325,73044,15.4
EUW1_6860824768,1991,200,1,224,76.00000008940697,300.00000008940697,18,0,0,,402.7745622,1577.4195191,0,14,0.49411764705882355,70449,88103,16.8
EUW1_6860900155,1627,100,1,209,61.200000047683716,270.2000000476837,37,0,0,,369.4144267,1519.9815810999999,0,12,0.4382978723404255,63335,71873,15.4
EUW1_6860900155,1627,200,0,229,58.000000059604645,287.00000005960464,25,0,5,915.3735092999999,710.0433922,,1,10,0.5249999999999999,51249,56072,13.4
EUW1_6861119763,1742,100,0,235,54.000000059604645,289.00000005960464,16,0,0,,557.420995,,0,3,0.4695652173913044,54311,60936,13.8
EUW1_6861119763,1742,200,1,220,56.00000008940697,276.00000008940697,26,0,5,842.921968,1554.5333498,1629.1532449,0,13,0.49729729729729727,61025,69072,15.0
EUW1_6861300415,952,100,0,186,46.00000008940697,232.00000008940697,14,0,0,,,,0,3,0.3111111111111111,26299,29307,9.2
EUW1_6861300415,952,200,1,223,64.00000005960464,287.00000005960464,27,0,5,863.1828452,420.93722579999996,,1,5,0.3764705882352941,32227,34717,10.0
EUW1_6861337013,1667,100,1,214,52.00000008940697,266.00000008940697,30,0,0,,1437.4556926,1222.2314697,1,5,0.5575757575757576,64528,69051,15.0
EUW1_6861337013,1667,200,0,203,54.000000059604645,257.00000005960464,36,0,5,890.4631905,500.5396373,,0,7,0.4206896551724138,55037,59022,13.8
EUW1_6861373886,1957,100,1,211,43.60000005364418,254.60000005364418,35,0,0,,1824.4486438,1783.5507701,0,6,0.6093023255813954,72575,84806,16.6
EUW1_6861373886,1957,200,0,225,54.000000059604645,279.00000005960464,34,0,5,683.6895958,413.7736432,1345.3969306,0,4,0.5081081081081081,67582,74547,15.6
EUW1_6861391885,1623,100,1,217,74.00000008940697,291.00000008940697,20,0,5,746.8499724,471.83568329999997,1344.7583895,1,3,0.5076923076923077,56995,63917,14.4
EUW1_6861391885,1623,200,0,193,64.00000008940697,257.00000008940697,13,0,0,,,,0,7,0.425,47401,51470,12.8
EUW1_6861434445,1293,100,1,231,52.000000059604645,283.00000005960464,43,0,5,676.0638779,395.4915004,1238.8460376,1,2,0.46060606060606063,52799,52535,12.8
EUW1_6861434445,1293,200,0,184,70.00000008940697,254.00000008940697,10,0,0,,,,0,3,0.37777777777777777,33510,38776,11.0
EUW1_6861451297,1784,100,0,217,61.20000010728836,278.20000010728836,25,0,0,,,,0,12,0.44000000000000006,57031,63452,14.4
EUW1_6861451297,1784,200,1,212,62.000000059604645,274.00000005960464,18,0,5,1004.6071926,557.884556,1473.7973047,0,11,0.44102564102564107,65565,77397,15.6
EUW1_6861484326,1466,100,1,213,56.00000008940697,269.00000008940697,29,0,5,846.7275244,656.930966,1335.1570861,0,10,0.5212121212121212,54501,57877,13.6
EUW1_6861484326,1466,200,0,189,62.00000008940697,251.00000008940697,27,0,0,,,,1,5,0.49411764705882344,43036,44884,11.8
EUW1_6861575301,1446,100,0,194,74.00000008940697,268.00000008940697,26,0,5,890.8721519999999,781.5169945,,0,8,0.4352941176470588,40700,46166,12.0
EUW1_6861575301,1446,200,1,248,52.000000059604645,300.00000005960464,35,0,0,,1140.3898313,1353.3391861999999,1,5,0.47058823529411764,56429,59620,13.8
EUW1_6861633236,1740,100,0,190,45.20000001788139,235.2000000178814,36,0,0,,900.3096882,,0,2,0.6709677419354838,57395,63481,14.4
EUW1_6861633236,1740,200,1,209,52.800000101327896,261.8000001013279,39,0,5,895.9351154,555.4154419,1302.7224499,0,6,0.4756756756756757,65449,71985,15.2
EUW1_6862123038,1564,100,1,222,52.00000008940697,274.00000008940697,48,0,5,893.8450553,1201.9635286,1469.1199319999998,2,6,0.48181818181818176,60272,68757,15.0
EUW1_6862123038,1564,200,0,159,62.000000059604645,221.00000005960464,11,0,0,,381.5656198,,0,3,0.3375,44893,54280,13.2
EUW1_6862145119,2251,100,1,196,52.00000008940697,248.00000008940697,15,0,0,,1267.8274606,1909.6498680999998,1,11,0.43999999999999995,75965,96354,17.6
EUW1_6862145119,2251,200,0,186,54.00000002980232,240.00000002980232,8,0,5,950.6282231,520.1325337,,0,1,0.475,67971,89882,17.0
EUW1_6862178170,1564,100,0,143,58.00000008940697,201.00000008940697,14,0,0,,770.4781022999999,,0,1,0.5157894736842106,43477,55494,13.2
EUW1_6862178170,1564,200,1,214,56.000000059604645,270.00000005960464,38,0,5,709.6001941999999,414.38457769999997,,2,4,0.31666666666666665,58749,62423,13.8
EUW1_6862286374,1535,100,1,199,62.40000009536743,261.40000009536743,34,0,5,680.8051103,336.9627971,1246.5835289,0,15,0.41052631578947374,58169,63151,14.2
EUW1_6862286374,1535,200,0,202,39.35000002384186,241.35000002384186,24,0,0,,,,0,2,0.5052631578947369,49247,54983,13.2
EUW1_6862455456,2410,100,1,186,66.00000008940697,252.00000008940697,17,0,5,859.321467,1879.1914087,1740.5983267,0,13,0.4473684210526315,81636,107532,17.8
EUW1_6862455456,2410,200,0,233,64.00000008940697,297.00000008940697,13,0,0,,402.06480439999996,,1,9,0.50625,75345,92285,17.6
EUW1_6862526636,1897,100,1,226,64.00000008940697,290.00000008940697,25,0,5,878.9596108,697.2496265999999,1615.8497105,0,7,0.40888888888888886,68669,84925,16.4
EUW1_6862526636,1897,200,0,196,58.000000059604645,254.00000005960464,7,0,0,,,,0,7,0.4428571428571428,50474,63884,14.2
EUW1_6862592865,1555,100,1,244,62.00000008940697,306.00000008940697,40,0,5,646.055754,365.6027137,1430.9757021,1,8,0.465,64180,67180,14.8
EUW1_6862592865,1555,200,0,176,64.00000005960464,240.00000005960464,19,0,0,,739.8173299,,0,3,0.49000000000000005,45879,54808,13.2
EUW1_6862609643,1201,100,0,125,36.00000002980232,161.00000002980232,41,0,0,,910.3106889,,0,2,0.42142857142857143,36772,34175,9.8
EUW1_6862609643,1201,200,1,169,40.00000002980232,209.00000002980232,43,0,5,854.2598581999999,535.0014056,,1,0,0.36,43858,44645,11.8
EUW1_6862638427,2173,100,0,165,44.000000059604645,209.00000005960464,37,0,0,,816.8367999999999,1584.5926682,0,4,0.613953488372093,74598,90285,16.8
EUW1_6862638427,2173,200,1,193,62.00000008940697,255.00000008940697,30,0,5,903.4403985,1148.1878477999999,2066.327804,0,9,0.4333333333333333,82839,95278,17.4
EUW1_6862708392,1596,100,0,213,54.40000006556511,267.4000000655651,14,0,0,,880.039873,,0,7,0.4526315789473684,48306,57988,13.4
EUW1_6862708392,1596,200,1,250,59.600000113248825,309.6000001132488,28,0,5,729.5531116,454.4526524,1323.9883877999998,1,5,0.48571428571428565,61342,71443,15.0
EUW1_6862758274,1291,100,1,190,50.40000009536743,240.40000009536743,59,0,5,850.0936626,752.5129519,,1,4,0.46976744186046515,52091,49452,12.4
EUW1_6862758274,1291,200,0,220,63.6000000834465,283.6000000834465,21,0,0,,417.2413942,,1,2,0.43000000000000005,40227,42102,11.2
EUW1_6862763279,2403,100,0,234,60.00000011920929,294.0000001192093,37,0,0,,831.080307,1311.8170057,0,14,0.5269230769230769,87453,104508,18.0
EUW1_6862763279,2403,200,1,253,50.00000002980232,303.0000000298023,16,0,5,828.0456356,461.0329721,,0,2,0.5609756097560976,78200,93444,16.8
EUW1_6862806356,932,100,0,184,39.750000059604645,223.75000005960464,20,0,0,,,,0,5,0.4,23954,27296,9.0
EUW1_6862806356,932,200,1,252,79.75000005960464,331.75000005960464,29,0,5,704.1363931999999,576.8589577,,0,1,0.42000000000000004,36345,36276,10.2
EUW1_6862841345,1885,100,1,222,36.000000059604645,258.00000005960464,18,0,5,862.871538,1367.2763754,,0,7,0.46976744186046515,67471,80791,16.2
EUW1_6862841345,1885,200,0,214,70.00000008940697,284.00000008940697,27,0,0,,629.8052071,1631.8711638999998,1,3,0.4578947368421053,64301,73559,15.4
EUW1_6862850083,1654,100,0,215,58.000000059604645,273.00000005960464,30,0,0,,957.6390922999999,,1,4,0.496551724137931,50521,57668,13.8
EUW1_6862850083,1654,200,1,238,47.20000010728836,285.20000010728836,27,0,5,854.8880706,1334.8162072,1449.5447593,0,4,0.43999999999999995,61210,68952,14.8
EUW1_6862963364,1725,100,0,184,46.000000059604645,230.00000005960464,11,0,0,,847.1862031,,0,11,0.5076923076923077,45285,57079,13.4
EUW1_6862963364,1725,200,1,178,56.000000059604645,234.00000005960464,30,0,5,891.5913098999999,504.69663119999996,1397.4620269,1,10,0.38823529411764707,60833,70565,15.0
EUW1_6863093031,2091,100,1,185,54.000000059604645,239.00000005960464,36,0,5,857.9752311999999,934.1811276999999,1535.0230445999998,0,4,0.3573770491803278,78893,88559,17.0
EUW1_6863093031,2091,200,0,182,34.00000002980232,216.00000002980232,25,0,0,,554.0653827,,1,4,0.45,63285,72320,15.4
EUW1_6863112250,3969,100,0,175,43.20000007748604,218.20000007748604,14,0,0,,1753.4358558,2788.2939839,0,8,0.4782608695652174,136220,190030,18.0
EUW1_6863112250,3969,200,1,200,58.00000002980232,258.0000000298023,19,0,5,849.6684739,620.7751317999999,2269.9657119,3,11,0.3940298507462687,128953,168599,18.0
EUW1_6863131026,1883,100,0,143,38.000000059604645,181.00000005960464,30,0,0,,650.2806446999999,,0,1,0.3736842105263158,60123,62928,14.2
EUW1_6863131026,1883,200,1,179,56.000000059604645,235.00000005960464,42,0,5,679.5099941999999,1276.0610831,,1,10,0.37666666666666665,71972,80040,16.0
EUW1_6863150263,2299,100,1,162,38.0,200.0,33,0,5,737.063762,809.7754554999999,1696.9161428999998,0,13,0.41052631578947363,78240,94733,17.2
EUW1_6863150263,2299,200,0,191,52.000000059604645,243.00000005960464,25,0,0,,351.7684797,2081.1953091,1,3,0.41621621621621624,73888,88718,17.2
EUW1_6863283741,1246,100,0,200,46.00000008940697,246.00000008940697,15,0,0,,,,0,5,0.4461538461538462,34632,38872,10.8
EUW1_6863283741,1246,200,1,211,64.00000005960464,275.00000005960464,30,0,5,859.161019,482.29893979999997,,0,2,0.42666666666666664,46324,49550,12.4
EUW1_6863435063,1498,100,1,220,65.75000011920929,285.7500001192093,24,0,5,672.2868262,821.7807041,1403.3358747,1,3,0.3448275862068966,55929,62674,14.2
EUW1_6863435063,1498,200,0,162,44.250000059604645,206.25000005960464,19,0,0,,,,0,8,0.3916666666666667,44226,53129,13.0
EUW1_6863481722,1639,100,1,193,58.000000059604645,251.00000005960464,25,0,5,623.4951159999999,525.0161383999999,1406.5929383,2,4,0.465,61426,70306,15.0
EUW1_6863481722,1639,200,0,204,56.00000008940697,260.00000008940697,19,0,0,,,,0,4,0.42857142857142855,46140,55416,13.2
EUW1_6863508054,1832,100,1,192,46.000000059604645,238.00000005960464,9,0,0,,452.5293243,,0,4,0.4782608695652174,55109,69448,15.2
EUW1_6863508054,1832,200,0,187,53.000000059604645,240.00000005960464,13,0,5,911.1296381,1307.6437538,1426.8633229,1,2,0.3310344827586207,55025,71509,15.2
EUW1_6863553163,1711,100,1,181,58.00000008940697,239.00000008940697,31,0,5,923.1228811999999,855.5206800999999,1688.0049904999998,1,8,0.41923076923076924,64433,78324,15.8
EUW1_6863553163,1711,200,0,177,52.00000002980232,229.00000002980232,3,0,0,,484.4859297,,0,3,0.5058823529411764,49389,57161,13.4
EUW1_6863596973,2580,100,0,187,64.00000005960464,251.00000005960464,20,0,5,666.1920683,368.92610179999997,,2,10,0.38823529411764707,84282,99431,17.6
EUW1_6863596973,2580,200,1,205,58.00000008940697,263.00000008940697,19,0,0,,842.244382,1801.6266793999998,0,5,0.3739130434782608,88605,117663,18.0
EUW1_6863659884,1480,100,1,197,59.000000059604645,256.00000005960464,27,0,5,930.5600999999999,396.5819636,,0,3,0.3189189189189189,49902,59379,13.8
EUW1_6863659884,1480,200,0,193,62.000000059604645,255.00000005960464,13,0,0,,,,1,3,0.3466666666666666,39970,48833,12.6
EUW1_6863699593,1642,100,0,184,52.00000008940697,236.00000008940697,11,0,0,,502.5752468,,0,4,0.47777777777777775,44249,53223,12.8
EUW1_6863699593,1642,200,1,193,62.000000059604645,255.00000005960464,20,0,5,639.3326162,843.6574003,1440.4480905,1,5,0.47058823529411764,55322,65011,14.4
EUW1_6863798228,2436,100,1,188,44.80000001192093,232.80000001192093,17,0,5,821.8398728999999,1202.4430559999998,1322.9500051999999,2,1,0.359322033898305,85195,106254,18.0
EUW1_6863798228,2436,200,0,207,62.3500000834465,269.3500000834465,13,0,0,,856.9653324999999,1818.0804807,0,8,0.4363636363636364,80293,104893,18.0
EUW1_6863831441,2164,100,1,198,70.00000014901161,268.0000001490116,14,0,0,,1130.0155799,1819.939146,0,0,0.3660377358490566,80055,101836,17.8
EUW1_6863831441,2164,200,0,217,44.00000002980232,261.0000000298023,18,0,5,915.0979109,808.2782416,,1,1,0.451063829787234,72832,86497,16.8
EUW1_6864035862,1496,100,1,216,59.20000007748604,275.20000007748604,34,0,5,750.6811657999999,372.7402535,,0,12,0.4,54713,60220,13.8
EUW1_6864035862,1496,200,0,181,54.800000071525574,235.80000007152557,12,0,0,,1129.6273681,,0,3,0.41739130434782606,48512,56673,13.4
EUW1_6864052013,1677,100,1,210,59.20000010728836,269.20000010728836,34,0,0,,936.8141964,1463.8336881,1,2,0.4977777777777777,60124,71859,15.2
EUW1_6864052013,1677,200,0,201,58.55000004172325,259.55000004172325,14,0,5,720.7343222999999,535.0540732,,0,2,0.48235294117647065,51048,57639,13.6
EUW1_6864123098,1944,100,0,200,56.00000008940697,256.00000008940697,11,0,0,,1683.2561735,,0,6,0.6347826086956522,63609,76192,15.8
EUW1_6864123098,1944,200,1,242,66.00000008940697,308.00000008940697,30,0,5,853.0051926,699.0812814,1262.817315,2,5,0.4790697674418604,70589,87726,17.0
EUW1_6864616123,1567,100,1,228,52.000000059604645,280.00000005960464,40,0,5,770.1783573,570.5167268,1471.9083944,2,11,0.47727272727272735,60766,67855,15.0
EUW1_6864616123,1567,200,0,196,52.00000008940697,248.00000008940697,12,0,0,,,,0,2,0.5466666666666666,45792,52541,12.8
EUW1_6864681589,1738,100,0,218,64.00000005960464,282.00000005960464,0,0,0,,,,0,6,0.6,47036,55643,13.4
EUW1_6864681589,1738,200,1,248,78.00000008940697,326.00000008940697,16,0,5,976.6700384999999,420.6360079,1671.8601277999999,0,10,0.5599999999999999,59158,72423,15.4
EUW1_6865048121,1869,100,0,208,70.00000005960464,278.00000005960464,14,0,5,915.7237815,,,1,6,0.3916666666666667,57343,68784,14.8
EUW1_6865048121,1869,200,1,173,68.00000008940697,241.00000008940697,24,0,0,,519.3185791,1709.1788889,0,5,0.5045454545454545,73702,87064,16.8
EUW1_6865117746,2645,100,1,172,82.00000008940697,254.00000008940697,26,0,0,,1958.1666172999999,2324.8806685,1,16,0.5066666666666666,93948,121352,18.0
EUW1_6865117746,2645,200,0,206,44.000000059604645,250.00000005960464,15,0,5,1109.7089627999999,924.8178039,1858.9634385,0,13,0.4204081632653061,85693,109179,17.8
EUW1_6865732965,1255,100,1,252,69.75000005960464,321.75000005960464,26,0,5,531.5519122,772.8784383,1215.1756374,1,4,0.3894736842105263,46625,48090,12.2
EUW1_6865732965,1255,200,0,202,56.00000008940697,258.00000008940697,10,0,0,,425.4445235,,0,6,0.48,32848,42329,11.2
EUW1_6866606432,1399,100,0,202,66.00000005960464,268.00000005960464,5,0,0,,,,0,7,0.425,37334,47856,12.2
EUW1_6866606432,1399,200,1,225,64.00000008940697,289.00000008940697,18,0,5,1064.1376011,540.2637227,,0,8,0.39285714285714285,47518,57902,13.4
EUW1_6866646199,2178,100,0,170,53.200000047683716,223.20000004768372,20,0,5,925.4018067,1241.3616622,,0,15,0.5352941176470588,68159,78462,16.0
EUW1_6866646199,2178,200,1,185,60.300000071525574,245.30000007152557,32,0,0,,365.62659329999997,1636.7000260999998,1,13,0.591111111111111,80319,93027,17.0
EUW1_6866714569,679,100,0,175,44.40000006556511,219.4000000655651,16,0,0,,403.3097664,,0,1,0.45714285714285713,17657,17002,6.8
EUW1_6866714569,679,200,1,226,74.40000006556511,300.4000000655651,18,0,5,620.9322919,,,1,1,0.4,21920,21354,7.6
EUW1_6866860520,1705,100,1,205,35.75000008940697,240.75000008940697,40,0,5,929.5932788,493.54806049999996,,1,16,0.4975609756097561,63388,66619,14.6
EUW1_6866860520,1705,200,0,203,42.25000002980232,245.25000002980232,19,0,0,,,,1,8,0.49523809523809526,48426,55092,13.0
EUW1_6866900187,2690,100,1,192,68.00000008940697,260.00000008940697,18,0,5,771.0857894999999,457.8917613,,0,10,0.428125,95367,120218,18.0
EUW1_6866900187,2690,200,0,186,56.50000008940697,242.50000008940697,16,0,0,,825.0801894,1690.6829946,0,16,0.4,95488,126647,17.8
EUW1_6867310175,1960,100,1,211,52.000000059604645,263.00000005960464,32,0,5,900.5437098,1182.6526704,1458.594638,1,11,0.44102564102564107,70987,82169,16.4
EUW1_6867310175,1960,200,0,195,58.00000008940697,253.00000008940697,15,0,0,,806.0246906,,0,6,0.525,59192,74431,15.6
EUW1_6867537422,972,100,0,156,48.00000008940697,204.00000008940697,16,0,0,,,,0,1,0.4,25627,26231,8.6
EUW1_6867537422,972,200,1,224,62.00000008940697,286.00000008940697,40,0,5,805.4716833,753.4923997999999,,3,8,0.3407407407407407,34801,35274,10.2
EUW1_6867561734,915,100,1,221,48.000000059604645,269.00000005960464,69,0,5,708.3322005,520.9684067,,3,6,0.41764705882352937,38837,33066,9.8
EUW1_6867561734,915,200,0,174,58.00000008940697,232.00000008940697,19,0,0,,,,1,5,0.4222222222222222,25674,24954,8.4
EUW1_6867589850,2195,100,0,209,52.00000008940697,261.00000008940697,23,0,5,736.024373,1604.8286389,1498.8451241,2,9,0.44571428571428573,74488,83378,16.6
EUW1_6867589850,2195,200,1,200,60.00000002980232,260.0000000298023,40,0,0,,563.4669068,,0,13,0.5199999999999999,78510,97682,17.6
EUW1_6867601056,917,100,1,164,50.000000059604645,214.00000005960464,34,0,0,,690.0922031,,1,6,0.34,28963,32173,9.8
EUW1_6867601056,917,200,0,192,52.000000059604645,244.00000005960464,14,0,0,,,,0,2,0.31111111111111106,24001,28607,9.0
EUW1_6867612753,1475,100,0,189,54.00000008940697,243.00000008940697,14,0,0,,520.3229668,,0,3,0.475,34851,43391,11.6
EUW1_6867612753,1475,200,1,187,59.75000008940697,246.75000008940697,42,0,5,984.7319212,943.6738765,,2,6,0.4666666666666667,53331,59558,13.8
EUW1_6867793634,2100,100,0,224,58.000000059604645,282.00000005960464,29,0,5,732.0917787,441.75423279999995,,0,7,0.4903225806451613,63767,75259,15.8
EUW1_6867793634,2100,200,1,190,52.000000059604645,242.00000005960464,6,0,0,,818.4069321,1435.4940603,0,13,0.44827586206896547,71680,89282,17.2
EUW1_6867817836,1554,100,0,214,62.000000059604645,276.00000005960464,5,0,0,,680.7063228999999,,0,14,0.3555555555555555,41469,51532,12.8
EUW1_6867817836,1554,200,1,208,60.00000008940697,268.00000008940697,24,0,5,831.9170505,1317.1275471,1254.5893784,0,7,0.4193548387096774,55528,65823,14.6
EUW1_6867836523,2147,100,1,195,54.000000059604645,249.00000005960464,28,0,0,,1326.6596663,1592.4076294,0,6,0.3877551020408163,78902,95955,17.2
EUW1_6867836523,2147,200,0,165,54.00000002980232,219.00000002980232,44,0,5,820.4785205999999,592.4981113,,2,9,0.4916666666666667,73401,87837,16.6
EUW1_6867871373,1572,100,1,167,60.90000006556511,227.9000000655651,54,0,0,,1256.1667466,1302.3842428,1,5,0.376,63045,67511,14.8
EUW1_6867871373,1572,200,0,187,49.60000005364418,236.60000005364418,34,0,5,833.4407292999999,538.9152305,,1,3,0.4133333333333333,51075,56229,13.4
EUW1_6867880432,2068,100,1,182,58.000000059604645,240.00000005960464,18,0,0,,769.6587968,1979.8338912,0,3,0.4622222222222222,67836,80807,16.2
EUW1_6867880432,2068,200,0,194,64.00000005960464,258.00000005960464,10,0,5,860.6274356,341.2919477,,0,12,0.4666666666666666,59656,71000,15.0
EUW1_6867934960,1523,100,1,200,57.20000010728836,257.20000010728836,20,0,5,932.1249118,969.5242576999999,,0,5,0.41,54827,60000,13.6
EUW1_6867934960,1523,200,0,157,54.40000006556511,211.4000000655651,22,0,0,,421.8988946,,0,0,0.49411764705882355,40270,47916,12.4
EUW1_6867952382,1857,100,1,193,50.00000002980232,243.00000002980232,18,0,5,717.4870755999999,744.5148072999999,1315.6149262,0,6,0.49090909090909085,59425,76869,16.0
EUW1_6867952382,1857,200,0,217,72.00000008940697,289.00000008940697,10,0,0,,345.287264,,0,7,0.43636363636363634,50168,61698,14.0
EUW1_6867982927,2179,100,0,211,42.0,253.0,33,0,5,891.1890033,701.0992599,,0,17,0.37777777777777777,66579,78312,16.0
EUW1_6867982927,2179,200,1,206,44.000000059604645,250.00000005960464,18,0,0,,1173.6824318,2033.7273272999998,0,4,0.41052631578947363,73860,88882,16.8
EUW1_6868073570,1432,100,0,195,46.000000059604645,241.00000005960464,16,0,0,,553.4188303,,0,2,0.45714285714285713,39298,46301,11.8
EUW1_6868073570,1432,200,1,231,56.00000008940697,287.00000008940697,35,0,5,889.4048343,917.7847221999999,,1,6,0.5379310344827586,53617,56584,13.4
EUW1_6868090129,1774,100,0,214,40.000000059604645,254.00000005960464,40,0,5,724.7952693,1101.2256498,,0,9,0.5290322580645161,58512,62421,13.8
EUW1_6868090129,1774,200,1,205,46.000000059604645,251.00000005960464,40,0,0,,334.0755481,1539.2005384,0,8,0.46842105263157896,62657,69243,15.0
EUW1_6868105206,1606,100,0,219,58.000000059604645,277.00000005960464,28,0,5,768.894831,531.983449,,0,8,0.5043478260869565,47189,51383,12.6
EUW1_6868105206,1606,200,1,202,56.00000008940697,258.00000008940697,28,0,0,,1203.4480021,,0,7,0.5483870967741936,53096,58237,13.6
EUW1_6868113156,1880,100,0,166,50.000000059604645,216.00000005960464,26,0,0,,,,0,3,0.5073170731707317,66632,75652,15.6
EUW1_6868113156,1880,200,1,223,52.00000008940697,275.00000008940697,32,0,5,949.0797418,490.5561285,1771.9522955999998,0,10,0.369811320754717,73327,81020,16.2
EUW1_6868127905,1799,100,1,214,62.000000059604645,276.00000005960464,15,0,0,,760.9839393999999,1709.7074206999998,0,4,0.40714285714285714,59798,72150,15.2
EUW1_6868127905,1799,200,0,205,56.00000008940697,261.00000008940697,9,0,5,905.9014965,422.16183279999996,,1,7,0.4,46153,58569,13.4
EUW1_6868149606,2002,100,1,188,72.00000008940697,260.00000008940697,15,0,5,864.3871435,986.2574143999999,1853.6622877,1,12,0.45405405405405413,68039,84798,16.4
EUW1_6868149606,2002,200,0,175,58.000000059604645,233.00000005960464,26,0,0,,629.4239473,,0,8,0.3857142857142857,58416,69211,14.8
EUW1_6868209184,2050,100,0,190,56.00000008940697,246.00000008940697,18,0,0,,,,0,3,0.40740740740740744,62459,75603,15.8
EUW1_6868209184,2050,200,1,208,62.000000059604645,270.00000005960464,21,0,5,881.1734445,539.0809593,1757.5145298999998,0,3,0.4666666666666666,71358,87775,17.0
EUW1_6868432088,2144,100,0,193,48.000000059604645,241.00000005960464,28,0,5,919.4073007999999,751.0672317,,0,4,0.49230769230769234,69081,79634,16.2
EUW1_6868432088,2144,200,1,199,52.000000059604645,251.00000005960464,13,0,0,,1505.2360852,,0,1,0.4926829268292683,71503,83748,16.4
EUW1_6868976075,2051,100,0,214,52.000000059604645,266.00000005960464,34,0,5,853.4871890999999,347.5647353,,0,16,0.41621621621621624,68949,75992,15.8
EUW1_6868976075,2051,200,1,201,53.750000059604645,254.75000005960464,21,0,0,,760.6167025999999,1631.6910865,0,12,0.4833333333333334,78127,96019,17.2
EUW1_6869047574,1557,100,1,222,68.00000008940697,290.00000008940697,24,0,0,,541.3309674,1446.4263947,0,5,0.42777777777777776,56280,67997,14.8
EUW1_6869047574,1557,200,0,203,46.500000059604645,249.50000005960464,12,0,5,897.9682187,,,0,6,0.38,42734,52569,13.0
EUW1_6869091374,1352,100,0,188,68.00000008940697,256.00000008940697,13,0,0,,,,0,8,0.4727272727272728,38417,42881,11.4
EUW1_6869091374,1352,200,1,219,58.000000059604645,277.00000005960464,34,0,5,976.8516732999999,819.9403387,,1,6,0.4052631578947368,48635,53790,13.0
EUW1_6869124379,1791,100,1,193,60.000000059604645,253.00000005960464,19,0,0,,1114.3859599,,0,7,0.5310344827586206,56077,63983,14.2
EUW1_6869124379,1791,200,0,209,44.00000002980232,253.00000002980232,23,0,5,640.9708155999999,447.77607409999996,,1,9,0.4333333333333333,54985,62845,14.2
EUW1_6869214991,2104,100,0,183,42.00000002980232,225.00000002980232,23,0,5,959.6117856,554.9030913,,0,8,0.5037037037037037,60471,66353,14.4
EUW1_6869214991,2104,200,1,189,62.00000008940697,251.00000008940697,24,0,0,,889.6690331,1852.9988809,0,6,0.5933333333333334,69783,78056,16.0
EUW1_6869247362,1723,100,1,163,62.000000059604645,225.00000005960464,33,0,5,812.8091506,1233.8795995,1365.0214586,1,6,0.4391304347826087,60116,64684,14.4
EUW1_6869247362,1723,200,0,181,52.000000059604645,233.00000005960464,20,0,0,,510.13035199999996,,0,3,0.29166666666666663,51048,54330,13.2
EUW1_6869263952,2130,100,0,172,60.000000059604645,232.00000005960464,13,0,0,,,,0,3,0.44848484848484843,64484,77198,15.8
EUW1_6869263952,2130,200,1,212,58.000000059604645,270.00000005960464,31,0,5,830.3318507,472.3709803,1615.5148973999999,3,6,0.4153846153846154,78754,94467,17.4
EUW1_6869431732,2349,100,0,202,62.000000059604645,264.00000005960464,21,0,5,892.6196904,714.6077551999999,,0,12,0.4,74206,88003,17.0
EUW1_6869431732,2349,200,1,202,68.00000008940697,270.00000008940697,23,0,0,,336.99861089999996,1522.0204213,0,10,0.6044444444444445,83521,106264,17.8
EUW1_6869451260,1672,100,0,221,78.00000008940697,299.00000008940697,6,0,0,,,,0,2,0.34,44825,57085,13.2
EUW1_6869451260,1672,200,1,234,56.000000059604645,290.00000005960464,19,0,5,920.6141273,399.4466607,1432.2138274,0,12,0.48484848484848475,60975,75716,15.6
EUW1_6869484103,1765,100,0,214,52.00000008940697,266.00000008940697,12,0,0,,,,0,8,0.3866666666666666,46108,58033,13.6
EUW1_6869484103,1765,200,1,198,54.000000059604645,252.00000005960464,30,0,5,1011.5330514,571.2315029,1556.0918934,1,7,0.45999999999999996,58181,73547,15.4
EUW1_6869559659,1968,100,1,174,44.000000059604645,218.00000005960464,28,0,5,857.4634623,550.3838023999999,,2,10,0.5024390243902439,64949,74107,15.8
EUW1_6869559659,1968,200,0,169,32.00000002980232,201.00000002980232,20,0,0,,1351.537227,,0,3,0.4625,57910,68449,14.8
EUW1_6869574661,1830,100,0,141,64.00000005960464,205.00000005960464,12,0,0,,,,0,4,0.45999999999999996,51788,63862,14.4
EUW1_6869574661,1830,200,1,190,62.000000059604645,252.00000005960464,24,0,5,894.1023359,398.1313287,,2,2,0.4205128205128205,60864,73453,15.4
EUW1_6869606132,1838,100,0,190,52.00000008940697,242.00000008940697,12,0,0,,796.8970949999999,,0,13,0.5111111111111111,55806,68716,15.0
EUW1_6869606132,1838,200,1,201,60.6000000834465,261.6000000834465,32,0,5,923.9495691,447.34166469999997,1304.9577382,0,3,0.42608695652173917,69993,81696,16.4
EUW1_6869615442,2032,100,0,212,63.20000007748604,275.20000007748604,15,0,5,890.0926837999999,396.99059139999997,,0,11,0.4580645161290323,64177,77480,15.8
EUW1_6869615442,2032,200,1,192,70.00000008940697,262.00000008940697,19,0,0,,1107.3921695,1466.0564219999999,1,10,0.4418604651162791,71697,89456,17.0
EUW1_6869657209,1848,100,0,175,48.000000059604645,223.00000005960464,17,0,5,746.1055976,1322.0787791,,1,5,0.38125,57838,71179,15.0
EUW1_6869657209,1848,200,1,192,56.00000008940697,248.00000008940697,20,0,0,,601.9943264,1603.5032933,1,7,0.4227272727272727,65639,77322,16.0
EUW1_6869687666,1726,100,0,219,51.60000002384186,270.60000002384186,26,0,5,966.6531918,803.3741133999999,1293.3054702,0,9,0.5416666666666666,55972,66441,14.6
EUW1_6869687666,1726,200,1,226,73.75000008940697,299.75000008940697,7,0,0,,,1671.0645774999998,0,7,0.5888888888888888,57389,69792,15.0
EUW1_6869803171,1827,100,0,204,58.00000008940697,262.00000008940697,23,0,5,921.5561783999999,975.3943247,,0,7,0.43809523809523815,55013,64130,14.6
EUW1_6869803171,1827,200,1,221,64.00000005960464,285.00000005960464,24,0,0,,556.7454898,1419.9954604,0,12,0.4545454545454545,63465,79436,16.0
EUW1_6869853419,1364,100,0,148,64.00000005960464,212.00000005960464,5,0,0,,,,0,5,0.3833333333333333,35326,45159,11.6
EUW1_6869853419,1364,200,1,202,48.00000002980232,250.00000002980232,31,0,5,894.0028778999999,469.7926482,,2,5,0.4344827586206897,44732,48606,12.4
EUW1_6869861349,1771,100,1,245,66.00000008940697,311.00000008940697,25,0,5,906.5061175,830.6349444,1627.4625104,1,6,0.5259259259259259,62249,76165,16.0
EUW1_6869861349,1771,200,0,224,59.60000005364418,283.6000000536442,22,0,0,,410.59479089999996,,0,12,0.4352941176470588,53374,59537,13.6
EUW1_6869952412,1629,100,0,232,67.6000000834465,299.6000000834465,5,0,0,,,,0,8,0.4600000000000001,45590,55980,13.2
EUW1_6869952412,1629,200,1,241,58.000000059604645,299.00000005960464,28,0,5,918.9218318999999,420.4780351,1426.1486528,0,9,0.4742857142857143,60084,70726,15.0
EUW1_6869995417,2025,100,0,167,56.00000008940697,223.00000008940697,34,0,0,,1223.8797233,,0,3,0.47555555555555545,63478,77227,16.0
EUW1_6869995417,2025,200,1,216,66.00000008940697,282.00000008940697,21,0,5,919.4406697,484.1232505,,1,5,0.5411764705882354,67253,78278,16.0
EUW1_6870310145,2455,100,0,184,46.00000002980232,230.00000002980232,22,0,5,768.79268,681.7441306,,1,1,0.4699999999999999,82155,93375,17.2
EUW1_6870310145,2455,200,1,155,64.00000011920929,219.0000001192093,19,0,0,,1032.44024,1284.1165322,1,8,0.4633333333333334,83685,104158,17.8
EUW1_6870337609,1733,100,1,227,50.000000059604645,277.00000005960464,24,0,5,717.1704411999999,431.60048919999997,1647.6122286,1,6,0.4064516129032258,62133,73650,15.6
EUW1_6870337609,1733,200,0,185,52.00000008940697,237.00000008940697,14,0,0,,,,0,5,0.5428571428571429,47733,58506,13.8
EUW1_6870339895,2602,100,0,204,54.50000008940697,258.50000008940697,29,0,0,,594.4345519999999,1283.7814352999999,0,3,0.48888888888888893,82371,100712,17.8
EUW1_6870339895,2602,200,1,192,51.500000059604645,243.50000005960464,16,0,5,828.5319364,911.2217961,1902.3764368,1,8,0.35111111111111104,87693,114073,17.8
EUW1_6870501509,1567,100,1,234,70.50000008940697,304.50000008940697,16,0,5,947.6048565,554.0059599,1415.5932329999998,0,5,0.46896551724137936,54199,66551,14.6
EUW1_6870501509,1567,200,0,202,47.500000059604645,249.50000005960464,13,0,0,,941.7774683,,0,5,0.5384615384615385,41876,50924,12.6
EUW1_6870558231,2102,100,1,228,62.800000071525574,290.8000000715256,32,0,5,861.7751942,617.354748,,0,2,0.4901960784313726,74614,86591,16.6
EUW1_6870558231,2102,200,0,225,61.75000008940697,286.75000008940697,35,0,0,,,,0,3,0.45106382978723414,71266,78025,15.8
EUW1_6870659536,2150,100,0,187,52.00000008940697,239.00000008940697,23,0,5,955.3861062999999,507.8612235,,0,5,0.4,63268,76269,15.6
EUW1_6870659536,2150,200,1,206,50.00000008940697,256.00000008940697,27,0,0,,1172.1913886,2015.0319224999998,0,6,0.46829268292682924,71320,85476,16.6
EUW1_6870714301,1987,100,0,189,28.000000059604645,217.00000005960464,39,0,5,739.4523299,985.6077948,,0,1,0.4894736842105263,63966,63407,14.2
EUW1_6870714301,1987,200,1,176,57.20000007748604,233.20000007748604,20,0,0,,575.0998959,1867.6507766,0,4,0.3709090909090909,69769,79528,15.6
EUW1_6870777272,1599,100,0,168,47.500000059604645,215.50000005960464,11,0,0,,,,0,8,0.425,42405,51503,12.8
EUW1_6870777272,1599,200,1,210,62.000000059604645,272.00000005960464,17,0,5,711.5573833999999,502.09849479999997,1431.1909673999999,1,7,0.392,53565,61585,14.0
EUW1_6870801220,1629,100,0,187,48.000000059604645,235.00000005960464,18,0,0,,860.3356314,,0,1,0.5,40566,48619,12.4
EUW1_6870801220,1629,200,1,199,68.00000008940697,267.00000008940697,28,0,5,859.8685025,445.30969869999996,1454.6838232,2,11,0.48292682926829267,61358,70590,15.2
EUW1_6870817015,1647,100,1,202,58.00000008940697,260.00000008940697,24,0,5,806.3090783,620.7948263999999,1431.8388834999998,0,5,0.42051282051282046,61847,71349,15.2
EUW1_6870817015,1647,200,0,197,48.000000059604645,245.00000005960464,31,0,0,,,,0,10,0.45999999999999996,51413,60747,13.6
EUW1_6870834957,1709,100,1,127,59.600000113248825,186.60000011324883,49,0,5,962.3278805,525.4376614,1585.1892203,0,4,0.4571428571428572,63524,71652,15.2
EUW1_6870834957,1709,200,0,174,46.15000003576279,220.1500000357628,22,0,0,,,,0,9,0.4,51502,55530,13.2
EUW1_6870873583,1477,100,0,193,52.00000008940697,245.00000008940697,12,0,0,,,,0,2,0.3904761904761904,42210,52832,12.8
EUW1_6870873583,1477,200,1,198,54.00000002980232,252.00000002980232,19,0,5,969.6118746,448.4454929,,1,1,0.37142857142857144,50727,57933,13.6
EUW1_6871154001,1176,100,1,215,48.000000059604645,263.00000005960464,37,0,5,838.1054997,995.8422936,,2,10,0.4064516129032258,41104,44019,11.6
EUW1_6871154001,1176,200,0,182,56.000000059604645,238.00000005960464,8,0,0,,630.1646148,,0,1,0.3,30387,36387,10.4
EUW1_6871178800,1210,100,1,223,54.000000059604645,277.00000005960464,29,0,5,835.3134014,810.6087877,,1,2,0.4148148148148148,44680,45244,11.8
EUW1_6871178800,1210,200,0,169,59.75000008940697,228.75000008940697,15,0,0,,,,0,3,0.3555555555555555,31560,36412,10.4
EUW1_6871241182,1780,100,1,221,40.000000059604645,261.00000005960464,20,0,5,873.5177262,785.369005,1585.344861,1,12,0.5,62576,76172,15.8
EUW1_6871241182,1780,200,0,221,52.00000008940697,273.00000008940697,14,0,0,,,,0,8,0.48,52265,61648,14.0
EUW1_6871368526,1461,100,0,233,73.20000010728836,306.20000010728836,19,0,5,773.4823137999999,908.9651948,,2,5,0.33636363636363636,46798,52649,12.8
EUW1_6871368526,1461,200,1,187,42.40000003576279,229.4000000357628,19,0,0,,339.6344076,,0,9,0.38,52586,60435,14.0
EUW1_6871397332,2318,100,0,210,52.000000059604645,262.00000005960464,26,0,0,,596.7637657,,0,13,0.48125,70429,83478,16.6
EUW1_6871397332,2318,200,1,219,51.000000059604645,270.00000005960464,19,0,5,914.0183748,956.8575830999999,1463.3408895,0,20,0.5422222222222223,80008,97727,17.6
EUW1_6871403955,1853,100,0,196,56.00000008940697,252.00000008940697,37,0,5,856.1741717,987.2745797,,1,5,0.4875,60313,65489,14.4
EUW1_6871403955,1853,200,1,200,56.000000059604645,256.00000005960464,15,0,0,,,1371.7427860999999,0,9,0.48,66325,78526,16.0
EUW1_6871418619,1953,100,1,212,70.00000008940697,282.00000008940697,29,0,5,866.9307948,992.2213883999999,1498.9147925,0,5,0.5045454545454545,69810,83574,16.6
EUW1_6871418619,1953,200,0,203,56.000000059604645,259.00000005960464,17,0,0,,643.8512572999999,,1,6,0.46428571428571425,60008,75897,15.6
EUW1_6871448129,1630,100,1,196,56.000000059604645,252.00000005960464,45,5,5,833.7320348999999,530.3102855,1303.0742656999998,1,5,0.375,59448,61505,14.0
EUW1_6871448129,1630,200,0,135,54.000000059604645,189.00000005960464,25,0,0,,,,0,7,0.384,46809,54835,13.0
EUW1_6871466425,2152,100,0,174,56.000000059604645,230.00000005960464,28,0,0,,533.3541273,,0,4,0.49499999999999994,65563,82646,16.4
EUW1_6871466425,2152,200,1,191,46.000000059604645,237.00000005960464,18,0,5,989.4862310999999,1246.7767612,2033.6246833,0,0,0.3818181818181818,70399,84084,16.6
EUW1_6871584822,1147,100,0,209,56.000000059604645,265.00000005960464,9,0,0,,,,0,7,0.36666666666666664,28437,34023,10.0
EUW1_6871584822,1147,200,1,191,62.00000008940697,253.00000008940697,16,0,5,730.3448252999999,939.6922873999999,,1,0,0.43809523809523804,38488,41264,11.0
EUW1_6871928668,1782,100,0,171,64.00000008940697,235.00000008940697,20,0,0,,666.1765597,,0,7,0.488,53650,67181,14.8
EUW1_6871928668,1782,200,1,226,58.00000002980232,284.0000000298023,22,0,5,709.3645369,1313.8357458,1577.0545971,0,3,0.4424242424242424,63772,74516,15.6
EUW1_6872000738,2778,100,1,164,60.00000008940697,224.00000008940697,20,0,0,,1505.9675502,1454.2706896999998,0,3,0.46153846153846156,91882,113155,18.0
EUW1_6872000738,2778,200,0,205,38.00000002980232,243.00000002980232,29,0,5,709.388615,426.37405359999997,1938.2870455999998,0,9,0.5066666666666666,88740,105159,18.0
EUW1_6872607497,2013,100,0,207,54.000000059604645,261.00000005960464,23,0,5,897.2428603,,,1,7,0.49333333333333335,63086,79155,16.2
EUW1_6872607497,2013,200,1,183,68.00000008940697,251.00000008940697,20,0,0,,532.4069926999999,1622.7943509,0,5,0.3767441860465116,71665,88969,16.8
EUW1_6872806169,2349,100,0,180,28.000000059604645,208.00000005960464,21,0,5,1130.953193,1163.9772632,,1,6,0.4352941176470588,66593,87188,16.8
EUW1_6872806169,2349,200,1,205,56.00000002980232,261.0000000298023,13,0,0,,417.6125098,1770.430075,1,6,0.49743589743589745,77587,100201,17.6
EUW1_6872838312,1699,100,0,226,52.00000008940697,278.00000008940697,31,0,5,592.5331927,,,0,8,0.4413793103448276,56434,63332,14.0
EUW1_6872838312,1699,200,1,192,74.00000008940697,266.00000008940697,16,0,0,,350.0404554,1451.4194131,0,5,0.4864864864864865,64920,78348,15.8
EUW1_6872891316,1502,100,1,173,74.00000008940697,247.00000008940697,32,0,0,,400.26771229999997,1269.8890878,0,7,0.511764705882353,54158,60796,13.8
EUW1_6872891316,1502,200,0,215,66.00000008940697,281.00000008940697,15,0,5,855.7801731999999,,,1,10,0.48235294117647054,44174,50819,12.4
EUW1_6872944716,1970,100,1,195,68.00000011920929,263.0000001192093,24,0,5,924.7934709,561.4770927999999,1876.8299949,1,13,0.4186046511627907,69618,84035,16.6
EUW1_6872944716,1970,200,0,167,42.0,209.0,9,0,0,,,,0,6,0.4666666666666667,59652,76987,15.8
EUW1_6873002836,1260,100,1,215,66.00000005960464,281.00000005960464,40,0,5,718.9124691,343.5657246,,2,7,0.4461538461538462,49977,50660,12.6
EUW1_6873002836,1260,200,0,185,60.00000011920929,245.0000001192093,24,0,0,,760.8821002,,0,2,0.49333333333333335,38482,39807,11.0
EUW1_6873121637,1670,100,0,222,48.00000008940697,270.00000008940697,12,0,0,,1486.9979234999998,,0,4,0.4666666666666667,44796,56951,13.4
EUW1_6873121637,1670,200,1,202,74.00000008940697,276.00000008940697,15,0,5,1010.3019731999999,508.99966379999995,1430.6359489,0,7,0.5333333333333334,57308,68524,15.0
EUW1_6874283258,1836,100,0,181,58.000000059604645,239.00000005960464,13,0,5,831.3752425,704.0305493,,0,6,0.47368421052631576,54050,62081,14.0
EUW1_6874283258,1836,200,1,220,68.00000011920929,288.0000001192093,30,0,0,,349.0976733,1315.9188076,2,10,0.5076923076923077,68348,79483,16.0
EUW1_6874380303,1783,100,0,201,50.000000059604645,251.00000005960464,21,0,0,,689.1976316,,0,5,0.4083333333333334,54915,62469,14.0
EUW1_6874380303,1783,200,1,206,44.00000008940697,250.00000008940697,21,0,5,860.0018776999999,1360.3984003,1567.3145094,0,3,0.505,64609,75920,15.8
EUW1_6874458524,1989,100,0,185,40.000000059604645,225.00000005960464,28,0,0,,,1685.6837111,0,4,0.5393939393939393,64257,78143,16.2
EUW1_6874458524,1989,200,1,195,70.00000005960464,265.00000005960464,25,0,5,758.5149213,355.0191317,,0,7,0.5130434782608695,73805,84557,16.6
EUW1_6874522821,1675,100,0,193,52.000000059604645,245.00000005960464,17,0,0,,424.37978039999996,,0,9,0.5619047619047619,48915,57249,13.4
EUW1_6874522821,1675,200,1,231,62.00000008940697,293.00000008940697,26,0,5,890.1292937,775.2303429,1563.4239877,0,3,0.42105263157894735,62552,70342,15.0
EUW1_6875683604,1935,100,0,174,55.00000002980232,229.00000002980232,19,0,0,,575.7621055,,0,8,0.4533333333333333,59440,69146,14.8
EUW1_6875683604,1935,200,1,182,57.75000008940697,239.75000008940697,23,0,5,629.3659494999999,1042.5526754,1646.3822922,1,14,0.5,69665,80355,16.4
EUW1_6875818862,1415,100,1,211,44.50000002980232,255.50000002980232,20,0,5,949.9136811,1135.4364924,1320.6030303999999,1,9,0.4413793103448276,52768,56671,13.4
EUW1_6875818862,1415,200,0,185,56.00000008940697,241.00000008940697,22,0,0,,428.83160799999996,,1,7,0.3904761904761905,40215,46700,12.0
EUW1_6875869256,1778,100,0,185,56.00000008940697,241.00000008940697,12,0,0,,,,0,8,0.4333333333333333,50618,61862,14.0
EUW1_6875869256,1778,200,1,183,70.00000008940697,253.00000008940697,17,0,5,946.6979672,359.79435789999997,1502.1348587999998,0,6,0.35625,60783,74632,15.6
EUW1_6875930311,1601,100,1,182,53.6000000834465,235.6000000834465,25,0,5,847.1794113999999,376.1653272,,0,5,0.47272727272727266,54607,60747,13.8
EUW1_6875930311,1601,200,0,203,56.40000006556511,259.4000000655651,5,0,0,,,,0,8,0.43999999999999995,40626,46563,11.6
EUW1_6875972991,1677,100,0,196,48.00000008940697,244.00000008940697,25,0,0,,598.2514691,1292.8239793,0,9,0.5166666666666666,52008,58067,13.6
EUW1_6875972991,1677,200,1,224,66.00000005960464,290.00000005960464,30,0,5,893.6400967999999,944.7756856999999,,0,5,0.4903225806451613,58678,64583,14.4
EUW1_6876068655,1388,100,0,175,56.000000059604645,231.00000005960464,21,0,5,821.4823923,,,0,12,0.4125,39679,43391,11.6
EUW1_6876068655,1388,200,1,197,46.000000059604645,243.00000005960464,43,0,0,,674.1310006,1267.1846143999999,2,7,0.48484848484848475,52085,54008,13.0
EUW1_6876117028,1772,100,0,190,50.000000059604645,240.00000005960464,31,0,0,,1201.7861028,,0,7,0.5076923076923077,53499,63074,14.2
EUW1_6876117028,1772,200,1,204,52.000000059604645,256.00000005960464,19,0,5,934.7035654,420.90973479999997,1312.3915800999998,1,9,0.5363636363636364,60624,70198,15.2
EUW1_6876597447,980,100,0,164,58.00000008940697,222.00000008940697,16,0,0,,526.7419474,,0,5,0.36,26444,29458,9.0
EUW1_6876597447,980,200,1,218,64.00000008940697,282.00000008940697,31,0,5,834.3436425,861.0832191,,2,1,0.37,34039,37361,10.8
EUW1_6876626770,2860,100,1,224,52.00000008940697,276.00000008940697,18,0,0,,1629.2964826999998,,0,4,0.49411764705882355,95384,123248,18.0
EUW1_6876626770,2860,200,0,189,57.000000059604645,246.00000005960464,28,0,5,1063.1930387,530.1536591,1729.9382328,1,8,0.445,91765,112131,17.6
EUW1_6876691573,915,100,1,234,43.500000059604645,277.50000005960464,53,0,5,672.5124694,842.5819915,,2,3,0.4076923076923077,35459,32747,9.6
EUW1_6876691573,915,200,0,191,46.000000059604645,237.00000005960464,11,0,0,,482.54471309999997,,0,2,0.55,22947,24621,8.2
EUW1_6876794506,1432,100,0,193,40.000000059604645,233.00000005960464,23,0,0,,1234.7991351,,0,5,0.43157894736842095,41529,47771,12.4
EUW1_6876794506,1432,200,1,217,58.000000059604645,275.00000005960464,30,0,5,813.1897838,581.3794944,1301.9377696,0,11,0.4206896551724138,53579,57532,13.6
EUW1_6877227586,2104,100,0,198,60.000000059604645,258.00000005960464,27,0,5,858.8045503,773.8653163,,1,11,0.454054054054054,67883,76300,15.8
EUW1_6877227586,2104,200,1,196,64.00000008940697,260.00000008940697,23,0,0,,455.8965452,1482.6961580999998,0,9,0.5789473684210527,71722,85164,16.6
EUW1_6877289951,2109,100,0,196,66.00000008940697,262.00000008940697,18,0,0,,372.8872644,,2,0,0.4083333333333333,65897,78163,15.8
EUW1_6877289951,2109,200,1,196,48.000000059604645,244.00000005960464,28,0,5,810.2851039,744.6512295,1335.6416267,0,12,0.47317073170731705,74755,90400,17.2
EUW1_6877345305,1514,100,0,193,48.000000059604645,241.00000005960464,16,0,0,,,,0,4,0.4636363636363637,45159,51381,12.6
EUW1_6877345305,1514,200,1,172,62.000000059604645,234.00000005960464,23,0,5,916.2354594999999,337.60243019999996,,0,6,0.5111111111111111,54805,58670,13.8
EUW1_6877390696,1572,100,0,130,50.000000059604645,180.00000005960464,20,0,0,,514.0331864999999,,0,0,0.45925925925925914,45894,54779,13.0
EUW1_6877390696,1572,200,1,169,72.00000008940697,241.00000008940697,20,0,5,632.1830342999999,879.8681581999999,,1,4,0.45925925925925926,50705,57699,13.6
EUW1_6877408399,1654,100,1,199,80.00000014901161,279.0000001490116,26,0,0,,829.4065193,1318.9326793999999,0,5,0.562962962962963,57432,66435,14.6
EUW1_6877408399,1654,200,0,205,42.0,247.0,21,0,5,916.2477444,484.02841049999995,,0,7,0.45555555555555555,45655,56316,13.4
EUW1_6877466785,1855,100,0,253,54.000000059604645,307.00000005960464,12,0,5,741.5589685,,,0,8,0.37142857142857144,54855,61552,14.2
EUW1_6877466785,1855,200,1,215,54.750000059604645,269.75000005960464,21,0,0,,388.9895345,1606.4520229,0,19,0.65,62281,76751,15.8
EUW1_6877471337,1922,100,1,190,52.00000011920929,242.0000001192093,32,0,0,,585.6719607,1413.0109559,2,6,0.4171428571428571,67544,82356,16.4
EUW1_6877471337,1922,200,0,206,46.0,252.0,15,0,5,916.9965057999999,,,0,5,0.4095238095238095,56676,70162,15.0
EUW1_6877532486,2322,100,1,204,56.00000008940697,260.00000008940697,24,0,0,,333.6946684,1508.0405727,1,18,0.4862745098039216,80217,98039,17.4
EUW1_6877532486,2322,200,0,210,66.00000005960464,276.00000005960464,5,0,5,691.2793230999999,1760.9499733,2008.9139358,1,4,0.5375,76706,94622,17.6
EUW1_6877601318,2707,100,1,230,58.00000002980232,288.0000000298023,32,0,5,719.8781812999999,469.0710214,2312.034325,1,11,0.4947368421052632,89012,107411,17.8
EUW1_6877601318,2707,200,0,199,44.00000008940697,243.00000008940697,8,0,0,,,1461.5503546999998,0,1,0.5027027027027027,94387,130291,18.0
EUW1_6877793497,1389,100,1,164,52.000000059604645,216.00000005960464,47,0,0,,942.078854,,0,1,0.3916666666666666,52758,51899,12.8
EUW1_6877793497,1389,200,0,158,50.000000059604645,208.00000005960464,27,0,5,741.5302928,467.9205581,,0,2,0.45714285714285713,39776,41786,11.6
EUW1_6877811697,2159,100,1,165,63.000000059604645,228.00000005960464,13,0,0,,483.48388489999996,,1,4,0.47368421052631576,69103,81861,16.6
EUW1_6877811697,2159,200,0,178,44.00000002980232,222.00000002980232,23,0,5,932.6531117999999,1190.8850641,,0,0,0.4545454545454546,64688,74093,15.6
EUW1_6877839742,2055,100,0,150,64.00000008940697,214.00000008940697,13,0,0,,415.38870299999996,,0,3,0.5225806451612903,59357,72087,15.4
EUW1_6877839742,2055,200,1,178,52.00000002980232,230.00000002980232,27,0,5,855.3307368999999,1527.9494991,,1,2,0.4115384615384615,69944,81427,16.4
EUW1_6878004681,2080,100,0,247,64.00000008940697,311.00000008940697,16,0,0,,506.24760499999996,1385.1994885,0,10,0.4645161290322581,70481,85036,16.6
EUW1_6878004681,2080,200,1,216,58.00000008940697,274.00000008940697,6,0,5,821.3792573999999,821.6470396,,0,11,0.55,65126,78519,15.8
EUW1_6878027739,1824,100,0,196,46.000000059604645,242.00000005960464,31,0,0,,1459.4462875,,0,10,0.4333333333333333,59109,66706,14.6
EUW1_6878027739,1824,200,1,212,44.00000002980232,256.0000000298023,35,0,5,899.815355,664.9130336,,1,7,0.4926829268292683,67578,77744,16.2
EUW1_6878059542,1951,100,1,220,58.000000059604645,278.00000005960464,13,0,0,,1382.1564096,,0,4,0.37333333333333335,70763,82768,16.0
EUW1_6878059542,1951,200,0,200,48.00000008940697,248.00000008940697,27,0,5,958.3466887,610.484547,,0,9,0.4378378378378378,64718,79526,16.2
EUW1_6878101166,1173,100,0,175,62.00000008940697,237.00000008940697,17,0,0,,,,0,6,0.3666666666666667,30838,35633,10.4
EUW1_6878101166,1173,200,1,222,48.000000059604645,270.00000005960464,40,0,5,771.1563029,914.2076863,,0,5,0.44827586206896547,44481,46529,12.0
EUW1_6878138522,1806,100,1,176,56.000000059604645,232.00000005960464,16,0,0,,347.3234869,1300.7959765,0,16,0.41052631578947363,64371,75951,16.0
EUW1_6878138522,1806,200,0,188,48.000000059604645,236.00000005960464,21,0,5,902.3376783,706.1269090999999,,0,13,0.4344827586206897,53588,64496,14.2
EUW1_6878181556,2195,100,1,198,78.00000008940697,276.00000008940697,13,0,5,923.6127974,355.65269309999996,1681.9622464,1,4,0.5055555555555555,77775,97689,17.4
EUW1_6878181556,2195,200,0,208,44.00000008940697,252.00000008940697,22,0,0,,703.4002706,1250.4172199,0,6,0.4486486486486487,68960,87485,17.0
EUW1_6878771304,1565,100,1,209,44.000000059604645,253.00000005960464,34,0,0,,1040.0923642999999,1509.9470082999999,0,10,0.4333333333333333,61142,66900,14.8
EUW1_6878771304,1565,200,0,163,46.000000059604645,209.00000005960464,25,0,5,905.5458233999999,652.1110014,,0,6,0.35,47996,54557,13.0
EUW1_6879533557,2257,100,1,208,52.000000059604645,260.00000005960464,10,0,5,732.7419897999999,865.1185787,1280.0504246,1,14,0.5027027027027027,75769,100596,17.6
EUW1_6879533557,2257,200,0,218,67.00000008940697,285.00000008940697,14,0,0,,1184.7128076,,0,11,0.45185185185185184,70362,87267,16.4
EUW1_6879636983,1922,100,0,172,40.000000059604645,212.00000005960464,13,0,5,857.3700779999999,1796.6016534,,1,2,0.3913043478260869,53216,63122,14.4
EUW1_6879636983,1922,200,1,141,60.00000011920929,201.0000001192093,14,0,0,,646.2279175,1777.7428509,0,2,0.4083333333333333,56015,70108,15.0
EUW1_6879682343,2015,100,1,204,52.00000002980232,256.0000000298023,24,0,0,,537.9811747,1376.2186674,1,7,0.49302325581395345,68108,81313,16.2
EUW1_6879682343,2015,200,0,207,50.000000059604645,257.00000005960464,30,0,5,874.8193132,892.1517038999999,,0,6,0.43888888888888894,63295,75256,16.0
EUW1_6879735302,2342,100,1,209,74.00000005960464,283.00000005960464,27,0,5,901.0145784,1591.5384402999998,1618.1852032,0,5,0.44590163934426225,88948,108699,18.0
EUW1_6879735302,2342,200,0,196,56.000000059604645,252.00000005960464,29,0,0,,567.24328,,0,10,0.467741935483871,86610,103156,17.8
EUW1_6879805818,1582,100,1,210,44.000000059604645,254.00000005960464,10,0,0,,1176.6808561999999,,1,4,0.4275862068965518,53792,63190,14.2
EUW1_6879805818,1582,200,0,199,70.00000008940697,269.00000008940697,11,0,5,829.2437863,522.2754311,,1,10,0.35,39618,49053,12.4
EUW1_6879815755,2434,100,1,193,56.00000008940697,249.00000008940697,18,0,5,930.0744108,665.2796558,1865.0317871,1,22,0.6378378378378379,77110,88267,17.2
EUW1_6879815755,2434,200,0,207,50.00000002980232,257.0000000298023,18,0,0,,334.91655979999996,2241.4349070999997,0,26,0.623529411764706,72800,88402,17.0
EUW1_6879854879,2154,100,0,202,52.00000008940697,254.00000008940697,9,0,5,932.8672032999999,413.54717639999996,,1,13,0.5058823529411764,60713,74602,15.6
EUW1_6879854879,2154,200,1,197,45.000000059604645,242.00000005960464,16,0,0,,740.7244651999999,1366.0230382,0,18,0.536842105263158,72190,85565,16.8
EUW1_6880049161,1822,100,1,184,43.750000059604645,227.75000005960464,15,0,5,829.6435186,402.9171841,1681.0654451999999,0,3,0.4486486486486487,65579,78371,15.8
EUW1_6880049161,1822,200,0,187,66.00000005960464,253.00000005960464,10,0,0,,723.9643254,,1,8,0.4714285714285714,53477,68356,15.0
EUW1_6880254229,956,100,1,190,44.00000002980232,234.00000002980232,25,0,0,,868.7785375999999,,1,4,0.3294117647058824,27793,28768,9.2
EUW1_6880254229,956,200,0,149,54.00000002980232,203.00000002980232,19,0,5,796.5676219,,,1,1,0.34545454545454546,24649,26336,8.6
EUW1_6880586027,1180,100,1,209,50.0,259.0,37,0,5,774.4413758999999,920.9443908999999,,0,2,0.36875,43321,44044,11.8
EUW1_6880586027,1180,200,0,217,40.00000002980232,257.0000000298023,23,0,0,,564.1341891,,1,5,0.4222222222222222,35750,36532,10.2
EUW1_6880626761,1511,100,0,232,68.00000005960464,300.00000005960464,40,0,5,918.1464444999999,,,1,2,0.49565217391304356,49192,52507,12.6
EUW1_6880626761,1511,200,1,212,50.50000008940697,262.50000008940697,27,0,0,,383.0208505,1288.3411099999998,0,1,0.47058823529411764,59532,64840,14.6
EUW1_6880981465,1893,100,0,170,56.00000008940697,226.00000008940697,7,0,0,,356.1933565,,0,9,0.42222222222222217,51000,61363,13.8
EUW1_6880981465,1893,200,1,206,60.000000059604645,266.00000005960464,21,0,5,562.3241449999999,799.8075271,1357.8008977,1,10,0.55,63921,74009,15.4
EUW1_6881092873,1979,100,1,209,48.00000008940697,257.00000008940697,27,0,5,770.5808253,385.7312492,,0,12,0.4340425531914893,74747,89188,16.8
EUW1_6881092873,1979,200,0,195,62.000000059604645,257.00000005960464,21,0,0,,1113.5568140999999,1768.517386,0,20,0.4055555555555556,65054,79369,16.2
EUW1_6881175755,2169,100,1,209,50.0,259.0,49,5,0,,,1396.1787761,0,6,0.5929824561403508,79802,85907,17.0
EUW1_6881175755,2169,200,0,240,72.00000008940697,312.00000008940697,40,0,5,706.7464047,364.21512179999996,,1,6,0.4693877551020408,78579,83358,16.6
EUW1_6881250201,1924,100,1,161,58.00000008940697,219.00000008940697,23,0,0,,772.4362934,1629.8286405,0,7,0.5,68202,82607,16.4
EUW1_6881250201,1924,200,0,169,64.00000005960464,233.00000005960464,28,0,5,905.1888249,406.03551999999996,,0,4,0.4352941176470589,61679,66817,14.8
EUW1_6881278119,1988,100,1,210,47.00000008940697,257.00000008940697,34,0,0,,951.7607217,1239.877828,0,13,0.6372093023255815,72812,79890,16.4
EUW1_6881278119,1988,200,0,200,78.00000008940697,278.00000008940697,44,5,5,849.2821392999999,1367.0842894999998,1703.1346391999998,1,13,0.5391304347826088,73031,77148,16.0
EUW1_6881312167,1543,100,0,170,52.00000008940697,222.00000008940697,21,0,0,,803.2649941,,0,10,0.5727272727272726,44681,51544,12.6
EUW1_6881312167,1543,200,1,191,58.000000059604645,249.00000005960464,21,0,5,879.3181946,476.2850107,,2,1,0.46896551724137925,52637,55052,13.2
EUW1_6881518742,1813,100,0,213,74.00000008940697,287.00000008940697,21,0,5,853.1964911,487.04238349999997,,1,4,0.42142857142857143,58135,69533,14.8
EUW1_6881518742,1813,200,1,243,60.00000008940697,303.00000008940697,9,0,0,,1519.4214319999999,1392.5482811,0,14,0.425,61291,73535,15.6
EUW1_6881610754,1728,100,0,217,65.25000005960464,282.25000005960464,10,0,5,1012.9843763,1573.7924673999999,,1,10,0.3894736842105263,52633,61494,14.0
EUW1_6881610754,1728,200,1,205,56.75000008940697,261.75000008940697,20,0,0,,425.586953,1633.1125087,1,7,0.4833333333333333,63214,74786,15.6
EUW1_6881672915,1852,100,1,216,48.00000008940697,264.00000008940697,32,0,5,798.5871187,383.7908667,1482.5827716,1,1,0.37872340425531914,65853,74929,15.8
EUW1_6881672915,1852,200,0,155,58.00000008940697,213.00000008940697,13,0,0,,721.6187312999999,,1,1,0.525,56458,70036,14.8
EUW1_6881690361,1622,100,0,225,59.75000008940697,284.75000008940697,10,0,0,,777.7311244,,0,0,0.44000000000000006,49325,61174,14.0
EUW1_6881690361,1622,200,1,220,74.00000008940697,294.00000008940697,13,0,5,791.3794108999999,1087.9485691,1253.3915700999999,2,11,0.41875,59633,73284,15.4
EUW1_6881774370,1371,100,0,200,48.00000008940697,248.00000008940697,26,0,0,,,,0,7,0.4923076923076922,40206,44389,11.8
EUW1_6881774370,1371,200,1,261,78.00000008940697,339.00000008940697,20,0,5,863.8568998,611.0277798,1250.765381,1,1,0.4384615384615384,51959,61177,13.6
EUW1_6882703682,1748,100,0,146,64.00000008940697,210.00000008940697,21,0,0,,,,1,3,0.4193548387096774,51020,60117,13.8
EUW1_6882703682,1748,200,1,194,38.00000008940697,232.00000008940697,25,0,5,901.7287087,656.2880526,,0,5,0.40909090909090906,57965,62508,14.0
EUW1_6882803546,2333,100,1,252,60.000000059604645,312.00000005960464,21,0,0,,1543.5733923,1317.9909985,0,18,0.4909090909090909,82329,103350,17.2
EUW1_6882803546,2333,200,0,245,74.00000008940697,319.00000008940697,20,0,5,924.0508113999999,539.2398482,,0,7,0.5,75473,96622,17.2
EUW1_6882804879,1788,100,0,171,48.00000008940697,219.00000008940697,12,0,0,,433.9635636,,0,7,0.37333333333333335,54205,64766,14.6
EUW1_6882804879,1788,200,1,203,66.00000005960464,269.00000005960464,14,0,5,819.0407159,765.1110716,1688.9220994,1,2,0.40588235294117647,63571,74001,15.6
EUW1_6882843895,1160,100,1,180,46.50000008940697,226.50000008940697,48,0,5,857.6044231,639.1247619,,0,1,0.37222222222222223,41066,45522,12.2
EUW1_6882843895,1160,200,0,180,42.000000059604645,222.00000005960464,11,0,0,,,,0,3,0.32,29701,34692,10.0
EUW1_6883070628,660,100,1,192,70.00000008940697,262.00000008940697,24,0,0,,,,0,2,0.48,20651,22630,8.0
EUW1_6883070628,660,200,0,192,64.00000008940697,256.00000008940697,5,0,0,,475.25757519999996,,0,2,0.3333333333333333,16328,19081,7.4
EUW1_6883183503,1767,100,0,201,60.50000008940697,261.50000008940697,34,0,0,,763.1848298,1391.9352969,0,17,0.55,56436,66942,14.6
EUW1_6883183503,1767,200,1,209,34.00000002980232,243.00000002980232,32,0,5,837.2013608,385.45823279999996,,1,3,0.47058823529411764,62596,69173,15.0
EUW1_6883648243,2733,100,0,192,50.000000059604645,242.00000005960464,22,0,5,798.6413322,833.2512898,,0,2,0.4,86700,107365,17.8
EUW1_6883648243,2733,200,1,170,60.000000059604645,230.00000005960464,26,0,0,,397.4274503,2021.1451279999999,0,6,0.4241379310344827,96378,127084,18.0
EUW1_6883880507,1241,100,1,235,58.00000008940697,293.00000008940697,44,0,5,843.647515,729.1919378,,1,4,0.4864864864864865,51619,51077,12.8
EUW1_6883880507,1241,200,0,193,51.75000008940697,244.75000008940697,15,0,0,,357.210665,,0,7,0.5428571428571428,35385,37973,10.4
EUW1_6883896336,2200,100,1,209,62.00000008940697,271.00000008940697,24,0,5,959.1301149,573.6080157,,1,12,0.44000000000000006,72789,93009,16.8
EUW1_6883896336,2200,200,0,200,48.000000059604645,248.00000005960464,16,0,0,,1611.6281205,1415.8348158,1,11,0.5212121212121212,71256,89013,17.0
EUW1_6883909541,1590,100,0,180,48.000000059604645,228.00000005960464,28,0,5,909.5764025,578.0808718,,0,8,0.4916666666666666,46650,50123,12.4
EUW1_6883909541,1590,200,1,196,46.000000059604645,242.00000005960464,43,0,0,,1029.8137256,1441.4762445,0,5,0.5846153846153846,59435,66928,14.6
EUW1_6884065228,1749,100,0,177,54.000000059604645,231.00000005960464,18,0,5,826.5219237,,,0,3,0.36521739130434777,50155,59473,13.6
EUW1_6884065228,1749,200,1,155,56.000000059604645,211.00000005960464,20,0,0,,722.867588,,0,1,0.40512820512820513,57342,68156,14.8
EUW1_6884687917,2320,100,1,218,56.00000008940697,274.00000008940697,11,0,0,,1334.2057661,1496.4861403999998,0,22,0.4444444444444445,77999,98026,17.8
EUW1_6884687917,2320,200,0,229,63.00000008940697,292.00000008940697,11,0,5,772.6981662999999,994.6571146,,1,17,0.48999999999999994,73420,100047,17.8
EUW1_6884839175,817,100,1,185,62.000000059604645,247.00000005960464,28,0,5,502.815524,530.5714442,,1,1,0.4666666666666666,26104,26195,8.8
EUW1_6884839175,817,200,0,157,52.00000008940697,209.00000008940697,9,0,0,,,,0,2,0.36000000000000004,19076,22143,7.4
EUW1_6884860257,1555,100,0,170,70.00000008940697,240.00000008940697,8,0,0,,,,0,7,0.4,37910,50641,12.6
EUW1_6884860257,1555,200,1,229,56.00000008940697,285.00000008940697,22,0,5,775.645373,379.8331733,1256.0898582999998,1,7,0.44545454545454544,51114,59923,13.8
EUW1_6884900030,1924,100,0,196,67.75000008940697,263.75000008940697,7,0,0,,,,0,12,0.46428571428571425,57430,72255,15.2
EUW1_6884900030,1924,200,1,226,58.000000059604645,284.00000005960464,14,0,5,899.4720132,443.8928481,1700.8448809,1,2,0.3705882352941176,67678,80661,16.0
EUW1_6884949231,1846,100,1,218,64.00000005960464,282.00000005960464,15,0,5,832.6736513999999,1182.7619127,1560.3750799,0,7,0.41904761904761906,66209,79315,16.2
EUW1_6884949231,1846,200,0,193,68.00000011920929,261.0000001192093,20,0,0,,350.1503732,,0,2,0.4242424242424242,55647,66990,14.6
EUW1_6884973897,1805,100,1,168,64.00000005960464,232.00000005960464,16,0,5,894.4203811,358.9493248,1700.8895811,0,1,0.4904761904761905,62362,81337,16.4
EUW1_6884973897,1805,200,0,155,46.500000059604645,201.50000005960464,9,0,0,,,,1,2,0.37777777777777777,45296,57979,13.4
EUW1_6885021366,668,100,1,212,70.50000008940697,282.50000008940697,14,0,0,,463.105501,,0,2,0.4,18548,20703,7.4
EUW1_6885021366,668,200,0,182,46.00000008940697,228.00000008940697,7,0,0,,,,0,2,0.35,15667,18299,6.8
EUW1_6885044516,1736,100,1,183,56.000000059604645,239.00000005960464,45,0,5,894.4693557999999,1185.3482890999999,1412.6429211,0,2,0.46785714285714286,67716,75615,15.8
EUW1_6885044516,1736,200,0,177,46.00000002980232,223.00000002980232,28,0,0,,863.4490556999999,,0,12,0.48235294117647065,52881,60403,14.0
EUW1_6885207308,1959,100,0,179,62.00000008940697,241.00000008940697,11,0,0,,1588.0709149,,0,20,0.42000000000000004,58732,69244,15.0
EUW1_6885207308,1959,200,1,194,68.00000008940697,262.00000008940697,27,0,5,732.0455389,616.7312439,1760.5961767,1,7,0.45,63382,73866,15.6
EUW1_6885236123,973,100,1,219,48.00000008940697,267.00000008940697,24,0,5,799.0290206999999,,,0,5,0.37333333333333335,31449,33408,10.0
EUW1_6885236123,973,200,0,205,66.00000005960464,271.00000005960464,7,0,0,,,,0,6,0.32,25597,31706,9.6
EUW1_6885272579,1423,100,0,195,70.00000005960464,265.00000005960464,14,0,0,,,,0,8,0.49090909090909085,38930,46447,12.0
EUW1_6885272579,1423,200,1,232,52.00000008940697,284.00000008940697,24,0,5,849.8995436,357.0438656,1325.6019459,1,4,0.3448275862068965,49565,58892,13.8
EUW1_6885293134,1791,100,1,204,59.00000008940697,263.00000008940697,25,0,0,,1353.1982033,1627.7269853999999,0,10,0.4390243902439025,66852,81873,16.2
EUW1_6885293134,1791,200,0,206,74.00000005960464,280.00000005960464,21,0,5,1016.7971057999999,465.4784254,,0,11,0.42857142857142855,57499,63885,14.2
EUW1_6885303635,1641,100,1,206,78.00000008940697,284.00000008940697,19,0,5,640.3892736,410.0796329,1582.3124931999998,2,1,0.4,56167,66734,14.6
EUW1_6885303635,1641,200,0,153,52.00000008940697,205.00000008940697,7,0,0,,,,0,2,0.4444444444444445,40974,55310,13.2
EUW1_6885312534,2222,100,0,240,56.00000008940697,296.00000008940697,17,0,0,,1636.9439489,,0,7,0.5351351351351352,70741,86305,16.8
EUW1_6885312534,2222,200,1,201,63.00000008940697,264.00000008940697,23,0,5,856.046659,526.2790774,1881.9101061,2,12,0.4653846153846154,78198,95426,17.6
EUW1_6885359677,2133,100,0,211,66.00000008940697,277.00000008940697,14,0,0,,348.75114579999996,1290.831874,0,10,0.4928571428571429,68550,81912,16.4
EUW1_6885359677,2133,200,1,226,48.000000059604645,274.00000005960464,31,0,5,922.5058336999999,1375.2660494,1741.023813,2,12,0.484,75806,91116,17.2
EUW1_6885403914,1805,100,1,238,58.00000008940697,296.00000008940697,34,0,0,,838.3850732,,1,5,0.48571428571428565,64357,70926,15.0
EUW1_6885403914,1805,200,0,215,56.000000059604645,271.00000005960464,26,0,5,776.6022239,491.4616321,1357.8161318,0,3,0.4526315789473684,62580,71360,15.2
EUW1_6885405913,1207,100,1,219,74.00000005960464,293.00000005960464,26,0,5,741.6230883999999,571.0996603,,2,11,0.45555555555555555,39492,43905,11.6
EUW1_6885405913,1207,200,0,194,52.000000059604645,246.00000005960464,12,0,0,,,,0,4,0.48571428571428565,30111,39421,11.0
EUW1_6885417847,1824,100,1,178,48.00000008940697,226.00000008940697,33,0,0,,1492.6173234,1679.5393139999999,1,4,0.4744186046511628,67198,78117,16.0
EUW1_6885417847,1824,200,0,194,54.000000059604645,248.00000005960464,17,0,5,761.6545827,373.1354876,,0,8,0.33076923076923076,56663,66943,14.8
EUW1_6885467604,2048,100,1,229,59.000000059604645,288.00000005960464,13,0,0,,474.98836009999997,1284.6255045,0,9,0.5655172413793104,70813,81720,16.4
EUW1_6885467604,2048,200,0,213,58.00000008940697,271.00000008940697,23,0,5,904.2586325,866.9433179,1717.5882875999998,0,13,0.5285714285714287,65226,79590,16.2
EUW1_6885511263,1341,100,1,191,58.000000059604645,249.00000005960464,29,0,5,998.8701921999999,1078.77711,,1,9,0.45714285714285713,46673,51193,12.6
EUW1_6885511263,1341,200,0,226,52.000000059604645,278.00000005960464,26,0,0,,355.5069909,,0,5,0.5125,39256,43906,11.4
EUW1_6885569584,1442,100,0,189,78.00000011920929,267.0000001192093,11,0,0,,,,0,7,0.4444444444444445,35434,42792,11.4
EUW1_6885569584,1442,200,1,210,60.00000008940697,270.00000008940697,25,0,5,1027.7298143,383.6697534,1287.4709306,0,4,0.5454545454545455,48276,54747,13.0
EUW1_6885715559,1423,100,0,218,54.000000059604645,272.00000005960464,6,0,0,,765.2210779999999,,0,4,0.5333333333333334,38639,48219,12.2
EUW1_6885715559,1423,200,1,245,60.00000008940697,305.00000008940697,26,0,5,849.8193867,440.51126389999996,1265.2721199999999,0,8,0.4142857142857143,54802,63467,14.2
EUW1_6885761959,1198,100,1,235,56.00000008940697,291.00000008940697,20,0,5,752.7646429,419.3404409,,0,4,0.37037037037037035,45986,49476,12.2
EUW1_6885761959,1198,200,0,188,54.00000008940697,242.00000008940697,20,0,0,,,,0,6,0.4666666666666666,31401,36918,10.4
EUW1_6885798123,912,100,0,175,52.00000002980232,227.00000002980232,6,0,0,,,,0,2,0.6,21770,25058,8.4
EUW1_6885798123,912,200,1,248,62.00000008940697,310.00000008940697,36,0,5,717.9820869,689.9472478,,2,7,0.39,34128,33344,9.8
EUW1_6885841971,1721,100,0,242,54.00000002980232,296.0000000298023,20,0,0,,744.7836535,1237.4513748,0,14,0.631578947368421,51027,60688,14.0
EUW1_6885841971,1721,200,1,241,60.00000008940697,301.00000008940697,14,0,5,793.2932476,407.77348789999996,,0,2,0.5666666666666667,58030,69248,14.8
EUW1_6886480341,1482,100,0,209,58.00000008940697,267.00000008940697,9,0,0,,,,1,4,0.3818181818181818,41593,48140,12.0
EUW1_6886480341,1482,200,1,232,48.00000002980232,280.0000000298023,26,0,5,813.622386,597.2095317,1300.7861096,2,6,0.45555555555555555,57961,66419,14.8
EUW1_6886632657,1517,100,0,201,62.00000008940697,263.00000008940697,21,0,0,,,,0,4,0.47777777777777775,45217,51053,12.8
EUW1_6886632657,1517,200,1,206,64.00000005960464,270.00000005960464,38,0,5,946.4549628999999,399.9258802,1312.0604055,0,7,0.5294117647058824,55183,60261,14.0
EUW1_6886647354,1454,100,0,186,62.00000008940697,248.00000008940697,29,0,0,,808.1203955,,0,7,0.47272727272727266,45113,49017,12.4
EUW1_6886647354,1454,200,1,182,60.000000059604645,242.00000005960464,49,0,5,978.3988304999999,461.0962126,,0,7,0.5106382978723405,57089,59959,13.6
EUW1_6886681673,2032,100,0,205,66.00000005960464,271.00000005960464,31,0,5,854.4460554,504.63163099999997,,0,4,0.437037037037037,63748,75033,15.8
EUW1_6886681673,2032,200,1,215,52.000000059604645,267.00000005960464,18,0,0,,1171.1424232,1414.018491,1,10,0.5567567567567567,72240,89271,17.0
EUW1_6886707439,1701,100,0,162,52.00000008940697,214.00000008940697,32,0,0,,386.3298115,,1,7,0.4666666666666666,49814,58439,13.6
EUW1_6886707439,1701,200,1,222,62.000000059604645,284.00000005960464,26,0,5,796.5090044,782.6040256,1350.6731086,0,7,0.5419354838709677,58534,66405,14.4
EUW1_6886781359,1152,100,0,163,52.00000008940697,215.00000008940697,9,0,0,,,,0,4,0.45999999999999996,30423,35186,10.4
EUW1_6886781359,1152,200,1,224,65.50000005960464,289.50000005960464,39,0,5,740.8418521,590.650399,,4,6,0.37333333333333335,46178,46025,12.0
EUW1_6886782788,1345,100,0,175,40.0,215.0,30,0,0,,378.8143746,,0,1,0.4545454545454546,41893,45835,11.8
EUW1_6886782788,1345,200,1,217,69.75000011920929,286.7500001192093,32,0,5,879.2943786,796.6678757999999,1241.8238064,3,6,0.46923076923076923,48801,54256,13.0
EUW1_6886815925,1876,100,1,227,68.00000008940697,295.00000008940697,29,0,5,680.4468455,346.4594214,1708.5139777,1,9,0.4666666666666667,70309,80662,16.4
EUW1_6886815925,1876,200,0,188,58.000000059604645,246.00000005960464,20,0,0,,1461.4052381,,0,18,0.49523809523809526,55478,66472,14.6
EUW1_6886819826,1732,100,1,247,44.000000059604645,291.00000005960464,21,0,5,817.0343350999999,1657.0118409,1315.633517,0,11,0.5583333333333333,58550,65035,14.4
EUW1_6886819826,1732,200,0,208,56.000000059604645,264.00000005960464,15,0,0,,703.2686747,,0,6,0.575,47925,57347,13.4
EUW1_6886872205,1663,100,1,246,68.00000008940697,314.00000008940697,14,0,0,,403.7823079,1417.6477565999999,0,22,0.5058823529411766,61050,71462,15.2
EUW1_6886872205,1663,200,0,212,62.00000008940697,274.00000008940697,22,0,5,739.1960793999999,831.4318863999999,,0,6,0.4111111111111111,49162,56430,13.2
EUW1_6886999641,1581,100,0,198,63.50000008940697,261.50000008940697,14,0,0,,,,0,2,0.47619047619047616,46149,52225,12.8
EUW1_6886999641,1581,200,1,214,66.00000005960464,280.00000005960464,40,0,5,780.5249256,541.914185,1459.8403825,0,10,0.5352941176470589,55621,62927,14.0
EUW1_6887042775,2075,100,0,153,56.000000059604645,209.00000005960464,23,0,0,,909.4645185999999,,0,4,0.43684210526315786,63684,76957,16.0
EUW1_6887042775,2075,200,1,204,44.00000008940697,248.00000008940697,18,0,5,792.9759371,546.4864576,1405.6222630999998,0,10,0.39999999999999997,77158,90855,17.4
EUW1_6887158710,1990,100,1,206,52.00000008940697,258.00000008940697,29,0,0,,1068.482264,1568.4941264,1,15,0.5897435897435898,64027,75135,15.8
EUW1_6887158710,1990,200,0,198,50.000000059604645,248.00000005960464,21,0,5,835.296311,329.7647646,,0,1,0.5307692307692308,60587,70360,15.0
EUW1_6887251656,1880,100,0,204,57.75000008940697,261.75000008940697,19,0,0,,812.2942372,1586.3050971,0,4,0.5538461538461539,58478,68205,14.6
EUW1_6887251656,1880,200,1,208,52.000000059604645,260.00000005960464,29,0,5,844.1117558,494.3067658,,0,5,0.5000000000000001,63980,73433,15.4
EUW1_6887323663,2482,100,0,235,54.000000059604645,289.00000005960464,9,0,5,961.7279919,841.7363799999999,1348.3343404999998,0,5,0.43478260869565216,72849,93302,17.2
EUW1_6887323663,2482,200,1,219,56.00000011920929,275.0000001192093,7,0,0,,1851.3614698,1818.4243342,0,2,0.4903225806451613,81260,115194,17.6
EUW1_6887480604,1894,100,0,210,37.6000000834465,247.6000000834465,34,0,0,,582.8975821,1301.3884855,1,10,0.5857142857142857,63721,73302,15.4
EUW1_6887480604,1894,200,1,214,86.00000008940697,300.00000008940697,15,0,5,798.7346259,901.6194734,,0,20,0.4413793103448276,65472,75424,15.6
EUW1_6887524969,1375,100,0,168,62.00000008940697,230.00000008940697,13,0,0,,799.9617480999999,,0,10,0.4,36612,43183,11.6
EUW1_6887524969,1375,200,1,210,68.00000005960464,278.00000005960464,20,0,5,892.2186866,431.493716,1336.6909361,1,9,0.46399999999999997,46010,55135,13.4
EUW1_6887724909,1668,100,0,189,40.000000059604645,229.00000005960464,16,0,0,,,,0,1,0.4413793103448276,54062,60914,13.6
EUW1_6887724909,1668,200,1,176,46.000000059604645,222.00000005960464,56,0,5,785.3298305,611.1120966,,0,5,0.44666666666666666,62667,65307,14.6
EUW1_6887757436,2346,100,1,198,46.000000059604645,244.00000005960464,27,0,5,712.3243542,384.0598088,2252.4391966,1,9,0.4521739130434783,80243,93760,17.2
EUW1_6887757436,2346,200,0,148,56.000000059604645,204.00000005960464,36,0,0,,746.0111112999999,1677.4089156,1,2,0.45833333333333337,78059,90957,16.8
EUW1_6887945427,1573,100,0,220,57.50000008940697,277.50000008940697,20,0,0,,516.1327282,,1,2,0.4,44260,52875,13.0
EUW1_6887945427,1573,200,1,220,66.00000005960464,286.00000005960464,19,0,5,792.3815244,1022.6693852,1477.5477557,1,7,0.44666666666666666,56831,67474,14.6
EUW1_6887960271,1682,100,0,204,50.000000059604645,254.00000005960464,18,0,5,724.1890207,1149.0094221,,1,9,0.4,49442,60642,13.8
EUW1_6887960271,1682,200,1,182,48.000000059604645,230.00000005960464,32,0,0,,822.9798552,1533.1467911999998,1,2,0.45,61908,73671,15.6
EUW1_6888117891,1443,100,0,201,40.00000008940697,241.00000008940697,24,0,0,,,,0,8,0.5083333333333333,44222,50009,12.6
EUW1_6888117891,1443,200,1,199,78.00000005960464,277.00000005960464,31,0,5,832.44945,565.5400333,1314.9504402,1,2,0.4451612903225806,52686,60657,14.0
EUW1_6888146022,717,100,0,94,51.50000008940697,145.50000008940697,12,0,0,,,,0,0,0.4,17341,17882,7.0
EUW1_6888146022,717,200,1,219,66.00000005960464,285.00000005960464,23,0,5,597.5025498,615.6979367,,3,1,0.30666666666666664,24739,25005,8.4
EUW1_6888210382,1820,100,1,195,66.00000008940697,261.00000008940697,39,0,5,858.3332686,708.549686,1283.7266602,1,6,0.48,68829,81546,16.4
EUW1_6888210382,1820,200,0,216,60.000000059604645,276.00000005960464,14,0,0,,383.7219521,,0,6,0.5923076923076923,56253,64443,14.2
EUW1_6888262579,1532,100,1,237,60.00000008940697,297.00000008940697,34,0,5,733.8845358,843.3632722,1437.1934697,2,11,0.4,56857,64460,14.2
EUW1_6888262579,1532,200,0,213,66.00000005960464,279.00000005960464,18,0,0,,504.03953939999997,,0,5,0.5130434782608695,47478,57037,13.4
EUW1_6888264254,1925,100,0,174,54.000000059604645,228.00000005960464,25,0,5,892.8131793,1509.8434919,1774.7097979,0,4,0.4666666666666666,60763,72389,15.4
EUW1_6888264254,1925,200,1,211,52.500000059604645,263.50000005960464,33,0,0,,357.62258579999997,1400.4171196,0,7,0.5265306122448979,69961,81619,16.4
EUW1_6888274968,1378,100,1,170,63.75000008940697,233.75000008940697,37,0,0,,430.9433016,1326.0549479,2,0,0.3523809523809524,53125,57695,13.4
EUW1_6888274968,1378,200,0,166,36.25,202.25,21,0,5,681.0791092,,,2,1,0.3866666666666667,38542,43995,11.8
EUW1_6888290347,2207,100,0,207,66.00000008940697,273.00000008940697,7,0,0,,2172.7424840999997,1944.6630401,0,5,0.5515151515151515,70407,89014,16.4
EUW1_6888290347,2207,200,1,201,68.00000008940697,269.00000008940697,30,0,5,946.0649261,716.2323667,,0,6,0.4790697674418604,74191,87007,16.6
EUW1_6888762705,2188,100,1,191,53.750000059604645,244.75000005960464,23,0,0,,1454.4706151999999,1587.2207534,0,6,0.5857142857142856,74177,90115,17.2
EUW1_6888762705,2188,200,0,218,48.000000059604645,266.00000005960464,20,0,5,884.8022050999999,730.1980881999999,,0,11,0.5121951219512195,69981,80961,16.2
EUW1_6888795311,1889,100,1,199,46.00000002980232,245.00000002980232,25,0,5,853.2534862,876.44984,,1,5,0.5523809523809524,63727,74586,15.6
EUW1_6888795311,1889,200,0,155,64.00000008940697,219.00000008940697,19,0,0,,377.100621,,0,2,0.4880000000000001,50877,67638,14.6
EUW1_6889493808,1628,100,1,238,65.00000008940697,303.00000008940697,12,0,5,747.2839018999999,1133.4600564999998,1427.9858686999999,1,10,0.45517241379310347,60002,70362,15.0
EUW1_6889493808,1628,200,0,216,42.50000002980232,258.5000000298023,3,0,0,,436.990012,,0,12,0.58,44499,57661,13.4
EUW1_6889551747,1522,100,1,196,66.00000008940697,262.00000008940697,27,0,5,899.6774614,782.7652913,1354.3118983,1,7,0.41875,54881,60100,13.8
EUW1_6889551747,1522,200,0,176,68.00000008940697,244.00000008940697,18,0,0,,457.39528989999997,,0,2,0.3647058823529411,43143,51377,12.8
EUW1_6889584984,1515,100,0,229,68.00000008940697,297.00000008940697,20,0,0,,1381.7015245999999,,0,2,0.43999999999999995,43716,50765,12.6
EUW1_6889584984,1515,200,1,209,62.00000008940697,271.00000008940697,31,0,5,922.4304207,353.9154085,1257.8670709,0,3,0.476923076923077,58483,67820,14.8
EUW1_6889701798,1478,100,1,216,42.0,258.0,16,0,5,794.6717954,623.5317084,1259.8080963999998,0,4,0.4357142857142858,51858,59191,13.8
EUW1_6889701798,1478,200,0,217,40.00000002980232,257.0000000298023,17,0,0,,,,0,3,0.45714285714285713,43186,46363,11.8
EUW1_6889706667,1918,100,1,224,52.00000008940697,276.00000008940697,20,0,5,788.9528683999999,1116.7198693,1553.9958649,1,8,0.48108108108108116,69616,83176,16.4
EUW1_6889706667,1918,200,0,184,56.00000008940697,240.00000008940697,13,0,0,,757.6365463999999,,0,5,0.504,61154,73791,15.4
EUW1_6889751826,1555,100,1,195,42.00000002980232,237.00000002980232,36,0,5,909.7261378999999,1392.746348,1404.9350803999998,0,3,0.46799999999999997,64458,70226,15.0
EUW1_6889751826,1555,200,0,170,60.000000059604645,230.00000005960464,30,0,0,,731.208253,,1,7,0.35172413793103446,48636,53423,12.8
EUW1_6889763000,1272,100,1,210,60.000000059604645,270.00000005960464,29,0,5,980.4595082999999,383.6182746,,1,4,0.37037037037037035,43904,52229,12.8
EUW1_6889763000,1272,200,0,225,42.00000002980232,267.0000000298023,11,0,0,,765.3056593,,0,0,0.4333333333333334,31114,38948,11.0
EUW1_6889787350,1904,100,0,217,57.000000059604645,274.00000005960464,15,0,0,,,1720.8051239,0,2,0.48235294117647065,54445,66288,14.6
EUW1_6889787350,1904,200,1,215,66.00000008940697,281.00000008940697,25,0,5,957.9924808999999,705.7920012999999,1306.8712510999999,1,8,0.4695652173913043,69875,81964,16.2
EUW1_6889798293,948,100,0,211,51.000000059604645,262.00000005960464,13,0,5,882.3220044,,,0,0,0.3555555555555555,27297,31689,9.6
EUW1_6889798293,948,200,1,202,45.00000002980232,247.00000002980232,40,0,0,,459.0917169,,0,1,0.4454545454545455,32388,33339,10.0
EUW1_6889850549,1863,100,0,197,50.00000002980232,247.00000002980232,23,0,0,,1496.0634373999999,,0,6,0.5294117647058822,57345,61951,14.0
EUW1_6889850549,1863,200,1,224,52.00000008940697,276.00000008940697,31,0,5,654.7235555,389.4817099,1754.2946407,0,10,0.5111111111111112,66099,73925,15.6
EUW1_6889860221,1585,100,0,195,50.000000059604645,245.00000005960464,28,0,0,,544.7072,,0,8,0.5599999999999999,43347,50902,12.6
EUW1_6889860221,1585,200,1,226,74.00000008940697,300.00000008940697,19,0,5,975.1955839,874.5407657,1483.8476042999998,0,15,0.5217391304347826,54650,62570,14.2
EUW1_6889918120,1777,100,1,180,58.00000008940697,238.00000008940697,21,0,5,872.1648147,1095.6993183,1708.8442642999998,1,9,0.48636363636363633,62867,73317,15.2
EUW1_6889918120,1777,200,0,191,56.000000059604645,247.00000005960464,23,0,0,,387.5926917,,1,19,0.5085714285714286,57660,60573,13.8
EUW1_6890409890,1128,100,0,219,60.500000059604645,279.50000005960464,21,0,5,875.8006553,,,1,7,0.45999999999999996,30855,34417,10.2
EUW1_6890409890,1128,200,1,220,71.75000008940697,291.75000008940697,25,0,0,,430.7380548,,0,5,0.39999999999999997,39477,45906,11.8
EUW1_6890508224,1884,100,0,175,58.000000059604645,233.00000005960464,26,0,0,,,,0,7,0.4967741935483871,60779,66199,14.4
EUW1_6890508224,1884,200,1,228,52.00000008940697,280.00000008940697,36,0,5,680.1646508,473.2173223,1424.0138645,1,14,0.4127659574468085,69280,79425,16.2
EUW1_6891224063,1941,100,1,221,68.00000008940697,289.00000008940697,12,0,5,822.0079541,447.7313279,1632.5474464,1,3,0.5235294117647059,68689,86769,16.8
EUW1_6891224063,1941,200,0,199,58.00000008940697,257.00000008940697,7,0,0,,,1224.2928714,0,14,0.47619047619047616,58017,73657,15.6
EUW1_6891258019,1954,100,1,200,62.000000059604645,262.00000005960464,27,0,0,,521.9608766,1319.1848496,0,12,0.5069767441860465,71216,85208,16.6
EUW1_6891258019,1954,200,0,206,52.00000008940697,258.00000008940697,11,0,5,829.6316501,866.0228357,,0,16,0.4375,57131,69287,15.0
EUW1_6891297028,2480,100,1,201,58.00000008940697,259.00000008940697,23,0,5,925.2074732,953.0763817,2167.3436699,0,4,0.4980392156862745,88513,108388,17.8
EUW1_6891297028,2480,200,0,185,60.000000059604645,245.00000005960464,25,0,0,,597.8948801,1699.9433354999999,0,12,0.47777777777777786,84788,107814,17.6
EUW1_6891344174,1706,100,0,205,52.00000008940697,257.00000008940697,38,0,0,,848.057817,,0,6,0.4064516129032258,53389,60350,13.8
EUW1_6891344174,1706,200,1,235,58.00000008940697,293.00000008940697,19,0,5,850.5606485999999,485.43521119999997,1595.1650023999998,1,5,0.3952380952380953,64008,75999,15.4
EUW1_6891389974,1577,100,1,218,75.00000008940697,293.00000008940697,14,0,5,918.7292329999999,450.81987899999996,1336.3441882,0,14,0.4444444444444445,55107,66305,14.6
EUW1_6891389974,1577,200,0,210,48.00000008940697,258.00000008940697,15,0,0,,1174.5013797,,0,1,0.4600000000000001,49351,59857,13.8
EUW1_6891424295,1634,100,0,205,40.000000059604645,245.00000005960464,31,0,0,,764.291674,,1,13,0.3909090909090909,47292,54804,13.2
EUW1_6891424295,1634,200,1,177,50.000000059604645,227.00000005960464,20,0,5,929.9066671999999,1098.5495448,1468.4155291,1,14,0.4631578947368421,61086,73422,15.2
EUW1_6891468100,1779,100,1,222,44.000000059604645,266.00000005960464,29,0,0,,1262.7469511,1649.7789613,0,8,0.4228571428571429,61455,70808,15.2
EUW1_6891468100,1779,200,0,214,54.00000008940697,268.00000008940697,25,0,5,614.3777421,596.8536821,,0,5,0.3894736842105263,51240,57487,13.4
EUW1_6891982622,1667,100,1,216,63.6000000834465,279.6000000834465,19,0,5,865.0629614,863.4604601,1237.3532515,0,8,0.48,61170,73377,15.6
EUW1_6891982622,1667,200,0,184,66.40000006556511,250.4000000655651,8,0,0,,498.8666273,,0,11,0.41,50009,63243,14.4
EUW1_6892056198,1642,100,1,182,32.00000002980232,214.00000002980232,48,0,5,945.5174777,819.4956479,1495.3449833,1,1,0.4292682926829269,60510,65162,14.4
EUW1_6892056198,1642,200,0,179,64.00000005960464,243.00000005960464,26,0,0,,389.4099827,,0,2,0.6000000000000001,44568,48198,12.2
EUW1_6892474456,1996,100,0,217,62.00000008940697,279.00000008940697,18,0,5,702.0099309,,,0,14,0.35,66472,75447,15.8
EUW1_6892474456,1996,200,1,184,56.00000008940697,240.00000008940697,32,0,0,,386.1432719,1949.9934852,0,5,0.4326530612244898,77129,91853,17.0
EUW1_6892498922,1762,100,1,186,56.000000059604645,242.00000005960464,21,0,5,855.9560269,553.1646545,1638.1303283999998,1,1,0.4242424242424242,59086,71800,15.2
EUW1_6892498922,1762,200,0,178,58.00000008940697,236.00000008940697,20,0,0,,,,0,7,0.39047619047619053,47622,55539,12.8
EUW1_6892527578,1792,100,0,196,54.00000008940697,250.00000008940697,21,0,5,740.1171489999999,599.4399559999999,,0,9,0.4761904761904761,55796,62321,14.2
EUW1_6892527578,1792,200,1,184,56.00000002980232,240.00000002980232,42,0,0,,1577.9708716,1350.7255134,0,5,0.4136363636363636,64944,72092,15.2
EUW1_6892549957,1691,100,1,186,48.000000059604645,234.00000005960464,14,0,0,,1189.0645785,1588.3535035999998,0,5,0.5071428571428571,56158,69297,15.0
EUW1_6892549957,1691,200,0,190,66.00000008940697,256.00000008940697,17,0,5,805.8512663,527.6562642,,0,10,0.3875,48949,55041,13.2
EUW1_6892582539,942,100,0,187,60.00000008940697,247.00000008940697,9,0,0,,833.9198848999999,,0,2,0.2571428571428571,25436,30170,9.2
EUW1_6892582539,942,200,1,198,62.000000059604645,260.00000005960464,36,0,5,762.4333494,499.2937088,,2,6,0.2962962962962963,34759,35322,10.4
EUW1_6892784858,2225,100,0,220,62.00000008940697,282.00000008940697,12,0,5,1013.455029,1119.4047051,,0,6,0.45714285714285713,67132,82232,16.2
EUW1_6892784858,2225,200,1,224,46.500000059604645,270.50000005960464,12,0,0,,625.3293992,1775.0644155999998,0,4,0.5255813953488373,73423,92815,17.4
EUW1_6892803713,1836,100,0,218,58.000000059604645,276.00000005960464,21,0,0,,745.8505488,,0,9,0.5666666666666667,53217,64110,14.4
EUW1_6892803713,1836,200,1,235,72.00000008940697,307.00000008940697,13,0,5,768.6373781,360.6767197,1323.5714761,0,15,0.56875,63956,77419,15.8
EUW1_6892867044,1691,100,0,162,54.000000059604645,216.00000005960464,9,0,0,,,,0,0,0.47058823529411764,45511,52805,12.8
EUW1_6892867044,1691,200,1,158,44.00000002980232,202.00000002980232,33,0,5,904.7856518,613.1369594,1543.0111350999998,1,4,0.35600000000000004,58398,69775,15.2
EUW1_6892899979,1941,100,1,214,50.40000003576279,264.4000000357628,31,0,5,808.5667407,347.5883886,1415.3197117,0,11,0.45500000000000007,69254,82259,16.4
EUW1_6892899979,1941,200,0,239,50.40000006556511,289.4000000655651,14,0,0,,715.1170531,,1,5,0.5066666666666666,62644,71977,15.4
EUW1_6892910918,1609,100,1,253,77.75000011920929,330.7500001192093,30,0,5,855.3882969,549.9511140999999,1314.8115311,2,5,0.5117647058823529,64108,72278,15.2
EUW1_6892910918,1609,200,0,218,48.000000059604645,266.00000005960464,10,0,0,,,,0,16,0.5,47289,58849,13.8
EUW1_6892947749,2342,100,0,176,44.000000059604645,220.00000005960464,9,0,5,714.8661926,836.3373524,,0,7,0.4720000000000001,65886,77429,16.0
EUW1_6892947749,2342,200,1,136,64.00000008940697,200.00000008940697,40,0,0,,506.76640399999997,2037.8237161,1,9,0.4911764705882353,81324,99635,17.2
EUW1_6892960038,1991,100,0,160,58.000000059604645,218.00000005960464,27,0,0,,,,0,9,0.5454545454545454,63950,77890,15.8
EUW1_6892960038,1991,200,1,217,68.00000005960464,285.00000005960464,31,0,5,824.5841477,462.4148385,1634.8351946999999,1,5,0.44000000000000006,73355,91295,17.4
EUW1_6893020846,1126,100,1,185,40.000000059604645,225.00000005960464,50,0,5,865.4164533,817.7490607,,0,5,0.48484848484848475,40528,40984,11.2
EUW1_6893020846,1126,200,0,178,44.00000002980232,222.00000002980232,18,0,0,,464.5506875,,0,3,0.4,32009,31897,9.6
EUW1_6893063548,1475,100,0,195,48.000000059604645,243.00000005960464,22,0,0,,,,0,7,0.45882352941176474,41905,47626,12.0
EUW1_6893063548,1475,200,1,218,61.6000000834465,279.6000000834465,15,0,5,890.3303883,418.7322183,1337.5069544,0,6,0.45,51980,65466,14.6
EUW1_6893384065,2006,100,0,238,66.00000008940697,304.00000008940697,28,0,5,891.2182385,632.2608442999999,1611.6967121999999,0,9,0.44827586206896547,64625,72984,15.4
EUW1_6893384065,2006,200,1,185,60.00000008940697,245.00000008940697,27,0,0,,1001.3671770999999,,0,9,0.5952380952380952,67552,77295,15.8
EUW1_6893398403,2944,100,0,172,50.00000002980232,222.00000002980232,13,0,0,,1252.8442667,2043.0435711,0,5,0.47352941176470587,98671,128854,18.0
EUW1_6893398403,2944,200,1,147,56.00000008940697,203.00000008940697,24,0,5,899.2258449,406.48844599999995,2461.6682797999997,1,4,0.37468354430379747,100636,133959,18.0
EUW1_6893402515,1868,100,1,187,59.00000008940697,246.00000008940697,26,0,0,,808.7783637,1749.2620198,0,5,0.4521739130434783,73462,85391,16.8
EUW1_6893402515,1868,200,0,217,78.00000008940697,295.00000008940697,28,0,5,736.8489321999999,,,1,9,0.4833333333333333,63510,70787,15.0
EUW1_6893574117,1855,100,1,192,52.00000008940697,244.00000008940697,18,0,5,747.187067,992.1903695999999,1470.5820403,2,8,0.43589743589743596,64137,71184,15.0
EUW1_6893574117,1855,200,0,185,52.000000059604645,237.00000005960464,34,0,0,,633.5889227,,1,2,0.4918918918918919,59396,69189,15.2
EUW1_6893608505,3169,100,0,182,46.00000008940697,228.00000008940697,27,0,5,955.9210468,,,1,2,0.39428571428571424,108755,131732,18.0
EUW1_6893608505,3169,200,1,178,52.000000059604645,230.00000005960464,20,0,0,,363.5099456,1662.0603465,0,12,0.4106666666666666,112331,147590,18.0
EUW1_6894046704,1987,100,1,199,57.600000113248825,256.6000001132488,21,0,5,795.8696625,1484.0226527999998,,0,2,0.4790697674418604,65087,76854,15.6
EUW1_6894046704,1987,200,0,175,44.40000003576279,219.4000000357628,8,0,0,,720.5803841,,0,4,0.45714285714285713,56310,64539,14.6
EUW1_6894168958,1631,100,1,211,44.00000008940697,255.00000008940697,35,0,0,,841.16094,,1,8,0.4631578947368421,58580,62609,14.0
EUW1_6894168958,1631,200,0,207,58.000000059604645,265.00000005960464,31,0,5,863.2480423999999,1156.1322553,,1,3,0.47333333333333333,55640,59735,13.8
EUW1_6894310527,1963,100,0,177,58.00000011920929,235.0000001192093,25,0,5,778.0571513,,,1,1,0.425,62983,68362,14.8
EUW1_6894310527,1963,200,1,120,56.000000059604645,176.00000005960464,32,0,0,,526.0019062,,0,1,0.4852459016393443,70407,82015,16.4
EUW1_6894430018,1924,100,0,196,62.000000059604645,258.00000005960464,13,0,5,732.1228940999999,990.011494,,0,2,0.3692307692307692,58189,70758,15.0
EUW1_6894430018,1924,200,1,175,56.00000008940697,231.00000008940697,22,0,0,,567.6291256999999,1682.6836501999999,0,10,0.4487804878048781,64647,79931,16.2
EUW1_6894461065,2023,100,0,161,40.000000059604645,201.00000005960464,43,0,0,,355.0093636,1845.1312257999998,1,7,0.538888888888889,65492,75196,15.6
EUW1_6894461065,2023,200,1,234,62.00000008940697,296.00000008940697,21,0,5,646.7276224999999,1420.5213059,1285.3243241999999,1,16,0.5885714285714285,70727,74524,15.6
EUW1_6894532863,1418,100,1,243,60.000000059604645,303.00000005960464,25,0,5,598.7670615999999,437.8439587,1345.8887604,1,6,0.44000000000000006,54547,61299,14.2
EUW1_6894532863,1418,200,0,228,66.00000008940697,294.00000008940697,14,0,0,,784.4378545,,0,5,0.36,40879,49882,12.6
EUW1_6894605141,1750,100,1,212,52.000000059604645,264.00000005960464,21,0,0,,1210.6795293999999,1728.7928101999998,0,9,0.5870967741935483,59896,72986,15.6
EUW1_6894605141,1750,200,0,218,58.00000008940697,276.00000008940697,24,0,5,1102.2674351,382.0825612,,0,8,0.44545454545454544,51969,59488,14.0
EUW1_6894658191,1641,100,1,218,76.00000008940697,294.00000008940697,26,0,0,,469.8233644,1438.1421515,1,8,0.4666666666666666,59828,66311,14.6
EUW1_6894658191,1641,200,0,193,46.000000059604645,239.00000005960464,12,0,5,735.6452122999999,,,0,3,0.4769230769230769,46499,52395,12.8
EUW1_6894660327,1135,100,1,229,54.000000059604645,283.00000005960464,41,0,5,752.5289333,592.9462092,,1,5,0.4111111111111111,46692,47235,11.8
EUW1_6894660327,1135,200,0,168,52.000000059604645,220.00000005960464,16,0,0,,,,0,7,0.3777777777777777,29121,33374,9.6
EUW1_6894715571,1584,100,1,229,46.000000059604645,275.00000005960464,22,0,5,861.6036729,506.1984798,1496.5508115999999,0,11,0.51,52382,60891,13.8
EUW1_6894715571,1584,200,0,183,48.000000059604645,231.00000005960464,13,0,0,,1168.1293673,,0,9,0.41818181818181827,40995,49714,12.4
EUW1_6894763460,1562,100,1,199,54.50000011920929,253.5000001192093,11,0,5,836.5917817,773.7482061,1375.4035508,1,7,0.45600000000000007,55481,62391,14.0
EUW1_6894763460,1562,200,0,171,42.00000002980232,213.00000002980232,23,0,0,,420.31607679999996,,0,8,0.3473684210526316,41754,48524,12.4
EUW1_6895311966,2396,100,1,232,62.00000008940697,294.00000008940697,18,0,0,,1062.331111,1732.5931202,0,10,0.5789473684210525,79331,100212,17.6
EUW1_6895311966,2396,200,0,250,64.00000005960464,314.00000005960464,21,0,5,888.2971474999999,395.2431592,,1,21,0.6258064516129032,74941,87058,17.2
EUW1_6895342533,1955,100,1,216,50.000000059604645,266.00000005960464,24,0,0,,719.0853377,1674.3682073999998,0,7,0.47346938775510206,71165,83860,16.6
EUW1_6895342533,1955,200,0,230,68.00000005960464,298.00000005960464,6,0,5,854.7822405999999,366.3254052,,1,11,0.42727272727272725,60011,73116,15.2
EUW1_6895408846,2070,100,1,218,77.50000014901161,295.5000001490116,9,0,5,983.8672995,716.803762,1731.8466030999998,0,11,0.40625,71188,91465,16.8
EUW1_6895408846,2070,200,0,213,56.50000002980232,269.5000000298023,15,0,0,,366.8811399,,0,12,0.391304347826087,61145,77669,16.0
EUW1_6895456130,1431,100,1,211,55.200000047683716,266.2000000476837,27,0,5,819.4855213999999,1246.0432356,1351.438537,1,1,0.4666666666666666,53323,58958,13.6
EUW1_6895456130,1431,200,0,196,49.60000005364418,245.60000005364418,19,0,0,,927.8843167,,0,10,0.425,41887,48432,12.4
EUW1_6895460638,2115,100,0,201,60.40000003576279,261.4000000357628,15,0,0,,739.7919387999999,,1,7,0.4076923076923077,61826,76304,15.6
EUW1_6895460638,2115,200,1,188,57.6000000834465,245.6000000834465,13,0,5,951.5379681999999,362.9041574,1600.5017590999998,0,4,0.4789473684210527,76130,97121,17.2
EUW1_6895512619,2305,100,1,196,70.00000005960464,266.00000005960464,28,0,5,851.965385,361.66026949999997,2089.2965168,0,5,0.44363636363636366,86124,100884,17.8
EUW1_6895512619,2305,200,0,221,56.00000008940697,277.00000008940697,25,0,0,,1453.4813755999999,1601.0052767999998,1,8,0.4185185185185185,83796,100124,17.4
EUW1_6895563455,2617,100,1,152,52.6000000834465,204.6000000834465,20,0,0,,1009.2121781999999,,0,9,0.4631578947368421,91745,112493,18.0
EUW1_6895563455,2617,200,0,200,64.50000005960464,264.50000005960464,28,0,5,774.3653002,374.67882269999996,1779.6067899999998,1,7,0.48,88570,108327,18.0
EUW1_6895789756,1418,100,1,227,72.00000008940697,299.00000008940697,32,0,5,916.5627532999999,799.6059151,1338.1502028999998,1,4,0.37777777777777777,54406,63487,14.2
EUW1_6895789756,1418,200,0,159,54.00000008940697,213.00000008940697,13,0,0,,437.6614568,,0,6,0.39999999999999997,41057,50687,12.4
EUW1_6895956753,1714,100,0,218,52.000000059604645,270.00000005960464,25,0,0,,,,0,4,0.5153846153846153,54855,66522,14.6
EUW1_6895956753,1714,200,1,219,54.00000008940697,273.00000008940697,29,0,5,637.27222,585.9823762999999,1659.6305873,1,7,0.4217391304347826,64668,76089,15.8
EUW1_6896110751,1272,100,1,181,68.00000008940697,249.00000008940697,39,0,5,850.5817404999999,759.3366495,,1,7,0.50625,45853,47383,12.2
EUW1_6896110751,1272,200,0,202,50.00000008940697,252.00000008940697,19,0,0,,,,0,4,0.3,33487,40310,11.2
EUW1_6896164790,1158,100,1,222,58.00000008940697,280.00000008940697,15,0,5,725.1894582,976.2514772,,0,2,0.36,36427,42074,11.2
EUW1_6896164790,1158,200,0,181,56.000000059604645,237.00000005960464,10,0,0,,577.2714101,,1,2,0.44000000000000006,31056,34939,10.0
EUW1_6896202653,2096,100,1,182,57.20000010728836,239.20000010728836,28,0,0,,1013.9580837,1744.400475,0,12,0.5692307692307692,69346,81693,16.2
EUW1_6896202653,2096,200,0,216,68.80000007152557,284.8000000715256,31,0,5,769.3798347999999,460.3923465,,1,10,0.3741935483870968,65707,75538,15.6
EUW1_6896712229,1983,100,1,204,50.000000059604645,254.00000005960464,29,0,5,887.9095010999999,603.8320196999999,,1,13,0.41951219512195126,70542,79914,16.2
EUW1_6896712229,1983,200,0,201,44.00000002980232,245.00000002980232,17,0,0,,1033.3520025,1603.3811317999998,0,4,0.3783783783783784,64631,75825,15.8
EUW1_6896748147,1564,100,1,220,74.00000011920929,294.0000001192093,32,0,5,878.4583676999999,845.2133322,,1,5,0.36818181818181817,59105,64652,14.2
EUW1_6896748147,1564,200,0,201,52.00000002980232,253.00000002980232,29,0,0,,479.3120907,1296.7326223999999,0,16,0.42666666666666664,51537,59495,14.0
EUW1_6896780414,1750,100,1,183,47.75000008940697,230.75000008940697,38,0,5,778.983496,1442.3629052,1373.349338,1,5,0.42400000000000004,66274,70769,15.4
EUW1_6896780414,1750,200,0,198,50.000000059604645,248.00000005960464,32,0,0,,743.7675366999999,,1,12,0.4352941176470589,55089,59821,14.0
EUW1_6896820213,2570,100,0,216,66.00000008940697,282.00000008940697,19,0,5,890.0763797999999,1889.5051887999998,1685.1785356,1,0,0.42745098039215695,90777,117757,18.0
EUW1_6896820213,2570,200,1,221,44.000000059604645,265.00000005960464,20,0,0,,349.6104378,2079.71083,0,10,0.4064516129032258,97178,132301,18.0
EUW1_6896852105,1786,100,1,230,56.000000059604645,286.00000005960464,34,0,5,1143.6131129,480.9780828,1343.2181461999999,0,9,0.6222222222222222,66136,76403,15.8
EUW1_6896852105,1786,200,0,246,58.00000008940697,304.00000008940697,40,0,0,,889.399145,,0,8,0.4869565217391304,51710,60301,14.0
EUW1_6896882131,1743,100,1,217,56.00000008940697,273.00000008940697,37,0,5,920.9088048,557.5317699,1351.8475646,2,2,0.34800000000000003,67373,77260,16.0
EUW1_6896882131,1743,200,0,175,66.00000008940697,241.00000008940697,16,0,0,,891.8338292,,0,7,0.45600000000000007,53842,66584,14.8
EUW1_6896905586,2400,100,0,213,46.000000059604645,259.00000005960464,22,0,0,,1356.9280978,1276.4471919999999,0,27,0.51875,71551,82669,16.4
EUW1_6896905586,2400,200,1,218,72.00000008940697,290.00000008940697,19,0,5,925.7846473,687.7978598,2217.6893628,0,8,0.6052631578947368,84110,100819,17.8
EUW1_6896929719,1718,100,0,158,62.000000059604645,220.00000005960464,17,0,5,800.1499541999999,1435.9937036,,1,1,0.38,51491,61883,14.0
EUW1_6896929719,1718,200,1,208,42.00000008940697,250.00000008940697,15,0,0,,893.6890112,,0,1,0.3695652173913043,60557,72668,15.4
EUW1_6896938687,1888,100,0,177,66.40000006556511,243.4000000655651,30,0,0,,,,0,15,0.44117647058823534,62599,71406,15.2
EUW1_6896938687,1888,200,1,214,37.60000005364418,251.60000005364418,38,0,5,913.9098809999999,954.6961225,1521.7238531,0,7,0.43111111111111117,69411,81415,16.2
EUW1_6896987052,2578,100,0,167,54.500000059604645,221.50000005960464,18,0,5,863.5039730999999,1522.2194622,,1,2,0.43921568627450974,78004,92326,17.2
EUW1_6896987052,2578,200,1,173,39.500000059604645,212.50000005960464,23,0,0,,720.3707195,1746.7295353,0,0,0.525,91633,114068,17.8
EUW1_6897082304,1706,100,0,197,74.00000008940697,271.00000008940697,16,0,5,866.7404257999999,1266.9552112,,0,14,0.5272727272727272,49528,59233,13.8
EUW1_6897082304,1706,200,1,210,56.00000008940697,266.00000008940697,25,0,0,,949.8416122,,0,16,0.5,60021,68742,15.0
EUW1_6897129102,1827,100,1,243,69.00000005960464,312.00000005960464,17,0,5,717.4571023,837.15438,1731.0404692999998,1,12,0.41764705882352937,63297,77762,15.6
EUW1_6897129102,1827,200,0,214,60.00000008940697,274.00000008940697,26,0,0,,445.81670219999995,,0,10,0.5153846153846153,55513,65453,14.4
EUW1_6897245959,1474,100,0,184,52.000000059604645,236.00000005960464,14,0,0,,366.9347466,,0,7,0.3875,46535,48146,12.2
EUW1_6897245959,1474,200,1,228,66.00000008940697,294.00000008940697,29,0,5,709.7447073,879.2131496999999,1384.8228930999999,1,4,0.4536585365853658,58350,62367,14.2
EUW1_6897290759,2255,100,1,171,24.0,195.0,18,0,5,904.7650758999999,659.1109792,,0,3,0.5444444444444445,67346,80220,16.2
EUW1_6897290759,2255,200,0,114,44.00000008940697,158.00000008940697,16,0,0,,1004.8710077,1529.6472299,1,4,0.5454545454545454,59215,71866,15.2
EUW1_6897557930,2030,100,0,178,84.00000014901161,262.0000001490116,24,0,5,861.9068222999999,1735.7864243,,0,9,0.4222222222222222,66238,80864,16.4
EUW1_6897557930,2030,200,1,208,58.000000059604645,266.00000005960464,24,0,0,,598.1644028,1576.3538139999998,1,7,0.48,67998,84410,16.6
EUW1_6897619330,1638,100,1,233,46.00000002980232,279.0000000298023,32,0,0,,1235.8115407999999,1394.3420865,0,6,0.3951219512195122,63410,70010,15.2
EUW1_6897619330,1638,200,0,238,64.00000008940697,302.00000008940697,33,0,5,892.0885218999999,898.7657595,,0,13,0.40588235294117647,57648,62939,14.2
EUW1_6897680705,1799,100,0,171,57.950000047683716,228.95000004768372,36,0,5,986.4306442,569.4411232,,0,9,0.43589743589743596,58451,66188,14.6
EUW1_6897680705,1799,200,1,188,47.000000059604645,235.00000005960464,31,0,0,,1530.9459983,1403.0900546999999,0,10,0.41025641025641024,66745,76258,15.6
EUW1_6898206577,1423,100,1,219,54.800000071525574,273.8000000715256,41,0,5,715.4555289,520.2501596999999,1287.4715535,2,15,0.5,53983,58779,13.6
EUW1_6898206577,1423,200,0,214,63.20000007748604,277.20000007748604,12,0,0,,,,0,3,0.2800000000000001,40491,50332,12.4
EUW1_6898240699,1668,100,1,204,50.00000008940697,254.00000008940697,32,0,5,712.1991601,761.2328805,,0,7,0.38723404255319155,65213,74176,15.8
EUW1_6898240699,1668,200,0,164,82.00000008940697,246.00000008940697,22,0,0,,357.9990721,1551.530865,0,8,0.4615384615384615,50539,63460,14.4
EUW1_6898272369,1584,100,1,200,56.00000008940697,256.00000008940697,28,0,5,798.0949661,507.37860709999995,1400.6014119,0,5,0.45625,56303,65938,14.6
EUW1_6898272369,1584,200,0,218,54.000000059604645,272.00000005960464,14,0,0,,853.2277932,,1,11,0.41052631578947363,46479,54178,13.2
EUW1_6898327013,755,100,1,240,54.000000059604645,294.00000005960464,21,0,5,694.9547011,,,2,1,0.38181818181818183,25606,25573,8.4
EUW1_6898327013,755,200,0,184,44.000000059604645,228.00000005960464,14,0,0,,,,0,3,0.4666666666666666,18545,18538,7.0
EUW1_6898511557,1616,100,1,173,42.00000002980232,215.00000002980232,33,0,5,910.5669240999999,918.4474771,,0,2,0.4391304347826087,54900,62824,14.0
EUW1_6898511557,1616,200,0,168,56.000000059604645,224.00000005960464,11,0,0,,549.9917041,,0,4,0.37142857142857144,39095,44925,11.8
EUW1_6898901514,1718,100,1,181,70.00000008940697,251.00000008940697,25,0,5,852.7993428999999,937.7411472,1678.422145,0,4,0.44571428571428573,61351,70174,15.0
EUW1_6898901514,1718,200,0,237,60.000000059604645,297.00000005960464,23,0,0,,560.7452558,,1,4,0.475,51995,61337,14.0
EUW1_6898933339,1457,100,1,167,28.000000059604645,195.00000005960464,29,0,5,918.6311959,1041.6022629,,0,3,0.3857142857142858,49924,54273,13.2
EUW1_6898933339,1457,200,0,177,70.00000005960464,247.00000005960464,28,0,0,,646.031666,,0,0,0.31818181818181823,38545,42905,11.4
EUW1_6899024210,1334,100,1,205,52.00000008940697,257.00000008940697,30,0,5,761.8657257,408.7195114,,2,6,0.38974358974358975,51504,56125,13.2
EUW1_6899024210,1334,200,0,182,62.00000002980232,244.00000002980232,10,0,0,,,,0,6,0.36666666666666664,37710,43895,11.4
EUW1_6899102853,1176,100,1,171,48.000000059604645,219.00000005960464,33,0,5,859.6405747,948.7145634,,0,2,0.38260869565217387,37819,41149,10.8
EUW1_6899102853,1176,200,0,181,50.000000059604645,231.00000005960464,9,0,0,,574.3675598,,0,7,0.33333333333333337,30182,35582,10.2
EUW1_6899226107,2175,100,1,188,44.000000059604645,232.00000005960464,33,0,0,,1141.3315006,2034.6434313999998,1,11,0.42181818181818176,77087,91420,17.2
EUW1_6899226107,2175,200,0,165,48.000000059604645,213.00000005960464,22,0,5,775.9008438999999,679.5822846,,0,5,0.4838709677419355,69456,76351,16.0
EUW1_6899276817,1693,100,0,187,48.000000059604645,235.00000005960464,29,0,0,,672.663781,,0,2,0.5393939393939393,53562,60146,14.0
EUW1_6899276817,1693,200,1,216,52.000000059604645,268.00000005960464,19,0,5,826.1675303,1430.9666611,1553.5408321,0,11,0.44117647058823534,59135,66208,14.6
EUW1_6899300311,2086,100,1,190,54.00000011920929,244.0000001192093,23,0,5,914.3429851,973.4002935,1593.1104965,0,10,0.40377358490566034,74818,92943,17.2
EUW1_6899300311,2086,200,0,212,40.00000002980232,252.00000002980232,26,0,0,,637.425872,,1,11,0.4838709677419354,68952,86791,16.6
EUW1_6899733676,2399,100,0,194,56.00000008940697,250.00000008940697,16,0,0,,804.6526425,,0,1,0.3404255319148936,74622,96197,16.6
EUW1_6899733676,2399,200,1,193,62.00000008940697,255.00000008940697,25,0,5,973.7865641999999,445.75605179999997,1894.056249,1,10,0.4269230769230769,83284,105731,18.0
EUW1_6899942636,1595,100,0,200,52.000000059604645,252.00000005960464,31,0,5,754.9062703999999,,,1,5,0.5111111111111112,50057,49281,12.2
EUW1_6899942636,1595,200,1,189,54.00000008940697,243.00000008940697,34,0,0,,638.4975529,1272.7480398,1,5,0.5794871794871794,58284,62537,14.2
EUW1_6900113216,1622,100,1,213,69.6000000834465,282.6000000834465,26,0,5,812.1133489,455.4139155,1249.3166248999999,1,15,0.3684210526315789,57298,68178,14.6
EUW1_6900113216,1622,200,0,181,62.40000006556511,243.4000000655651,12,0,0,,,,0,2,0.43076923076923074,44753,55615,13.4
EUW1_6900141853,936,100,1,203,60.400000125169754,263.40000012516975,26,0,5,764.5478678999999,745.3720093,,1,1,0.33333333333333337,30311,33830,10.0
EUW1_6900141853,936,200,0,169,51.60000005364418,220.60000005364418,5,0,0,,,,0,1,0.4,21583,27166,8.8
EUW1_6900168308,969,100,1,207,66.00000008940697,273.00000008940697,60,0,5,748.1305576999999,363.6691484,,1,2,0.40625,37861,36828,10.4
EUW1_6900168308,969,200,0,169,48.000000059604645,217.00000005960464,28,0,0,,,,0,2,0.4666666666666667,29836,30293,9.6
EUW1_6900171326,1921,100,1,201,70.00000008940697,271.00000008940697,11,0,5,957.1412657,493.6777123,1680.1666022,1,5,0.5371428571428571,63517,78545,16.0
EUW1_6900171326,1921,200,0,198,60.00000008940697,258.00000008940697,9,0,0,,929.2727603999999,,0,1,0.528,54121,66693,14.8
EUW1_6900183577,2008,100,0,174,43.600000113248825,217.60000011324883,23,0,0,,,1607.1688855,0,5,0.47272727272727266,60558,70583,15.2
EUW1_6900183577,2008,200,1,191,46.00000002980232,237.00000002980232,19,0,5,894.5149809,833.2728691,,0,1,0.47659574468085114,70435,82606,16.6
EUW1_6900417817,1630,100,0,222,53.50000002980232,275.5000000298023,32,0,5,745.0599219,1059.6384615,,0,9,0.5,56410,59607,13.8
EUW1_6900417817,1630,200,1,201,60.50000011920929,261.5000001192093,27,0,0,,399.1696172,1518.8807292,0,8,0.4882352941176471,58702,68268,14.8
EUW1_6900509738,1569,100,1,214,58.500000059604645,272.50000005960464,23,0,5,961.5480504,542.2233023,1372.9167252,0,8,0.4176470588235294,57992,70222,15.0
EUW1_6900509738,1569,200,0,206,60.00000008940697,266.00000008940697,15,0,0,,,,0,1,0.48888888888888893,47986,59235,13.8
EUW1_6900521305,2159,100,1,225,58.000000059604645,283.00000005960464,19,0,0,,780.5880969,1882.3740228,0,10,0.5105263157894736,73697,90355,17.0
EUW1_6900521305,2159,200,0,212,68.00000008940697,280.00000008940697,18,0,5,926.9008755,433.0574981,1416.7740744999999,0,11,0.5615384615384615,65780,84667,16.8
EUW1_6900978399,1567,100,0,211,66.00000008940697,277.00000008940697,7,0,0,,,,0,1,0.5333333333333334,40681,52946,12.8
EUW1_6900978399,1567,200,1,239,60.000000059604645,299.00000005960464,17,0,5,734.7288701,346.94128989999996,1232.8351197,0,2,0.5777777777777778,56118,63695,14.2
EUW1_6901179279,1477,100,0,197,68.00000008940697,265.00000008940697,8,0,0,,,,0,5,0.4,40995,54927,13.2
EUW1_6901179279,1477,200,1,248,62.000000059604645,310.00000005960464,15,0,5,887.7633830999999,581.8782142,1343.0812187,0,6,0.44210526315789467,49405,59733,13.8
EUW1_6901823938,1413,100,1,199,64.00000008940697,263.00000008940697,25,0,5,809.1897918999999,1139.1700925,1246.7084573,2,0,0.41142857142857137,50032,59313,14.0
EUW1_6901823938,1413,200,0,146,62.000000059604645,208.00000005960464,7,0,0,,369.72472419999997,,0,10,0.375,34678,42842,11.6
EUW1_6901886548,2241,100,1,210,56.000000059604645,266.00000005960464,24,0,5,848.0332917999999,420.2417668,1303.1491267,0,9,0.5333333333333333,78723,100514,17.6
EUW1_6901886548,2241,200,0,178,56.800000071525574,234.80000007152557,10,0,0,,,,0,1,0.6571428571428571,65761,79350,16.2
EUW1_6901930376,1203,100,0,206,67.25000008940697,273.25000008940697,18,0,0,,503.8196749,,0,2,0.39999999999999997,31854,36517,10.4
EUW1_6901930376,1203,200,1,217,56.00000011920929,273.0000001192093,38,0,5,818.9332529999999,836.877072,,1,9,0.39230769230769236,45572,45928,12.0
EUW1_6902024955,1991,100,1,188,54.00000008940697,242.00000008940697,35,0,0,,436.7583492,1827.4431949999998,1,4,0.5659574468085106,75556,88230,17.0
EUW1_6902024955,1991,200,0,209,44.00000002980232,253.00000002980232,30,0,5,703.0342663,1102.4645761,1235.1042061,0,11,0.4666666666666666,69359,76939,15.8
EUW1_6902389755,1516,100,0,142,44.00000008940697,186.00000008940697,17,0,0,,,,0,2,0.40869565217391307,42081,50517,12.4
EUW1_6902389755,1516,200,1,197,66.00000005960464,263.00000005960464,19,0,5,801.1818923,613.8402887,,2,0,0.36000000000000004,55569,60697,14.0
EUW1_6902942467,1622,100,0,174,44.00000008940697,218.00000008940697,30,0,0,,854.5521961999999,,0,3,0.3851851851851852,51389,57376,13.6
EUW1_6902942467,1622,200,1,240,66.00000008940697,306.00000008940697,28,0,5,660.8394708999999,1167.7055648,,1,10,0.3463414634146341,62448,71392,15.2
EUW1_6902996613,919,100,1,235,82.00000008940697,317.00000008940697,23,0,5,857.0469383999999,729.3252649,,2,4,0.3375,30687,35294,10.2
EUW1_6902996613,919,200,0,220,64.00000005960464,284.00000005960464,7,0,0,,361.69397879999997,,0,4,0.4666666666666666,22842,28822,9.2
EUW1_6903258038,2127,100,1,197,48.000000059604645,245.00000005960464,25,0,0,,450.66933589999996,1977.3845938,1,2,0.4095238095238095,76622,91138,16.8
EUW1_6903258038,2127,200,0,202,50.000000059604645,252.00000005960464,28,0,5,854.4540883,1530.2888492,1398.2006145999999,0,4,0.4342857142857143,72974,80045,16.2
EUW1_6903429511,1497,100,0,183,48.000000059604645,231.00000005960464,27,0,0,,1169.8322091,,0,8,0.5263157894736842,46568,51857,13.0
EUW1_6903429511,1497,200,1,212,42.00000008940697,254.00000008940697,42,0,5,857.4099041,815.6187226,1415.8835672999999,0,8,0.4041666666666667,59818,63493,14.2
EUW1_6903457790,1926,100,1,199,48.000000059604645,247.00000005960464,37,0,5,898.6117757,1189.0772098,,0,2,0.4653061224489797,71052,82307,16.2
EUW1_6903457790,1926,200,0,219,51.20000007748604,270.20000007748604,24,0,0,,816.6254706999999,1389.8430340999998,0,11,0.3948717948717949,66184,77874,16.0
EUW1_6903484860,1352,100,1,214,78.00000011920929,292.0000001192093,30,0,5,773.1011334,1074.3502787999998,1238.5946237,0,9,0.5032258064516129,51433,52435,13.0
EUW1_6903484860,1352,200,0,216,44.0,260.0,16,0,0,,350.8759993,,0,6,0.48235294117647065,38654,44304,11.8
EUW1_6903651420,1735,100,0,236,50.00000008940697,286.00000008940697,16,0,0,,779.1778221,,0,6,0.55,49045,57610,13.4
EUW1_6903651420,1735,200,1,239,44.00000002980232,283.0000000298023,21,0,5,882.8884895,395.85103169999996,1596.735806,0,9,0.44827586206896547,60749,72729,15.4
EUW1_6904257519,1603,100,0,155,33.20000007748604,188.20000007748604,20,0,5,743.0131652,999.5620462999999,,1,2,0.43157894736842106,44054,48812,12.2
EUW1_6904257519,1603,200,1,181,40.000000059604645,221.00000005960464,19,0,0,,585.173636,,1,1,0.4545454545454545,52248,57307,13.4
EUW1_6904388409,1162,100,0,215,60.00000008940697,275.00000008940697,15,0,0,,,,0,4,0.45714285714285713,28185,32719,9.8
EUW1_6904388409,1162,200,1,233,50.000000059604645,283.00000005960464,34,0,5,730.9406289,317.123334,,2,4,0.32666666666666666,44224,44374,11.6
EUW1_6904440805,1812,100,1,181,55.25000008940697,236.25000008940697,18,0,5,822.1757984999999,912.1914337,1729.2076078,0,1,0.4625,64391,75094,15.8
EUW1_6904440805,1812,200,0,199,50.750000059604645,249.75000005960464,25,0,0,,576.350285,,0,5,0.4,58886,68504,15.0
EUW1_6904513867,1622,100,1,186,62.00000008940697,248.00000008940697,42,0,5,1068.5962908,,1495.7418088,1,10,0.4871794871794872,58849,63214,14.2
EUW1_6904513867,1622,200,0,197,64.00000008940697,261.00000008940697,23,0,0,,371.0766317,,0,7,0.475,50070,54355,13.0
EUW1_6904631456,1646,100,1,234,68.00000008940697,302.00000008940697,21,0,5,932.5174138,408.0093065,1398.7012688999998,0,6,0.45555555555555555,59998,73158,15.4
EUW1_6904631456,1646,200,0,208,62.000000059604645,270.00000005960464,6,0,0,,,,0,5,0.4615384615384615,45629,57115,13.2
EUW1_6904666668,1912,100,0,209,44.00000008940697,253.00000008940697,13,0,0,,437.8743985,1252.7739365,0,10,0.47777777777777775,60785,71884,15.2
EUW1_6904666668,1912,200,1,208,70.00000008940697,278.00000008940697,19,0,5,761.4775685999999,781.7959261,,1,6,0.5612903225806452,59769,72496,15.4
EUW1_6904993463,1340,100,1,175,46.000000059604645,221.00000005960464,32,0,5,959.8455527,707.7681147999999,,0,7,0.5153846153846153,42890,49050,12.2
EUW1_6904993463,1340,200,0,143,52.00000002980232,195.00000002980232,3,0,0,,368.40642479999997,,0,1,0.6333333333333333,30380,41353,11.2
EUW1_6905089422,1286,100,0,209,56.000000059604645,265.00000005960464,20,0,0,,601.4388226,,0,4,0.42105263157894735,40179,44124,11.8
EUW1_6905089422,1286,200,1,226,58.00000008940697,284.00000008940697,37,0,5,898.447459,1097.2322294,,0,7,0.4,45973,49163,12.4
EUW1_6905123935,1789,100,0,205,64.00000005960464,269.00000005960464,34,0,0,,367.78281219999997,,0,4,0.5517241379310345,58046,64597,14.6
EUW1_6905123935,1789,200,1,211,65.75000008940697,276.75000008940697,33,0,5,868.1034932,1157.5131291999999,1495.1536211,0,6,0.5025641025641026,66128,72806,15.4
EUW1_6905145939,1943,100,1,161,44.00000002980232,205.00000002980232,37,0,5,820.3566804,872.1758183,1862.8651834,0,14,0.482051282051282,64095,72912,15.4
EUW1_6905145939,1943,200,0,172,62.000000059604645,234.00000005960464,16,0,0,,,,0,3,0.5214285714285715,57320,65293,14.4
EUW1_6905165667,1991,100,0,228,62.000000059604645,290.00000005960464,25,0,5,837.045339,,,1,7,0.425,68814,81091,16.0
EUW1_6905165667,1991,200,1,221,64.00000005960464,285.00000005960464,25,0,0,,476.86248129999996,1651.7066307,0,14,0.3953488372093023,76679,94542,17.4
EUW1_6905194030,2696,100,0,151,48.000000059604645,199.00000005960464,15,0,0,,343.85044819999996,,0,1,0.4553191489361702,82954,109426,17.8
EUW1_6905194030,2696,200,1,159,58.00000008940697,217.00000008940697,12,0,5,884.1791715999999,1160.7465614999999,1816.2214874,0,14,0.45,89283,117319,18.0
EUW1_6905260651,1432,100,1,214,52.000000059604645,266.00000005960464,11,0,5,898.5330733999999,460.42556329999996,,0,3,0.5428571428571428,45780,53905,13.0
EUW1_6905260651,1432,200,0,199,72.00000011920929,271.0000001192093,12,0,0,,,,1,3,0.32380952380952377,43488,53763,12.8
EUW1_6905291092,2594,100,0,192,72.00000008940697,264.00000008940697,23,0,5,859.9663782,1438.9159270999999,1655.4795121,0,4,0.35319148936170214,89625,109434,17.2
EUW1_6905291092,2594,200,1,190,62.00000008940697,252.00000008940697,25,0,0,,583.6920964999999,2238.6402156,0,4,0.43636363636363634,90848,113112,18.0
EUW1_6905376429,922,100,1,197,44.00000008940697,241.00000008940697,29,0,5,802.2765959,891.4058382999999,,1,3,0.32222222222222224,29598,31996,9.8
EUW1_6905376429,922,200,0,164,44.00000002980232,208.00000002980232,9,0,0,,563.7344286,,0,0,0.36000000000000004,23158,28981,9.2
EUW1_6905417313,2493,100,0,188,53.000000059604645,241.00000005960464,16,0,5,984.5169645999999,549.0519098,,0,1,0.41578947368421043,83448,100774,17.2
EUW1_6905417313,2493,200,1,218,53.000000059604645,271.00000005960464,24,0,0,,910.4638961999999,1239.5768351,0,10,0.43599999999999994,90322,112577,17.8
EUW1_6905809602,1185,100,1,212,54.30000004172325,266.30000004172325,34,0,5,827.7074081999999,569.6055501999999,,0,7,0.4,42505,45012,11.6
EUW1_6905809602,1185,200,0,196,52.00000008940697,248.00000008940697,22,0,0,,,,0,3,0.36666666666666664,30492,34569,10.0
EUW1_6906745845,2063,100,0,218,62.000000059604645,280.00000005960464,27,0,0,,1316.1578321,,1,7,0.4594594594594595,68912,77480,15.8
EUW1_6906745845,2063,200,1,218,56.00000008940697,274.00000008940697,24,0,5,632.7579819,610.313134,1806.3508651999998,0,8,0.4142857142857143,72340,84530,16.6
EUW1_6906801339,1808,100,1,198,54.00000002980232,252.00000002980232,33,0,0,,530.7863656999999,1500.1927034999999,0,7,0.44651162790697674,64836,74738,15.6
EUW1_6906801339,1808,200,0,197,52.00000008940697,249.00000008940697,22,0,5,714.8237813,1337.1067423,,0,7,0.4064516129032258,57115,64482,14.4
EUW1_6907027189,2132,100,1,188,53.00000008940697,241.00000008940697,25,0,5,974.1317871,537.6002086999999,1573.9897686,0,2,0.47619047619047616,76751,93761,17.2
EUW1_6907027189,2132,200,0,187,48.000000059604645,235.00000005960464,37,0,0,,966.7529356,,0,2,0.5,70202,78356,16.0
EUW1_6907114772,2519,100,1,176,50.000000059604645,226.00000005960464,18,0,0,,637.1319327,1807.203329,0,5,0.37142857142857144,89336,114070,18.0
EUW1_6907114772,2519,200,0,181,34.000000059604645,215.00000005960464,21,0,5,896.5433449999999,,,0,13,0.3846153846153846,79884,102465,17.6
EUW1_6907142950,1290,100,1,213,59.000000059604645,272.00000005960464,35,0,5,900.9229025999999,380.7149212,,1,5,0.4512820512820513,50735,52580,13.0
EUW1_6907142950,1290,200,0,225,41.40000003576279,266.4000000357628,16,0,0,,,,0,4,0.44000000000000006,32337,38437,10.8
EUW1_6907193386,1575,100,1,205,58.00000008940697,263.00000008940697,26,0,5,771.6171184,886.2511724,1463.0332469,1,7,0.3705882352941176,56054,64415,14.4
EUW1_6907193386,1575,200,0,184,52.00000008940697,236.00000008940697,18,0,0,,551.2012718999999,,0,4,0.3789473684210526,48277,53919,13.0
EUW1_6907200597,2334,100,0,208,36.000000059604645,244.00000005960464,7,0,5,953.9933891,,,1,2,0.5571428571428572,62311,73997,15.6
EUW1_6907200597,2334,200,1,174,48.00000002980232,222.00000002980232,15,0,0,,848.4518878,2208.1216437999997,0,3,0.5409090909090909,72436,92848,17.4
EUW1_6907457034,1439,100,1,195,68.00000008940697,263.00000008940697,18,0,5,930.1836005,773.9164293,,2,7,0.4066666666666666,49534,57301,13.8
EUW1_6907457034,1439,200,0,186,44.000000059604645,230.00000005960464,5,0,0,,427.9580471,,0,3,0.32,38689,45164,11.8
EUW1_6907473068,1971,100,1,223,59.20000010728836,282.20000010728836,18,0,5,968.9064189999999,606.4944167,1840.7608106999999,0,4,0.5741935483870968,66217,79350,16.0
EUW1_6907473068,1971,200,0,205,62.40000006556511,267.4000000655651,23,0,0,,,1273.7886191999999,0,14,0.5333333333333333,59633,67838,14.8
EUW1_6907603179,1860,100,1,239,70.40000006556511,309.4000000655651,32,0,5,898.2604915999999,768.714538,1331.3130148999999,0,5,0.45925925925925926,74075,90663,17.2
EUW1_6907603179,1860,200,0,236,72.00000008940697,308.00000008940697,17,0,0,,390.64309,,0,13,0.496,60344,74597,15.4
EUW1_6907669476,1810,100,0,226,46.00000008940697,272.00000008940697,8,0,0,,1599.123701,,0,10,0.5333333333333333,54641,70518,15.0
EUW1_6907669476,1810,200,1,220,58.00000002980232,278.0000000298023,19,0,5,864.2294574,596.5204727,1571.6332257,1,3,0.4631578947368421,63872,78302,15.8
EUW1_6907694769,1925,100,0,216,45.20000001788139,261.2000000178814,18,0,0,,1306.7895844,,0,8,0.536,57201,66722,14.6
EUW1_6907694769,1925,200,1,203,40.800000101327896,243.8000001013279,17,0,5,1131.0200084,516.3649429,1642.1601478,0,18,0.4896551724137931,62529,71529,15.2
EUW1_6907839124,2192,100,0,156,52.00000008940697,208.00000008940697,40,0,0,,907.0772267,,0,6,0.49302325581395345,70998,77324,16.0
EUW1_6907839124,2192,200,1,221,48.00000002980232,269.0000000298023,26,0,5,899.0738784,507.23435609999996,1851.7913113,1,6,0.4416666666666667,78776,94584,17.4
EUW1_6907870595,1891,100,0,208,70.00000008940697,278.00000008940697,16,0,0,,1427.3188401999998,,0,12,0.475,58079,71961,15.2
EUW1_6907870595,1891,200,1,226,76.00000008940697,302.00000008940697,17,0,5,856.7431075999999,393.5427424,1254.438328,0,7,0.4606060606060606,70127,86257,16.6
EUW1_6907908009,2145,100,1,201,56.000000059604645,257.00000005960464,29,0,5,866.2468371,917.3342597999999,2059.1144646,0,0,0.4622222222222222,78825,94879,17.4
EUW1_6907908009,2145,200,0,179,52.000000059604645,231.00000005960464,25,0,0,,414.1982078,,0,6,0.3941176470588235,72799,83728,16.2
EUW1_6907938215,1871,100,0,193,54.00000008940697,247.00000008940697,12,0,5,943.9373784999999,841.2397906,,0,6,0.4909090909090909,53027,58164,13.6
EUW1_6907938215,1871,200,1,159,52.00000002980232,211.00000002980232,22,0,0,,402.64778759999996,1367.6091456,0,6,0.5818181818181818,60305,70413,15.0
EUW1_6907942380,1277,100,0,207,56.00000008940697,263.00000008940697,4,0,0,,,,0,4,0.425,32911,38147,10.8
EUW1_6907942380,1277,200,1,177,62.000000059604645,239.00000005960464,26,0,5,891.9772726,352.3316254,,0,3,0.4444444444444445,42374,48614,12.4
EUW1_6907979719,2393,100,0,193,58.000000059604645,251.00000005960464,31,0,5,828.4350849,,,0,2,0.4888888888888888,82512,93495,17.2
EUW1_6907979719,2393,200,1,189,64.00000005960464,253.00000005960464,40,0,0,,564.3281197,1237.3911902,1,15,0.4821428571428571,86019,105468,17.6
EUW1_6908316477,2193,100,1,198,66.00000008940697,264.00000008940697,20,0,5,829.9550656,962.6617076,,0,6,0.4829268292682928,72527,85562,16.2
EUW1_6908316477,2193,200,0,181,52.000000059604645,233.00000005960464,27,0,0,,558.6353601999999,1922.2739424,1,0,0.5176470588235295,67884,81031,16.4
EUW1_6908350935,1614,100,1,206,68.00000008940697,274.00000008940697,30,0,5,932.699878,463.34351999999996,,1,4,0.43404255319148943,65298,71312,15.2
EUW1_6908350935,1614,200,0,207,50.000000059604645,257.00000005960464,25,0,0,,,,0,4,0.38,49626,55104,13.2
EUW1_6908408559,2055,100,0,159,64.00000008940697,223.00000008940697,34,0,5,1009.5751746,544.6911891,,0,8,0.4342857142857143,61023,71956,15.4
EUW1_6908408559,2055,200,1,185,44.500000059604645,229.50000005960464,27,0,0,,1586.893274,1475.9071192,1,8,0.4666666666666667,75700,87302,17.0
EUW1_6908500738,1389,100,1,195,43.00000002980232,238.00000002980232,53,0,5,739.0655348,533.2435494,,1,0,0.47894736842105257,50564,51143,12.8
EUW1_6908500738,1389,200,0,156,49.000000059604645,205.00000005960464,14,0,0,,,,1,2,0.4,34489,39378,11.0
EUW1_6908736818,2077,100,0,170,46.00000002980232,216.00000002980232,20,0,5,637.1089912,851.7600457,,0,3,0.47777777777777775,64228,71017,15.0
EUW1_6908736818,2077,200,1,173,56.000000059604645,229.00000005960464,29,0,0,,536.7364133,1382.2793576,0,2,0.5130434782608695,75121,87769,17.0
EUW1_6908906728,1608,100,0,163,62.000000059604645,225.00000005960464,10,0,0,,460.6612413,,1,2,0.4625,41572,49400,12.4
EUW1_6908906728,1608,200,1,207,41.200000047683716,248.20000004768372,20,0,5,892.7223399999999,777.2590418,1367.7792411,1,5,0.5806451612903226,54759,63388,14.4
EUW1_6909258362,1451,100,0,147,55.20000007748604,202.20000007748604,34,0,0,,397.0159483,,0,7,0.47777777777777775,48037,49082,12.4
EUW1_6909258362,1451,200,1,175,66.80000007152557,241.80000007152557,58,0,5,710.2622845,720.6629293999999,1305.1709887,0,5,0.40384615384615385,63656,59493,13.6
EUW1_6909289789,1788,100,1,214,56.00000008940697,270.00000008940697,32,0,5,643.9973434999999,758.0428223,1431.8568498,1,4,0.4769230769230769,66993,74704,15.4
EUW1_6909289789,1788,200,0,162,69.25000008940697,231.25000008940697,25,0,0,,1293.1959003,,0,15,0.5172413793103449,60130,64740,14.6
EUW1_6909311517,1733,100,0,208,60.70000007748604,268.70000007748604,22,0,5,671.6413382,598.7232242,,0,8,0.41999999999999993,55536,61529,14.2
EUW1_6909311517,1733,200,1,190,42.80000004172325,232.80000004172325,50,0,0,,1246.3920392,1435.7538025,0,7,0.6166666666666666,62225,73588,15.6
EUW1_6909660344,1461,100,0,247,66.00000008940697,313.00000008940697,9,0,0,,,,0,4,0.4222222222222222,41079,50150,12.4
EUW1_6909660344,1461,200,1,223,63.6000000834465,286.6000000834465,21,0,5,703.5027468999999,392.20846439999997,1309.7293725,1,9,0.44000000000000006,53597,64827,14.4
EUW1_6909761358,1880,100,1,237,51.60000005364418,288.6000000536442,26,0,5,834.5754352,1127.2099104,1346.6026275,0,2,0.48936170212765956,71789,84903,16.8
EUW1_6909761358,1880,200,0,234,50.000000059604645,284.00000005960464,16,0,0,,670.2408141,,1,1,0.45833333333333337,54147,67182,14.8
EUW1_6909806209,2196,100,1,222,52.55000004172325,274.55000004172325,26,0,0,,1349.9881621,,0,6,0.5227272727272727,78166,92011,17.0
EUW1_6909806209,2196,200,0,202,57.20000010728836,259.20000010728836,17,0,5,854.417978,584.5748644,1442.7207134999999,0,10,0.3931034482758621,70618,85442,16.6
EUW1_6909821173,1624,100,0,183,58.00000008940697,241.00000008940697,20,0,0,,,,0,2,0.45599999999999996,52862,62394,14.2
EUW1_6909821173,1624,200,1,233,64.00000008940697,297.00000008940697,31,0,5,761.4610958999999,464.3868129,1390.5853803,0,1,0.3435897435897436,62442,71204,15.0
EUW1_6909826906,1571,100,0,214,59.10000005364418,273.1000000536442,31,0,0,,377.2962114,,0,5,0.44444444444444436,51028,52709,12.8
EUW1_6909826906,1571,200,1,223,54.00000008940697,277.00000008940697,27,0,5,834.1237665,1461.2368744,1305.6732399,0,12,0.5,59732,66230,14.6
EUW1_6909847202,2469,100,0,191,40.000000059604645,231.00000005960464,18,0,0,,1075.1482125,,0,8,0.43720930232558136,79356,98180,17.6
EUW1_6909847202,2469,200,1,178,52.00000008940697,230.00000008940697,36,0,5,936.5421872999999,754.0392618999999,1571.9975233,1,8,0.41600000000000004,90383,113632,17.8
EUW1_6909879030,2203,100,0,191,37.750000059604645,228.75000005960464,47,0,0,,711.3399045,,0,4,0.5054545454545455,79504,87807,16.8
EUW1_6909879030,2203,200,1,227,51.600000113248825,278.6000001132488,39,0,5,792.4935448,375.59018829999997,1282.3570716,1,13,0.4528301886792453,88245,102057,17.6
EUW1_6909882693,1728,100,0,197,44.000000059604645,241.00000005960464,29,0,5,894.0083019,1148.3562273999999,,0,5,0.4142857142857143,55487,61926,14.0
EUW1_6909882693,1728,200,1,228,54.00000008940697,282.00000008940697,13,0,0,,721.7616428,1552.3503765,1,4,0.4818181818181818,59279,69001,15.0
EUW1_6909938887,1547,100,1,165,94.00000011920929,259.0000001192093,17,0,5,678.0025749,372.8107061,1445.4239906999999,0,7,0.3083333333333333,52083,60340,14.0
EUW1_6909938887,1547,200,0,156,39.60000005364418,195.60000005364418,25,0,0,,,,0,7,0.5125,46141,54463,13.2
EUW1_6909945898,1315,100,0,163,60.00000008940697,223.00000008940697,18,0,0,,760.7844476,,0,2,0.3571428571428571,32609,36681,10.6
EUW1_6909945898,1315,200,1,175,58.000000059604645,233.00000005960464,41,0,5,686.8094837,425.6327938,,0,5,0.4487804878048781,48339,48067,12.0
EUW1_6910015630,1938,100,0,181,52.00000008940697,233.00000008940697,27,0,5,905.9211409,624.1217647999999,,0,1,0.35714285714285715,59417,71367,15.0
EUW1_6910015630,1938,200,1,193,52.00000008940697,245.00000008940697,30,0,0,,953.9607742,1436.4502284,2,4,0.4962962962962963,71977,83051,16.8
EUW1_6910168959,2303,100,0,169,51.20000010728836,220.20000010728836,23,0,5,856.4872072,442.7256531,,0,5,0.36666666666666664,70976,87970,17.0
EUW1_6910168959,2303,200,1,157,58.80000004172325,215.80000004172325,17,0,0,,1103.5813074999999,1754.0217885999998,0,3,0.4,81538,112477,17.8
EUW1_6910234314,1672,100,0,204,56.00000008940697,260.00000008940697,21,0,0,,518.6274675999999,,0,0,0.5071428571428571,51989,61039,14.0
EUW1_6910234314,1672,200,1,229,69.75000005960464,298.75000005960464,12,0,5,877.9343498,843.3066448,1597.1439991999998,1,3,0.4864864864864865,63576,74535,15.6
EUW1_6910239513,1941,100,0,180,48.000000059604645,228.00000005960464,28,0,0,,620.992561,1495.063631,0,5,0.51,65694,77703,16.0
EUW1_6910239513,1941,200,1,168,70.00000008940697,238.00000008940697,25,0,5,628.1938296999999,1582.5681373,,1,2,0.403921568627451,68904,76384,15.6
EUW1_6910484861,1887,100,1,161,47.6000000834465,208.6000000834465,12,0,5,978.6972039,510.7759033,1742.9253108999999,1,10,0.49444444444444446,62627,73443,15.4
EUW1_6910484861,1887,200,0,158,46.00000002980232,204.00000002980232,16,0,0,,854.7438341,,0,4,0.5238095238095237,50584,63039,14.2
EUW1_6910560190,1247,100,1,165,66.00000008940697,231.00000008940697,17,0,5,898.9668145999999,931.3859762999999,,0,3,0.3789473684210526,41861,46317,12.0
EUW1_6910560190,1247,200,0,186,52.000000059604645,238.00000005960464,30,0,0,,,,1,6,0.39999999999999997,35481,39321,10.8
EUW1_6910608325,2994,100,1,157,48.000000059604645,205.00000005960464,39,0,5,867.3665298999999,556.5550116,2751.073828,0,4,0.3641791044776119,99352,115024,18.0
EUW1_6910608325,2994,200,0,179,44.00000002980232,223.00000002980232,30,0,0,,1602.7236082,2273.8885135,0,4,0.434375,103881,140069,17.8
EUW1_6910625916,1782,100,1,196,60.00000008940697,256.00000008940697,29,0,5,1004.8228451,1261.2708570999998,,0,2,0.4516129032258065,59605,70840,15.0
EUW1_6910625916,1782,200,0,187,52.000000059604645,239.00000005960464,33,0,0,,882.4946446,,1,4,0.5407407407407407,55172,67083,14.8
EUW1_6910802354,1386,100,0,165,58.000000059604645,223.00000005960464,28,0,0,,,,0,6,0.4545454545454546,43811,45314,11.8
EUW1_6910802354,1386,200,1,176,44.000000059604645,220.00000005960464,36,0,5,692.2734606,467.70504819999996,,0,1,0.4516129032258064,48719,49034,12.4
EUW1_6910838790,1764,100,0,189,54.00000002980232,243.00000002980232,22,0,5,564.2428758,1474.4192742,,1,1,0.352,49879,50375,12.4
EUW1_6910838790,1764,200,1,183,44.000000059604645,227.00000005960464,16,0,0,,769.8763177,,0,9,0.46206896551724136,56974,63381,14.2
EUW1_6910857012,1262,100,0,148,60.00000008940697,208.00000008940697,15,0,0,,,,0,1,0.4909090909090909,32930,40878,11.2
EUW1_6910857012,1262,200,1,188,66.00000005960464,254.00000005960464,26,0,5,794.1966447,348.2609336,,0,0,0.3931034482758621,44843,50969,12.6
EUW1_6910869305,1576,100,1,225,62.000000059604645,287.00000005960464,32,0,0,,377.5953765,1544.5949231,0,6,0.4470588235294118,56603,68202,14.8
EUW1_6910869305,1576,200,0,233,48.000000059604645,281.00000005960464,23,0,5,903.8977565,,,0,2,0.39090909090909093,48755,55915,13.2
EUW1_6910884578,2500,100,0,139,64.00000005960464,203.00000005960464,20,0,0,,1056.2105225999999,,2,5,0.3966666666666666,76334,92108,17.0
EUW1_6910884578,2500,200,1,148,42.000000059604645,190.00000005960464,10,0,5,937.2159206,666.3180378,,1,9,0.5111111111111111,72409,82997,16.4
EUW1_6910920609,1398,100,0,149,50.000000059604645,199.00000005960464,9,0,0,,,,0,2,0.3571428571428571,34825,44084,11.6
EUW1_6910920609,1398,200,1,178,56.000000059604645,234.00000005960464,18,0,5,899.4754009,349.7948574,,0,1,0.33043478260869563,42306,50233,12.2
EUW1_6910951989,1525,100,1,191,56.00000008940697,247.00000008940697,34,0,0,,734.8099105,,1,2,0.5105263157894736,55069,63921,14.4
EUW1_6910951989,1525,200,0,174,62.000000059604645,236.00000005960464,22,0,5,857.3607746,,,0,2,0.3473684210526316,44938,52789,13.0
EUW1_6911172469,2197,100,1,192,52.00000008940697,244.00000008940697,13,0,5,992.3487259,412.95589989999996,1923.9422499,1,0,0.468421052631579,67513,87885,16.8
EUW1_6911172469,2197,200,0,157,62.000000059604645,219.00000005960464,9,0,0,,832.2761386,,0,4,0.4736842105263158,57361,74080,15.8
EUW1_6911475819,2755,100,1,204,48.000000059604645,252.00000005960464,18,0,5,741.6051467,1042.2077547,1782.3332487999999,0,5,0.55,99422,123943,18.0
EUW1_6911475819,2755,200,0,201,70.00000008940697,271.00000008940697,23,0,0,,690.3012289,2215.8051800999997,0,2,0.3236363636363636,91465,118258,17.8
EUW1_6911577397,1949,100,0,189,53.60000002384186,242.60000002384186,24,0,5,903.7501133999999,1067.1142982,,0,5,0.4378378378378378,64991,76238,15.6
EUW1_6911577397,1949,200,1,233,56.00000008940697,289.00000008940697,30,0,0,,698.3213945,,0,7,0.4153846153846154,69528,75627,15.8
EUW1_6911636958,1892,100,0,162,52.000000059604645,214.00000005960464,11,0,0,,,,0,1,0.41600000000000004,53993,59801,13.8
EUW1_6911636958,1892,200,1,142,48.000000059604645,190.00000005960464,26,0,5,899.3451365999999,404.72498759999996,,1,0,0.4133333333333333,59128,63472,14.4
EUW1_6911640129,2286,100,0,175,55.750000059604645,230.75000005960464,29,0,5,774.5633412999999,775.8011283999999,,2,9,0.4833333333333334,72618,84147,16.8
EUW1_6911640129,2286,200,1,209,42.00000008940697,251.00000008940697,18,0,0,,1115.0764287,1599.5862292,1,5,0.3555555555555555,82811,103349,17.6
EUW1_6911648302,1713,100,0,182,54.00000008940697,236.00000008940697,19,0,5,851.9632598,,,1,6,0.475,50194,56386,13.2
EUW1_6911648302,1713,200,1,221,60.50000002980232,281.5000000298023,27,0,0,,366.8260567,1473.7746175,1,7,0.5,64492,74444,15.6
EUW1_6911716624,1563,100,0,198,56.00000008940697,254.00000008940697,20,0,0,,987.6382861,,1,5,0.375,43343,50516,12.4
EUW1_6911716624,1563,200,1,184,61.750000059604645,245.75000005960464,18,0,5,914.2739457,635.854921,1375.9304777999998,0,9,0.42857142857142855,52603,61507,14.0
EUW1_6911721203,1438,100,0,160,48.000000059604645,208.00000005960464,35,0,0,,,,0,1,0.36153846153846153,43096,45950,11.8
EUW1_6911721203,1438,200,1,141,36.000000059604645,177.00000005960464,45,0,5,899.2747707999999,603.4549876,,3,0,0.36666666666666664,51601,54762,13.0
EUW1_6911899898,1556,100,0,167,60.00000008940697,227.00000008940697,15,0,0,,425.9633843,,0,1,0.4545454545454545,50008,57692,13.4
EUW1_6911899898,1556,200,1,226,62.000000059604645,288.00000005960464,29,0,5,789.0409917999999,1450.1962174,1352.1488854,1,7,0.42162162162162165,60197,65830,14.6
EUW1_6912266999,2059,100,1,162,50.00000008940697,212.00000008940697,28,0,5,822.6506426999999,886.181696,,0,5,0.47857142857142854,70712,80986,16.6
EUW1_6912266999,2059,200,0,173,52.00000002980232,225.00000002980232,32,0,0,,414.0240553,,0,7,0.49787234042553197,66919,76003,15.8
EUW1_6912320483,1274,100,1,207,45.200000047683716,252.20000004768372,45,0,5,808.0660091,374.2624021,,2,3,0.39047619047619053,51094,50064,12.6
EUW1_6912320483,1274,200,0,177,40.800000071525574,217.80000007152557,31,0,0,,,,0,6,0.47000000000000003,36712,41203,11.4
EUW1_6912325533,2229,100,0,214,46.000000059604645,260.00000005960464,26,0,5,928.6701757,852.2173101999999,,0,17,0.47826086956521746,72364,88962,17.0
EUW1_6912325533,2229,200,1,204,68.00000008940697,272.00000008940697,19,0,0,,1821.2008042999998,1574.1332381999998,0,16,0.5736842105263158,79319,100931,17.8
EUW1_6912351404,1474,100,1,197,46.00000002980232,243.00000002980232,33,0,5,738.2060708,1130.680325,1361.8579809999999,0,8,0.43243243243243246,57603,61524,14.2
EUW1_6912351404,1474,200,0,177,56.00000011920929,233.0000001192093,33,0,0,,352.687531,,0,3,0.42608695652173906,47635,51365,12.6
EUW1_6912386607,1705,100,0,183,50.00000008940697,233.00000008940697,26,0,5,863.3139762,,,0,8,0.4,49597,57038,13.4
EUW1_6912386607,1705,200,1,211,48.000000059604645,259.00000005960464,45,0,0,,898.6733806,1326.1471738999999,0,13,0.48,64080,69608,14.8
EUW1_6912408670,1250,100,0,187,76.50000008940697,263.50000008940697,18,0,0,,418.1137893,,0,1,0.31428571428571433,34039,38998,10.8
EUW1_6912408670,1250,200,1,207,58.00000008940697,265.00000008940697,51,5,5,708.0887908,849.4178479,,1,5,0.4444444444444445,46221,47196,12.0
EUW1_6912424663,1826,100,1,227,41.20000007748604,268.20000007748604,26,0,5,850.3139507,614.0386999,1504.2316664999998,1,10,0.40487804878048783,67685,76986,15.6
EUW1_6912424663,1826,200,0,203,44.80000004172325,247.80000004172325,25,0,0,,,,1,10,0.5214285714285716,58167,67650,15.0
EUW1_6912438994,1425,100,0,184,46.000000059604645,230.00000005960464,23,0,0,,,,0,2,0.4095238095238095,41040,47136,11.8
EUW1_6912438994,1425,200,1,211,67.25000005960464,278.25000005960464,38,0,5,890.3202719999999,598.3551160999999,1279.4023505,1,5,0.43428571428571433,55634,60863,13.8
EUW1_6912451890,1419,100,0,197,46.00000008940697,243.00000008940697,35,0,5,892.9201683,612.8543168,,0,3,0.49523809523809526,45749,48468,12.2
EUW1_6912451890,1419,200,1,212,44.00000002980232,256.0000000298023,22,0,0,,962.9242479999999,1323.1111766,0,5,0.5172413793103449,53277,59958,13.8
EUW1_6912464156,1550,100,1,229,44.000000059604645,273.00000005960464,18,0,0,,632.3371359,,0,6,0.3875,55421,63429,14.4
EUW1_6912464156,1550,200,0,232,56.00000008940697,288.00000008940697,15,0,5,875.7248417999999,,,1,6,0.3538461538461538,43796,52037,12.6
EUW1_6912487489,1730,100,0,223,51.500000059604645,274.50000005960464,21,0,0,,,1216.7341792,0,15,0.49565217391304345,53827,67819,15.0
EUW1_6912487489,1730,200,1,219,58.50000008940697,277.50000008940697,29,0,5,855.828867,625.8184146,,0,8,0.4820512820512821,65727,73704,15.4
EUW1_6912827698,1978,100,1,175,42.00000002980232,217.00000002980232,31,0,5,1038.7436572,457.3557687,1568.979388,1,2,0.4600000000000001,68836,77190,15.6
EUW1_6912827698,1978,200,0,152,48.000000059604645,200.00000005960464,28,0,0,,,,0,1,0.5586206896551724,58130,68477,14.6
EUW1_6912883856,1811,100,1,199,62.00000008940697,261.00000008940697,30,0,0,,399.5469746,1419.2415856,1,18,0.5,67518,77162,16.0
EUW1_6912883856,1811,200,0,214,55.750000059604645,269.75000005960464,26,0,5,891.2447661,,,1,10,0.509090909090909,53503,63269,14.2
EUW1_6912926941,2061,100,0,202,48.000000059604645,250.00000005960464,14,0,0,,456.51843809999997,1336.3024828999999,1,18,0.5999999999999999,60234,71853,15.2
EUW1_6912926941,2061,200,1,214,66.00000008940697,280.00000008940697,9,0,5,828.017696,772.1410192999999,1715.8232977,0,15,0.5133333333333333,69495,82084,16.4
EUW1_6912931804,2569,100,1,227,54.00000008940697,281.00000008940697,16,0,0,,871.1797660999999,,0,9,0.45614035087719296,87137,110252,18.0
EUW1_6912931804,2569,200,0,241,64.00000005960464,305.00000005960464,28,0,5,858.7292481,433.20861329999997,1706.4141094,1,8,0.38139534883720927,80562,97258,17.0
EUW1_6912946215,1907,100,1,191,58.000000059604645,249.00000005960464,13,0,0,,1507.8642542999999,1691.4003011999998,0,3,0.5714285714285714,61863,75849,15.6
EUW1_6912946215,1907,200,0,195,56.000000059604645,251.00000005960464,15,0,5,830.8435311,456.96616609999995,,0,1,0.4357142857142858,57091,65468,14.4
EUW1_6913222051,1250,100,1,154,58.00000008940697,212.00000008940697,32,0,5,897.1566511,811.1274651,,0,2,0.51,36398,39440,11.0
EUW1_6913222051,1250,200,0,131,32.00000002980232,163.00000002980232,13,0,0,,,,0,0,0.425,28290,32735,9.8
EUW1_6913299389,1475,100,0,208,44.00000002980232,252.00000002980232,23,0,5,802.8215002999999,658.2220684,,2,8,0.45882352941176474,42518,46741,12.0
EUW1_6913299389,1475,200,1,204,61.750000059604645,265.75000005960464,21,0,0,,338.10620389999997,1268.0140049,0,8,0.5599999999999999,53605,60518,13.6
EUW1_6913360755,1511,100,0,211,64.00000008940697,275.00000008940697,27,0,0,,379.502368,,0,7,0.4761904761904761,45857,50586,12.6
EUW1_6913360755,1511,200,1,212,66.00000005960464,278.00000005960464,41,0,5,872.5413963999999,774.0536207,1400.188197,0,10,0.5050000000000001,56574,62076,14.2
EUW1_6913365386,3463,100,0,161,56.00000008940697,217.00000008940697,32,0,0,,406.473457,1498.5031427,1,1,0.4807017543859649,105138,132304,18.0
EUW1_6913365386,3463,200,1,181,50.00000002980232,231.00000002980232,22,0,5,869.3330588,1269.7901781,2012.6059088,0,0,0.5033333333333333,107050,131755,18.0
EUW1_6913424838,2112,100,0,190,68.8000001013279,258.8000001013279,27,0,0,,922.4136292,,0,6,0.3935483870967742,68031,80385,16.2
EUW1_6913424838,2112,200,1,207,69.20000007748604,276.20000007748604,19,0,5,957.0304699999999,532.0238213,1589.0111032999998,0,10,0.5,78139,96852,17.8
EUW1_6913541757,1693,100,1,188,48.00000002980232,236.00000002980232,38,0,5,793.1765065999999,1147.9553056,1558.9972206,1,1,0.5047619047619047,61201,67611,14.6
EUW1_6913541757,1693,200,0,168,43.00000002980232,211.00000002980232,29,0,0,,434.1180961,,0,0,0.4,51203,57443,13.4
EUW1_6913591331,2957,100,1,158,68.00000008940697,226.00000008940697,26,0,5,1037.626736,503.4882551,2435.5468913,0,1,0.50625,103150,133536,18.0
EUW1_6913591331,2957,200,0,160,58.00000008940697,218.00000008940697,28,0,0,,1567.9766800999998,1236.5859111,1,2,0.42857142857142855,100244,122278,17.8
EUW1_6913693092,2311,100,1,169,74.00000008940697,243.00000008940697,31,0,5,735.4479355999999,829.3471511,1853.0857457999998,0,4,0.47868852459016387,88934,111463,18.0
EUW1_6913693092,2311,200,0,208,49.000000059604645,257.00000005960464,24,0,0,,1567.5587278,,0,3,0.37142857142857144,75043,89230,17.4
EUW1_6913979033,1691,100,0,159,44.000000059604645,203.00000005960464,13,0,0,,,,0,3,0.43,48033,55535,13.2
EUW1_6913979033,1691,200,1,176,64.00000005960464,240.00000005960464,40,0,5,968.6577322999999,630.1586605,1617.0028203,2,2,0.3384615384615385,61179,72382,15.2
EUW1_6914001801,2198,100,0,167,52.00000008940697,219.00000008940697,22,0,0,,416.7273899,,0,0,0.49655172413793097,62451,78279,15.8
EUW1_6914001801,2198,200,1,181,40.000000059604645,221.00000005960464,21,0,5,927.9022742999999,1162.3056245,1751.6902943,1,3,0.42800000000000005,69833,83409,16.4
EUW1_6914066018,2452,100,0,177,46.000000059604645,223.00000005960464,18,0,5,889.3927587999999,1136.6523892999999,,1,0,0.4325581395348837,72062,82719,16.2
EUW1_6914066018,2452,200,1,180,52.000000059604645,232.00000005960464,16,0,0,,338.96625459999996,2212.3769721,0,0,0.41463414634146334,77771,92316,17.2
EUW1_6914266443,1268,100,1,197,70.00000008940697,267.00000008940697,19,0,5,626.4393048,874.8960040999999,,0,3,0.42222222222222217,42628,46633,11.8
EUW1_6914266443,1268,200,0,176,48.000000059604645,224.00000005960464,4,0,0,,445.8075065,,0,4,0.5111111111111111,30730,39729,11.2
EUW1_6914319740,1821,100,0,156,40.000000059604645,196.00000005960464,22,0,5,929.4819163999999,481.28123139999997,,0,6,0.3666666666666667,51208,60450,13.6
EUW1_6914319740,1821,200,1,157,52.00000002980232,209.00000002980232,16,0,0,,808.1895638999999,1670.0560838,0,1,0.4344827586206897,56535,67824,14.8
EUW1_6914377461,1456,100,1,209,56.40000006556511,265.4000000655651,52,0,5,797.0906782999999,456.39403439999995,1216.2378291,1,4,0.45199999999999996,59624,61303,13.8
EUW1_6914377461,1456,200,0,190,45.60000005364418,235.60000005364418,16,0,0,,1144.8154521,,0,5,0.5916666666666667,46906,53801,13.0
EUW1_6914380950,2634,100,0,147,44.000000059604645,191.00000005960464,22,0,0,,1225.3468082,2276.9067342,0,4,0.4524590163934426,89185,117287,17.8
EUW1_6914380950,2634,200,1,175,58.000000059604645,233.00000005960464,17,0,5,765.9229114999999,516.9397453,1797.6377132,0,2,0.3571428571428571,86572,109823,17.8
EUW1_6914516604,1722,100,1,239,50.00000008940697,289.00000008940697,38,0,5,982.4539874,353.4947305,1243.044792,1,9,0.4533333333333333,65161,73839,15.4
EUW1_6914516604,1722,200,0,238,52.000000059604645,290.00000005960464,18,0,0,,744.4318116,,0,11,0.43636363636363634,50664,61314,13.8
EUW1_6914554617,2085,100,0,198,60.000000059604645,258.00000005960464,21,0,0,,2021.6196965,1894.8893151,0,12,0.53125,68344,83168,16.4
EUW1_6914554617,2085,200,1,242,66.00000008940697,308.00000008940697,17,0,5,766.0780285,527.4453169999999,1461.1576292,1,11,0.5,72500,82107,16.4
EUW1_6914573597,1645,100,1,226,55.00000002980232,281.0000000298023,29,0,5,808.4053275,390.7907467,1592.2925847,0,7,0.4545454545454545,64474,71835,15.2
EUW1_6914573597,1645,200,0,194,55.00000008940697,249.00000008940697,21,0,0,,,,0,10,0.4640000000000001,53774,61437,13.8
EUW1_6914661582,1958,100,1,188,32.00000002980232,220.00000002980232,41,0,5,773.3727587999999,1412.4055167,1900.9446111999998,0,8,0.539622641509434,75410,83405,16.4
EUW1_6914661582,1958,200,0,190,54.000000059604645,244.00000005960464,25,0,0,,645.7562849999999,,0,4,0.44848484848484843,65215,71998,15.2
EUW1_6915307705,2052,100,1,200,53.75000002980232,253.75000002980232,24,0,5,806.1686794,937.6646185999999,,0,3,0.4756756756756757,68081,76604,16.0
EUW1_6915307705,2052,200,0,196,36.25,232.25,10,0,0,,569.4304817,,0,9,0.45999999999999996,60427,73119,15.4
EUW1_6915326388,1403,100,0,178,40.000000059604645,218.00000005960464,11,0,0,,,,1,1,0.49411764705882355,38424,43307,11.6
EUW1_6915326388,1403,200,1,190,56.000000059604645,246.00000005960464,18,0,5,796.2097391,698.1641053,,0,0,0.4228571428571429,51377,56281,13.4
EUW1_6915357624,1574,100,0,112,48.000000059604645,160.00000005960464,28,0,0,,,,1,0,0.3878787878787879,46718,54272,13.2
EUW1_6915357624,1574,200,1,208,60.000000059604645,268.00000005960464,24,0,5,859.0232705,496.8320235,,1,2,0.3951219512195122,55157,61389,13.8
EUW1_6915486059,1328,100,1,210,74.00000008940697,284.00000008940697,35,0,5,809.2553481,464.577072,1222.9294489,1,9,0.4242424242424242,50300,55044,13.2
EUW1_6915486059,1328,200,0,205,47.6000000834465,252.6000000834465,12,0,0,,,,0,3,0.5111111111111111,33476,40501,11.2
EUW1_6915508888,2071,100,1,166,52.00000002980232,218.00000002980232,19,0,5,889.8185287,425.2626591,1618.4543307,0,6,0.4594594594594595,71692,91779,17.4
EUW1_6915508888,2071,200,0,223,52.00000008940697,275.00000008940697,23,0,0,,,,0,4,0.4344827586206897,65020,76997,15.8
EUW1_6915516196,1813,100,1,191,65.50000008940697,256.50000008940697,39,0,0,,1103.405532,1293.5751825999998,0,8,0.39999999999999997,74892,84865,16.2
EUW1_6915516196,1813,200,0,212,51.000000059604645,263.00000005960464,25,0,5,717.8744833999999,369.4597424,,1,4,0.39444444444444443,61716,71654,15.2
EUW1_6915566112,2042,100,0,210,50.00000002980232,260.0000000298023,14,0,5,802.5678051,424.5480859,,1,12,0.5333333333333333,59514,72204,15.2
EUW1_6915566112,2042,200,1,213,42.000000059604645,255.00000005960464,9,0,0,,1899.7232477999999,1313.6195613,0,7,0.6733333333333333,69266,86048,16.8
EUW1_6915581859,1740,100,0,174,48.000000059604645,222.00000005960464,14,0,0,,539.9139798,,0,6,0.3538461538461538,40758,52097,12.6
EUW1_6915581859,1740,200,1,199,50.00000002980232,249.00000002980232,18,0,5,959.9883219999999,867.709981,1420.8729876999998,1,7,0.4486486486486487,59775,73342,15.4
EUW1_6915629039,1357,100,1,175,54.000000059604645,229.00000005960464,29,0,5,721.1732681,923.2462793,,0,2,0.39230769230769236,44523,49686,12.6
EUW1_6915629039,1357,200,0,170,52.000000059604645,222.00000005960464,20,0,0,,,,0,5,0.36923076923076925,34724,38915,10.8
EUW1_6915630520,954,100,1,229,49.000000059604645,278.00000005960464,31,0,5,895.8993081,455.8889694,,1,9,0.4,30982,33451,10.0
EUW1_6915630520,954,200,0,200,54.000000059604645,254.00000005960464,9,0,0,,,,0,5,0.3,24061,28845,8.8
EUW1_6915642441,1955,100,0,166,57.00000008940697,223.00000008940697,28,0,0,,906.8548003,,0,8,0.4883720930232558,67943,81937,16.4
EUW1_6915642441,1955,200,1,206,54.000000059604645,260.00000005960464,44,0,5,709.7701549999999,596.1427977999999,1329.4395869999998,1,9,0.42857142857142855,81000,88003,17.0
EUW1_6915953182,1841,100,0,196,54.00000008940697,250.00000008940697,23,0,0,,1243.0754239999999,,0,6,0.48484848484848486,64625,71029,15.0
EUW1_6915953182,1841,200,1,219,52.00000002980232,271.0000000298023,32,0,5,805.4348767,580.6407894,1242.5071642999999,0,9,0.37272727272727274,72610,82917,16.2
EUW1_6915969038,2751,100,1,148,56.000000059604645,204.00000005960464,36,0,0,,909.1558368999999,1609.1527032,1,1,0.4,87885,104586,17.0
EUW1_6915969038,2751,200,0,166,26.000000029802322,192.00000002980232,26,0,5,991.8193761,1623.7428166999998,,0,8,0.40476190476190477,76807,91778,17.4
EUW1_6915969541,1668,100,1,206,56.000000059604645,262.00000005960464,28,0,5,726.7378865,698.6452571,1562.3609536,1,1,0.3853658536585366,61760,73808,15.6
EUW1_6915969541,1668,200,0,219,50.000000059604645,269.00000005960464,18,0,0,,357.3639662,,0,2,0.3419354838709677,52846,66764,14.4
EUW1_6915990878,2041,100,1,179,48.00000011920929,227.0000001192093,24,0,5,920.6778128,660.8732622,1977.2547617,1,3,0.37142857142857144,70978,84668,16.2
EUW1_6915990878,2041,200,0,158,44.00000002980232,202.00000002980232,30,0,0,,,,1,1,0.46153846153846156,63225,79203,16.2
EUW1_6916058155,1986,100,0,167,52.00000008940697,219.00000008940697,22,0,0,,1472.9788219,,0,3,0.4444444444444445,57913,64170,14.4
EUW1_6916058155,1986,200,1,131,54.000000059604645,185.00000005960464,28,0,5,856.3045483,346.44937239999996,1555.2034552999999,0,5,0.5043478260869565,63419,71761,15.4
EUW1_6916130380,1726,100,1,175,66.00000005960464,241.00000005960464,25,0,5,738.6683148,587.2548765,1486.4936461,0,7,0.4153846153846154,61360,70063,15.4
EUW1_6916130380,1726,200,0,187,39.50000002980232,226.50000002980232,31,0,0,,,,0,1,0.45384615384615384,53629,58617,13.6
EUW1_6916327902,1920,100,0,164,39.20000007748604,203.20000007748604,28,0,0,,616.8820366880001,,0,7,0.5565217391304348,57886,65850,14.4
EUW1_6916327902,1920,200,1,179,50.00000002980232,229.00000002980232,15,0,5,805.4659895310001,1076.2485825170002,1871.6889477900002,1,6,0.40540540540540543,63935,74607,15.4
EUW1_6916391772,1494,100,1,168,48.00000008940697,216.00000008940697,32,0,5,829.0764247999999,397.32669119999997,1424.4827453,0,0,0.42631578947368426,51283,55310,13.0
EUW1_6916391772,1494,200,0,169,64.00000008940697,233.00000008940697,4,0,0,,,,0,1,0.6941176470588235,42147,49809,12.4
EUW1_6916428710,1994,100,0,172,44.00000002980232,216.00000002980232,15,0,5,810.4814974999999,787.5723663,,0,3,0.4413793103448276,58929,71095,15.2
EUW1_6916428710,1994,200,1,179,40.00000008940697,219.00000008940697,24,0,0,,1143.1259972999999,,0,3,0.5073170731707317,62041,69545,15.0
EUW1_6917019613,1657,100,0,200,64.00000008940697,264.00000008940697,12,0,0,,344.9296104,,0,7,0.38888888888888895,47956,59823,13.8
EUW1_6917019613,1657,200,1,231,46.00000002980232,277.0000000298023,27,0,5,859.2061384,736.1707485,1462.4255587,0,11,0.5310344827586206,55064,67051,14.8
EUW1_6917035080,1209,100,1,218,70.00000005960464,288.00000005960464,29,0,5,794.5072027,725.9776393999999,,3,4,0.3625,46514,46755,12.0
EUW1_6917035080,1209,200,0,180,52.000000059604645,232.00000005960464,13,0,0,,,,1,6,0.4,31846,35835,10.4
EUW1_6917059734,1818,100,1,189,60.000000059604645,249.00000005960464,11,0,0,,1133.1642367,1662.903186,0,6,0.43888888888888883,61558,73173,15.6
EUW1_6917059734,1818,200,0,202,47.20000007748604,249.20000007748604,25,0,5,775.4865116,819.3146171999999,,0,16,0.5555555555555556,46988,55825,13.2
EUW1_6917076975,1792,100,1,235,58.000000059604645,293.00000005960464,9,0,0,,797.1820571,,0,6,0.3407407407407407,60389,70498,15.0
EUW1_6917076975,1792,200,0,209,52.000000059604645,261.00000005960464,21,0,5,689.2569070999999,470.2344164,,2,12,0.3931034482758621,54138,66683,14.6
EUW1_6917106399,1836,100,0,189,40.000000059604645,229.00000005960464,23,0,0,,962.0337361999999,,0,10,0.40555555555555556,58976,66888,14.6
EUW1_6917106399,1836,200,1,180,50.00000002980232,230.00000002980232,35,0,5,951.0172533,597.1254086,1752.3424358999998,0,3,0.49444444444444446,60809,68018,15.0
EUW1_6917212739,1287,100,1,194,48.00000002980232,242.00000002980232,23,0,5,783.8544129999999,1072.9788374,,0,3,0.4814814814814815,44331,48104,12.4
EUW1_6917212739,1287,200,0,124,53.000000059604645,177.00000005960464,16,0,0,,754.0084899,,0,2,0.34,28879,36896,10.6
EUW1_6917436085,996,100,0,164,56.00000011920929,220.0000001192093,16,0,0,,,,0,2,0.5333333333333333,24873,25957,8.4
EUW1_6917436085,996,200,1,203,74.00000005960464,277.00000005960464,29,0,5,469.9788877,593.189496,,2,3,0.45,37834,33206,9.8
EUW1_6917479917,1270,100,1,208,55.75000008940697,263.75000008940697,44,0,5,832.1381485999999,,,1,1,0.64375,49611,47311,12.4
EUW1_6917479917,1270,200,0,201,50.00000002980232,251.00000002980232,23,0,0,,334.8268377,,0,3,0.45882352941176474,37124,38199,10.6
EUW1_6917491806,1570,100,1,181,60.00000008940697,241.00000008940697,12,0,5,815.5065089999999,429.5966027,,0,6,0.4,57097,61998,14.2
EUW1_6917491806,1570,200,0,192,56.000000059604645,248.00000005960464,21,0,0,,,,1,3,0.4166666666666667,47821,56320,13.2
EUW1_6917546008,1896,100,0,178,56.800000071525574,234.80000007152557,15,0,0,,1248.936293,,0,4,0.47058823529411764,58859,72426,15.2
EUW1_6917546008,1896,200,1,188,53.200000047683716,241.20000004768372,25,0,5,648.553186,410.75057189999995,1774.8658556,1,7,0.4333333333333333,65393,76527,15.8
EUW1_6917588500,1765,100,0,231,86.00000011920929,317.0000001192093,1,0,0,,,,0,1,0.711111111111111,50230,58671,13.6
EUW1_6917588500,1765,200,1,241,76.00000008940697,317.00000008940697,20,0,5,959.6760746,346.56943609999996,1433.3494859,0,9,0.5333333333333333,60614,74349,15.4
EUW1_6917639432,2048,100,0,208,54.000000059604645,262.00000005960464,31,0,5,851.7369292,552.9611378999999,1485.6270324,2,6,0.4536585365853659,69558,84917,16.6
EUW1_6917639432,2048,200,1,205,60.000000059604645,265.00000005960464,24,0,0,,895.7920151999999,,1,2,0.46976744186046504,74921,88095,17.0
EUW1_6917686286,1058,100,0,178,70.50000008940697,248.50000008940697,25,0,0,,,,0,4,0.4461538461538462,30199,32104,9.8
EUW1_6917686286,1058,200,1,210,62.50000008940697,272.50000008940697,29,0,5,854.7505388,654.0178268,,1,2,0.40869565217391307,36579,38719,10.6
EUW1_6917706764,1897,100,0,185,52.000000059604645,237.00000005960464,26,0,0,,379.270542,,1,0,0.4142857142857143,54596,65085,14.4
EUW1_6917706764,1897,200,1,164,47.00000002980232,211.00000002980232,15,0,5,902.2201024,1235.3452501,,0,0,0.45384615384615384,67349,81826,16.4
EUW1_6917710637,1964,100,0,202,60.000000059604645,262.00000005960464,38,0,5,823.1130418,560.1184572,,1,8,0.4814814814814814,60796,65851,14.6
EUW1_6917710637,1964,200,1,196,52.00000008940697,248.00000008940697,23,0,0,,949.5707542,1521.395794,1,18,0.526829268292683,70361,78905,16.0
EUW1_6917724729,1318,100,1,198,74.00000011920929,272.0000001192093,41,0,5,655.0547627,543.8669209,1245.8554678,1,10,0.4588235294117647,51285,58306,13.4
EUW1_6917724729,1318,200,0,188,44.000000059604645,232.00000005960464,15,0,0,,,,0,1,0.35384615384615387,37032,41129,11.2
EUW1_6917762868,2109,100,1,184,64.00000008940697,248.00000008940697,8,0,0,,683.6711263,1620.7750451,1,0,0.4695652173913043,74240,91655,17.0
EUW1_6917762868,2109,200,0,179,48.000000059604645,227.00000005960464,17,0,5,912.0582529999999,1035.6996149,,0,9,0.42631578947368426,64122,79002,16.0
EUW1_6917781487,1449,100,1,227,52.00000008940697,279.00000008940697,40,0,5,822.1563969,713.2559648,1312.8249042999998,0,7,0.46111111111111114,54701,60738,13.8
EUW1_6917781487,1449,200,0,230,47.200000047683716,277.2000000476837,7,0,0,,,,0,2,0.42000000000000004,40482,46508,11.8
EUW1_6917796413,1305,100,0,207,63.75000008940697,270.75000008940697,21,0,0,,369.6598492,,0,1,0.35294117647058826,38431,42282,11.4
EUW1_6917796413,1305,200,1,190,62.000000059604645,252.00000005960464,33,0,5,942.303241,710.2695781,1213.9409567,0,3,0.4129032258064516,50503,55961,13.2
EUW1_6917827414,1478,100,1,222,70.00000008940697,292.00000008940697,34,0,5,847.5397304999999,680.7999826,1387.8724885,0,9,0.45555555555555555,56273,63592,14.4
EUW1_6917827414,1478,200,0,222,60.00000008940697,282.00000008940697,23,0,0,,,,0,3,0.38181818181818183,50480,51374,12.6
EUW1_6917847306,1593,100,1,212,68.25000011920929,280.2500001192093,28,0,5,778.7582474999999,341.7450652,1494.4584065,0,16,0.4378378378378378,61882,71780,15.2
EUW1_6917847306,1593,200,0,211,53.75000002980232,264.7500000298023,25,0,0,,,,0,4,0.35238095238095235,49307,55911,13.4
EUW1_6918248744,914,100,1,216,58.00000008940697,274.00000008940697,54,0,5,643.7157549,674.2326859,,1,2,0.48695652173913045,34078,32090,9.8
EUW1_6918248744,914,200,0,180,68.00000008940697,248.00000008940697,9,0,0,,,,0,1,0.36000000000000004,22700,26086,8.8
EUW1_6918254268,1318,100,0,224,44.000000059604645,268.00000005960464,20,0,5,854.6547585,599.2584347,,0,5,0.5777777777777777,37378,38504,10.8
EUW1_6918254268,1318,200,1,222,62.00000008940697,284.00000008940697,34,0,0,,965.1554702999999,,0,6,0.5642857142857143,47540,51567,12.6
EUW1_6918275783,1307,100,1,184,65.00000008940697,249.00000008940697,37,0,0,,377.7734564,,0,5,0.5444444444444445,50403,52233,12.6
EUW1_6918275783,1307,200,0,218,66.00000008940697,284.00000008940697,26,0,5,857.1664664,744.550898,,0,4,0.4947368421052632,39079,41898,11.4
EUW1_6918301321,1893,100,0,231,51.90000006556511,282.9000000655651,35,0,5,555.8335132999999,1128.5001805,1267.5336402,1,15,0.42777777777777776,67759,74771,15.6
EUW1_6918301321,1893,200,1,211,53.200000047683716,264.2000000476837,27,0,0,,394.5977552,1654.1659032,0,7,0.40487804878048783,70938,85386,16.6
EUW1_6918482142,1159,100,1,260,56.000000059604645,316.00000005960464,26,0,5,651.7639234,646.2587159,,0,3,0.3692307692307692,45084,45833,12.0
EUW1_6918482142,1159,200,0,219,50.000000059604645,269.00000005960464,12,0,0,,,,0,5,0.48,31628,36269,10.6
EUW1_6918527469,1607,100,0,213,70.00000014901161,283.0000001490116,27,0,0,,808.49223,,0,2,0.46399999999999997,52089,57548,13.4
EUW1_6918527469,1607,200,1,207,52.0,259.0,26,0,5,914.2459073,395.8172883,1268.4575137,0,6,0.52,61416,67077,14.8
EUW1_6918571372,1458,100,0,195,66.00000008940697,261.00000008940697,24,0,0,,713.9919542,,0,5,0.45925925925925914,49187,56159,13.2
EUW1_6918571372,1458,200,1,218,56.000000059604645,274.00000005960464,24,0,5,742.6319231,388.5934765,1222.9896912,1,3,0.4733333333333333,51962,58681,13.6
EUW1_6918631933,1547,100,1,255,56.75000008940697,311.75000008940697,26,0,5,705.0543435999999,991.5578436999999,1227.9035277,1,6,0.4,62182,70257,14.8
EUW1_6918631933,1547,200,0,210,57.50000002980232,267.5000000298023,22,0,0,,657.2817113,,0,4,0.49230769230769234,43459,54565,13.0
EUW1_6918670237,1197,100,1,178,70.00000005960464,248.00000005960464,40,0,5,835.4903965,754.5413540999999,,0,5,0.4133333333333333,42850,44116,11.6
EUW1_6918670237,1197,200,0,229,51.60000005364418,280.6000000536442,15,0,0,,1095.1230615,,0,3,0.29999999999999993,33566,38550,10.8
EUW1_6918710638,1443,100,1,203,54.40000006556511,257.4000000655651,27,0,5,773.0226123,1315.3445695,,0,8,0.40606060606060607,52487,58425,13.6
EUW1_6918710638,1443,200,0,206,59.60000005364418,265.6000000536442,25,0,0,,565.4483583,,0,6,0.49000000000000005,43623,51993,12.8
EUW1_6918714179,1685,100,0,179,60.000000059604645,239.00000005960464,27,0,0,,415.43446889999996,,0,2,0.45,48892,52009,12.6
EUW1_6918714179,1685,200,1,218,52.00000008940697,270.00000008940697,30,0,5,980.6262141,758.7049654,,1,3,0.3952380952380953,60475,63504,14.2
EUW1_6918765956,2131,100,1,192,48.00000008940697,240.00000008940697,27,0,0,,638.2527120999999,1620.5093709,0,2,0.48888888888888893,75775,91981,17.0
EUW1_6918765956,2131,200,0,197,68.00000005960464,265.00000005960464,13,0,5,955.4748840999999,1141.0250268,2056.3068404,1,1,0.36000000000000004,66944,80588,16.2
EUW1_6918838095,1665,100,1,225,81.75000014901161,306.7500001490116,20,0,5,806.2352586999999,943.1674135,1585.9910121,2,3,0.3675675675675676,63374,75486,15.8
EUW1_6918838095,1665,200,0,122,48.000000059604645,170.00000005960464,19,0,0,,567.0896106,,0,4,0.45,48784,63352,14.2
EUW1_6918884259,1494,100,0,186,54.40000006556511,240.4000000655651,19,0,0,,762.0188562,,0,1,0.4375,46654,50821,12.8
EUW1_6918884259,1494,200,1,242,67.60000011324883,309.6000001132488,33,0,5,860.0239422,440.6498848,1353.0280804,1,9,0.43199999999999994,53072,59949,13.8
EUW1_6918901813,744,100,1,207,54.000000059604645,261.00000005960464,21,0,0,,679.7167151,,0,4,0.38181818181818183,23018,25588,8.6
EUW1_6918901813,744,200,0,210,60.000000059604645,270.00000005960464,10,0,0,,,,0,5,0.4,19054,22671,7.6
EUW1_6918913863,1205,100,0,185,54.00000008940697,239.00000008940697,12,0,0,,,,0,4,0.4888888888888888,33204,37610,10.6
EUW1_6918913863,1205,200,1,216,60.00000002980232,276.0000000298023,34,0,5,869.0534646,671.1644107999999,,1,8,0.38,46354,48742,12.2
EUW1_6918924495,1736,100,0,217,52.00000011920929,269.0000001192093,15,0,0,,1343.2366753,,0,7,0.49411764705882355,47386,56206,13.4
EUW1_6918924495,1736,200,1,232,56.00000002980232,288.0000000298023,28,0,5,862.4238935999999,645.4927471,1527.6425967,0,12,0.46875,59790,68853,14.8
EUW1_6918933432,1428,100,1,213,52.000000059604645,265.00000005960464,26,0,0,,1223.1388565,,0,3,0.45714285714285713,47303,55553,13.4
EUW1_6918933432,1428,200,0,210,58.000000059604645,268.00000005960464,24,0,5,959.8398747,,,0,5,0.4,42774,48046,12.2
EUW1_6918963570,1842,100,0,194,64.00000005960464,258.00000005960464,11,0,5,823.9837967,1166.8205047,1779.0205564,0,10,0.3586206896551724,62929,78156,16.0
EUW1_6918963570,1842,200,1,209,48.75000008940697,257.75000008940697,33,0,0,,522.0602212,1401.4868454,1,10,0.4382978723404255,70622,78729,16.2
EUW1_6918981432,1508,100,1,227,60.00000008940697,287.00000008940697,23,0,5,850.3757886999999,1254.9616621999999,1294.4869746,1,7,0.5352941176470589,56094,61389,14.0
EUW1_6918981432,1508,200,0,196,57.00000008940697,253.00000008940697,28,0,0,,913.0571577999999,,0,11,0.4545454545454545,46055,49660,12.6
EUW1_6918983768,1932,100,0,211,68.00000008940697,279.00000008940697,31,0,5,902.8972828,401.24647999999996,,0,4,0.43888888888888883,67493,74573,15.6
EUW1_6918983768,1932,200,1,240,54.00000008940697,294.00000008940697,7,0,0,,1643.2582582999999,1799.7519851,0,6,0.5317073170731708,70557,85737,16.8
EUW1_6919061755,1664,100,1,212,62.00000008940697,274.00000008940697,31,0,0,,1173.3492672,1543.3703486,0,1,0.4387096774193549,61331,67879,14.6
EUW1_6919061755,1664,200,0,212,48.000000059604645,260.00000005960464,18,0,5,841.2339513,839.0941763999999,,0,10,0.4782608695652174,48556,56242,13.4
EUW1_6919095472,2881,100,1,198,52.000000059604645,250.00000005960464,11,0,0,,368.9411535,,0,2,0.45999999999999996,89240,119571,18.0
EUW1_6919095472,2881,200,0,170,54.000000059604645,224.00000005960464,8,0,5,797.6862956,1380.6809646,,0,2,0.44000000000000006,84552,110012,17.8
EUW1_6919108687,929,100,1,216,58.000000059604645,274.00000005960464,40,0,5,797.9657712999999,675.5596547,,0,1,0.4782608695652174,34751,33378,9.8
EUW1_6919108687,929,200,0,179,56.00000008940697,235.00000008940697,17,0,0,,,,0,4,0.33999999999999997,24097,26474,8.4
EUW1_6919130281,1750,100,0,201,42.00000002980232,243.00000002980232,24,0,0,,1345.7126526,,0,2,0.42162162162162165,56647,63373,14.2
EUW1_6919130281,1750,200,1,221,46.000000059604645,267.00000005960464,16,0,5,818.484837,351.9750097,1658.5084218,1,9,0.5310344827586208,62106,70564,15.2
EUW1_6919133814,1523,100,1,222,63.50000008940697,285.50000008940697,21,0,0,,761.0062707,,0,8,0.5823529411764705,54296,55029,13.2
EUW1_6919133814,1523,200,0,165,54.00000008940697,219.00000008940697,26,0,5,855.5442089,407.2638244,,0,9,0.5583333333333333,44084,47592,12.0
EUW1_6919157867,1420,100,0,147,44.750000059604645,191.75000005960464,8,0,0,,,,0,5,0.35384615384615387,34207,47649,12.0
EUW1_6919157867,1420,200,1,225,48.00000002980232,273.0000000298023,21,0,5,712.3717216,400.1418005,,0,0,0.32,48859,53097,12.8
